<annotation>
	<folder></folder>
	<filename>image_68_png.rf.9fe0b0ebe32218c332e3bbecedb7d0a0.jpg</filename>
	<path>image_68_png.rf.9fe0b0ebe32218c332e3bbecedb7d0a0.jpg</path>
	<source>
		<database>roboflow.ai</database>
	</source>
	<size>
		<width>416</width>
		<height>416</height>
		<depth>3</depth>
	</size>
	<segmented>0</segmented>
	<object>
		<name>greenapple</name>
		<pose>Unspecified</pose>
		<truncated>0</truncated>
		<difficult>0</difficult>
		<occluded>0</occluded>
		<bndbox>
			<xmin>124</xmin>
			<xmax>146</xmax>
			<ymin>32</ymin>
			<ymax>94</ymax>
		</bndbox>
		<polygon>
			<x1>145</x1>
			<y1>30.928695</y1>
			<x2>144.501649</x2>
			<y2>30.716072</y2>
			<x3>136.045085</x3>
			<y3>31.604893</y3>
			<x4>128.319343</x4>
			<y4>39.447009</y4>
			<x5>122.990841</x5>
			<y5>57.582328</y5>
			<x6>125.274656</x6>
			<y6>79.311377</y6>
			<x7>132.875937</x7>
			<y7>89.057613</y7>
			<x8>140.488253</x8>
			<y8>92.651344</y8>
			<x9>145</x9>
			<y9>91.752692</y9>
			<x10>145</x10>
			<y10>30.928695</y10>
		</polygon>
	</object>
	<object>
		<name>capsicum</name>
		<pose>Unspecified</pose>
		<truncated>0</truncated>
		<difficult>0</difficult>
		<occluded>0</occluded>
		<bndbox>
			<xmin>338</xmin>
			<xmax>361</xmax>
			<ymin>152</ymin>
			<ymax>190</ymax>
		</bndbox>
		<polygon>
			<x1>337.549282</x1>
			<y1>171.125942</y1>
			<x2>342.26344800000004</x2>
			<y2>184.69068</y2>
			<x3>352.569137</x3>
			<y3>188.880089</y3>
			<x4>359.92947000000004</x4>
			<y4>177.561325</y4>
			<x5>359.12937</x5>
			<y5>157.433858</y5>
			<x6>354.678224</x6>
			<y6>152.62911</y6>
			<x7>347.614023</x7>
			<y7>154.250352</y7>
			<x8>346.598108</x8>
			<y8>150.842075</y8>
			<x9>345.662509</x9>
			<y9>154.455464</y9>
			<x10>337.012203</x10>
			<y10>159.758466</y10>
			<x11>337.549282</x11>
			<y11>171.125942</y11>
		</polygon>
	</object>
	<object>
		<name>redapple</name>
		<pose>Unspecified</pose>
		<truncated>0</truncated>
		<difficult>0</difficult>
		<occluded>0</occluded>
		<bndbox>
			<xmin>173</xmin>
			<xmax>375</xmax>
			<ymin>233</ymin>
			<ymax>417</ymax>
		</bndbox>
		<polygon>
			<x1>172.393006</x1>
			<y1>232</y1>
			<x2>180.41629</x2>
			<y2>302.497328</y2>
			<x3>193.816931</x3>
			<y3>342.39075</y3>
			<x4>206.68049200000002</x4>
			<y4>370.916695</y4>
			<x5>226.516903</x5>
			<y5>396.95223799999997</y5>
			<x6>259.302722</x6>
			<y6>416</y6>
			<x7>293.700464</x7>
			<y7>416</y7>
			<x8>299.70575099999996</x8>
			<y8>411.22886800000003</y8>
			<x9>323.226316</x9>
			<y9>403.484177</y9>
			<x10>333.462726</x10>
			<y10>394.499414</y10>
			<x11>342.500515</x11>
			<y11>380.36805200000003</y11>
			<x12>356.77545299999997</x12>
			<y12>347.232208</y12>
			<x13>368.83585500000004</x13>
			<y13>305.54148499999997</y13>
			<x14>373.364257</x14>
			<y14>267.278699</y14>
			<x15>374.04794400000003</x15>
			<y15>232</y15>
			<x16>172.393006</x16>
			<y16>232</y16>
		</polygon>
	</object>
</annotation>
