<annotation>
	<folder></folder>
	<filename>image_150_png.rf.d3d242bba5dca2924a3edf2a3b4a7d3d.jpg</filename>
	<path>image_150_png.rf.d3d242bba5dca2924a3edf2a3b4a7d3d.jpg</path>
	<source>
		<database>roboflow.ai</database>
	</source>
	<size>
		<width>416</width>
		<height>416</height>
		<depth>3</depth>
	</size>
	<segmented>0</segmented>
	<object>
		<name>capsicum</name>
		<pose>Unspecified</pose>
		<truncated>0</truncated>
		<difficult>0</difficult>
		<occluded>0</occluded>
		<bndbox>
			<xmin>111</xmin>
			<xmax>148</xmax>
			<ymin>1</ymin>
			<ymax>49</ymax>
		</bndbox>
		<polygon>
			<x1>116.655501</x1>
			<y1>0</y1>
			<x2>110.477649</x2>
			<y2>27.508698</y2>
			<x3>112.671846</x3>
			<y3>43.831745</y3>
			<x4>127.525098</x4>
			<y4>48.463075</y4>
			<x5>134.727725</x5>
			<y5>41.906906</y5>
			<x6>142.798167</x6>
			<y6>26.287124</y6>
			<x7>146.937022</x7>
			<y7>9.687085</y7>
			<x8>145.189197</x8>
			<y8>0</y8>
			<x9>116.655501</x9>
			<y9>0</y9>
		</polygon>
	</object>
	<object>
		<name>mango</name>
		<pose>Unspecified</pose>
		<truncated>0</truncated>
		<difficult>0</difficult>
		<occluded>0</occluded>
		<bndbox>
			<xmin>313</xmin>
			<xmax>359</xmax>
			<ymin>79</ymin>
			<ymax>142</ymax>
		</bndbox>
		<polygon>
			<x1>312</x1>
			<y1>133.044947</y1>
			<x2>316.593564</x2>
			<y2>137.582836</y2>
			<x3>327.515228</x3>
			<y3>141.233911</y3>
			<x4>340.834833</x4>
			<y4>138.058872</y4>
			<x5>347.81962599999997</x5>
			<y5>132.37639</y5>
			<x6>354.800896</x6>
			<y6>121.125038</y6>
			<x7>358.068412</x7>
			<y7>108.019745</y7>
			<x8>352.596131</x8>
			<y8>88.095384</y8>
			<x9>338.39462100000003</x9>
			<y9>78.058561</y9>
			<x10>318.52237</x10>
			<y10>79.599841</y10>
			<x11>312</x11>
			<y11>86.640698</y11>
			<x12>312</x12>
			<y12>133.044947</y12>
		</polygon>
	</object>
	<object>
		<name>greenapple</name>
		<pose>Unspecified</pose>
		<truncated>0</truncated>
		<difficult>0</difficult>
		<occluded>0</occluded>
		<bndbox>
			<xmin>60</xmin>
			<xmax>238</xmax>
			<ymin>270</ymin>
			<ymax>417</ymax>
		</bndbox>
		<polygon>
			<x1>217.411467</x1>
			<y1>416</y1>
			<x2>228.957667</x2>
			<y2>392.96218</y2>
			<x3>235.4927</x3>
			<y3>366.751594</y3>
			<x4>236.573065</x4>
			<y4>348.46099100000004</y4>
			<x5>235.032372</x5>
			<y5>329.516884</y5>
			<x6>227.155106</x6>
			<y6>305.280899</y6>
			<x7>200.935713</x7>
			<y7>284.823694</y7>
			<x8>170.573944</x8>
			<y8>275.397658</y8>
			<x9>128.420933</x9>
			<y9>268.599725</y9>
			<x10>110.951906</x10>
			<y10>271.668196</y10>
			<x11>95.889627</x11>
			<y11>281.832723</y11>
			<x12>84.5411</x12>
			<y12>293.851193</y12>
			<x13>68.616289</x13>
			<y13>321.432637</y13>
			<x14>59.25293</x14>
			<y14>364.570012</y14>
			<x15>61.905693</x15>
			<y15>415.343335</y15>
			<x16>62.150413</x16>
			<y16>416</y16>
			<x17>217.411467</x17>
			<y17>416</y17>
		</polygon>
	</object>
	<object>
		<name>capsicum</name>
		<pose>Unspecified</pose>
		<truncated>0</truncated>
		<difficult>0</difficult>
		<occluded>0</occluded>
		<bndbox>
			<xmin>367</xmin>
			<xmax>417</xmax>
			<ymin>250</ymin>
			<ymax>417</ymax>
		</bndbox>
		<polygon>
			<x1>416</x1>
			<y1>416</y1>
			<x2>416</x2>
			<y2>249</y2>
			<x3>397.25665</x3>
			<y3>249</y3>
			<x4>393.040433</x4>
			<y4>254.922337</y4>
			<x5>382.789886</x5>
			<y5>276.494548</y5>
			<x6>369.28239</x6>
			<y6>327.878658</y6>
			<x7>366.269696</x7>
			<y7>398.583387</y7>
			<x8>368.751377</x8>
			<y8>416</y8>
			<x9>416</x9>
			<y9>416</y9>
		</polygon>
	</object>
</annotation>
