<annotation>
	<folder></folder>
	<filename>image_13_png.rf.59bb484c6b1f72d13c99998ff79e36d4.jpg</filename>
	<path>image_13_png.rf.59bb484c6b1f72d13c99998ff79e36d4.jpg</path>
	<source>
		<database>roboflow.ai</database>
	</source>
	<size>
		<width>416</width>
		<height>416</height>
		<depth>3</depth>
	</size>
	<segmented>0</segmented>
	<object>
		<name>mango</name>
		<pose>Unspecified</pose>
		<truncated>0</truncated>
		<difficult>0</difficult>
		<occluded>0</occluded>
		<bndbox>
			<xmin>1</xmin>
			<xmax>163</xmax>
			<ymin>122</ymin>
			<ymax>254</ymax>
		</bndbox>
		<polygon>
			<x1>0</x1>
			<y1>253</y1>
			<x2>162</x2>
			<y2>253</y2>
			<x3>162</x3>
			<y3>127.513583</y3>
			<x4>149.414902</x4>
			<y4>123.902891</y4>
			<x5>121.963954</x5>
			<y5>121.423332</y5>
			<x6>88.07762</x6>
			<y6>126.185745</y6>
			<x7>70.097237</x7>
			<y7>133.239537</y7>
			<x8>35.509006</x8>
			<y8>157.113211</y8>
			<x9>0</x9>
			<y9>189.756597</y9>
			<x10>0</x10>
			<y10>253</y10>
		</polygon>
	</object>
	<object>
		<name>orange</name>
		<pose>Unspecified</pose>
		<truncated>0</truncated>
		<difficult>0</difficult>
		<occluded>0</occluded>
		<bndbox>
			<xmin>211</xmin>
			<xmax>234</xmax>
			<ymin>207</ymin>
			<ymax>236</ymax>
		</bndbox>
		<polygon>
			<x1>233.201275</x1>
			<y1>226.114508</y1>
			<x2>232.118851</x2>
			<y2>213.591556</y2>
			<x3>227.009241</x3>
			<y3>206.161402</y3>
			<x4>218.121996</x4>
			<y4>205.599697</y4>
			<x5>209.56852</x5>
			<y5>212.233985</y5>
			<x6>210.11128200000002</x6>
			<y6>225.738144</y6>
			<x7>215.345669</x7>
			<y7>234.056126</y7>
			<x8>227.015441</x8>
			<y8>235.132135</y8>
			<x9>233.201275</x9>
			<y9>226.114508</y9>
		</polygon>
	</object>
	<object>
		<name>mango</name>
		<pose>Unspecified</pose>
		<truncated>0</truncated>
		<difficult>0</difficult>
		<occluded>0</occluded>
		<bndbox>
			<xmin>339</xmin>
			<xmax>368</xmax>
			<ymin>186</ymin>
			<ymax>221</ymax>
		</bndbox>
		<polygon>
			<x1>367.25240299999996</x1>
			<y1>210.896301</y1>
			<x2>365.006437</x2>
			<y2>194.915424</y2>
			<x3>358.443175</x3>
			<y3>186.784204</y3>
			<x4>345.984188</x4>
			<y4>184.913749</y4>
			<x5>337.92981599999996</x5>
			<y5>195.099344</y5>
			<x6>339.67667900000004</x6>
			<y6>207.528915</y6>
			<x7>351.514886</x7>
			<y7>219.445604</y7>
			<x8>361.06656799999996</x8>
			<y8>219.913928</y8>
			<x9>367.25240299999996</x9>
			<y9>210.896301</y9>
		</polygon>
	</object>
	<object>
		<name>redapple</name>
		<pose>Unspecified</pose>
		<truncated>0</truncated>
		<difficult>0</difficult>
		<occluded>0</occluded>
		<bndbox>
			<xmin>347</xmin>
			<xmax>417</xmax>
			<ymin>44</ymin>
			<ymax>128</ymax>
		</bndbox>
		<polygon>
			<x1>416</x1>
			<y1>76.989405</y1>
			<x2>392.591716</x2>
			<y2>48.896629</y2>
			<x3>378.179974</x3>
			<y3>42.773804</y3>
			<x4>363.437564</x4>
			<y4>43.940352</y4>
			<x5>354.469203</x5>
			<y5>52.443674</y5>
			<x6>346.04360299999996</x6>
			<y6>74.451156</y6>
			<x7>346.835917</x7>
			<y7>89.730968</y7>
			<x8>353.85772499999996</x8>
			<y8>105.946008</y8>
			<x9>366.734697</x9>
			<y9>120.432796</y9>
			<x10>379.817563</x10>
			<y10>126.742382</y10>
			<x11>398.671377</x11>
			<y11>125.903377</y11>
			<x12>413.869232</x12>
			<y12>118.335281</y12>
			<x13>416</x13>
			<y13>109.193141</y13>
			<x14>416</x14>
			<y14>76.989405</y14>
		</polygon>
	</object>
	<object>
		<name>capsicum</name>
		<pose>Unspecified</pose>
		<truncated>0</truncated>
		<difficult>0</difficult>
		<occluded>0</occluded>
		<bndbox>
			<xmin>3</xmin>
			<xmax>37</xmax>
			<ymin>254</ymin>
			<ymax>298</ymax>
		</bndbox>
		<polygon>
			<x1>2.864058</x1>
			<y1>253</y1>
			<x2>2.28263</x2>
			<y2>253.435276</y2>
			<x3>4.737589</x3>
			<y3>275.72432</y3>
			<x4>10.180969</x4>
			<y4>290.350468</y4>
			<x5>15.830241</x5>
			<y5>296.799416</y5>
			<x6>29.908214</x6>
			<y6>295.726249</y6>
			<x7>35.635504</x7>
			<y7>278.624803</y7>
			<x8>33.969423</x8>
			<y8>253</y8>
			<x9>2.864058</x9>
			<y9>253</y9>
		</polygon>
	</object>
	<object>
		<name>redapple</name>
		<pose>Unspecified</pose>
		<truncated>0</truncated>
		<difficult>0</difficult>
		<occluded>0</occluded>
		<bndbox>
			<xmin>29</xmin>
			<xmax>91</xmax>
			<ymin>394</ymin>
			<ymax>417</ymax>
		</bndbox>
		<polygon>
			<x1>90.48924</x1>
			<y1>416</y1>
			<x2>74.241364</x2>
			<y2>399.044512</y2>
			<x3>57.171872</x3>
			<y3>393.295208</y3>
			<x4>44.422775</x4>
			<y4>394.18161399999997</y4>
			<x5>33.75121</x5>
			<y5>400.208218</y5>
			<x6>28.112869</x6>
			<y6>416</y6>
			<x7>90.48924</x7>
			<y7>416</y7>
		</polygon>
	</object>
	<object>
		<name>redapple</name>
		<pose>Unspecified</pose>
		<truncated>0</truncated>
		<difficult>0</difficult>
		<occluded>0</occluded>
		<bndbox>
			<xmin>260</xmin>
			<xmax>336</xmax>
			<ymin>254</ymin>
			<ymax>332</ymax>
		</bndbox>
		<polygon>
			<x1>268.923561</x1>
			<y1>253</y1>
			<x2>268.483586</x2>
			<y2>253.352547</y2>
			<x3>258.604335</x3>
			<y3>274.658964</y3>
			<x4>259.521424</x4>
			<y4>290.826603</y4>
			<x5>267.581997</x5>
			<y5>309.611742</y5>
			<x6>279.669756</x6>
			<y6>323.304083</y6>
			<x7>297.653239</x7>
			<y7>330.735658</y7>
			<x8>315.59306300000003</x8>
			<y8>328.21438</y8>
			<x9>328.672828</x9>
			<y9>320.03860099999997</y9>
			<x10>335.020896</x10>
			<y10>292.890921</y10>
			<x11>332.069935</x11>
			<y11>281.535938</y11>
			<x12>308.625944</x12>
			<y12>253</y12>
			<x13>268.923561</x13>
			<y13>253</y13>
		</polygon>
	</object>
	<object>
		<name>greenapple</name>
		<pose>Unspecified</pose>
		<truncated>0</truncated>
		<difficult>0</difficult>
		<occluded>0</occluded>
		<bndbox>
			<xmin>409</xmin>
			<xmax>417</xmax>
			<ymin>366</ymin>
			<ymax>394</ymax>
		</bndbox>
		<polygon>
			<x1>416</x1>
			<y1>364.803415</y1>
			<x2>413.608509</x2>
			<y2>365.139517</y2>
			<x3>407.962337</x3>
			<y3>373.175936</y3>
			<x4>408.380323</x4>
			<y4>385.79226900000003</y4>
			<x5>416</x5>
			<y5>393.46245999999996</y5>
			<x6>416</x6>
			<y6>364.803415</y6>
		</polygon>
	</object>
</annotation>
