<annotation>
	<folder></folder>
	<filename>image_89_png.rf.b4a6cd80582032e58510e2e3fc66a3a0.jpg</filename>
	<path>image_89_png.rf.b4a6cd80582032e58510e2e3fc66a3a0.jpg</path>
	<source>
		<database>roboflow.ai</database>
	</source>
	<size>
		<width>416</width>
		<height>416</height>
		<depth>3</depth>
	</size>
	<segmented>0</segmented>
	<object>
		<name>orange</name>
		<pose>Unspecified</pose>
		<truncated>0</truncated>
		<difficult>0</difficult>
		<occluded>0</occluded>
		<bndbox>
			<xmin>56</xmin>
			<xmax>82</xmax>
			<ymin>2</ymin>
			<ymax>34</ymax>
		</bndbox>
		<polygon>
			<x1>76.807455</x1>
			<y1>26.620996</y1>
			<x2>80.519717</x2>
			<y2>14.555936</y2>
			<x3>77.791007</x3>
			<y3>3.978874</y3>
			<x4>69.570825</x4>
			<y4>0.554369</y4>
			<x5>60.153152</x5>
			<y5>3.290419</y5>
			<x6>54.610399</x6>
			<y6>17.739664</y6>
			<x7>57.997749</x7>
			<y7>28.444752</y7>
			<x8>66.046861</x8>
			<y8>32.749339</y8>
			<x9>76.807455</x9>
			<y9>26.620996</y9>
		</polygon>
	</object>
	<object>
		<name>mango</name>
		<pose>Unspecified</pose>
		<truncated>0</truncated>
		<difficult>0</difficult>
		<occluded>0</occluded>
		<bndbox>
			<xmin>185</xmin>
			<xmax>273</xmax>
			<ymin>48</ymin>
			<ymax>116</ymax>
		</bndbox>
		<polygon>
			<x1>224.539565</x1>
			<y1>50.770548</y1>
			<x2>194.721274</x2>
			<y2>70.547762</y2>
			<x3>185.910961</x3>
			<y3>80.708529</y3>
			<x4>184.491118</x4>
			<y4>95.045855</y4>
			<x5>196.586221</x5>
			<y5>110.183556</y5>
			<x6>216.832996</x6>
			<y6>115.032463</y6>
			<x7>242.742313</x7>
			<y7>111.848733</y7>
			<x8>259.13981</x8>
			<y8>101.3361</y8>
			<x9>269.951684</x9>
			<y9>87.911069</y9>
			<x10>271.910376</x10>
			<y10>67.285159</y10>
			<x11>263.108475</x11>
			<y11>52.787592</y11>
			<x12>246.497041</x12>
			<y12>46.818659</y12>
			<x13>224.539565</x13>
			<y13>50.770548</y13>
		</polygon>
	</object>
	<object>
		<name>redapple</name>
		<pose>Unspecified</pose>
		<truncated>0</truncated>
		<difficult>0</difficult>
		<occluded>0</occluded>
		<bndbox>
			<xmin>174</xmin>
			<xmax>246</xmax>
			<ymin>178</ymin>
			<ymax>238</ymax>
		</bndbox>
		<polygon>
			<x1>243.799521</x1>
			<y1>237</y1>
			<x2>244.898523</x2>
			<y2>227.347716</y2>
			<x3>229.664062</x3>
			<y3>189.679813</y3>
			<x4>217.85982</x4>
			<y4>180.078643</y4>
			<x5>206.175367</x5>
			<y5>176.894083</y5>
			<x6>192.780213</x6>
			<y6>182.510319</y6>
			<x7>178.991637</x7>
			<y7>197.183404</y7>
			<x8>173.423244</x8>
			<y8>215.280994</y8>
			<x9>175.416392</x9>
			<y9>236.675063</y9>
			<x10>175.545563</x10>
			<y10>237</y10>
			<x11>243.799521</x11>
			<y11>237</y11>
		</polygon>
	</object>
	<object>
		<name>capsicum</name>
		<pose>Unspecified</pose>
		<truncated>0</truncated>
		<difficult>0</difficult>
		<occluded>0</occluded>
		<bndbox>
			<xmin>340</xmin>
			<xmax>375</xmax>
			<ymin>1</ymin>
			<ymax>37</ymax>
		</bndbox>
		<polygon>
			<x1>340.635374</x1>
			<y1>0</y1>
			<x2>339.46808</x2>
			<y2>6.005206</y2>
			<x3>339.510949</x3>
			<y3>23.366851</y3>
			<x4>342.581799</x4>
			<y4>32.183754</y4>
			<x5>355.583532</x5>
			<y5>35.624367</y5>
			<x6>364.881416</x6>
			<y6>26.471706</y6>
			<x7>373.641642</x7>
			<y7>0</y7>
			<x8>340.635374</x8>
			<y8>0</y8>
		</polygon>
	</object>
	<object>
		<name>redapple</name>
		<pose>Unspecified</pose>
		<truncated>0</truncated>
		<difficult>0</difficult>
		<occluded>0</occluded>
		<bndbox>
			<xmin>309</xmin>
			<xmax>381</xmax>
			<ymin>135</ymin>
			<ymax>226</ymax>
		</bndbox>
		<polygon>
			<x1>352.889681</x1>
			<y1>137.393943</y1>
			<x2>339.887949</x2>
			<y2>133.953329</y2>
			<x3>327.151434</x3>
			<y3>139.697592</y3>
			<x4>311.361298</x4>
			<y4>157.634942</y4>
			<x5>307.597755</x5>
			<y5>176.996692</y5>
			<x6>311.079254</x6>
			<y6>197.766734</y6>
			<x7>320.197655</x7>
			<y7>214.152488</y7>
			<x8>331.685397</x8>
			<y8>221.865472</y8>
			<x9>349.468682</x9>
			<y9>225.322192</y9>
			<x10>364.497617</x10>
			<y10>221.850196</y10>
			<x11>378.679613</x11>
			<y11>198.120262</y11>
			<x12>380.048174</x12>
			<y12>191.079627</y12>
			<x13>376.857534</x13>
			<y13>175.846113</y13>
			<x14>363.547714</x14>
			<y14>145.85898</y14>
			<x15>352.889681</x15>
			<y15>137.393943</y15>
		</polygon>
	</object>
	<object>
		<name>redapple</name>
		<pose>Unspecified</pose>
		<truncated>0</truncated>
		<difficult>0</difficult>
		<occluded>0</occluded>
		<bndbox>
			<xmin>218</xmin>
			<xmax>278</xmax>
			<ymin>389</ymin>
			<ymax>417</ymax>
		</bndbox>
		<polygon>
			<x1>277.215966</x1>
			<y1>416</y1>
			<x2>271.839354</x2>
			<y2>403.763378</y2>
			<x3>256.425411</x3>
			<y3>391.633889</y3>
			<x4>243.423677</x4>
			<y4>388.19327599999997</y4>
			<x5>232.517654</x5>
			<y5>391.553353</y5>
			<x6>220.362859</x6>
			<y6>408.370677</y6>
			<x7>217.075044</x7>
			<y7>416</y7>
			<x8>277.215966</x8>
			<y8>416</y8>
		</polygon>
	</object>
	<object>
		<name>orange</name>
		<pose>Unspecified</pose>
		<truncated>0</truncated>
		<difficult>0</difficult>
		<occluded>0</occluded>
		<bndbox>
			<xmin>322</xmin>
			<xmax>380</xmax>
			<ymin>263</ymin>
			<ymax>338</ymax>
		</bndbox>
		<polygon>
			<x1>347.178241</x1>
			<y1>261.850157</y1>
			<x2>338.419208</x2>
			<y2>264.714235</y2>
			<x3>325.94791299999997</x3>
			<y3>279.643373</y3>
			<x4>321.012519</x4>
			<y4>301.517334</y4>
			<x5>321.252098</x5>
			<y5>314.350555</y5>
			<x6>326.273228</x6>
			<y6>327.199883</y6>
			<x7>333.15049</x7>
			<y7>334.01668</y7>
			<x8>356.545036</x8>
			<y8>336.737455</y8>
			<x9>367.81884</x9>
			<y9>327.968874</y9>
			<x10>373.994593</x10>
			<y10>317.296</y10>
			<x11>378.90434600000003</x11>
			<y11>299.070383</y11>
			<x12>378.664767</x12>
			<y12>286.237162</y12>
			<x13>369.888506</x13>
			<y13>268.09125</y13>
			<x14>347.178241</x14>
			<y14>261.850157</y14>
		</polygon>
	</object>
	<object>
		<name>capsicum</name>
		<pose>Unspecified</pose>
		<truncated>0</truncated>
		<difficult>0</difficult>
		<occluded>0</occluded>
		<bndbox>
			<xmin>285</xmin>
			<xmax>310</xmax>
			<ymin>353</ymin>
			<ymax>387</ymax>
		</bndbox>
		<polygon>
			<x1>287.610572</x1>
			<y1>385.444542</y1>
			<x2>299.149595</x2>
			<y2>385.860837</y2>
			<x3>306.497198</x3>
			<y3>372.675751</y3>
			<x4>309.23432</x4>
			<y4>358.594478</y4>
			<x5>305.65026</x5>
			<y5>352.417814</y5>
			<x6>301.698419</x6>
			<y6>351.649654</y6>
			<x7>289.158615</x7>
			<y7>352.865492</y7>
			<x8>285.497634</x8>
			<y8>357.633862</y8>
			<x9>284.052152</x9>
			<y9>375.619534</y9>
			<x10>287.610572</x10>
			<y10>385.444542</y10>
		</polygon>
	</object>
</annotation>
