<annotation>
	<folder></folder>
	<filename>image_6_png.rf.eb4aa4efb4f6de4eff7698390c9aea9a.jpg</filename>
	<path>image_6_png.rf.eb4aa4efb4f6de4eff7698390c9aea9a.jpg</path>
	<source>
		<database>roboflow.ai</database>
	</source>
	<size>
		<width>416</width>
		<height>416</height>
		<depth>3</depth>
	</size>
	<segmented>0</segmented>
	<object>
		<name>mango</name>
		<pose>Unspecified</pose>
		<truncated>0</truncated>
		<difficult>0</difficult>
		<occluded>0</occluded>
		<bndbox>
			<xmin>188</xmin>
			<xmax>358</xmax>
			<ymin>98</ymin>
			<ymax>221</ymax>
		</bndbox>
		<polygon>
			<x1>187</x1>
			<y1>220</y1>
			<x2>348.771712</x2>
			<y2>220</y2>
			<x3>350.466581</x3>
			<y3>217.017052</y3>
			<x4>357.483736</x4>
			<y4>177.751283</y4>
			<x5>353.087346</x5>
			<y5>154.666088</y5>
			<x6>346.889055</x6>
			<y6>140.058173</y6>
			<x7>335.699621</x7>
			<y7>127.047443</y7>
			<x8>311.158473</x8>
			<y8>111.198719</y8>
			<x9>257.656389</x9>
			<y9>97.168414</y9>
			<x10>232.51022799999998</x10>
			<y10>99.797689</y10>
			<x11>202.923756</x11>
			<y11>107.685347</y11>
			<x12>187</x12>
			<y12>114.41568</y12>
			<x13>187</x13>
			<y13>220</y13>
		</polygon>
	</object>
	<object>
		<name>capsicum</name>
		<pose>Unspecified</pose>
		<truncated>0</truncated>
		<difficult>0</difficult>
		<occluded>0</occluded>
		<bndbox>
			<xmin>51</xmin>
			<xmax>188</xmax>
			<ymin>231</ymin>
			<ymax>417</ymax>
		</bndbox>
		<polygon>
			<x1>187</x1>
			<y1>416</y1>
			<x2>187</x2>
			<y2>271.789462</y2>
			<x3>177.717986</x3>
			<y3>270.258233</y3>
			<x4>167.3548</x4>
			<y4>262.739299</y4>
			<x5>165.256961</x5>
			<y5>256.977218</y5>
			<x6>167.048601</x6>
			<y6>242.295558</y6>
			<x7>163.583945</x7>
			<y7>233.584866</y7>
			<x8>155.678978</x8>
			<y8>230.132556</y8>
			<x9>152.149879</x9>
			<y9>237.35668</y9>
			<x10>154.438169</x10>
			<y10>248.475413</y10>
			<x11>152.360852</x11>
			<y11>255.122094</y11>
			<x12>135.745193</x12>
			<y12>255.134441</y12>
			<x13>123.750035</x13>
			<y13>249.040677</y13>
			<x14>97.597437</x14>
			<y14>247.025885</y14>
			<x15>83.355032</x15>
			<y15>254.63091</y15>
			<x16>72.937664</x16>
			<y16>269.251173</y16>
			<x17>62.170177</x17>
			<y17>291.77127</y17>
			<x18>50.542783</x18>
			<y18>343.347531</y18>
			<x19>49.744442</x19>
			<y19>409.629977</y19>
			<x20>50.506808</x20>
			<y20>416</y20>
			<x21>187</x21>
			<y21>416</y21>
		</polygon>
	</object>
	<object>
		<name>orange</name>
		<pose>Unspecified</pose>
		<truncated>0</truncated>
		<difficult>0</difficult>
		<occluded>0</occluded>
		<bndbox>
			<xmin>188</xmin>
			<xmax>330</xmax>
			<ymin>264</ymin>
			<ymax>417</ymax>
		</bndbox>
		<polygon>
			<x1>187</x1>
			<y1>416</y1>
			<x2>314.099667</x2>
			<y2>416</y2>
			<x3>322.86156800000003</x3>
			<y3>394.495051</y3>
			<x4>328.692095</x4>
			<y4>351.432942</y4>
			<x5>323.19404299999997</x5>
			<y5>321.025354</y5>
			<x6>308.709882</x6>
			<y6>292.251824</y6>
			<x7>285.620516</x7>
			<y7>275.825657</y7>
			<x8>243.923139</x8>
			<y8>262.532464</y8>
			<x9>229.670474</x9>
			<y9>263.933108</y9>
			<x10>210.617117</x10>
			<y10>272.287591</y10>
			<x11>190.037275</x11>
			<y11>290.949953</y11>
			<x12>187</x12>
			<y12>294.96379</y12>
			<x13>187</x13>
			<y13>416</y13>
		</polygon>
	</object>
</annotation>
