<annotation>
	<folder></folder>
	<filename>image_42_png.rf.a5077ceb787928b5746a38dc948b822c.jpg</filename>
	<path>image_42_png.rf.a5077ceb787928b5746a38dc948b822c.jpg</path>
	<source>
		<database>roboflow.ai</database>
	</source>
	<size>
		<width>416</width>
		<height>416</height>
		<depth>3</depth>
	</size>
	<segmented>0</segmented>
	<object>
		<name>orange</name>
		<pose>Unspecified</pose>
		<truncated>0</truncated>
		<difficult>0</difficult>
		<occluded>0</occluded>
		<bndbox>
			<xmin>1</xmin>
			<xmax>149</xmax>
			<ymin>63</ymin>
			<ymax>134</ymax>
		</bndbox>
		<polygon>
			<x1>0</x1>
			<y1>133</y1>
			<x2>147.67862</x2>
			<y2>133</y2>
			<x3>142.705618</x3>
			<y3>119.24773</y3>
			<x4>125.103358</x4>
			<y4>92.398825</y4>
			<x5>98.56388</x5>
			<y5>69.12171</y5>
			<x6>62.17795</x6>
			<y6>62.435127</y6>
			<x7>24.710973</x7>
			<y7>67.883397</y7>
			<x8>13.956816</x8>
			<y8>72.725652</y8>
			<x9>0</x9>
			<y9>86.062824</y9>
			<x10>0</x10>
			<y10>133</y10>
		</polygon>
	</object>
	<object>
		<name>orange</name>
		<pose>Unspecified</pose>
		<truncated>0</truncated>
		<difficult>0</difficult>
		<occluded>0</occluded>
		<bndbox>
			<xmin>1</xmin>
			<xmax>38</xmax>
			<ymin>179</ymin>
			<ymax>258</ymax>
		</bndbox>
		<polygon>
			<x1>0</x1>
			<y1>254.58235100000002</y1>
			<x2>8.431655</x2>
			<y2>256.930968</y2>
			<x3>23.01583</x3>
			<y3>254.096092</y3>
			<x4>31.265805</x4>
			<y4>246.988743</y4>
			<x5>36.324353</x5>
			<y5>234.080742</y5>
			<x6>37.209263</x6>
			<y6>217.397585</y6>
			<x7>33.281943</x7>
			<y7>200.73254400000002</y7>
			<x8>26.064364</x8>
			<y8>188.37621000000001</y8>
			<x9>17.054168</x9>
			<y9>180.954754</y9>
			<x10>7.577193</x10>
			<y10>178.210461</y10>
			<x11>0</x11>
			<y11>179.68331799999999</y11>
			<x12>0</x12>
			<y12>254.58235100000002</y12>
		</polygon>
	</object>
	<object>
		<name>capsicum</name>
		<pose>Unspecified</pose>
		<truncated>0</truncated>
		<difficult>0</difficult>
		<occluded>0</occluded>
		<bndbox>
			<xmin>78</xmin>
			<xmax>105</xmax>
			<ymin>134</ymin>
			<ymax>160</ymax>
		</bndbox>
		<polygon>
			<x1>77.308569</x1>
			<y1>133</y1>
			<x2>76.817068</x2>
			<y2>134.481153</y2>
			<x3>82.070222</x3>
			<y3>150.888478</y3>
			<x4>91.252227</x4>
			<y4>159.193823</y4>
			<x5>99.698339</x5>
			<y5>156.634779</y5>
			<x6>104.217129</x6>
			<y6>137.410695</y6>
			<x7>102.922685</x7>
			<y7>133</y7>
			<x8>77.308569</x8>
			<y8>133</y8>
		</polygon>
	</object>
	<object>
		<name>redapple</name>
		<pose>Unspecified</pose>
		<truncated>0</truncated>
		<difficult>0</difficult>
		<occluded>0</occluded>
		<bndbox>
			<xmin>190</xmin>
			<xmax>403</xmax>
			<ymin>134</ymin>
			<ymax>414</ymax>
		</bndbox>
		<polygon>
			<x1>200.897312</x1>
			<y1>133</y1>
			<x2>199.497414</x2>
			<y2>137.158643</y2>
			<x3>192.424259</x3>
			<y3>171.555822</y3>
			<x4>189.47609</x4>
			<y4>202.399327</y4>
			<x5>190.923553</x5>
			<y5>220.46368999999999</y5>
			<x6>206.534</x6>
			<y6>297.23321</y6>
			<x7>223.88994200000002</x7>
			<y7>336.972</y7>
			<x8>239.675261</x8>
			<y8>365.09137</y8>
			<x9>262.409048</x9>
			<y9>390.025523</y9>
			<x10>310.849113</x10>
			<y10>412.714738</y10>
			<x11>326.759123</x11>
			<y11>409.622146</y11>
			<x12>338.962274</x12>
			<y12>398.077233</y12>
			<x13>362.459341</x13>
			<y13>388.00615</y13>
			<x14>372.182635</x14>
			<y14>377.86055899999997</y14>
			<x15>380.21214699999996</x15>
			<y15>362.540489</y15>
			<x16>391.925723</x16>
			<y16>327.241304</y16>
			<x17>400.59535700000004</x17>
			<y17>283.36094</y17>
			<x18>401.825419</x18>
			<y18>243.678542</y18>
			<x19>398.881842</x19>
			<y19>200.22098499999998</y19>
			<x20>390.315633</x20>
			<y20>159.69093</y20>
			<x21>381.578791</x21>
			<y21>133</y21>
			<x22>200.897312</x22>
			<y22>133</y22>
		</polygon>
	</object>
</annotation>
