<annotation>
	<folder></folder>
	<filename>image_48_png.rf.3278291a89415e1930ffea52d3dde709.jpg</filename>
	<path>image_48_png.rf.3278291a89415e1930ffea52d3dde709.jpg</path>
	<source>
		<database>roboflow.ai</database>
	</source>
	<size>
		<width>416</width>
		<height>416</height>
		<depth>3</depth>
	</size>
	<segmented>0</segmented>
	<object>
		<name>capsicum</name>
		<pose>Unspecified</pose>
		<truncated>0</truncated>
		<difficult>0</difficult>
		<occluded>0</occluded>
		<bndbox>
			<xmin>71</xmin>
			<xmax>104</xmax>
			<ymin>1</ymin>
			<ymax>53</ymax>
		</bndbox>
		<polygon>
			<x1>78.241091</x1>
			<y1>0</y1>
			<x2>69.567574</x2>
			<y2>8.766033</y2>
			<x3>72.301167</x3>
			<y3>32.887001</y3>
			<x4>82.155768</x4>
			<y4>51.631256</y4>
			<x5>96.437218</x5>
			<y5>50.499314</y5>
			<x6>100.219237</x6>
			<y6>44.716682</y6>
			<x7>102.79509</x7>
			<y7>30.351727</y7>
			<x8>101.710696</x8>
			<y8>8.624532</y8>
			<x9>96.681215</x9>
			<y9>0</y9>
			<x10>78.241091</x10>
			<y10>0</y10>
		</polygon>
	</object>
	<object>
		<name>mango</name>
		<pose>Unspecified</pose>
		<truncated>0</truncated>
		<difficult>0</difficult>
		<occluded>0</occluded>
		<bndbox>
			<xmin>222</xmin>
			<xmax>246</xmax>
			<ymin>144</ymin>
			<ymax>205</ymax>
		</bndbox>
		<polygon>
			<x1>245</x1>
			<y1>143.30965</y1>
			<x2>224.275602</x2>
			<y2>170.811856</y2>
			<x3>221.417925</x3>
			<y3>187.84197</y3>
			<x4>228.135336</x4>
			<y4>198.275291</y4>
			<x5>239.399057</x5>
			<y5>203.693749</y5>
			<x6>245</x6>
			<y6>203.136055</y6>
			<x7>245</x7>
			<y7>143.30965</y7>
		</polygon>
	</object>
	<object>
		<name>redapple</name>
		<pose>Unspecified</pose>
		<truncated>0</truncated>
		<difficult>0</difficult>
		<occluded>0</occluded>
		<bndbox>
			<xmin>356</xmin>
			<xmax>417</xmax>
			<ymin>1</ymin>
			<ymax>76</ymax>
		</bndbox>
		<polygon>
			<x1>366.686623</x1>
			<y1>0</y1>
			<x2>361.543947</x2>
			<y2>3.365417</y2>
			<x3>356.393397</x3>
			<y3>18.092221</y3>
			<x4>354.541245</x4>
			<y4>37.60657</y4>
			<x5>356.832962</x5>
			<y5>53.912985</y5>
			<x6>360.372592</x6>
			<y6>60.416993</y6>
			<x7>373.76797899999997</x7>
			<y7>71.662153</y7>
			<x8>385.434141</x8>
			<y8>75.273684</y8>
			<x9>407.198449</x9>
			<y9>71.339726</y9>
			<x10>416</x10>
			<y10>65.193356</y10>
			<x11>416</x11>
			<y11>14.843047</y11>
			<x12>407.04302</x12>
			<y12>4.847594</y12>
			<x13>399.463427</x13>
			<y13>0</y13>
			<x14>366.686623</x14>
			<y14>0</y14>
		</polygon>
	</object>
	<object>
		<name>greenapple</name>
		<pose>Unspecified</pose>
		<truncated>0</truncated>
		<difficult>0</difficult>
		<occluded>0</occluded>
		<bndbox>
			<xmin>246</xmin>
			<xmax>253</xmax>
			<ymin>153</ymin>
			<ymax>182</ymax>
		</bndbox>
		<polygon>
			<x1>245</x1>
			<y1>180.778437</y1>
			<x2>245.347455</x2>
			<y2>180.729605</y2>
			<x3>251.744762</x3>
			<y3>170.2035</y3>
			<x4>249.935512</x4>
			<y4>157.330015</y4>
			<x5>245</x5>
			<y5>152.372038</y5>
			<x6>245</x6>
			<y6>180.778437</y6>
		</polygon>
	</object>
	<object>
		<name>redapple</name>
		<pose>Unspecified</pose>
		<truncated>0</truncated>
		<difficult>0</difficult>
		<occluded>0</occluded>
		<bndbox>
			<xmin>151</xmin>
			<xmax>200</xmax>
			<ymin>309</ymin>
			<ymax>380</ymax>
		</bndbox>
		<polygon>
			<x1>155.095663</x1>
			<y1>313.45184</y1>
			<x2>151.031819</x2>
			<y2>321.899631</y2>
			<x3>149.783906</x3>
			<y3>331.702037</y3>
			<x4>152.960531</x4>
			<y4>349.634454</y4>
			<x5>170.45804</x5>
			<y5>376.05640800000003</y5>
			<x6>179.428889</x6>
			<y6>379.171556</y6>
			<x7>189.60706</x7>
			<y7>376.865923</y7>
			<x8>196.366218</x8>
			<y8>368.914515</y8>
			<x9>198.90148</x9>
			<y9>358.931185</y9>
			<x10>196.892742</x10>
			<y10>325.956506</y10>
			<x11>185.227736</x11>
			<y11>308.34187</y11>
			<x12>163.624636</x12>
			<y12>308.752436</y12>
			<x13>155.095663</x13>
			<y13>313.45184</y13>
		</polygon>
	</object>
	<object>
		<name>capsicum</name>
		<pose>Unspecified</pose>
		<truncated>0</truncated>
		<difficult>0</difficult>
		<occluded>0</occluded>
		<bndbox>
			<xmin>374</xmin>
			<xmax>407</xmax>
			<ymin>343</ymin>
			<ymax>399</ymax>
		</bndbox>
		<polygon>
			<x1>377.06755</x1>
			<y1>350.475978</y1>
			<x2>373.285531</x2>
			<y2>356.25861</y2>
			<x3>376.421565</x3>
			<y3>378.572651</y3>
			<x4>382.454711</x4>
			<y4>393.47805700000004</y4>
			<x5>387.040456</x5>
			<y5>398.084676</y5>
			<x6>399.913941</x6>
			<y6>396.275426</y6>
			<x7>405.708165</x7>
			<y7>381.458158</y7>
			<x8>404.664361</x8>
			<y8>355.349338</y8>
			<x9>400.11920699999996</x9>
			<y9>346.361096</y9>
			<x10>384.470382</x10>
			<y10>342.434107</y10>
			<x11>383.90673400000003</x11>
			<y11>347.764426</y11>
			<x12>377.06755</x12>
			<y12>350.475978</y12>
		</polygon>
	</object>
</annotation>
