<annotation>
	<folder></folder>
	<filename>image_154_png.rf.0eb1385b8c3e7092d6d124521dadf867.jpg</filename>
	<path>image_154_png.rf.0eb1385b8c3e7092d6d124521dadf867.jpg</path>
	<source>
		<database>roboflow.ai</database>
	</source>
	<size>
		<width>416</width>
		<height>416</height>
		<depth>3</depth>
	</size>
	<segmented>0</segmented>
	<object>
		<name>mango</name>
		<pose>Unspecified</pose>
		<truncated>0</truncated>
		<difficult>0</difficult>
		<occluded>0</occluded>
		<bndbox>
			<xmin>5</xmin>
			<xmax>89</xmax>
			<ymin>1</ymin>
			<ymax>64</ymax>
		</bndbox>
		<polygon>
			<x1>39.111056</x1>
			<y1>0</y1>
			<x2>36.543479</x2>
			<y2>1.148408</y2>
			<x3>7.507562</x3>
			<y3>28.273787</y3>
			<x4>3.889043</x4>
			<y4>42.156885</y4>
			<x5>9.01818</x5>
			<y5>54.001155</y5>
			<x6>17.809743</x6>
			<y6>60.800477</y6>
			<x7>40.803076</x7>
			<y7>63.291836</y7>
			<x8>61.714896</x8>
			<y8>57.686068</y8>
			<x9>79.289265</x9>
			<y9>43.011841</y9>
			<x10>87.764669</x10>
			<y10>25.934338</y10>
			<x11>87.369456</x11>
			<y11>12.65408</y11>
			<x12>83.373296</x12>
			<y12>3.539559</y12>
			<x13>78.555305</x13>
			<y13>0</y13>
			<x14>39.111056</x14>
			<y14>0</y14>
		</polygon>
	</object>
	<object>
		<name>orange</name>
		<pose>Unspecified</pose>
		<truncated>0</truncated>
		<difficult>0</difficult>
		<occluded>0</occluded>
		<bndbox>
			<xmin>150</xmin>
			<xmax>175</xmax>
			<ymin>1</ymin>
			<ymax>22</ymax>
		</bndbox>
		<polygon>
			<x1>150.271687</x1>
			<y1>0</y1>
			<x2>149.305672</x2>
			<y2>7.266492</y2>
			<x3>153.240352</x3>
			<y3>17.260222</y3>
			<x4>162.216357</x4>
			<y4>21.421917</y4>
			<x5>171.991604</x5>
			<y5>14.153896</y5>
			<x6>174.169746</x6>
			<y6>1.937093</y6>
			<x7>173.407084</x7>
			<y7>0</y7>
			<x8>150.271687</x8>
			<y8>0</y8>
		</polygon>
	</object>
	<object>
		<name>greenapple</name>
		<pose>Unspecified</pose>
		<truncated>0</truncated>
		<difficult>0</difficult>
		<occluded>0</occluded>
		<bndbox>
			<xmin>137</xmin>
			<xmax>161</xmax>
			<ymin>129</ymin>
			<ymax>160</ymax>
		</bndbox>
		<polygon>
			<x1>159.045655</x1>
			<y1>151.959401</y1>
			<x2>159.844899</x2>
			<y2>140.529684</y2>
			<x3>154.654282</x3>
			<y3>129.564623</y3>
			<x4>146.811254</x4>
			<y4>128.132677</y4>
			<x5>136.913046</x5>
			<y5>137.159116</y5>
			<x6>136.113802</x6>
			<y6>148.588833</y6>
			<x7>140.768671</x7>
			<y7>157.749415</y7>
			<x8>151.905243</x8>
			<y8>159.411668</y8>
			<x9>159.045655</x9>
			<y9>151.959401</y9>
		</polygon>
	</object>
	<object>
		<name>mango</name>
		<pose>Unspecified</pose>
		<truncated>0</truncated>
		<difficult>0</difficult>
		<occluded>0</occluded>
		<bndbox>
			<xmin>242</xmin>
			<xmax>281</xmax>
			<ymin>1</ymin>
			<ymax>63</ymax>
		</bndbox>
		<polygon>
			<x1>241</x1>
			<y1>0</y1>
			<x2>241</x2>
			<y2>62.120977</y2>
			<x3>260.332164</x3>
			<y3>55.090371</y3>
			<x4>271.670751</x4>
			<y4>44.397637</y4>
			<x5>279.96171400000003</x5>
			<y5>29.957759</y5>
			<x6>278.740925</x6>
			<y6>9.551707</y6>
			<x7>270.607926</x7>
			<y7>0</y7>
			<x8>241</x8>
			<y8>0</y8>
		</polygon>
	</object>
	<object>
		<name>orange</name>
		<pose>Unspecified</pose>
		<truncated>0</truncated>
		<difficult>0</difficult>
		<occluded>0</occluded>
		<bndbox>
			<xmin>360</xmin>
			<xmax>416</xmax>
			<ymin>167</ymin>
			<ymax>242</ymax>
		</bndbox>
		<polygon>
			<x1>393.565303</x1>
			<y1>241</y1>
			<x2>400.443798</x2>
			<y2>238.055521</y2>
			<x3>408.427361</x3>
			<y3>228.011689</y3>
			<x4>413.240337</x4>
			<y4>215.979132</y4>
			<x5>414.715864</x5>
			<y5>194.878115</y5>
			<x6>411.624335</x6>
			<y6>182.292821</y6>
			<x7>405.054819</x7>
			<y7>172.114847</y7>
			<x8>396.79900499999997</x8>
			<y8>167.120003</y8>
			<x9>386.91837</x9>
			<y9>166.429082</y9>
			<x10>374.815687</x10>
			<y10>169.116813</y10>
			<x11>367.016566</x11>
			<y11>176.523018</y11>
			<x12>359.85858</x12>
			<y12>193.692645</y12>
			<x13>358.751935</x13>
			<y13>209.518407</y13>
			<x14>362.256252</x14>
			<y14>225.666599</y14>
			<x15>368.228539</x15>
			<y15>234.919303</y15>
			<x16>379.05771</x16>
			<y16>240.977601</y16>
			<x17>379.37803099999996</x17>
			<y17>241</y17>
			<x18>393.565303</x18>
			<y18>241</y18>
		</polygon>
	</object>
	<object>
		<name>mango</name>
		<pose>Unspecified</pose>
		<truncated>0</truncated>
		<difficult>0</difficult>
		<occluded>0</occluded>
		<bndbox>
			<xmin>95</xmin>
			<xmax>123</xmax>
			<ymin>313</ymin>
			<ymax>350</ymax>
		</bndbox>
		<polygon>
			<x1>119.345621</x1>
			<y1>341.745373</y1>
			<x2>121.646724</x2>
			<y2>327.770152</y2>
			<x3>115.858877</x3>
			<y3>315.879821</y3>
			<x4>106.224164</x4>
			<y4>311.672063</y4>
			<x5>95.790208</x5>
			<y5>318.894022</y5>
			<x6>93.612066</x6>
			<y6>331.110825</y6>
			<x7>102.509016</x7>
			<y7>345.869091</y7>
			<x8>110.887792</x8>
			<y8>349.10551599999997</y8>
			<x9>119.345621</x9>
			<y9>341.745373</y9>
		</polygon>
	</object>
	<object>
		<name>capsicum</name>
		<pose>Unspecified</pose>
		<truncated>0</truncated>
		<difficult>0</difficult>
		<occluded>0</occluded>
		<bndbox>
			<xmin>1</xmin>
			<xmax>11</xmax>
			<ymin>303</ymin>
			<ymax>347</ymax>
		</bndbox>
		<polygon>
			<x1>0</x1>
			<y1>346.316261</y1>
			<x2>3.518231</x2>
			<y2>341.597505</y2>
			<x3>8.70009</x3>
			<y3>324.289694</y3>
			<x4>9.622294</x4>
			<y4>311.10156</y4>
			<x5>5.564654</x5>
			<y5>302.866248</y5>
			<x6>0</x6>
			<y6>301.792803</y6>
			<x7>0</x7>
			<y7>346.316261</y7>
		</polygon>
	</object>
	<object>
		<name>greenapple</name>
		<pose>Unspecified</pose>
		<truncated>0</truncated>
		<difficult>0</difficult>
		<occluded>0</occluded>
		<bndbox>
			<xmin>281</xmin>
			<xmax>417</xmax>
			<ymin>308</ymin>
			<ymax>417</ymax>
		</bndbox>
		<polygon>
			<x1>416</x1>
			<y1>416</y1>
			<x2>416</x2>
			<y2>317.855664</y2>
			<x3>407.927458</x3>
			<y3>313.339541</y3>
			<x4>369.309551</x4>
			<y4>307.105081</y4>
			<x5>324.807169</x5>
			<y5>309.29422</y5>
			<x6>307.478721</x6>
			<y6>320.451611</y6>
			<x7>292.890496</x7>
			<y7>339.752189</y7>
			<x8>284.16917</x8>
			<y8>360.34653000000003</y8>
			<x9>281.147878</x9>
			<y9>375.154898</y9>
			<x10>280.129045</x10>
			<y10>408.656963</y10>
			<x11>281.303816</x11>
			<y11>416</y11>
			<x12>416</x12>
			<y12>416</y12>
		</polygon>
	</object>
</annotation>
