<annotation>
	<folder></folder>
	<filename>image_108_png.rf.01762d83cfe4c9a4e55e1feb99235565.jpg</filename>
	<path>image_108_png.rf.01762d83cfe4c9a4e55e1feb99235565.jpg</path>
	<source>
		<database>roboflow.ai</database>
	</source>
	<size>
		<width>416</width>
		<height>416</height>
		<depth>3</depth>
	</size>
	<segmented>0</segmented>
	<object>
		<name>orange</name>
		<pose>Unspecified</pose>
		<truncated>0</truncated>
		<difficult>0</difficult>
		<occluded>0</occluded>
		<bndbox>
			<xmin>1</xmin>
			<xmax>56</xmax>
			<ymin>1</ymin>
			<ymax>77</ymax>
		</bndbox>
		<polygon>
			<x1>15.979936</x1>
			<y1>0</y1>
			<x2>5.645797</x2>
			<y2>8.486692</y2>
			<x3>0</x3>
			<y3>19.859402</y3>
			<x4>0</x4>
			<y4>58.147668</y4>
			<x5>4.428193</x5>
			<y5>67.953978</y5>
			<x6>14.428083</x6>
			<y6>74.601518</y6>
			<x7>29.079345</x7>
			<y7>76.400466</y7>
			<x8>39.058448</x8>
			<y8>72.206039</y8>
			<x9>47.804487</x9>
			<y9>61.537217</y9>
			<x10>53.767005</x10>
			<y10>46.010197</y10>
			<x11>55.17702</x11>
			<y11>29.020917</y11>
			<x12>52.154187</x12>
			<y12>15.10049</y12>
			<x13>45.921178</x13>
			<y13>5.302326</y13>
			<x14>38.118983</x14>
			<y14>0</y14>
			<x15>15.979936</x15>
			<y15>0</y15>
		</polygon>
	</object>
	<object>
		<name>greenapple</name>
		<pose>Unspecified</pose>
		<truncated>0</truncated>
		<difficult>0</difficult>
		<occluded>0</occluded>
		<bndbox>
			<xmin>188</xmin>
			<xmax>214</xmax>
			<ymin>11</ymin>
			<ymax>74</ymax>
		</bndbox>
		<polygon>
			<x1>187</x1>
			<y1>72.056777</y1>
			<x2>194.914024</x2>
			<y2>73.028497</y2>
			<x3>201.563295</x3>
			<y3>68.425217</y3>
			<x4>207.536206</x4>
			<y4>58.319182</y4>
			<x5>212.81197</x5>
			<y5>31.868424</y5>
			<x6>200.793395</x6>
			<y6>14.133605</y6>
			<x7>187</x7>
			<y7>9.830421</y7>
			<x8>187</x8>
			<y8>72.056777</y8>
		</polygon>
	</object>
	<object>
		<name>redapple</name>
		<pose>Unspecified</pose>
		<truncated>0</truncated>
		<difficult>0</difficult>
		<occluded>0</occluded>
		<bndbox>
			<xmin>188</xmin>
			<xmax>210</xmax>
			<ymin>147</ymin>
			<ymax>227</ymax>
		</bndbox>
		<polygon>
			<x1>187</x1>
			<y1>226.183957</y1>
			<x2>194.648336</x2>
			<y2>223.844415</y2>
			<x3>207.697173</x3>
			<y3>200.15464</y3>
			<x4>208.67014</x4>
			<y4>186.724835</y4>
			<x5>191.620438</x5>
			<y5>149.403292</y5>
			<x6>187</x6>
			<y6>145.831595</y6>
			<x7>187</x7>
			<y7>226.183957</y7>
		</polygon>
	</object>
	<object>
		<name>orange</name>
		<pose>Unspecified</pose>
		<truncated>0</truncated>
		<difficult>0</difficult>
		<occluded>0</occluded>
		<bndbox>
			<xmin>292</xmin>
			<xmax>350</xmax>
			<ymin>189</ymin>
			<ymax>233</ymax>
		</bndbox>
		<polygon>
			<x1>348.39365499999997</x1>
			<y1>232</y1>
			<x2>349.20984799999997</x2>
			<y2>214.820357</y2>
			<x3>339.069514</x3>
			<y3>192.799734</y3>
			<x4>313.981314</x4>
			<y4>187.91272</y4>
			<x5>304.668177</x5>
			<y5>192.188919</y5>
			<x6>295.812875</x6>
			<y6>203.74761</y6>
			<x7>291.083422</x7>
			<y7>225.749023</y7>
			<x8>291.313822</x8>
			<y8>232</y8>
			<x9>348.39365499999997</x9>
			<y9>232</y9>
		</polygon>
	</object>
	<object>
		<name>capsicum</name>
		<pose>Unspecified</pose>
		<truncated>0</truncated>
		<difficult>0</difficult>
		<occluded>0</occluded>
		<bndbox>
			<xmin>289</xmin>
			<xmax>316</xmax>
			<ymin>1</ymin>
			<ymax>39</ymax>
		</bndbox>
		<polygon>
			<x1>301.769593</x1>
			<y1>0</y1>
			<x2>293.53968199999997</x2>
			<y2>2.036015</y2>
			<x3>287.90495</x3>
			<y3>14.893427</y3>
			<x4>289.486588</x4>
			<y4>29.540183</y4>
			<x5>294.71545100000003</x5>
			<y5>36.505199</y5>
			<x6>299.93392</x6>
			<y6>38.049232</y6>
			<x7>307.24915799999997</x7>
			<y7>33.527721</y7>
			<x8>312.446841</x8>
			<y8>24.229785</y8>
			<x9>314.970263</x9>
			<y9>9.183783</y9>
			<x10>311.182596</x10>
			<y10>1.492439</y10>
			<x11>304.895483</x11>
			<y11>0</y11>
			<x12>301.769593</x12>
			<y12>0</y12>
		</polygon>
	</object>
	<object>
		<name>capsicum</name>
		<pose>Unspecified</pose>
		<truncated>0</truncated>
		<difficult>0</difficult>
		<occluded>0</occluded>
		<bndbox>
			<xmin>22</xmin>
			<xmax>45</xmax>
			<ymin>372</ymin>
			<ymax>406</ymax>
		</bndbox>
		<polygon>
			<x1>37.752616</x1>
			<y1>403.976394</y1>
			<x2>44.490362</x2>
			<y2>387.641276</y2>
			<x3>43.465429</x3>
			<y3>373.96616</y3>
			<x4>35.026389</x4>
			<y4>371.12340800000004</y4>
			<x5>24.709106</x5>
			<y5>372.566458</y5>
			<x6>21.389667</x6>
			<y6>377.57858999999996</y6>
			<x7>21.093061</x7>
			<y7>396.511149</y7>
			<x8>26.103399</x8>
			<y8>405.255904</y8>
			<x9>37.752616</x9>
			<y9>403.976394</y9>
		</polygon>
	</object>
	<object>
		<name>mango</name>
		<pose>Unspecified</pose>
		<truncated>0</truncated>
		<difficult>0</difficult>
		<occluded>0</occluded>
		<bndbox>
			<xmin>188</xmin>
			<xmax>204</xmax>
			<ymin>265</ymin>
			<ymax>324</ymax>
		</bndbox>
		<polygon>
			<x1>187</x1>
			<y1>323.043357</y1>
			<x2>189.471825</x2>
			<y2>322.71792800000003</y2>
			<x3>196.339619</x3>
			<y3>316.33491100000003</y3>
			<x4>202.531056</x4>
			<y4>304.449138</y4>
			<x5>203.384366</x5>
			<y5>286.488218</y5>
			<x6>196.365734</x6>
			<y6>272.07716800000003</y6>
			<x7>189.138972</x7>
			<y7>264.866841</y7>
			<x8>187</x8>
			<y8>264.482493</y8>
			<x9>187</x9>
			<y9>323.043357</y9>
		</polygon>
	</object>
	<object>
		<name>capsicum</name>
		<pose>Unspecified</pose>
		<truncated>0</truncated>
		<difficult>0</difficult>
		<occluded>0</occluded>
		<bndbox>
			<xmin>296</xmin>
			<xmax>318</xmax>
			<ymin>383</ymin>
			<ymax>417</ymax>
		</bndbox>
		<polygon>
			<x1>309.163507</x1>
			<y1>415.99998600000004</y1>
			<x2>316.56722</x2>
			<y2>399.74663899999996</y2>
			<x3>316.983482</x3>
			<y3>385.345195</y3>
			<x4>309.31967099999997</x4>
			<y4>381.694343</y4>
			<x5>301.109549</x5>
			<y5>382.492836</y5>
			<x6>295.682949</x6>
			<y6>388.14952600000004</y6>
			<x7>294.938901</x7>
			<y7>405.220577</y7>
			<x8>299.73071400000003</x8>
			<y8>415.745069</y8>
			<x9>309.163507</x9>
			<y9>415.99998600000004</y9>
		</polygon>
	</object>
</annotation>
