<annotation>
	<folder></folder>
	<filename>image_21_png.rf.bf2112751b97760812936068c69172da.jpg</filename>
	<path>image_21_png.rf.bf2112751b97760812936068c69172da.jpg</path>
	<source>
		<database>roboflow.ai</database>
	</source>
	<size>
		<width>416</width>
		<height>416</height>
		<depth>3</depth>
	</size>
	<segmented>0</segmented>
	<object>
		<name>greenapple</name>
		<pose>Unspecified</pose>
		<truncated>0</truncated>
		<difficult>0</difficult>
		<occluded>0</occluded>
		<bndbox>
			<xmin>26</xmin>
			<xmax>171</xmax>
			<ymin>139</ymin>
			<ymax>209</ymax>
		</bndbox>
		<polygon>
			<x1>170</x1>
			<y1>208</y1>
			<x2>170</x2>
			<y2>159.413222</y2>
			<x3>152.518336</x3>
			<y3>148.30658</y3>
			<x4>119.197941</x4>
			<y4>141.259461</y4>
			<x5>75.366723</x5>
			<y5>137.856652</y5>
			<x6>53.798215</x6>
			<y6>148.598032</y6>
			<x7>37.459617</x7>
			<y7>168.131339</y7>
			<x8>29.693734</x8>
			<y8>183.71337</y8>
			<x9>25.113001</x9>
			<y9>208</y9>
			<x10>170</x10>
			<y10>208</y10>
		</polygon>
	</object>
	<object>
		<name>redapple</name>
		<pose>Unspecified</pose>
		<truncated>0</truncated>
		<difficult>0</difficult>
		<occluded>0</occluded>
		<bndbox>
			<xmin>361</xmin>
			<xmax>411</xmax>
			<ymin>112</ymin>
			<ymax>188</ymax>
		</bndbox>
		<polygon>
			<x1>387.676462</x1>
			<y1>111.095837</y1>
			<x2>374.208896</x2>
			<y2>112.502157</y2>
			<x3>368.08360400000004</x3>
			<y3>117.725912</y3>
			<x4>363.48627</x4>
			<y4>125.846199</y4>
			<x5>360.242634</x5>
			<y5>142.144484</y5>
			<x6>362.403167</x6>
			<y6>161.953235</y6>
			<x7>369.496093</x7>
			<y7>179.88867</y7>
			<x8>384.317357</x8>
			<y8>186.660345</y8>
			<x9>392.616642</x9>
			<y9>184.43545</y9>
			<x10>400.071548</x10>
			<y10>174.998069</y10>
			<x11>406.955507</x11>
			<y11>156.621824</y11>
			<x12>409.689824</x12>
			<y12>139.358028</y12>
			<x13>403.280478</x13>
			<y13>117.106644</y13>
			<x14>387.676462</x14>
			<y14>111.095837</y14>
		</polygon>
	</object>
	<object>
		<name>capsicum</name>
		<pose>Unspecified</pose>
		<truncated>0</truncated>
		<difficult>0</difficult>
		<occluded>0</occluded>
		<bndbox>
			<xmin>385</xmin>
			<xmax>417</xmax>
			<ymin>1</ymin>
			<ymax>31</ymax>
		</bndbox>
		<polygon>
			<x1>416</x1>
			<y1>0</y1>
			<x2>384.740458</x2>
			<y2>0</y2>
			<x3>383.843469</x3>
			<y3>14.040812</y3>
			<x4>387.234444</x4>
			<y4>26.080854</y4>
			<x5>392.63861299999996</x5>
			<y5>29.591321</y5>
			<x6>402.46585500000003</x6>
			<y6>30.262961</y6>
			<x7>407.025646</x7>
			<y7>26.560943</y7>
			<x8>416</x8>
			<y8>5.892785</y8>
			<x9>416</x9>
			<y9>0</y9>
		</polygon>
	</object>
	<object>
		<name>orange</name>
		<pose>Unspecified</pose>
		<truncated>0</truncated>
		<difficult>0</difficult>
		<occluded>0</occluded>
		<bndbox>
			<xmin>15</xmin>
			<xmax>40</xmax>
			<ymin>295</ymin>
			<ymax>326</ymax>
		</bndbox>
		<polygon>
			<x1>36.112104</x1>
			<y1>318.848179</y1>
			<x2>39.318196</x2>
			<y2>306.968164</y2>
			<x3>36.299825</x3>
			<y3>296.756824</y3>
			<x4>28.174799</x4>
			<y4>293.700259</y4>
			<x5>19.875514</x5>
			<y5>295.925155</y5>
			<x6>14.321169</x6>
			<y6>310.087772</y6>
			<x7>17.848861</x7>
			<y7>321.264626</y7>
			<x8>25.837169</x8>
			<y8>325.18438000000003</y8>
			<x9>36.112104</x9>
			<y9>318.848179</y9>
		</polygon>
	</object>
	<object>
		<name>mango</name>
		<pose>Unspecified</pose>
		<truncated>0</truncated>
		<difficult>0</difficult>
		<occluded>0</occluded>
		<bndbox>
			<xmin>293</xmin>
			<xmax>376</xmax>
			<ymin>209</ymin>
			<ymax>239</ymax>
		</bndbox>
		<polygon>
			<x1>294.584921</x1>
			<y1>208</y1>
			<x2>292.02290700000003</x2>
			<y2>215.445938</y2>
			<x3>296.705954</x3>
			<y3>227.690624</y3>
			<x4>309.31568100000004</x4>
			<y4>235.881713</y4>
			<x5>330.77155500000003</x5>
			<y5>238.395147</y5>
			<x6>352.165804</x6>
			<y6>232.935228</y6>
			<x7>368.976177</x7>
			<y7>218.785704</y7>
			<x8>375.082546</x8>
			<y8>208</y8>
			<x9>294.584921</x9>
			<y9>208</y9>
		</polygon>
	</object>
	<object>
		<name>greenapple</name>
		<pose>Unspecified</pose>
		<truncated>0</truncated>
		<difficult>0</difficult>
		<occluded>0</occluded>
		<bndbox>
			<xmin>171</xmin>
			<xmax>207</xmax>
			<ymin>293</ymin>
			<ymax>354</ymax>
		</bndbox>
		<polygon>
			<x1>170</x1>
			<y1>352.161564</y1>
			<x2>170.918934</x2>
			<y2>352.882247</y2>
			<x3>189.418065</x3>
			<y3>353.157692</y3>
			<x4>199.631372</x4>
			<y4>338.848137</y4>
			<x5>205.770124</x5>
			<y5>316.81449</y5>
			<x6>195.583738</x6>
			<y6>297.504255</y6>
			<x7>180.489042</x7>
			<y7>292.458961</y7>
			<x8>170.077392</x8>
			<y8>299.658352</y8>
			<x9>170</x9>
			<y9>299.832463</y9>
			<x10>170</x10>
			<y10>352.161564</y10>
		</polygon>
	</object>
</annotation>
