<annotation>
	<folder></folder>
	<filename>image_70_png.rf.f72263cc4dba0d3ca4d48fc6f70c4707.jpg</filename>
	<path>image_70_png.rf.f72263cc4dba0d3ca4d48fc6f70c4707.jpg</path>
	<source>
		<database>roboflow.ai</database>
	</source>
	<size>
		<width>416</width>
		<height>416</height>
		<depth>3</depth>
	</size>
	<segmented>0</segmented>
	<object>
		<name>capsicum</name>
		<pose>Unspecified</pose>
		<truncated>0</truncated>
		<difficult>0</difficult>
		<occluded>0</occluded>
		<bndbox>
			<xmin>104</xmin>
			<xmax>129</xmax>
			<ymin>124</ymin>
			<ymax>159</ymax>
		</bndbox>
		<polygon>
			<x1>120.994606</x1>
			<y1>151.591604</y1>
			<x2>127.972844</x2>
			<y2>131.71457</y2>
			<x3>125.433456</x3>
			<y3>125.677204</y3>
			<x4>114.009597</x4>
			<y4>122.828916</y4>
			<x5>106.394443</x5>
			<y5>126.33447</y5>
			<x6>103.012354</x6>
			<y6>145.306717</y6>
			<x7>103.859569</x7>
			<y7>152.723586</y7>
			<x8>112.74517</x8>
			<y8>157.641128</y8>
			<x9>120.994606</x9>
			<y9>151.591604</y9>
		</polygon>
	</object>
	<object>
		<name>orange</name>
		<pose>Unspecified</pose>
		<truncated>0</truncated>
		<difficult>0</difficult>
		<occluded>0</occluded>
		<bndbox>
			<xmin>172</xmin>
			<xmax>230</xmax>
			<ymin>11</ymin>
			<ymax>85</ymax>
		</bndbox>
		<polygon>
			<x1>199.163071</x1>
			<y1>9.935204</y1>
			<x2>189.64394</x2>
			<y2>12.966045</y2>
			<x3>177.799108</x3>
			<y3>25.32477</y3>
			<x4>171.244101</x4>
			<y4>46.208032</y4>
			<x5>170.822752</x5>
			<y5>58.712838</y5>
			<x6>175.055816</x6>
			<y6>74.17953</y6>
			<x7>182.672475</x7>
			<y7>81.482802</y7>
			<x8>204.2505</x8>
			<y8>84.160695</y8>
			<x9>213.769253</x9>
			<y9>78.427647</y9>
			<x10>220.748996</x10>
			<y10>69.359441</y10>
			<x11>226.67047200000002</x11>
			<y11>56.424561</y11>
			<x12>229.20685</x12>
			<y12>40.844272</y12>
			<x13>222.011166</x13>
			<y13>18.333987</y13>
			<x14>199.163071</x14>
			<y14>9.935204</y14>
		</polygon>
	</object>
	<object>
		<name>capsicum</name>
		<pose>Unspecified</pose>
		<truncated>0</truncated>
		<difficult>0</difficult>
		<occluded>0</occluded>
		<bndbox>
			<xmin>303</xmin>
			<xmax>340</xmax>
			<ymin>1</ymin>
			<ymax>54</ymax>
		</bndbox>
		<polygon>
			<x1>317.508517</x1>
			<y1>0</y1>
			<x2>308.531304</x2>
			<y2>3.877707</y2>
			<x3>301.976674</x3>
			<y3>27.463175</y3>
			<x4>304.09508800000003</x4>
			<y4>48.707555</y4>
			<x5>317.846155</x5>
			<y5>53.036786</y5>
			<x6>323.557332</x6>
			<y6>49.056516</y6>
			<x7>331.382784</x7>
			<y7>36.596351</y7>
			<x8>338.572449</x8>
			<y8>15.871327</y8>
			<x9>337.090199</x9>
			<y9>5.594012</y9>
			<x10>328.80352300000004</x10>
			<y10>0</y10>
			<x11>317.508517</x11>
			<y11>0</y11>
		</polygon>
	</object>
	<object>
		<name>capsicum</name>
		<pose>Unspecified</pose>
		<truncated>0</truncated>
		<difficult>0</difficult>
		<occluded>0</occluded>
		<bndbox>
			<xmin>1</xmin>
			<xmax>22</xmax>
			<ymin>213</ymin>
			<ymax>236</ymax>
		</bndbox>
		<polygon>
			<x1>0</x1>
			<y1>212</y1>
			<x2>0</x2>
			<y2>233.774219</y2>
			<x3>4.470075</x3>
			<y3>235.16861</y3>
			<x4>14.411307</x4>
			<y4>225.037377</y4>
			<x5>20.789831</x5>
			<y5>212</y5>
			<x6>0</x6>
			<y6>212</y6>
		</polygon>
	</object>
	<object>
		<name>redapple</name>
		<pose>Unspecified</pose>
		<truncated>0</truncated>
		<difficult>0</difficult>
		<occluded>0</occluded>
		<bndbox>
			<xmin>178</xmin>
			<xmax>246</xmax>
			<ymin>213</ymin>
			<ymax>264</ymax>
		</bndbox>
		<polygon>
			<x1>177.677065</x1>
			<y1>212</y1>
			<x2>176.989774</x2>
			<y2>214.128867</y2>
			<x3>177.837742</x3>
			<y3>226.95015</y3>
			<x4>183.551928</x4>
			<y4>244.587534</y4>
			<x5>192.43828100000002</x5>
			<y5>254.909491</y5>
			<x6>216.132462</x6>
			<y6>262.618522</y6>
			<x7>225.863396</x7>
			<y7>261.441898</y7>
			<x8>230.728486</x8>
			<y8>258.151381</y8>
			<x9>235.592448</x9>
			<y9>246.754241</y9>
			<x10>242.572568</x10>
			<y10>240.388241</y10>
			<x11>244.686091</x11>
			<y11>226.503932</y11>
			<x12>240.182287</x12>
			<y12>212</y12>
			<x13>177.677065</x13>
			<y13>212</y13>
		</polygon>
	</object>
	<object>
		<name>capsicum</name>
		<pose>Unspecified</pose>
		<truncated>0</truncated>
		<difficult>0</difficult>
		<occluded>0</occluded>
		<bndbox>
			<xmin>311</xmin>
			<xmax>334</xmax>
			<ymin>213</ymin>
			<ymax>231</ymax>
		</bndbox>
		<polygon>
			<x1>309.689981</x1>
			<y1>212</y1>
			<x2>310.476548</x2>
			<y2>224.893248</y2>
			<x3>319.362148</x3>
			<y3>229.810791</y3>
			<x4>324.65047100000004</x4>
			<y4>227.5265</y4>
			<x5>331.20698200000004</x5>
			<y5>217.452065</y5>
			<x6>332.824113</x6>
			<y6>212</y6>
			<x7>309.689981</x7>
			<y7>212</y7>
		</polygon>
	</object>
	<object>
		<name>greenapple</name>
		<pose>Unspecified</pose>
		<truncated>0</truncated>
		<difficult>0</difficult>
		<occluded>0</occluded>
		<bndbox>
			<xmin>270</xmin>
			<xmax>296</xmax>
			<ymin>333</ymin>
			<ymax>364</ymax>
		</bndbox>
		<polygon>
			<x1>291.87920199999996</x1>
			<y1>358.96488</y1>
			<x2>294.83918800000004</x2>
			<y2>347.093025</y2>
			<x3>292.93370600000003</x3>
			<y3>335.809484</y3>
			<x4>285.105997</x4>
			<y4>332.056407</y4>
			<x5>274.74078</x5>
			<y5>335.776999</y5>
			<x6>269.454339</x6>
			<y6>351.572324</y6>
			<x7>274.532738</x7>
			<y7>360.94485099999997</y7>
			<x8>286.802683</x8>
			<y8>363.103387</y8>
			<x9>291.87920199999996</x9>
			<y9>358.96488</y9>
		</polygon>
	</object>
</annotation>
