<annotation>
	<folder></folder>
	<filename>image_11_png.rf.a9424a6f591da2cbcbc6c12c794d8d33.jpg</filename>
	<path>image_11_png.rf.a9424a6f591da2cbcbc6c12c794d8d33.jpg</path>
	<source>
		<database>roboflow.ai</database>
	</source>
	<size>
		<width>416</width>
		<height>416</height>
		<depth>3</depth>
	</size>
	<segmented>0</segmented>
	<object>
		<name>greenapple</name>
		<pose>Unspecified</pose>
		<truncated>0</truncated>
		<difficult>0</difficult>
		<occluded>0</occluded>
		<bndbox>
			<xmin>101</xmin>
			<xmax>175</xmax>
			<ymin>120</ymin>
			<ymax>246</ymax>
		</bndbox>
		<polygon>
			<x1>174</x1>
			<y1>245</y1>
			<x2>174</x2>
			<y2>118.967339</y2>
			<x3>131.344453</x3>
			<y3>129.469208</y3>
			<x4>115.97886</x4>
			<y4>144.22371</y4>
			<x5>104.9983</x5>
			<y5>166.711984</y5>
			<x6>100.220874</x6>
			<y6>189.357741</y6>
			<x7>100.080266</x7>
			<y7>205.000245</y7>
			<x8>105.658838</x8>
			<y8>239.242289</y8>
			<x9>107.761453</x9>
			<y9>245</y9>
			<x10>174</x10>
			<y10>245</y10>
		</polygon>
	</object>
	<object>
		<name>mango</name>
		<pose>Unspecified</pose>
		<truncated>0</truncated>
		<difficult>0</difficult>
		<occluded>0</occluded>
		<bndbox>
			<xmin>175</xmin>
			<xmax>225</xmax>
			<ymin>283</ymin>
			<ymax>348</ymax>
		</bndbox>
		<polygon>
			<x1>174</x1>
			<y1>333.055367</y1>
			<x2>179.152413</x2>
			<y2>339.544226</y2>
			<x3>196.509418</x3>
			<y3>346.604371</y3>
			<x4>207.90526599999998</x4>
			<y4>344.286006</y4>
			<x5>217.39145</x5>
			<y5>337.606457</y5>
			<x6>222.482794</x6>
			<y6>328.709133</y6>
			<x7>224.421886</x7>
			<y7>316.52233</y7>
			<x8>220.844538</x8>
			<y8>298.578938</y8>
			<x9>210.377361</x9>
			<y9>286.07716800000003</y9>
			<x10>202.264563</x10>
			<y10>281.55850399999997</y10>
			<x11>185.231285</x11>
			<y11>282.730796</y11>
			<x12>175.633922</x12>
			<y12>288.504863</y12>
			<x13>174</x13>
			<y13>291.654228</y13>
			<x14>174</x14>
			<y14>333.055367</y14>
		</polygon>
	</object>
	<object>
		<name>capsicum</name>
		<pose>Unspecified</pose>
		<truncated>0</truncated>
		<difficult>0</difficult>
		<occluded>0</occluded>
		<bndbox>
			<xmin>189</xmin>
			<xmax>215</xmax>
			<ymin>390</ymin>
			<ymax>417</ymax>
		</bndbox>
		<polygon>
			<x1>214.182611</x1>
			<y1>416</y1>
			<x2>214.010304</x2>
			<y2>399.603439</y2>
			<x3>209.73645199999999</x3>
			<y3>392.775148</y3>
			<x4>199.704182</x4>
			<y4>389.411297</y4>
			<x5>187.955178</x5>
			<y5>400.045211</y5>
			<x6>189.622863</x6>
			<y6>413.627422</y6>
			<x7>190.91598</x7>
			<y7>416</y7>
			<x8>214.182611</x8>
			<y8>416</y8>
		</polygon>
	</object>
</annotation>
