<annotation>
	<folder></folder>
	<filename>image_3_png.rf.997a13d69a914579749073b8283b1a3c.jpg</filename>
	<path>image_3_png.rf.997a13d69a914579749073b8283b1a3c.jpg</path>
	<source>
		<database>roboflow.ai</database>
	</source>
	<size>
		<width>416</width>
		<height>416</height>
		<depth>3</depth>
	</size>
	<segmented>0</segmented>
	<object>
		<name>mango</name>
		<pose>Unspecified</pose>
		<truncated>0</truncated>
		<difficult>0</difficult>
		<occluded>0</occluded>
		<bndbox>
			<xmin>1</xmin>
			<xmax>153</xmax>
			<ymin>115</ymin>
			<ymax>192</ymax>
		</bndbox>
		<polygon>
			<x1>0</x1>
			<y1>191</y1>
			<x2>152.328733</x2>
			<y2>191</y2>
			<x3>148.074212</x3>
			<y3>166.861479</y3>
			<x4>138.872406</x4>
			<y4>147.99855</y4>
			<x5>122.792176</x5>
			<y5>129.301402</y5>
			<x6>105.444784</x6>
			<y6>120.041478</y6>
			<x7>78.27925</x7>
			<y7>114.1839</y7>
			<x8>58.17484</x8>
			<y8>113.673516</y8>
			<x9>20.454861</x9>
			<y9>119.647774</y9>
			<x10>0</x10>
			<y10>129.693172</y10>
			<x11>0</x11>
			<y11>191</y11>
		</polygon>
	</object>
	<object>
		<name>capsicum</name>
		<pose>Unspecified</pose>
		<truncated>0</truncated>
		<difficult>0</difficult>
		<occluded>0</occluded>
		<bndbox>
			<xmin>287</xmin>
			<xmax>322</xmax>
			<ymin>2</ymin>
			<ymax>60</ymax>
		</bndbox>
		<polygon>
			<x1>296.821451</x1>
			<y1>6.948411</y1>
			<x2>286.369728</x2>
			<y2>15.069367</y2>
			<x3>288.693112</x3>
			<y3>34.09808</y3>
			<x4>294.91521</x4>
			<y4>51.585644</y4>
			<x5>300.914616</x5>
			<y5>58.948304</y5>
			<x6>315.202321</x6>
			<y6>57.609005</y6>
			<x7>319.980052</x7>
			<y7>48.539416</y7>
			<x8>321.269957</x8>
			<y8>26.167457</y8>
			<x9>319.27198699999997</x9>
			<y9>13.552771</y9>
			<x10>312.170874</x10>
			<y10>3.593649</y10>
			<x11>301.924595</x11>
			<y11>4.292847</y11>
			<x12>297.985891</x12>
			<y12>1.222067</y12>
			<x13>296.821451</x13>
			<y13>6.948411</y13>
		</polygon>
	</object>
	<object>
		<name>mango</name>
		<pose>Unspecified</pose>
		<truncated>0</truncated>
		<difficult>0</difficult>
		<occluded>0</occluded>
		<bndbox>
			<xmin>193</xmin>
			<xmax>223</xmax>
			<ymin>345</ymin>
			<ymax>381</ymax>
		</bndbox>
		<polygon>
			<x1>222.242533</x1>
			<y1>369.095235</y1>
			<x2>220.101851</x2>
			<y2>355.579499</y2>
			<x3>213.81702</x3>
			<y3>346.414742</y3>
			<x4>199.632038</x4>
			<y4>344.043161</y4>
			<x5>191.629164</x5>
			<y5>354.547215</y5>
			<x6>192.953563</x6>
			<y6>367.26858500000003</y6>
			<x7>204.52424</x7>
			<y7>379.290755</y7>
			<x8>215.729513</x8>
			<y8>380.286971</y8>
			<x9>222.242533</x9>
			<y9>369.095235</y9>
		</polygon>
	</object>
	<object>
		<name>redapple</name>
		<pose>Unspecified</pose>
		<truncated>0</truncated>
		<difficult>0</difficult>
		<occluded>0</occluded>
		<bndbox>
			<xmin>229</xmin>
			<xmax>305</xmax>
			<ymin>256</ymin>
			<ymax>343</ymax>
		</bndbox>
		<polygon>
			<x1>228</x1>
			<y1>300.885567</y1>
			<x2>229.035179</x2>
			<y2>307.421429</y2>
			<x3>240.543123</x3>
			<y3>327.766408</y3>
			<x4>253.175518</x4>
			<y4>337.77311399999996</y4>
			<x5>267.645925</x5>
			<y5>341.946794</y5>
			<x6>283.81163</x6>
			<y6>339.386397</y6>
			<x7>297.77392</x7>
			<y7>331.63307299999997</y7>
			<x8>303.738835</x8>
			<y8>303.902404</y8>
			<x9>298.618444</x9>
			<y9>289.011303</y9>
			<x10>273.947246</x10>
			<y10>259.667351</y10>
			<x11>259.334127</x11>
			<y11>254.592622</y11>
			<x12>245.046423</x12>
			<y12>255.931921</y12>
			<x13>233.961118</x13>
			<y13>268.771489</y13>
			<x14>228</x14>
			<y14>285.575866</y14>
			<x15>228</x15>
			<y15>300.885567</y15>
		</polygon>
	</object>
	<object>
		<name>orange</name>
		<pose>Unspecified</pose>
		<truncated>0</truncated>
		<difficult>0</difficult>
		<occluded>0</occluded>
		<bndbox>
			<xmin>356</xmin>
			<xmax>381</xmax>
			<ymin>234</ymin>
			<ymax>266</ymax>
		</bndbox>
		<polygon>
			<x1>379.920595</x1>
			<y1>253.042998</y1>
			<x2>377.77991299999996</x2>
			<y2>239.527263</y2>
			<x3>372.596788</x3>
			<y3>232.958969</y3>
			<x4>362.881369</x4>
			<y4>232.650436</y4>
			<x5>354.981219</x5>
			<y5>239.443611</y5>
			<x6>355.2439</x6>
			<y6>254.18044600000002</y6>
			<x7>365.18201</x7>
			<y7>264.613885</y7>
			<x8>374.612005</x8>
			<y8>263.12032</y8>
			<x9>379.920595</x9>
			<y9>253.042998</y9>
		</polygon>
	</object>
	<object>
		<name>capsicum</name>
		<pose>Unspecified</pose>
		<truncated>0</truncated>
		<difficult>0</difficult>
		<occluded>0</occluded>
		<bndbox>
			<xmin>381</xmin>
			<xmax>404</xmax>
			<ymin>365</ymin>
			<ymax>401</ymax>
		</bndbox>
		<polygon>
			<x1>400.733824</x1>
			<y1>397.53089</y1>
			<x2>403.165427</x2>
			<y2>382.367324</y2>
			<x3>400.882032</x3>
			<y3>367.950539</y3>
			<x4>393.290049</x4>
			<y4>363.611076</y4>
			<x5>382.941049</x5>
			<y5>368.021154</y5>
			<x6>380.286754</x6>
			<y6>373.059816</y6>
			<x7>382.570149</x7>
			<y7>387.47659999999996</y7>
			<x8>391.446541</x8>
			<y8>399.925503</y8>
			<x9>400.733824</x9>
			<y9>397.53089</y9>
		</polygon>
	</object>
</annotation>
