<annotation>
	<folder></folder>
	<filename>image_168_png.rf.3c8893a6f855130ce8bbb8926e54a40a.jpg</filename>
	<path>image_168_png.rf.3c8893a6f855130ce8bbb8926e54a40a.jpg</path>
	<source>
		<database>roboflow.ai</database>
	</source>
	<size>
		<width>416</width>
		<height>416</height>
		<depth>3</depth>
	</size>
	<segmented>0</segmented>
	<object>
		<name>redapple</name>
		<pose>Unspecified</pose>
		<truncated>0</truncated>
		<difficult>0</difficult>
		<occluded>0</occluded>
		<bndbox>
			<xmin>66</xmin>
			<xmax>140</xmax>
			<ymin>1</ymin>
			<ymax>59</ymax>
		</bndbox>
		<polygon>
			<x1>65.862534</x1>
			<y1>0</y1>
			<x2>64.516686</x2>
			<y2>2.63369</y2>
			<x3>65.497817</x3>
			<y3>21.354779</y3>
			<x4>74.587113</x4>
			<y4>41.438796</y4>
			<x5>83.830377</x5>
			<y5>51.681524</y5>
			<x6>98.897802</x6>
			<y6>58.043305</y6>
			<x7>118.934614</x7>
			<y7>56.993221</y7>
			<x8>131.29755</x8>
			<y8>50.087804</y8>
			<x9>138.625274</x9>
			<y9>23.779834</y9>
			<x10>135.967506</x10>
			<y10>11.404117</y10>
			<x11>127.988848</x11>
			<y11>0</y11>
			<x12>65.862534</x12>
			<y12>0</y12>
		</polygon>
	</object>
	<object>
		<name>mango</name>
		<pose>Unspecified</pose>
		<truncated>0</truncated>
		<difficult>0</difficult>
		<occluded>0</occluded>
		<bndbox>
			<xmin>49</xmin>
			<xmax>77</xmax>
			<ymin>113</ymin>
			<ymax>148</ymax>
		</bndbox>
		<polygon>
			<x1>75.578845</x1>
			<y1>137.03722</y1>
			<x2>74.163423</x2>
			<y2>122.808535</y2>
			<x3>66.255946</x3>
			<y3>112.495801</y3>
			<x4>54.855033</x4>
			<y4>112.199369</y4>
			<x5>47.928687</x5>
			<y5>120.607724</y5>
			<x6>47.91488</x6>
			<y6>133.123453</y6>
			<x7>58.634093</x7>
			<y7>145.970617</y7>
			<x8>68.078046</x8>
			<y8>147.263538</y8>
			<x9>75.578845</x9>
			<y9>137.03722</y9>
		</polygon>
	</object>
	<object>
		<name>capsicum</name>
		<pose>Unspecified</pose>
		<truncated>0</truncated>
		<difficult>0</difficult>
		<occluded>0</occluded>
		<bndbox>
			<xmin>204</xmin>
			<xmax>226</xmax>
			<ymin>101</ymin>
			<ymax>137</ymax>
		</bndbox>
		<polygon>
			<x1>215.495674</x1>
			<y1>135.961992</y1>
			<x2>220.651941</x2>
			<y2>132.116048</y2>
			<x3>224.238819</x3>
			<y3>123.882707</y3>
			<x4>224.640196</x4>
			<y4>105.983093</y4>
			<x5>220.973684</x5>
			<y5>99.917744</y5>
			<x6>209.619491</x6>
			<y6>100.512792</y6>
			<x7>202.506263</x7>
			<y7>105.355225</y7>
			<x8>202.679338</x8>
			<y8>121.436875</y8>
			<x9>208.008682</x9>
			<y9>133.672582</y9>
			<x10>215.495674</x10>
			<y10>135.961992</y10>
		</polygon>
	</object>
	<object>
		<name>capsicum</name>
		<pose>Unspecified</pose>
		<truncated>0</truncated>
		<difficult>0</difficult>
		<occluded>0</occluded>
		<bndbox>
			<xmin>275</xmin>
			<xmax>363</xmax>
			<ymin>7</ymin>
			<ymax>263</ymax>
		</bndbox>
		<polygon>
			<x1>274</x1>
			<y1>262</y1>
			<x2>328.894353</x2>
			<y2>262</y2>
			<x3>347.144494</x3>
			<y3>235.484467</y3>
			<x4>355.247359</x4>
			<y4>198.408726</y4>
			<x5>362.228932</x5>
			<y5>139.937455</y5>
			<x6>359.892906</x6>
			<y6>95.363433</y6>
			<x7>354.62409</x7>
			<y7>71.503479</y7>
			<x8>345.58151499999997</x8>
			<y8>52.310943</y8>
			<x9>322.700053</x9>
			<y9>37.419387</y9>
			<x10>303.377856</x10>
			<y10>39.32595</y10>
			<x11>291.075446</x11>
			<y11>34.607118</y11>
			<x12>287.455654</x12>
			<y12>29.43325</y12>
			<x13>285.325619</x13>
			<y13>14.348088</y13>
			<x14>279.561984</x14>
			<y14>6.604786</y14>
			<x15>274</x15>
			<y15>5.763191</y15>
			<x16>274</x16>
			<y16>22.982275</y16>
			<x17>274.438631</x17>
			<y17>23.857941</y17>
			<x18>274.1445</x18>
			<y18>31.024786</y18>
			<x19>274</x19>
			<y19>31.063654</y19>
			<x20>274</x20>
			<y20>262</y20>
		</polygon>
	</object>
	<object>
		<name>mango</name>
		<pose>Unspecified</pose>
		<truncated>0</truncated>
		<difficult>0</difficult>
		<occluded>0</occluded>
		<bndbox>
			<xmin>96</xmin>
			<xmax>124</xmax>
			<ymin>338</ymin>
			<ymax>373</ymax>
		</bndbox>
		<polygon>
			<x1>123.485404</x1>
			<y1>361.254259</y1>
			<x2>121.402089</x2>
			<y2>347.06057699999997</y2>
			<x3>114.255946</x3>
			<y3>338.49580100000003</y3>
			<x4>104.1441</x4>
			<y4>337.237883</y4>
			<x5>95.260793</x5>
			<y5>346.642727</y5>
			<x6>95.91488</x6>
			<y6>359.123453</y6>
			<x7>106.634093</x7>
			<y7>371.970617</y7>
			<x8>117.367113</x8>
			<y8>372.302053</y8>
			<x9>123.485404</x9>
			<y9>361.254259</y9>
		</polygon>
	</object>
	<object>
		<name>redapple</name>
		<pose>Unspecified</pose>
		<truncated>0</truncated>
		<difficult>0</difficult>
		<occluded>0</occluded>
		<bndbox>
			<xmin>275</xmin>
			<xmax>319</xmax>
			<ymin>263</ymin>
			<ymax>417</ymax>
		</bndbox>
		<polygon>
			<x1>274</x1>
			<y1>262</y1>
			<x2>274</x2>
			<y2>416</y2>
			<x3>288.527227</x3>
			<y3>416</y3>
			<x4>299.981328</x4>
			<y4>390.344382</y4>
			<x5>308.551398</x5>
			<y5>362.183445</y5>
			<x6>314.74402299999997</x6>
			<y6>326.995674</y6>
			<x7>317.93802900000003</x7>
			<y7>285.707551</y7>
			<x8>316.695569</x8>
			<y8>262</y8>
			<x9>274</x9>
			<y9>262</y9>
		</polygon>
	</object>
</annotation>
