<annotation>
	<folder></folder>
	<filename>image_19_png.rf.af10393ce004a5f1250fa69641f4fd48.jpg</filename>
	<path>image_19_png.rf.af10393ce004a5f1250fa69641f4fd48.jpg</path>
	<source>
		<database>roboflow.ai</database>
	</source>
	<size>
		<width>416</width>
		<height>416</height>
		<depth>3</depth>
	</size>
	<segmented>0</segmented>
	<object>
		<name>capsicum</name>
		<pose>Unspecified</pose>
		<truncated>0</truncated>
		<difficult>0</difficult>
		<occluded>0</occluded>
		<bndbox>
			<xmin>91</xmin>
			<xmax>264</xmax>
			<ymin>1</ymin>
			<ymax>217</ymax>
		</bndbox>
		<polygon>
			<x1>95.272285</x1>
			<y1>0</y1>
			<x2>90.260324</x2>
			<y2>30.967006</y2>
			<x3>96.308601</x3>
			<y3>85.80387</y3>
			<x4>117.957748</x4>
			<y4>150.569999</y4>
			<x5>138.765391</x5>
			<y5>191.749829</y5>
			<x6>165.244425</x6>
			<y6>212.188234</y6>
			<x7>213.791593</x7>
			<y7>216</y7>
			<x8>215.222146</x8>
			<y8>216</y8>
			<x9>226.62617</x9>
			<y9>210.11834</y9>
			<x10>241.853181</x10>
			<y10>189.114773</y10>
			<x11>251.448995</x11>
			<y11>172.447186</y11>
			<x12>255.193185</x12>
			<y12>158.320367</y12>
			<x13>259.652243</x13>
			<y13>127.705266</y13>
			<x14>262.718736</x14>
			<y14>69.015832</y14>
			<x15>258.65428</x15>
			<y15>30.335894</y15>
			<x16>250.592165</x16>
			<y16>0</y16>
			<x17>95.272285</x17>
			<y17>0</y17>
		</polygon>
	</object>
	<object>
		<name>redapple</name>
		<pose>Unspecified</pose>
		<truncated>0</truncated>
		<difficult>0</difficult>
		<occluded>0</occluded>
		<bndbox>
			<xmin>390</xmin>
			<xmax>417</xmax>
			<ymin>1</ymin>
			<ymax>54</ymax>
		</bndbox>
		<polygon>
			<x1>416</x1>
			<y1>0</y1>
			<x2>390.119882</x2>
			<y2>0</y2>
			<x3>388.60335499999997</x3>
			<y3>3.818056</y3>
			<x4>390.697388</x4>
			<y4>20.872589</y4>
			<x5>401.438545</x5>
			<y5>41.421084</y5>
			<x6>413.66605500000003</x6>
			<y6>51.764546</y6>
			<x7>416</x7>
			<y7>52.521501</y7>
			<x8>416</x8>
			<y8>0</y8>
		</polygon>
	</object>
	<object>
		<name>greenapple</name>
		<pose>Unspecified</pose>
		<truncated>0</truncated>
		<difficult>0</difficult>
		<occluded>0</occluded>
		<bndbox>
			<xmin>103</xmin>
			<xmax>281</xmax>
			<ymin>217</ymin>
			<ymax>384</ymax>
		</bndbox>
		<polygon>
			<x1>108.28632</x1>
			<y1>216</y1>
			<x2>103.425126</x2>
			<y2>232.684748</y2>
			<x3>101.691553</x3>
			<y3>252.03153</y3>
			<x4>104.102825</x4>
			<y4>277.247364</y4>
			<x5>110.67234</x5>
			<y5>302.863769</y5>
			<x6>123.864964</x6>
			<y6>332.22265500000003</y6>
			<x7>151.542936</x7>
			<y7>368.003219</y7>
			<x8>172.98203</x8>
			<y8>380.86019799999997</y8>
			<x9>182.868285</x9>
			<y9>383.290875</y9>
			<x10>218.171648</x10>
			<y10>380.77844600000003</y10>
			<x11>249.343564</x11>
			<y11>366.928484</y11>
			<x12>259.146404</x12>
			<y12>357.524592</y12>
			<x13>269.086252</x13>
			<y13>338.081346</y13>
			<x14>279.216703</x14>
			<y14>286.72482</y14>
			<x15>280.17879</x15>
			<y15>261.09479</y15>
			<x16>277.092847</x16>
			<y16>235.961795</y16>
			<x17>270.037405</x17>
			<y17>216</y17>
			<x18>108.28632</x18>
			<y18>216</y18>
		</polygon>
	</object>
	<object>
		<name>mango</name>
		<pose>Unspecified</pose>
		<truncated>0</truncated>
		<difficult>0</difficult>
		<occluded>0</occluded>
		<bndbox>
			<xmin>325</xmin>
			<xmax>397</xmax>
			<ymin>251</ymin>
			<ymax>328</ymax>
		</bndbox>
		<polygon>
			<x1>324</x1>
			<y1>322.953623</y1>
			<x2>338.637131</x2>
			<y2>327.405257</y2>
			<x3>365.96804199999997</x3>
			<y3>321.31602399999997</y3>
			<x4>381.168257</x4>
			<y4>311.249419</y4>
			<x5>392.677874</x5>
			<y5>293.435708</y5>
			<x6>396.07803</x6>
			<y6>282.084549</y6>
			<x7>390.734247</x7>
			<y7>260.873339</y7>
			<x8>384.455174</x8>
			<y8>254.355199</y8>
			<x9>373.673822</x9>
			<y9>250.212146</y9>
			<x10>356.132353</x10>
			<y10>252.365968</y10>
			<x11>337.889416</x11>
			<y11>265.539591</y11>
			<x12>324</x12>
			<y12>285.560357</y12>
			<x13>324</x13>
			<y13>322.953623</y13>
		</polygon>
	</object>
</annotation>
