<annotation>
	<folder></folder>
	<filename>image_162_png.rf.1779878d6d4c8156ac378c5834d6a2be.jpg</filename>
	<path>image_162_png.rf.1779878d6d4c8156ac378c5834d6a2be.jpg</path>
	<source>
		<database>roboflow.ai</database>
	</source>
	<size>
		<width>416</width>
		<height>416</height>
		<depth>3</depth>
	</size>
	<segmented>0</segmented>
	<object>
		<name>redapple</name>
		<pose>Unspecified</pose>
		<truncated>0</truncated>
		<difficult>0</difficult>
		<occluded>0</occluded>
		<bndbox>
			<xmin>22</xmin>
			<xmax>76</xmax>
			<ymin>88</ymin>
			<ymax>161</ymax>
		</bndbox>
		<polygon>
			<x1>26.218189</x1>
			<y1>94.567758</y1>
			<x2>21.495888</x2>
			<y2>104.919064</y2>
			<x3>21.905631</x3>
			<y3>116.621031</y3>
			<x4>27.947363</x4>
			<y4>134.082688</y4>
			<x5>47.932123</x5>
			<y5>157.802885</y5>
			<x6>59.467807</x6>
			<y6>160.163489</y6>
			<x7>69.186297</x7>
			<y7>155.742234</y7>
			<x8>73.318446</x8>
			<y8>148.274851</y8>
			<x9>74.770453</x9>
			<y9>133.348237</y9>
			<x10>68.091829</x10>
			<y10>103.33688</y10>
			<x11>53.557557</x11>
			<y11>87.242197</y11>
			<x12>35.709529</x12>
			<y12>89.298771</y12>
			<x13>26.218189</x13>
			<y13>94.567758</y13>
		</polygon>
	</object>
	<object>
		<name>greenapple</name>
		<pose>Unspecified</pose>
		<truncated>0</truncated>
		<difficult>0</difficult>
		<occluded>0</occluded>
		<bndbox>
			<xmin>152</xmin>
			<xmax>177</xmax>
			<ymin>64</ymin>
			<ymax>96</ymax>
		</bndbox>
		<polygon>
			<x1>176.087502</x1>
			<y1>81.668301</y1>
			<x2>172.907413</x2>
			<y2>69.800048</y2>
			<x3>163.642129</x3>
			<y3>63.196706</y3>
			<x4>155.376739</x4>
			<y4>65.41141</y4>
			<x5>150.83594</x5>
			<y5>73.896888</y5>
			<x6>152.74443</x6>
			<y6>86.105865</y6>
			<x7>163.96276</x7>
			<y7>94.911682</y7>
			<x8>172.636801</x8>
			<y8>91.678883</y8>
			<x9>176.087502</x9>
			<y9>81.668301</y9>
		</polygon>
	</object>
	<object>
		<name>mango</name>
		<pose>Unspecified</pose>
		<truncated>0</truncated>
		<difficult>0</difficult>
		<occluded>0</occluded>
		<bndbox>
			<xmin>229</xmin>
			<xmax>281</xmax>
			<ymin>59</ymin>
			<ymax>138</ymax>
		</bndbox>
		<polygon>
			<x1>228</x1>
			<y1>136.807034</y1>
			<x2>252.396636</x2>
			<y2>128.495052</y2>
			<x3>269.199123</x3>
			<y3>114.906872</y3>
			<x4>276.418971</x4>
			<y4>101.16056</y4>
			<x5>279.551228</x5>
			<y5>84.875129</y5>
			<x6>271.783598</x6>
			<y6>66.058732</y6>
			<x7>258.022071</x7>
			<y7>57.934364</y7>
			<x8>239.129593</x8>
			<y8>61.179394</y8>
			<x9>228</x9>
			<y9>71.306394</y9>
			<x10>228</x10>
			<y10>136.807034</y10>
		</polygon>
	</object>
	<object>
		<name>greenapple</name>
		<pose>Unspecified</pose>
		<truncated>0</truncated>
		<difficult>0</difficult>
		<occluded>0</occluded>
		<bndbox>
			<xmin>140</xmin>
			<xmax>229</xmax>
			<ymin>329</ymin>
			<ymax>417</ymax>
		</bndbox>
		<polygon>
			<x1>228</x1>
			<y1>416</y1>
			<x2>228</x2>
			<y2>327.954375</y2>
			<x3>200.99182</x3>
			<y3>333.049799</y3>
			<x4>160.391963</x4>
			<y4>349.380079</y4>
			<x5>145.22517</x5>
			<y5>371.615945</y5>
			<x6>139.278012</x6>
			<y6>397.74159499999996</y6>
			<x7>139.324753</x7>
			<y7>413.175217</y7>
			<x8>140.0355</x8>
			<y8>416</y8>
			<x9>228</x9>
			<y9>416</y9>
		</polygon>
	</object>
	<object>
		<name>capsicum</name>
		<pose>Unspecified</pose>
		<truncated>0</truncated>
		<difficult>0</difficult>
		<occluded>0</occluded>
		<bndbox>
			<xmin>232</xmin>
			<xmax>263</xmax>
			<ymin>246</ymin>
			<ymax>268</ymax>
		</bndbox>
		<polygon>
			<x1>230.581476</x1>
			<y1>245</y1>
			<x2>231.113573</x2>
			<y2>247.56982</y2>
			<x3>244.421895</x3>
			<y3>266.718786</y3>
			<x4>258.000829</x4>
			<y4>263.988918</y4>
			<x5>261.678679</x5>
			<y5>254.82607</y5>
			<x6>260.925995</x6>
			<y6>245</y6>
			<x7>230.581476</x7>
			<y7>245</y7>
		</polygon>
	</object>
</annotation>
