<annotation>
	<folder></folder>
	<filename>image_105_png.rf.5f08bb5ca518d0c76b8077d848abfbfb.jpg</filename>
	<path>image_105_png.rf.5f08bb5ca518d0c76b8077d848abfbfb.jpg</path>
	<source>
		<database>roboflow.ai</database>
	</source>
	<size>
		<width>416</width>
		<height>416</height>
		<depth>3</depth>
	</size>
	<segmented>0</segmented>
	<object>
		<name>redapple</name>
		<pose>Unspecified</pose>
		<truncated>0</truncated>
		<difficult>0</difficult>
		<occluded>0</occluded>
		<bndbox>
			<xmin>71</xmin>
			<xmax>143</xmax>
			<ymin>96</ymin>
			<ymax>177</ymax>
		</bndbox>
		<polygon>
			<x1>94.76819</x1>
			<y1>94.510192</y1>
			<x2>83.550023</x2>
			<y2>99.132211</y2>
			<x3>74.55687</x3>
			<y3>116.994011</y3>
			<x4>70.322897</x4>
			<y4>140.969428</y4>
			<x5>73.954019</x5>
			<y5>158.610871</y5>
			<x6>95.5249</x6>
			<y6>175.939175</y6>
			<x7>119.44458</x7>
			<y7>175.521655</y7>
			<x8>131.311735</x8>
			<y8>170.003065</y8>
			<x9>135.870101</x9>
			<y9>164.612051</y9>
			<x10>142.112828</x10>
			<y10>141.486813</y10>
			<x11>141.185789</x11>
			<y11>126.453894</y11>
			<x12>123.493391</x12>
			<y12>102.861203</y12>
			<x13>107.407913</x13>
			<y13>95.174806</y13>
			<x14>94.76819</x14>
			<y14>94.510192</y14>
		</polygon>
	</object>
	<object>
		<name>orange</name>
		<pose>Unspecified</pose>
		<truncated>0</truncated>
		<difficult>0</difficult>
		<occluded>0</occluded>
		<bndbox>
			<xmin>257</xmin>
			<xmax>417</xmax>
			<ymin>28</ymin>
			<ymax>179</ymax>
		</bndbox>
		<polygon>
			<x1>416</x1>
			<y1>178</y1>
			<x2>416</x2>
			<y2>73.253567</y2>
			<x3>414.394127</x3>
			<y3>69.192647</y3>
			<x4>400.750129</x4>
			<y4>49.070256</y4>
			<x5>390.613677</x5>
			<y5>39.509535</y5>
			<x6>357.175639</x6>
			<y6>27.699821</y6>
			<x7>319.27192</x7>
			<y7>26.590951</y7>
			<x8>304.731574</x8>
			<y8>31.27096</y8>
			<x9>289.634923</x9>
			<y9>42.157367</y9>
			<x10>276.63971</x10>
			<y10>59.203782</y10>
			<x11>265.715041</x11>
			<y11>80.640263</y11>
			<x12>258.174337</x12>
			<y12>105.558639</y12>
			<x13>255.887328</x13>
			<y13>126.844349</y13>
			<x14>256.31985099999997</x14>
			<y14>151.623552</y14>
			<x15>260.390571</x15>
			<y15>178</y15>
			<x16>416</x16>
			<y16>178</y16>
		</polygon>
	</object>
	<object>
		<name>capsicum</name>
		<pose>Unspecified</pose>
		<truncated>0</truncated>
		<difficult>0</difficult>
		<occluded>0</occluded>
		<bndbox>
			<xmin>147</xmin>
			<xmax>246</xmax>
			<ymin>256</ymin>
			<ymax>417</ymax>
		</bndbox>
		<polygon>
			<x1>245</x1>
			<y1>416</y1>
			<x2>245</x2>
			<y2>285.060373</y2>
			<x3>242.098095</x3>
			<y3>283.620949</y3>
			<x4>238.451525</x4>
			<y4>265.094535</y4>
			<x5>232.317134</x5>
			<y5>256.349199</y5>
			<x6>226.970755</x6>
			<y6>254.67203899999998</y6>
			<x7>222.366048</x7>
			<y7>257.408138</y7>
			<x8>222.505073</x8>
			<y8>265.372882</y8>
			<x9>226.646158</x9>
			<y9>274.153011</y9>
			<x10>225.440866</x10>
			<y10>281.255979</y10>
			<x11>171.003494</x11>
			<y11>284.86190999999997</y11>
			<x12>156.633067</x12>
			<y12>299.276606</y12>
			<x13>146.017342</x13>
			<y13>338.412518</y13>
			<x14>146.295188</x14>
			<y14>392.407381</y14>
			<x15>151.51286</x15>
			<y15>416</y15>
			<x16>245</x16>
			<y16>416</y16>
		</polygon>
	</object>
	<object>
		<name>mango</name>
		<pose>Unspecified</pose>
		<truncated>0</truncated>
		<difficult>0</difficult>
		<occluded>0</occluded>
		<bndbox>
			<xmin>246</xmin>
			<xmax>293</xmax>
			<ymin>226</ymin>
			<ymax>288</ymax>
		</bndbox>
		<polygon>
			<x1>245</x1>
			<y1>277.467266</y1>
			<x2>253.541385</x2>
			<y2>284.222391</y2>
			<x3>268.885191</x3>
			<y3>287.495528</y3>
			<x4>278.125499</x4>
			<y4>283.793274</y4>
			<x5>287.273125</x5>
			<y5>274.781189</y5>
			<x6>291.738807</x6>
			<y6>264.08034499999997</y6>
			<x7>291.414415</x7>
			<y7>245.495942</y7>
			<x8>282.529597</x8>
			<y8>231.487168</y8>
			<x9>275.792558</x9>
			<y9>226.293316</y9>
			<x10>257.821905</x10>
			<y10>224.836513</y10>
			<x11>247.932608</x11>
			<y11>229.435337</y11>
			<x12>245</x12>
			<y12>233.859814</y12>
			<x13>245</x13>
			<y13>277.467266</y13>
		</polygon>
	</object>
	<object>
		<name>capsicum</name>
		<pose>Unspecified</pose>
		<truncated>0</truncated>
		<difficult>0</difficult>
		<occluded>0</occluded>
		<bndbox>
			<xmin>399</xmin>
			<xmax>417</xmax>
			<ymin>188</ymin>
			<ymax>241</ymax>
		</bndbox>
		<polygon>
			<x1>416</x1>
			<y1>187.401676</y1>
			<x2>409.35975199999996</x2>
			<y2>186.78176200000001</y2>
			<x3>397.585278</x3>
			<y3>197.61018</y3>
			<x4>399.377567</x4>
			<y4>224.136132</y4>
			<x5>405.620089</x5>
			<y5>239.076269</y5>
			<x6>416</x6>
			<y6>240.095214</y6>
			<x7>416</x7>
			<y7>187.401676</y7>
		</polygon>
	</object>
	<object>
		<name>redapple</name>
		<pose>Unspecified</pose>
		<truncated>0</truncated>
		<difficult>0</difficult>
		<occluded>0</occluded>
		<bndbox>
			<xmin>400</xmin>
			<xmax>417</xmax>
			<ymin>327</ymin>
			<ymax>397</ymax>
		</bndbox>
		<polygon>
			<x1>416</x1>
			<y1>325.535844</y1>
			<x2>408.49368400000003</x2>
			<y2>327.550231</y2>
			<x3>401.33936600000004</x3>
			<y3>336.527522</y3>
			<x4>398.882438</x4>
			<y4>348.07854299999997</y4>
			<x5>400.5357</x5>
			<y5>366.639751</y5>
			<x6>414.318723</x6>
			<y6>394.72688700000003</y6>
			<x7>416</x7>
			<y7>395.53028</y7>
			<x8>416</x8>
			<y8>325.535844</y8>
		</polygon>
	</object>
</annotation>
