<annotation>
	<folder></folder>
	<filename>image_5_png.rf.bbcba6d244dfbfc969946b8b85ffbaab.jpg</filename>
	<path>image_5_png.rf.bbcba6d244dfbfc969946b8b85ffbaab.jpg</path>
	<source>
		<database>roboflow.ai</database>
	</source>
	<size>
		<width>416</width>
		<height>416</height>
		<depth>3</depth>
	</size>
	<segmented>0</segmented>
	<object>
		<name>redapple</name>
		<pose>Unspecified</pose>
		<truncated>0</truncated>
		<difficult>0</difficult>
		<occluded>0</occluded>
		<bndbox>
			<xmin>1</xmin>
			<xmax>177</xmax>
			<ymin>1</ymin>
			<ymax>105</ymax>
		</bndbox>
		<polygon>
			<x1>0</x1>
			<y1>0</y1>
			<x2>0</x2>
			<y2>41.353272</y2>
			<x3>12.523276</x3>
			<y3>67.221597</y3>
			<x4>53.102332</x4>
			<y4>102.544884</y4>
			<x5>70.031131</x5>
			<y5>104.025962</y5>
			<x6>84.362361</x6>
			<y6>96.20176</y6>
			<x7>109.889898</x7>
			<y7>92.988316</y7>
			<x8>122.110853</x8>
			<y8>85.88729</y8>
			<x9>134.127571</x9>
			<y9>73.321583</y9>
			<x10>154.413371</x10>
			<y10>44.231083</y10>
			<x11>171.549869</x11>
			<y11>12.141647</y11>
			<x12>175.746132</x12>
			<y12>0</y12>
			<x13>0</x13>
			<y13>0</y13>
		</polygon>
	</object>
	<object>
		<name>redapple</name>
		<pose>Unspecified</pose>
		<truncated>0</truncated>
		<difficult>0</difficult>
		<occluded>0</occluded>
		<bndbox>
			<xmin>254</xmin>
			<xmax>296</xmax>
			<ymin>97</ymin>
			<ymax>125</ymax>
		</bndbox>
		<polygon>
			<x1>253</x1>
			<y1>124</y1>
			<x2>294.453077</x2>
			<y2>124</y2>
			<x3>294.901164</x3>
			<y3>120.577693</y3>
			<x4>286.477905</x4>
			<y4>99.869104</y4>
			<x5>268.43126</x5>
			<y5>95.566819</y5>
			<x6>257.360371</x6>
			<y6>97.32165</y6>
			<x7>253</x7>
			<y7>101.745825</y7>
			<x8>253</x8>
			<y8>124</y8>
		</polygon>
	</object>
	<object>
		<name>greenapple</name>
		<pose>Unspecified</pose>
		<truncated>0</truncated>
		<difficult>0</difficult>
		<occluded>0</occluded>
		<bndbox>
			<xmin>386</xmin>
			<xmax>409</xmax>
			<ymin>116</ymin>
			<ymax>125</ymax>
		</bndbox>
		<polygon>
			<x1>407.723613</x1>
			<y1>124</y1>
			<x2>401.797974</x2>
			<y2>115.405116</y2>
			<x3>392.994999</x3>
			<y3>114.634956</y3>
			<x4>385.59292600000003</x4>
			<y4>121.249776</y4>
			<x5>385.051922</x5>
			<y5>124</y5>
			<x6>407.723613</x6>
			<y6>124</y6>
		</polygon>
	</object>
	<object>
		<name>redapple</name>
		<pose>Unspecified</pose>
		<truncated>0</truncated>
		<difficult>0</difficult>
		<occluded>0</occluded>
		<bndbox>
			<xmin>100</xmin>
			<xmax>173</xmax>
			<ymin>178</ymin>
			<ymax>268</ymax>
		</bndbox>
		<polygon>
			<x1>126.587369</x1>
			<y1>177.455268</y1>
			<x2>108.916979</x2>
			<y2>192.249751</y2>
			<x3>100.805534</x3>
			<y3>206.97273</y3>
			<x4>99.38679</x4>
			<y4>223.18904700000002</y4>
			<x5>105.620956</x5>
			<y5>245.521721</y5>
			<x6>115.430738</x6>
			<y6>258.181396</y6>
			<x7>128.422043</x7>
			<y7>265.672604</y7>
			<x8>144.67369</x8>
			<y8>267.09443899999997</y8>
			<x9>160.043948</x9>
			<y9>262.992349</y9>
			<x10>172.486981</x10>
			<y10>237.754707</y10>
			<x11>171.118298</x11>
			<y11>222.202324</y11>
			<x12>154.31838</x12>
			<y12>188.051638</y12>
			<x13>141.405893</x13>
			<y13>179.659524</y13>
			<x14>126.587369</x14>
			<y14>177.455268</y14>
		</polygon>
	</object>
	<object>
		<name>mango</name>
		<pose>Unspecified</pose>
		<truncated>0</truncated>
		<difficult>0</difficult>
		<occluded>0</occluded>
		<bndbox>
			<xmin>73</xmin>
			<xmax>159</xmax>
			<ymin>331</ymin>
			<ymax>401</ymax>
		</bndbox>
		<polygon>
			<x1>145.691415</x1>
			<y1>333.453045</y1>
			<x2>126.888798</x2>
			<y2>329.992424</y2>
			<x3>115.81791</x3>
			<y3>331.747255</y3>
			<x4>105.030078</x4>
			<y4>338.065859</y4>
			<x5>76.177759</x5>
			<y5>363.68348000000003</y5>
			<x6>71.530894</x6>
			<y6>377.80176800000004</y6>
			<x7>76.521794</x7>
			<y7>390.947648</y7>
			<x8>92.142888</x8>
			<y8>399.576734</y8>
			<x9>115.323693</x9>
			<y9>399.789188</y9>
			<x10>136.426443</x10>
			<y10>392.557416</y10>
			<x11>149.041493</x11>
			<y11>380.951858</y11>
			<x12>156.995299</x12>
			<y12>368.030691</y12>
			<x13>158.256405</x13>
			<y13>353.61618699999997</y13>
			<x14>155.658836</x14>
			<y14>344.310907</y14>
			<x15>145.691415</x15>
			<y15>333.453045</y15>
		</polygon>
	</object>
	<object>
		<name>greenapple</name>
		<pose>Unspecified</pose>
		<truncated>0</truncated>
		<difficult>0</difficult>
		<occluded>0</occluded>
		<bndbox>
			<xmin>238</xmin>
			<xmax>254</xmax>
			<ymin>183</ymin>
			<ymax>215</ymax>
		</bndbox>
		<polygon>
			<x1>253</x1>
			<y1>182.160325</y1>
			<x2>246.994999</x2>
			<y2>181.634956</y2>
			<x3>239.592926</x3>
			<y3>188.249776</y3>
			<x4>237.135155</x4>
			<y4>200.74398100000002</y4>
			<x5>242.362512</x5>
			<y5>211.187141</y5>
			<x6>253</x6>
			<y6>213.926721</y6>
			<x7>253</x7>
			<y7>182.160325</y7>
		</polygon>
	</object>
	<object>
		<name>redapple</name>
		<pose>Unspecified</pose>
		<truncated>0</truncated>
		<difficult>0</difficult>
		<occluded>0</occluded>
		<bndbox>
			<xmin>347</xmin>
			<xmax>395</xmax>
			<ymin>222</ymin>
			<ymax>296</ymax>
		</bndbox>
		<polygon>
			<x1>357.59373600000004</x1>
			<y1>221.94043399999998</y1>
			<x2>350.78999699999997</x2>
			<y2>229.515404</y2>
			<x3>347.056741</x3>
			<y3>240.990216</y3>
			<x4>346.23633</x4>
			<y4>258.16668400000003</y4>
			<x5>355.902854</x5>
			<y5>288.062068</y5>
			<x6>364.154095</x6>
			<y6>295.138574</y6>
			<x7>379.209076</x7>
			<y7>294.640109</y7>
			<x8>385.256845</x8>
			<y8>287.90680199999997</y8>
			<x9>392.250442</x9>
			<y9>270.362617</y9>
			<x10>394.457377</x10>
			<y10>245.137235</y10>
			<x11>387.30960300000004</x11>
			<y11>225.448037</y11>
			<x12>367.908654</x12>
			<y12>221.027267</y12>
			<x13>357.59373600000004</x13>
			<y13>221.94043399999998</y13>
		</polygon>
	</object>
	<object>
		<name>greenapple</name>
		<pose>Unspecified</pose>
		<truncated>0</truncated>
		<difficult>0</difficult>
		<occluded>0</occluded>
		<bndbox>
			<xmin>321</xmin>
			<xmax>345</xmax>
			<ymin>371</ymin>
			<ymax>404</ymax>
		</bndbox>
		<polygon>
			<x1>343.814772</x1>
			<y1>395.032969</y1>
			<x2>344.162269</x2>
			<y2>383.261942</y2>
			<x3>339.690882</x3>
			<y3>371.977119</y3>
			<x4>331.643878</x4>
			<y4>370.365295</y4>
			<x5>322.13153</x5>
			<y5>377.70329300000003</y5>
			<x6>320.350911</x6>
			<y6>390.256741</y6>
			<x7>324.901116</x7>
			<y7>400.640658</y7>
			<x8>336.333881</x8>
			<y8>402.548697</y8>
			<x9>343.814772</x9>
			<y9>395.032969</y9>
		</polygon>
	</object>
</annotation>
