<annotation>
	<folder></folder>
	<filename>image_162_png.rf.e03c08bf008a88994b66e52922b9680b.jpg</filename>
	<path>image_162_png.rf.e03c08bf008a88994b66e52922b9680b.jpg</path>
	<source>
		<database>roboflow.ai</database>
	</source>
	<size>
		<width>416</width>
		<height>416</height>
		<depth>3</depth>
	</size>
	<segmented>0</segmented>
	<object>
		<name>redapple</name>
		<pose>Unspecified</pose>
		<truncated>0</truncated>
		<difficult>0</difficult>
		<occluded>0</occluded>
		<bndbox>
			<xmin>148</xmin>
			<xmax>184</xmax>
			<ymin>17</ymin>
			<ymax>91</ymax>
		</bndbox>
		<polygon>
			<x1>183</x1>
			<y1>19.419914</y1>
			<x2>174.083924</x2>
			<y2>16.099277</y2>
			<x3>163.235007</x3>
			<y3>16.485002</y3>
			<x4>154.328013</x4>
			<y4>23.564202</y4>
			<x5>149.380513</x5>
			<y5>34.176752</y5>
			<x6>146.83631</x6>
			<y6>52.47809</y6>
			<x7>153.874117</x7>
			<y7>82.685832</y7>
			<x8>163.080795</x8>
			<y8>90.026236</y8>
			<x9>173.747241</x9>
			<y9>90.498971</y9>
			<x10>180.819134</x10>
			<y10>85.72144</y10>
			<x11>183</x11>
			<y11>82.305544</y11>
			<x12>183</x12>
			<y12>19.419914</y12>
		</polygon>
	</object>
	<object>
		<name>orange</name>
		<pose>Unspecified</pose>
		<truncated>0</truncated>
		<difficult>0</difficult>
		<occluded>0</occluded>
		<bndbox>
			<xmin>127</xmin>
			<xmax>184</xmax>
			<ymin>202</ymin>
			<ymax>250</ymax>
		</bndbox>
		<polygon>
			<x1>183</x1>
			<y1>226.448777</y1>
			<x2>175.779768</x2>
			<y2>207.572726</y2>
			<x3>151.678638</x3>
			<y3>200.655385</y3>
			<x4>142.21384</x4>
			<y4>204.027045</y4>
			<x5>131.568176</x5>
			<y5>216.120144</y5>
			<x6>125.901184</x6>
			<y6>236.449445</y6>
			<x7>125.750018</x7>
			<y7>249</y7>
			<x8>181.100527</x8>
			<y8>249</y8>
			<x9>183</x9>
			<y9>235.929449</y9>
			<x10>183</x10>
			<y10>226.448777</y10>
		</polygon>
	</object>
	<object>
		<name>mango</name>
		<pose>Unspecified</pose>
		<truncated>0</truncated>
		<difficult>0</difficult>
		<occluded>0</occluded>
		<bndbox>
			<xmin>187</xmin>
			<xmax>417</xmax>
			<ymin>90</ymin>
			<ymax>250</ymax>
		</bndbox>
		<polygon>
			<x1>416</x1>
			<y1>249</y1>
			<x2>416</x2>
			<y2>101.914123</y2>
			<x3>403.812598</x3>
			<y3>96.885684</y3>
			<x4>367.757335</x4>
			<y4>89.221901</y4>
			<x5>341.005181</x5>
			<y5>91.610752</y5>
			<x6>308.93019400000003</x6>
			<y6>100.046152</y6>
			<x7>233.769614</x7>
			<y7>130.726969</y7>
			<x8>212.457503</x8>
			<y8>142.347333</y8>
			<x9>197.21889099999999</x9>
			<y9>157.053147</y9>
			<x10>189.427505</x10>
			<y10>171.54743</y10>
			<x11>186.421929</x11>
			<y11>188.853457</y11>
			<x12>189.58628099999999</x12>
			<y12>211.957162</y12>
			<x13>201.94692</x13>
			<y13>236.118354</y13>
			<x14>215.398806</x14>
			<y14>249</y14>
			<x15>416</x15>
			<y15>249</y15>
		</polygon>
	</object>
	<object>
		<name>mango</name>
		<pose>Unspecified</pose>
		<truncated>0</truncated>
		<difficult>0</difficult>
		<occluded>0</occluded>
		<bndbox>
			<xmin>1</xmin>
			<xmax>74</xmax>
			<ymin>250</ymin>
			<ymax>268</ymax>
		</bndbox>
		<polygon>
			<x1>0</x1>
			<y1>249</y1>
			<x2>0</x2>
			<y2>254.915803</y2>
			<x3>9.530637</x3>
			<y3>263.420693</y3>
			<x4>38.407187</x4>
			<y4>266.866861</y4>
			<x5>56.971841</x5>
			<y5>261.840459</y5>
			<x6>71.480569</x6>
			<y6>250.568479</y6>
			<x7>72.629689</x7>
			<y7>249</y7>
			<x8>0</x8>
			<y8>249</y8>
		</polygon>
	</object>
	<object>
		<name>mango</name>
		<pose>Unspecified</pose>
		<truncated>0</truncated>
		<difficult>0</difficult>
		<occluded>0</occluded>
		<bndbox>
			<xmin>290</xmin>
			<xmax>318</xmax>
			<ymin>294</ymin>
			<ymax>332</ymax>
		</bndbox>
		<polygon>
			<x1>314.71284</x1>
			<y1>323.053944</y1>
			<x2>317.449905</x2>
			<y2>310.177064</y2>
			<x3>312.739744</x3>
			<y3>297.511715</y3>
			<x4>303.629498</x4>
			<y4>292.88354</y4>
			<x5>292.973443</x5>
			<y5>298.693723</y5>
			<x6>288.948689</x6>
			<y6>311.296896</y6>
			<x7>296.330657</x7>
			<y7>327.221886</y7>
			<x8>304.979531</x8>
			<y8>330.85474899999997</y8>
			<x9>314.71284</x9>
			<y9>323.053944</y9>
		</polygon>
	</object>
</annotation>
