<annotation>
	<folder></folder>
	<filename>image_100_png.rf.c7e707c5357ab39bb17880dba914e608.jpg</filename>
	<path>image_100_png.rf.c7e707c5357ab39bb17880dba914e608.jpg</path>
	<source>
		<database>roboflow.ai</database>
	</source>
	<size>
		<width>416</width>
		<height>416</height>
		<depth>3</depth>
	</size>
	<segmented>0</segmented>
	<object>
		<name>greenapple</name>
		<pose>Unspecified</pose>
		<truncated>0</truncated>
		<difficult>0</difficult>
		<occluded>0</occluded>
		<bndbox>
			<xmin>257</xmin>
			<xmax>281</xmax>
			<ymin>20</ymin>
			<ymax>52</ymax>
		</bndbox>
		<polygon>
			<x1>280.108626</x1>
			<y1>42.791489</y1>
			<x2>280.108626</x2>
			<y2>33.055319</y2>
			<x3>274.792332</x3>
			<y3>20.66383</y3>
			<x4>266.153355</x4>
			<y4>18.893617</y4>
			<x5>256.84984</x5>
			<y5>25.974468</y5>
			<x6>256.185304</x6>
			<y6>41.021277</y6>
			<x7>262.830671</x7>
			<y7>50.757447</y7>
			<x8>272.798722</x8>
			<y8>50.757447</y8>
			<x9>280.108626</x9>
			<y9>42.791489</y9>
		</polygon>
	</object>
	<object>
		<name>mango</name>
		<pose>Unspecified</pose>
		<truncated>0</truncated>
		<difficult>0</difficult>
		<occluded>0</occluded>
		<bndbox>
			<xmin>249</xmin>
			<xmax>276</xmax>
			<ymin>162</ymin>
			<ymax>199</ymax>
		</bndbox>
		<polygon>
			<x1>275.456869</x1>
			<y1>187.948936</y1>
			<x2>275.456869</x2>
			<y2>174.67234</y2>
			<x3>268.146965</x3>
			<y3>163.165957</y3>
			<x4>258.178914</x4>
			<y4>160.510638</y4>
			<x5>248.87539900000002</x5>
			<y5>168.476596</y5>
			<x6>247.546326</x6>
			<y6>181.753191</y6>
			<x7>258.178914</x7>
			<y7>195.914894</y7>
			<x8>267.482428</x8>
			<y8>197.685106</y8>
			<x9>275.456869</x9>
			<y9>187.948936</y9>
		</polygon>
	</object>
	<object>
		<name>orange</name>
		<pose>Unspecified</pose>
		<truncated>0</truncated>
		<difficult>0</difficult>
		<occluded>0</occluded>
		<bndbox>
			<xmin>213</xmin>
			<xmax>321</xmax>
			<ymin>325</ymin>
			<ymax>417</ymax>
		</bndbox>
		<polygon>
			<x1>212</x1>
			<y1>416</y1>
			<x2>320.053341</x2>
			<y2>416</y2>
			<x3>319.022364</x3>
			<y3>400.208511</y3>
			<x4>307.060703</x4>
			<y4>368.344681</y4>
			<x5>293.769968</x5>
			<y5>347.987234</y5>
			<x6>283.801917</x6>
			<y6>338.251064</y6>
			<x7>250.57508</x7>
			<y7>325.859574</y7>
			<x8>212.696486</x8>
			<y8>324.089362</y8>
			<x9>212</x9>
			<y9>324.30019400000003</y9>
			<x10>212</x10>
			<y10>416</y10>
		</polygon>
	</object>
</annotation>
