<annotation>
	<folder></folder>
	<filename>image_47_png.rf.8042436534bc808ea2af0cea405e3f54.jpg</filename>
	<path>image_47_png.rf.8042436534bc808ea2af0cea405e3f54.jpg</path>
	<source>
		<database>roboflow.ai</database>
	</source>
	<size>
		<width>416</width>
		<height>416</height>
		<depth>3</depth>
	</size>
	<segmented>0</segmented>
	<object>
		<name>redapple</name>
		<pose>Unspecified</pose>
		<truncated>0</truncated>
		<difficult>0</difficult>
		<occluded>0</occluded>
		<bndbox>
			<xmin>141</xmin>
			<xmax>188</xmax>
			<ymin>22</ymin>
			<ymax>97</ymax>
		</bndbox>
		<polygon>
			<x1>140.769067</x1>
			<y1>61.775588</y1>
			<x2>153.923095</x2>
			<y2>90.147656</y2>
			<x3>163.591853</x3>
			<y3>96.116889</y3>
			<x4>177.058694</x4>
			<y4>94.745634</y4>
			<x5>187.134539</x5>
			<y5>73.671197</y5>
			<x6>186.64674</x6>
			<y6>40.351907</y6>
			<x7>175.863123</x7>
			<y7>21.807862</y7>
			<x8>158.927442</x8>
			<y8>20.597306</y8>
			<x9>146.198363</x9>
			<y9>23.74476</y9>
			<x10>140.469815</x10>
			<y10>33.855605</y10>
			<x11>140.769067</x11>
			<y11>61.775588</y11>
		</polygon>
	</object>
	<object>
		<name>capsicum</name>
		<pose>Unspecified</pose>
		<truncated>0</truncated>
		<difficult>0</difficult>
		<occluded>0</occluded>
		<bndbox>
			<xmin>1</xmin>
			<xmax>11</xmax>
			<ymin>32</ymin>
			<ymax>69</ymax>
		</bndbox>
		<polygon>
			<x1>0</x1>
			<y1>67.142721</y1>
			<x2>1.093441</x2>
			<y2>67.554151</y2>
			<x3>9.490218</x3>
			<y3>56.449149</y3>
			<x4>10.211551</x4>
			<y4>38.404324</y4>
			<x5>7.998263</x5>
			<y5>33.075723</y5>
			<x6>0</x6>
			<y6>30.716404</y6>
			<x7>0</x7>
			<y7>67.142721</y7>
		</polygon>
	</object>
	<object>
		<name>greenapple</name>
		<pose>Unspecified</pose>
		<truncated>0</truncated>
		<difficult>0</difficult>
		<occluded>0</occluded>
		<bndbox>
			<xmin>137</xmin>
			<xmax>165</xmax>
			<ymin>172</ymin>
			<ymax>207</ymax>
		</bndbox>
		<polygon>
			<x1>153.252482</x1>
			<y1>206.39772</y1>
			<x2>161.068619</x2>
			<y2>198.015939</y2>
			<x3>163.56705</x3>
			<y3>188.443304</y3>
			<x4>161.055842</x4>
			<y4>178.433918</y4>
			<x5>152.02692</x5>
			<y5>171.30223</y5>
			<x6>142.578135</x6>
			<y6>171.632189</y6>
			<x7>136.237522</x7>
			<y7>183.566371</y7>
			<x8>136.002554</x8>
			<y8>196.188321</y8>
			<x9>143.740847</x9>
			<y9>204.927911</y9>
			<x10>153.252482</x10>
			<y10>206.39772</y10>
		</polygon>
	</object>
	<object>
		<name>greenapple</name>
		<pose>Unspecified</pose>
		<truncated>0</truncated>
		<difficult>0</difficult>
		<occluded>0</occluded>
		<bndbox>
			<xmin>101</xmin>
			<xmax>126</xmax>
			<ymin>319</ymin>
			<ymax>353</ymax>
		</bndbox>
		<polygon>
			<x1>124.037195</x1>
			<y1>343.116055</y1>
			<x2>124.947076</x2>
			<y2>330.470537</y2>
			<x3>119.202099</x3>
			<y3>320.760357</y3>
			<x4>108.984125</x4>
			<y4>318.414231</y4>
			<x5>99.818161</x5>
			<y5>326.843149</y5>
			<x6>99.646043</x6>
			<y6>341.264868</y6>
			<x7>105.39102</x7>
			<y7>350.975048</y7>
			<x8>115.577568</x8>
			<y8>352.421289</y8>
			<x9>124.037195</x9>
			<y9>343.116055</y9>
		</polygon>
	</object>
	<object>
		<name>orange</name>
		<pose>Unspecified</pose>
		<truncated>0</truncated>
		<difficult>0</difficult>
		<occluded>0</occluded>
		<bndbox>
			<xmin>317</xmin>
			<xmax>341</xmax>
			<ymin>338</ymin>
			<ymax>368</ymax>
		</bndbox>
		<polygon>
			<x1>339.953085</x1>
			<y1>357.305375</y1>
			<x2>338.806802</x2>
			<y2>343.83067800000003</y2>
			<x3>333.156099</x3>
			<y3>336.820151</y3>
			<x4>323.707313</x4>
			<y4>337.15011</y4>
			<x5>316.534664</x5>
			<y5>344.608438</y5>
			<x6>316.299695</x6>
			<y6>357.230389</y6>
			<x7>322.013249</x7>
			<y7>366.040684</y7>
			<x8>332.874711</x8>
			<y8>367.463357</y8>
			<x9>339.953085</x9>
			<y9>357.305375</y9>
		</polygon>
	</object>
</annotation>
