<annotation>
	<folder></folder>
	<filename>image_204_png.rf.85cbbaa4914ecebb8d30bdb4910479d2.jpg</filename>
	<path>image_204_png.rf.85cbbaa4914ecebb8d30bdb4910479d2.jpg</path>
	<source>
		<database>roboflow.ai</database>
	</source>
	<size>
		<width>416</width>
		<height>416</height>
		<depth>3</depth>
	</size>
	<segmented>0</segmented>
	<object>
		<name>orange</name>
		<pose>Unspecified</pose>
		<truncated>0</truncated>
		<difficult>0</difficult>
		<occluded>0</occluded>
		<bndbox>
			<xmin>1</xmin>
			<xmax>18</xmax>
			<ymin>69</ymin>
			<ymax>140</ymax>
		</bndbox>
		<polygon>
			<x1>0</x1>
			<y1>138.899988</y1>
			<x2>0.195535</x2>
			<y2>138.854845</y2>
			<x3>9.618162</x3>
			<y3>132.098533</y3>
			<x4>15.43004</x4>
			<y4>121.594898</y4>
			<x5>17.430355</x5>
			<y5>106.474118</y5>
			<x6>13.664101</x6>
			<y6>87.187543</y6>
			<x7>10.352616</x7>
			<y7>78.790203</y7>
			<x8>0</x8>
			<y8>68.31909</y8>
			<x9>0</x9>
			<y9>138.899988</y9>
		</polygon>
	</object>
	<object>
		<name>mango</name>
		<pose>Unspecified</pose>
		<truncated>0</truncated>
		<difficult>0</difficult>
		<occluded>0</occluded>
		<bndbox>
			<xmin>57</xmin>
			<xmax>112</xmax>
			<ymin>37</ymin>
			<ymax>99</ymax>
		</bndbox>
		<polygon>
			<x1>70.999201</x1>
			<y1>38.219452</y1>
			<x2>61.125721</x2>
			<y2>45.996039</y2>
			<x3>57.969742</x3>
			<y3>53.137953</y3>
			<x4>56.219467</x4>
			<y4>66.368635</y4>
			<x5>59.834131</x5>
			<y5>82.025466</y5>
			<x6>68.510555</x6>
			<y6>92.848954</y6>
			<x7>80.744586</x7>
			<y7>98.270176</y7>
			<x8>94.380405</x8>
			<y8>97.870656</y8>
			<x9>103.352177</x9>
			<y9>92.134617</y9>
			<x10>111.217511</x10>
			<y10>75.659792</y10>
			<x11>107.098852</x11>
			<y11>51.873646</y11>
			<x12>94.561641</x12>
			<y12>39.192934</y12>
			<x13>87.692548</x13>
			<y13>36.19786</y13>
			<x14>70.999201</x14>
			<y14>38.219452</y14>
		</polygon>
	</object>
	<object>
		<name>capsicum</name>
		<pose>Unspecified</pose>
		<truncated>0</truncated>
		<difficult>0</difficult>
		<occluded>0</occluded>
		<bndbox>
			<xmin>340</xmin>
			<xmax>364</xmax>
			<ymin>113</ymin>
			<ymax>147</ymax>
		</bndbox>
		<polygon>
			<x1>362.586411</x1>
			<y1>140.24119</y1>
			<x2>362.23009</x2>
			<y2>123.832112</y2>
			<x3>357.463679</x3>
			<y3>112.105926</y3>
			<x4>349.242025</x4>
			<y4>112.171673</y4>
			<x5>339.368545</x5>
			<y5>119.948259</y5>
			<x6>342.782394</x6>
			<y6>134.735266</y6>
			<x7>352.311302</x7>
			<y7>146.278129</y7>
			<x8>360.131326</x8>
			<y8>144.472735</y8>
			<x9>362.586411</x9>
			<y9>140.24119</y9>
		</polygon>
	</object>
	<object>
		<name>greenapple</name>
		<pose>Unspecified</pose>
		<truncated>0</truncated>
		<difficult>0</difficult>
		<occluded>0</occluded>
		<bndbox>
			<xmin>120</xmin>
			<xmax>145</xmax>
			<ymin>239</ymin>
			<ymax>271</ymax>
		</bndbox>
		<polygon>
			<x1>144.343056</x1>
			<y1>259.627293</y1>
			<x2>141.531651</x2>
			<y2>247.449758</y2>
			<x3>133.256856</x3>
			<y3>238.365917</y3>
			<x4>125.887686</x4>
			<y4>239.151039</y4>
			<x5>119.223324</x5>
			<y5>248.935298</y5>
			<x6>120.731392</x6>
			<y6>261.413732</y6>
			<x7>128.153704</x7>
			<y7>269.778199</y7>
			<x8>139.432887</x8>
			<y8>268.09038</y8>
			<x9>144.343056</x9>
			<y9>259.627293</y9>
		</polygon>
	</object>
</annotation>
