<annotation>
	<folder></folder>
	<filename>image_78_png.rf.4f24bd6aa2748dbf4a4baff0295f8997.jpg</filename>
	<path>image_78_png.rf.4f24bd6aa2748dbf4a4baff0295f8997.jpg</path>
	<source>
		<database>roboflow.ai</database>
	</source>
	<size>
		<width>416</width>
		<height>416</height>
		<depth>3</depth>
	</size>
	<segmented>0</segmented>
	<object>
		<name>redapple</name>
		<pose>Unspecified</pose>
		<truncated>0</truncated>
		<difficult>0</difficult>
		<occluded>0</occluded>
		<bndbox>
			<xmin>379</xmin>
			<xmax>417</xmax>
			<ymin>1</ymin>
			<ymax>54</ymax>
		</bndbox>
		<polygon>
			<x1>416</x1>
			<y1>0</y1>
			<x2>381.693302</x2>
			<y2>0</y2>
			<x3>377.841611</x3>
			<y3>17.685861</y3>
			<x4>380.274721</x4>
			<y4>32.075345</y4>
			<x5>386.811259</x5>
			<y5>42.053012</y5>
			<x6>400.72731999999996</x6>
			<y6>52.159489</y6>
			<x7>416</x7>
			<y7>53.107059</y7>
			<x8>416</x8>
			<y8>0</y8>
		</polygon>
	</object>
	<object>
		<name>orange</name>
		<pose>Unspecified</pose>
		<truncated>0</truncated>
		<difficult>0</difficult>
		<occluded>0</occluded>
		<bndbox>
			<xmin>63</xmin>
			<xmax>119</xmax>
			<ymin>159</ymin>
			<ymax>196</ymax>
		</bndbox>
		<polygon>
			<x1>62.043555</x1>
			<y1>158</y1>
			<x2>62.177739</x2>
			<y2>168.757133</y2>
			<x3>68.589101</x3>
			<y3>185.90612099999998</y3>
			<x4>76.514312</x4>
			<y4>193.217963</y4>
			<x5>101.305044</x5>
			<y5>195.444063</y5>
			<x6>112.211009</x6>
			<y6>185.770856</y6>
			<x7>117.796991</x7>
			<y7>173.314724</y7>
			<x8>118.4343</x8>
			<y8>158</y8>
			<x9>62.043555</x9>
			<y9>158</y9>
		</polygon>
	</object>
	<object>
		<name>capsicum</name>
		<pose>Unspecified</pose>
		<truncated>0</truncated>
		<difficult>0</difficult>
		<occluded>0</occluded>
		<bndbox>
			<xmin>36</xmin>
			<xmax>59</xmax>
			<ymin>217</ymin>
			<ymax>253</ymax>
		</bndbox>
		<polygon>
			<x1>52.016963</x1>
			<y1>251.075099</y1>
			<x2>58.336399</x2>
			<y2>235.045016</y2>
			<x3>57.915885</x3>
			<y3>220.690663</y3>
			<x4>51.95633</x4>
			<y4>216.103197</y4>
			<x5>39.83381</x5>
			<y5>218.581663</y5>
			<x6>35.028222</x6>
			<y6>224.774599</y6>
			<x7>36.088307</x7>
			<y7>240.933492</y7>
			<x8>42.609199</x8>
			<y8>251.807574</y8>
			<x9>52.016963</x9>
			<y9>251.075099</y9>
		</polygon>
	</object>
	<object>
		<name>redapple</name>
		<pose>Unspecified</pose>
		<truncated>0</truncated>
		<difficult>0</difficult>
		<occluded>0</occluded>
		<bndbox>
			<xmin>186</xmin>
			<xmax>259</xmax>
			<ymin>159</ymin>
			<ymax>239</ymax>
		</bndbox>
		<polygon>
			<x1>200.32237</x1>
			<y1>158</y1>
			<x2>191.647867</x2>
			<y2>166.394935</y2>
			<x3>185.375372</x3>
			<y3>179.735772</y3>
			<x4>185.078079</x4>
			<y4>196.767661</y4>
			<x5>192.097719</x5>
			<y5>217.51402000000002</y5>
			<x6>201.941645</x6>
			<y6>230.239482</y6>
			<x7>217.246377</x7>
			<y7>237.680134</y7>
			<x8>234.018016</x8>
			<y8>237.972884</y8>
			<x9>248.215721</x9>
			<y9>231.94388800000002</y9>
			<x10>258.045955</x10>
			<y10>207.00820199999998</y10>
			<x11>256.954575</x11>
			<y11>192.64213999999998</y11>
			<x12>236.736681</x12>
			<y12>159.111768</y12>
			<x13>234.611368</x13>
			<y13>158</y13>
			<x14>200.32237</x14>
			<y14>158</y14>
		</polygon>
	</object>
	<object>
		<name>capsicum</name>
		<pose>Unspecified</pose>
		<truncated>0</truncated>
		<difficult>0</difficult>
		<occluded>0</occluded>
		<bndbox>
			<xmin>182</xmin>
			<xmax>217</xmax>
			<ymin>280</ymin>
			<ymax>339</ymax>
		</bndbox>
		<polygon>
			<x1>204.0892</x1>
			<y1>337.87956299999996</y1>
			<x2>211.687779</x2>
			<y2>325.45856100000003</y2>
			<x3>216.041559</x3>
			<y3>306.70410300000003</y3>
			<x4>215.558458</x4>
			<y4>295.93541</y4>
			<x5>211.705381</x5>
			<y5>286.004583</y5>
			<x6>196.385002</x6>
			<y6>279.460347</y6>
			<x7>182.077767</x7>
			<y7>291.764249</y7>
			<x8>181.078316</x8>
			<y8>310.57725800000003</y8>
			<x9>188.67494</x9>
			<y9>336.713818</y9>
			<x10>204.0892</x10>
			<y10>337.87956299999996</y10>
		</polygon>
	</object>
	<object>
		<name>orange</name>
		<pose>Unspecified</pose>
		<truncated>0</truncated>
		<difficult>0</difficult>
		<occluded>0</occluded>
		<bndbox>
			<xmin>317</xmin>
			<xmax>342</xmax>
			<ymin>159</ymin>
			<ymax>181</ymax>
		</bndbox>
		<polygon>
			<x1>317.975003</x1>
			<y1>158</y1>
			<x2>316.444506</x2>
			<y2>167.67658</y2>
			<x3>321.639314</x3>
			<y3>177.630827</y3>
			<x4>333.012734</x4>
			<y4>179.622727</y4>
			<x5>341.25088400000004</x5>
			<y5>169.006266</y5>
			<x6>340.80983100000003</x6>
			<y6>158</y6>
			<x7>317.975003</x7>
			<y7>158</y7>
		</polygon>
	</object>
</annotation>
