<annotation>
	<folder></folder>
	<filename>image_24_png.rf.d3aa29542bb7036844523445d81855bf.jpg</filename>
	<path>image_24_png.rf.d3aa29542bb7036844523445d81855bf.jpg</path>
	<source>
		<database>roboflow.ai</database>
	</source>
	<size>
		<width>416</width>
		<height>416</height>
		<depth>3</depth>
	</size>
	<segmented>0</segmented>
	<object>
		<name>capsicum</name>
		<pose>Unspecified</pose>
		<truncated>0</truncated>
		<difficult>0</difficult>
		<occluded>0</occluded>
		<bndbox>
			<xmin>13</xmin>
			<xmax>179</xmax>
			<ymin>57</ymin>
			<ymax>279</ymax>
		</bndbox>
		<polygon>
			<x1>160.185323</x1>
			<y1>278</y1>
			<x2>171.727273</x2>
			<y2>233.930736</y2>
			<x3>177.12987</x3>
			<y3>197.012987</y3>
			<x4>178.480519</x4>
			<y4>161.896104</y4>
			<x5>171.727273</x5>
			<y5>120.47619</y5>
			<x6>162.948052</x6>
			<y6>104.268398</y6>
			<x7>142.012987</x7>
			<y7>89.861472</y7>
			<x8>122.428571</x8>
			<y8>90.761905</y8>
			<x9>109.597403</x9>
			<y9>84.458874</y9>
			<x10>106.896104</x10>
			<y10>66.450216</y10>
			<x11>96.766234</x11>
			<y11>55.645022</y11>
			<x12>92.038961</x12>
			<y12>58.34632</y12>
			<x13>92.038961</x13>
			<y13>65.549784</y13>
			<x14>96.090909</x14>
			<y14>72.753247</y14>
			<x15>94.74026</x15>
			<y15>80.857143</y15>
			<x16>77.857143</x16>
			<y16>85.359307</y16>
			<x17>65.701299</x17>
			<y17>81.757576</y17>
			<x18>40.714286</x18>
			<y18>84.458874</y18>
			<x19>23.831169</x19>
			<y19>99.766234</y19>
			<x20>13.701299</x20>
			<y20>133.082251</y20>
			<x21>11.675325</x21>
			<y21>189.809524</y21>
			<x22>23.831169</x22>
			<y22>252.839827</y22>
			<x23>32.751594</x23>
			<y23>278</y23>
			<x24>160.185323</x24>
			<y24>278</y24>
		</polygon>
	</object>
	<object>
		<name>mango</name>
		<pose>Unspecified</pose>
		<truncated>0</truncated>
		<difficult>0</difficult>
		<occluded>0</occluded>
		<bndbox>
			<xmin>384</xmin>
			<xmax>417</xmax>
			<ymin>109</ymin>
			<ymax>172</ymax>
		</bndbox>
		<polygon>
			<x1>416</x1>
			<y1>107.609046</y1>
			<x2>410.181818</x2>
			<y2>111.08658</y2>
			<x3>385.194805</x3>
			<y3>138.099567</y3>
			<x4>383.168831</x4>
			<y4>154.307359</y4>
			<x5>389.246753</x5>
			<y5>164.212121</y5>
			<x6>402.753247</x6>
			<y6>171.415584</y6>
			<x7>416</x7>
			<y7>170.460863</y7>
			<x8>416</x8>
			<y8>107.609046</y8>
		</polygon>
	</object>
	<object>
		<name>greenapple</name>
		<pose>Unspecified</pose>
		<truncated>0</truncated>
		<difficult>0</difficult>
		<occluded>0</occluded>
		<bndbox>
			<xmin>61</xmin>
			<xmax>85</xmax>
			<ymin>330</ymin>
			<ymax>361</ymax>
		</bndbox>
		<polygon>
			<x1>83.012987</x1>
			<y1>351.55411300000003</y1>
			<x2>83.688312</x2>
			<y2>340.748918</y2>
			<x3>78.961039</x3>
			<y3>331.744589</y3>
			<x4>69.506494</x4>
			<y4>329.04329</y4>
			<x5>61.402597</x5>
			<y5>336.246753</y5>
			<x6>60.051948</x6>
			<y6>349.753247</y6>
			<x7>67.480519</x7>
			<y7>359.658009</y7>
			<x8>76.935065</x8>
			<y8>359.658009</y8>
			<x9>83.012987</x9>
			<y9>351.55411300000003</y9>
		</polygon>
	</object>
	<object>
		<name>mango</name>
		<pose>Unspecified</pose>
		<truncated>0</truncated>
		<difficult>0</difficult>
		<occluded>0</occluded>
		<bndbox>
			<xmin>379</xmin>
			<xmax>417</xmax>
			<ymin>279</ymin>
			<ymax>308</ymax>
		</bndbox>
		<polygon>
			<x1>416</x1>
			<y1>278</y1>
			<x2>377.922842</x2>
			<y2>278</y2>
			<x3>377.74026000000003</x3>
			<y3>282.138528</y3>
			<x4>381.79220799999996</x4>
			<y4>293.844156</y4>
			<x5>388.545455</x5>
			<y5>301.047619</y5>
			<x6>409.48051899999996</x6>
			<y6>307.350649</y6>
			<x7>416</x7>
			<y7>304.453102</y7>
			<x8>416</x8>
			<y8>278</y8>
		</polygon>
	</object>
	<object>
		<name>redapple</name>
		<pose>Unspecified</pose>
		<truncated>0</truncated>
		<difficult>0</difficult>
		<occluded>0</occluded>
		<bndbox>
			<xmin>260</xmin>
			<xmax>328</xmax>
			<ymin>279</ymin>
			<ymax>307</ymax>
		</bndbox>
		<polygon>
			<x1>259.095238</x1>
			<y1>278</y1>
			<x2>268.337662</x2>
			<y2>293.844156</y2>
			<x3>281.844156</x3>
			<y3>303.748918</y3>
			<x4>303.454545</x4>
			<y4>305.549784</y4>
			<x5>316.961039</x5>
			<y5>301.047619</y5>
			<x6>321.012987</x6>
			<y6>296.545455</y6>
			<x7>327.132987</x7>
			<y7>278</y7>
			<x8>259.095238</x8>
			<y8>278</y8>
		</polygon>
	</object>
</annotation>
