<annotation>
	<folder></folder>
	<filename>image_196_png.rf.ebd1bae17c410fc2a8de6e1cf6150f91.jpg</filename>
	<path>image_196_png.rf.ebd1bae17c410fc2a8de6e1cf6150f91.jpg</path>
	<source>
		<database>roboflow.ai</database>
	</source>
	<size>
		<width>416</width>
		<height>416</height>
		<depth>3</depth>
	</size>
	<segmented>0</segmented>
	<object>
		<name>capsicum</name>
		<pose>Unspecified</pose>
		<truncated>0</truncated>
		<difficult>0</difficult>
		<occluded>0</occluded>
		<bndbox>
			<xmin>1</xmin>
			<xmax>34</xmax>
			<ymin>134</ymin>
			<ymax>184</ymax>
		</bndbox>
		<polygon>
			<x1>27.173987</x1>
			<y1>183</y1>
			<x2>32.757996</x2>
			<y2>157.886542</y2>
			<x3>27.913563</x3>
			<y3>137.833412</y3>
			<x4>23.980855</x4>
			<y4>133.878734</y4>
			<x5>14.460153</x5>
			<y5>133.413827</y5>
			<x6>0.510722</x6>
			<y6>139.881676</y6>
			<x7>0</x7>
			<y7>141.310094</y7>
			<x8>0</x8>
			<y8>161.195833</y8>
			<x9>3.493432</x9>
			<y9>175.521563</y9>
			<x10>8.511707</x10>
			<y10>183</y10>
			<x11>27.173987</x11>
			<y11>183</y11>
		</polygon>
	</object>
	<object>
		<name>capsicum</name>
		<pose>Unspecified</pose>
		<truncated>0</truncated>
		<difficult>0</difficult>
		<occluded>0</occluded>
		<bndbox>
			<xmin>220</xmin>
			<xmax>243</xmax>
			<ymin>157</ymin>
			<ymax>184</ymax>
		</bndbox>
		<polygon>
			<x1>240.056689</x1>
			<y1>183</y1>
			<x2>241.912805</x2>
			<y2>171.917717</y2>
			<x3>238.600356</x3>
			<y3>157.959619</y3>
			<x4>230.280017</x4>
			<y4>156.424536</y4>
			<x5>222.580881</x5>
			<y5>159.309534</y5>
			<x6>218.81445300000001</x6>
			<y6>166.149209</y6>
			<x7>222.499622</x7>
			<y7>182.759355</y7>
			<x8>222.698047</x8>
			<y8>183</y8>
			<x9>240.056689</x9>
			<y9>183</y9>
		</polygon>
	</object>
	<object>
		<name>redapple</name>
		<pose>Unspecified</pose>
		<truncated>0</truncated>
		<difficult>0</difficult>
		<occluded>0</occluded>
		<bndbox>
			<xmin>17</xmin>
			<xmax>109</xmax>
			<ymin>184</ymin>
			<ymax>417</ymax>
		</bndbox>
		<polygon>
			<x1>108</x1>
			<y1>416</y1>
			<x2>108</x2>
			<y2>183</y2>
			<x3>96.936806</x3>
			<y3>183</y3>
			<x4>96.439694</x4>
			<y4>183.80253</y4>
			<x5>103.974433</x5>
			<y5>198.970177</y5>
			<x6>103.767993</x6>
			<y6>207.112483</y6>
			<x7>62.167241</x7>
			<y7>213.860564</y7>
			<x8>49.377073</x8>
			<y8>223.771398</y8>
			<x9>41.057675</x9>
			<y9>236.65981299999999</y9>
			<x10>22.88878</x10>
			<y10>285.188611</y10>
			<x11>15.813669</x11>
			<y11>335.764187</y11>
			<x12>26.465241</x12>
			<y12>416</y12>
			<x13>108</x13>
			<y13>416</y13>
		</polygon>
	</object>
	<object>
		<name>redapple</name>
		<pose>Unspecified</pose>
		<truncated>0</truncated>
		<difficult>0</difficult>
		<occluded>0</occluded>
		<bndbox>
			<xmin>224</xmin>
			<xmax>294</xmax>
			<ymin>266</ymin>
			<ymax>348</ymax>
		</bndbox>
		<polygon>
			<x1>252.792246</x1>
			<y1>265.077949</y1>
			<x2>237.559312</x2>
			<y2>267.218798</y2>
			<x3>228.080652</x3>
			<y3>276.66423</y3>
			<x4>223.569723</x4>
			<y4>292.623308</y4>
			<x5>223.074644</x5>
			<y5>317.93424200000004</y5>
			<x6>229.16054</x6>
			<y6>332.404035</y6>
			<x7>241.496729</x7>
			<y7>343.290974</y7>
			<x8>252.176693</x8>
			<y8>347.19886399999996</y8>
			<x9>268.196169</x9>
			<y9>345.848951</y9>
			<x10>287.07129</x10>
			<y10>335.98441</y10>
			<x11>291.003058</x11>
			<y11>325.515589</y11>
			<x12>293.443941</x12>
			<y12>304.438574</y12>
			<x13>288.558408</x13>
			<y13>288.898606</y13>
			<x14>266.783718</x14>
			<y14>268.520437</y14>
			<x15>252.792246</x15>
			<y15>265.077949</y15>
		</polygon>
	</object>
	<object>
		<name>greenapple</name>
		<pose>Unspecified</pose>
		<truncated>0</truncated>
		<difficult>0</difficult>
		<occluded>0</occluded>
		<bndbox>
			<xmin>227</xmin>
			<xmax>249</xmax>
			<ymin>407</ymin>
			<ymax>417</ymax>
		</bndbox>
		<polygon>
			<x1>247.695322</x1>
			<y1>416</y1>
			<x2>247.586389</x2>
			<y2>415.45476199999996</y2>
			<x3>240.797093</x3>
			<y3>405.59121200000004</y3>
			<x4>234.71213899999998</x4>
			<y4>405.544919</y4>
			<x5>226.433842</x5>
			<y5>413.920174</y5>
			<x6>226.30488300000002</x6>
			<y6>416</y6>
			<x7>247.695322</x7>
			<y7>416</y7>
		</polygon>
	</object>
	<object>
		<name>mango</name>
		<pose>Unspecified</pose>
		<truncated>0</truncated>
		<difficult>0</difficult>
		<occluded>0</occluded>
		<bndbox>
			<xmin>339</xmin>
			<xmax>368</xmax>
			<ymin>247</ymin>
			<ymax>281</ymax>
		</bndbox>
		<polygon>
			<x1>367.164903</x1>
			<y1>271.540845</y1>
			<x2>364.928576</x2>
			<y2>255.628554</y2>
			<x3>357.601219</x3>
			<y3>246.742101</y3>
			<x4>345.307071</x4>
			<y4>245.765499</y4>
			<x5>337.93955600000004</x5>
			<y5>255.815706</y5>
			<x6>339.678921</x6>
			<y6>268.191932</y6>
			<x7>351.47704799999997</x7>
			<y7>280.055968</y7>
			<x8>361.53581099999997</x8>
			<y8>279.543778</y8>
			<x9>367.164903</x9>
			<y9>271.540845</y9>
		</polygon>
	</object>
</annotation>
