<annotation>
	<folder></folder>
	<filename>image_26_png.rf.87dacc9994ed2e4eab3a9c5a737a5af3.jpg</filename>
	<path>image_26_png.rf.87dacc9994ed2e4eab3a9c5a737a5af3.jpg</path>
	<source>
		<database>roboflow.ai</database>
	</source>
	<size>
		<width>416</width>
		<height>416</height>
		<depth>3</depth>
	</size>
	<segmented>0</segmented>
	<object>
		<name>greenapple</name>
		<pose>Unspecified</pose>
		<truncated>0</truncated>
		<difficult>0</difficult>
		<occluded>0</occluded>
		<bndbox>
			<xmin>157</xmin>
			<xmax>184</xmax>
			<ymin>24</ymin>
			<ymax>57</ymax>
		</bndbox>
		<polygon>
			<x1>182.972425</x1>
			<y1>43.781087</y1>
			<x2>180.538688</x2>
			<y2>32.331255</y2>
			<x3>171.686489</x3>
			<y3>23.166259</y3>
			<x4>162.911906</x4>
			<y4>24.110805</y4>
			<x5>155.72328</x5>
			<y5>35.764835</y5>
			<x6>159.192006</x6>
			<y6>48.835771</y6>
			<x7>165.500871</x7>
			<y7>55.779722</y7>
			<x8>177.578291</x8>
			<y8>54.133137</y8>
			<x9>182.972425</x9>
			<y9>43.781087</y9>
		</polygon>
	</object>
	<object>
		<name>orange</name>
		<pose>Unspecified</pose>
		<truncated>0</truncated>
		<difficult>0</difficult>
		<occluded>0</occluded>
		<bndbox>
			<xmin>185</xmin>
			<xmax>246</xmax>
			<ymin>295</ymin>
			<ymax>374</ymax>
		</bndbox>
		<polygon>
			<x1>224.69593700000001</x1>
			<y1>297.002009</y1>
			<x2>215.17251</x2>
			<y2>294.42353</y2>
			<x3>203.282301</x3>
			<y3>296.950872</y3>
			<x4>192.140932</x4>
			<y4>303.00124</y4>
			<x5>186.273442</x5>
			<y5>314.374454</y5>
			<x6>184.45763</x6>
			<y6>328.568652</y6>
			<x7>188.763472</x7>
			<y7>348.826047</y7>
			<x8>194.687255</x8>
			<y8>360.45459600000004</y8>
			<x9>205.895576</x9>
			<y9>370.959881</y9>
			<x10>220.890751</x10>
			<y10>373.29585299999997</y10>
			<x11>231.272616</x11>
			<y11>370.16857</y11>
			<x12>240.531217</x12>
			<y12>361.756749</y12>
			<x13>244.13085999999998</x13>
			<y13>352.70668</y13>
			<x14>245.385041</x14>
			<y14>335.870212</y14>
			<x15>240.231421</x15>
			<y15>314.872469</y15>
			<x16>224.69593700000001</x16>
			<y16>297.002009</y16>
		</polygon>
	</object>
	<object>
		<name>mango</name>
		<pose>Unspecified</pose>
		<truncated>0</truncated>
		<difficult>0</difficult>
		<occluded>0</occluded>
		<bndbox>
			<xmin>275</xmin>
			<xmax>305</xmax>
			<ymin>244</ymin>
			<ymax>279</ymax>
		</bndbox>
		<polygon>
			<x1>303.798112</x1>
			<y1>266.380085</y1>
			<x2>300.142178</x2>
			<y2>252.428393</y2>
			<x3>290.629411</x3>
			<y3>243.403804</y3>
			<x4>279.212559</x4>
			<y4>244.909982</y4>
			<x5>273.631213</x5>
			<y5>254.381276</y5>
			<x6>275.591594</x6>
			<y6>266.85227199999997</y6>
			<x7>288.30826</x7>
			<y7>277.957497</y7>
			<x8>297.93062199999997</x8>
			<y8>277.75329899999997</y8>
			<x9>303.798112</x9>
			<y9>266.380085</y9>
		</polygon>
	</object>
</annotation>
