<annotation>
	<folder></folder>
	<filename>image_124_png.rf.42998f55653b1974f248ff8a88a8a2ed.jpg</filename>
	<path>image_124_png.rf.42998f55653b1974f248ff8a88a8a2ed.jpg</path>
	<source>
		<database>roboflow.ai</database>
	</source>
	<size>
		<width>416</width>
		<height>416</height>
		<depth>3</depth>
	</size>
	<segmented>0</segmented>
	<object>
		<name>capsicum</name>
		<pose>Unspecified</pose>
		<truncated>0</truncated>
		<difficult>0</difficult>
		<occluded>0</occluded>
		<bndbox>
			<xmin>233</xmin>
			<xmax>266</xmax>
			<ymin>1</ymin>
			<ymax>44</ymax>
		</bndbox>
		<polygon>
			<x1>232.048173</x1>
			<y1>0</y1>
			<x2>232</x2>
			<y2>0.40815</y2>
			<x3>232</x3>
			<y3>27.290389</y3>
			<x4>232.735802</x4>
			<y4>32.418767</y4>
			<x5>236.985347</x5>
			<y5>41.658163</y5>
			<x6>251.775004</x6>
			<y6>43.334924</y6>
			<x7>256.778548</x7>
			<y7>38.187138</y7>
			<x8>262.253343</x8>
			<y8>24.047361</y8>
			<x9>265.454666</x9>
			<y9>1.673421</y9>
			<x10>264.824689</x10>
			<y10>0</y10>
			<x11>232.048173</x11>
			<y11>0</y11>
		</polygon>
	</object>
	<object>
		<name>redapple</name>
		<pose>Unspecified</pose>
		<truncated>0</truncated>
		<difficult>0</difficult>
		<occluded>0</occluded>
		<bndbox>
			<xmin>365</xmin>
			<xmax>417</xmax>
			<ymin>151</ymin>
			<ymax>233</ymax>
		</bndbox>
		<polygon>
			<x1>416</x1>
			<y1>158.57859</y1>
			<x2>413.55949499999997</x2>
			<y2>156.407249</y2>
			<x3>400.354262</x3>
			<y3>150.30518</y3>
			<x4>388.889476</x4>
			<y4>149.704336</y4>
			<x5>377.76921400000003</x5>
			<y5>155.433229</y5>
			<x6>370.22409700000003</x6>
			<y6>170.366172</y6>
			<x7>364.278052</x7>
			<y7>193.497936</y7>
			<x8>366.033149</x8>
			<y8>211.623289</y8>
			<x9>379.394406</x9>
			<y9>227.65189</y9>
			<x10>387.973095</x10>
			<y10>231.708154</y10>
			<x11>409.600994</x11>
			<y11>231.939955</y11>
			<x12>416</x12>
			<y12>229.488412</y12>
			<x13>416</x13>
			<y13>158.57859</y13>
		</polygon>
	</object>
</annotation>
