<annotation>
	<folder></folder>
	<filename>image_68_png.rf.fe9c8db565f86fab7e0ae8c8d4f07c78.jpg</filename>
	<path>image_68_png.rf.fe9c8db565f86fab7e0ae8c8d4f07c78.jpg</path>
	<source>
		<database>roboflow.ai</database>
	</source>
	<size>
		<width>416</width>
		<height>416</height>
		<depth>3</depth>
	</size>
	<segmented>0</segmented>
	<object>
		<name>greenapple</name>
		<pose>Unspecified</pose>
		<truncated>0</truncated>
		<difficult>0</difficult>
		<occluded>0</occluded>
		<bndbox>
			<xmin>155</xmin>
			<xmax>181</xmax>
			<ymin>1</ymin>
			<ymax>31</ymax>
		</bndbox>
		<polygon>
			<x1>162.16582499999998</x1>
			<y1>0</y1>
			<x2>154.344678</x2>
			<y2>6.774656</y2>
			<x3>154.423732</x3>
			<y3>17.371225</y3>
			<x4>160.492647</x4>
			<y4>28.432452</y4>
			<x5>172.533849</x5>
			<y5>30.240972</y5>
			<x6>179.823554</x6>
			<y6>20.896146</y6>
			<x7>180.46468900000002</x7>
			<y7>11.132724</y7>
			<x8>174.39577400000002</x8>
			<y8>0.071499</y8>
			<x9>174.02610199999998</x9>
			<y9>0</y9>
			<x10>162.16582499999998</x10>
			<y10>0</y10>
		</polygon>
	</object>
	<object>
		<name>orange</name>
		<pose>Unspecified</pose>
		<truncated>0</truncated>
		<difficult>0</difficult>
		<occluded>0</occluded>
		<bndbox>
			<xmin>336</xmin>
			<xmax>395</xmax>
			<ymin>163</ymin>
			<ymax>239</ymax>
		</bndbox>
		<polygon>
			<x1>380.659666</x1>
			<y1>166.767285</y1>
			<x2>373.044985</x2>
			<y2>161.998707</y2>
			<x3>361.785453</x3>
			<y3>161.902542</y3>
			<x4>348.795714</x4>
			<y4>165.461397</y4>
			<x5>339.65284399999996</x5>
			<y5>176.702826</y5>
			<x6>335.489817</x6>
			<y6>192.89708</y6>
			<x7>336.473502</x7>
			<y7>206.964424</y7>
			<x8>341.532401</x8>
			<y8>222.513817</y8>
			<x9>348.857253</x9>
			<y9>232.603711</y9>
			<x10>360.485668</x10>
			<y10>237.975129</y10>
			<x11>371.086491</x11>
			<y11>238.117356</y11>
			<x12>382.697332</x12>
			<y12>233.771415</y12>
			<x13>389.328327</x13>
			<y13>224.472649</y13>
			<x14>394.088583</x14>
			<y14>207.353126</y14>
			<x15>392.736016</x15>
			<y15>188.010527</y15>
			<x16>380.659666</x16>
			<y16>166.767285</y16>
		</polygon>
	</object>
	<object>
		<name>redapple</name>
		<pose>Unspecified</pose>
		<truncated>0</truncated>
		<difficult>0</difficult>
		<occluded>0</occluded>
		<bndbox>
			<xmin>328</xmin>
			<xmax>395</xmax>
			<ymin>275</ymin>
			<ymax>308</ymax>
		</bndbox>
		<polygon>
			<x1>393.859069</x1>
			<y1>307</y1>
			<x2>372.658646</x2>
			<y2>279.532301</y2>
			<x3>357.675207</x3>
			<y3>273.511981</y3>
			<x4>346.47715500000004</x4>
			<y4>274.295025</y4>
			<x5>337.685591</x5>
			<y5>281.094347</y5>
			<x6>326.584167</x6>
			<y6>302.191322</y6>
			<x7>326.763376</x7>
			<y7>307</y7>
			<x8>393.859069</x8>
			<y8>307</y8>
		</polygon>
	</object>
	<object>
		<name>redapple</name>
		<pose>Unspecified</pose>
		<truncated>0</truncated>
		<difficult>0</difficult>
		<occluded>0</occluded>
		<bndbox>
			<xmin>20</xmin>
			<xmax>94</xmax>
			<ymin>317</ymin>
			<ymax>403</ymax>
		</bndbox>
		<polygon>
			<x1>39.538636</x1>
			<y1>317.174234</y1>
			<x2>28.296677</x2>
			<y2>326.795429</y2>
			<x3>19.17138</x3>
			<y3>347.754218</y3>
			<x4>22.148766</x4>
			<y4>371.400739</y4>
			<x5>28.99935</x5>
			<y5>384.174321</y5>
			<x6>39.740709</x6>
			<y6>395.792326</y6>
			<x7>54.724148</x7>
			<y7>401.812646</y7>
			<x8>74.485417</x8>
			<y8>400.43080399999997</y8>
			<x9>85.314588</x9>
			<y9>394.372505</y9>
			<x10>93.350814</x10>
			<y10>367.305314</y10>
			<x11>87.448764</x11>
			<y11>349.164356</y11>
			<x12>66.378836</x12>
			<y12>322.365449</y12>
			<x13>52.054105</x13>
			<y13>316.299067</y13>
			<x14>39.538636</x14>
			<y14>317.174234</y14>
		</polygon>
	</object>
</annotation>
