<annotation>
	<folder></folder>
	<filename>image_214_png.rf.62cfa8fcd02d9bf7ad807b4202d701ef.jpg</filename>
	<path>image_214_png.rf.62cfa8fcd02d9bf7ad807b4202d701ef.jpg</path>
	<source>
		<database>roboflow.ai</database>
	</source>
	<size>
		<width>416</width>
		<height>416</height>
		<depth>3</depth>
	</size>
	<segmented>0</segmented>
	<object>
		<name>redapple</name>
		<pose>Unspecified</pose>
		<truncated>0</truncated>
		<difficult>0</difficult>
		<occluded>0</occluded>
		<bndbox>
			<xmin>45</xmin>
			<xmax>117</xmax>
			<ymin>46</ymin>
			<ymax>129</ymax>
		</bndbox>
		<polygon>
			<x1>83.18482</x1>
			<y1>45.785393</y1>
			<x2>67.823266</x2>
			<y2>44.980328</y2>
			<x3>56.716481</x3>
			<y3>52.443607</y3>
			<x4>49.243295</x4>
			<y4>67.248747</y4>
			<x5>43.927759</x5>
			<y5>92.000182</y5>
			<x6>47.140872</x6>
			<y6>107.365367</y6>
			<x7>57.173085</x7>
			<y7>120.406138</y7>
			<x8>66.911167</x8>
			<y8>126.280063</y8>
			<x9>82.893896</x9>
			<y9>128.011612</y9>
			<x10>103.304471</x10>
			<y10>121.929853</y10>
			<x11>109.161546</x11>
			<y11>112.40359</y11>
			<x12>115.579267</x12>
			<y12>92.179563</y12>
			<x13>113.748662</x13>
			<y13>75.992903</y13>
			<x14>96.262372</x14>
			<y14>51.834333</y14>
			<x15>83.18482</x15>
			<y15>45.785393</y15>
		</polygon>
	</object>
	<object>
		<name>greenapple</name>
		<pose>Unspecified</pose>
		<truncated>0</truncated>
		<difficult>0</difficult>
		<occluded>0</occluded>
		<bndbox>
			<xmin>29</xmin>
			<xmax>50</xmax>
			<ymin>181</ymin>
			<ymax>192</ymax>
		</bndbox>
		<polygon>
			<x1>48.768817</x1>
			<y1>191</y1>
			<x2>44.598858</x2>
			<y2>181.428249</y2>
			<x3>38.634535</x3>
			<y3>180.221743</y3>
			<x4>28.910259</x4>
			<y4>186.863547</y4>
			<x5>27.836796</x5>
			<y5>191</y5>
			<x6>48.768817</x6>
			<y6>191</y6>
		</polygon>
	</object>
	<object>
		<name>mango</name>
		<pose>Unspecified</pose>
		<truncated>0</truncated>
		<difficult>0</difficult>
		<occluded>0</occluded>
		<bndbox>
			<xmin>169</xmin>
			<xmax>196</xmax>
			<ymin>45</ymin>
			<ymax>82</ymax>
		</bndbox>
		<polygon>
			<x1>194.222951</x1>
			<y1>73.95288</y1>
			<x2>195.06392</x2>
			<y2>57.906231</y2>
			<x3>189.566802</x3>
			<y3>47.784921</y3>
			<x4>177.684877</x4>
			<y4>44.480429</y4>
			<x5>168.535053</x5>
			<y5>52.940197</y5>
			<x6>167.880966</x6>
			<y6>65.420923</y6>
			<x7>177.198565</x7>
			<y7>79.318172</y7>
			<x8>187.17025</x8>
			<y8>80.734695</y8>
			<x9>194.222951</x9>
			<y9>73.95288</y9>
		</polygon>
	</object>
	<object>
		<name>redapple</name>
		<pose>Unspecified</pose>
		<truncated>0</truncated>
		<difficult>0</difficult>
		<occluded>0</occluded>
		<bndbox>
			<xmin>275</xmin>
			<xmax>307</xmax>
			<ymin>1</ymin>
			<ymax>84</ymax>
		</bndbox>
		<polygon>
			<x1>274</x1>
			<y1>0</y1>
			<x2>274</x2>
			<y2>82.306951</y2>
			<x3>281.756807</x3>
			<y3>82.713468</y3>
			<x4>294.059217</x4>
			<y4>77.994636</y4>
			<x5>306.193853</x5>
			<y5>50.918788</y5>
			<x6>305.418712</x6>
			<y6>40.151017</y6>
			<x7>285.86821199999997</x7>
			<y7>4.263189</y7>
			<x8>279.470418</x8>
			<y8>0</y8>
			<x9>274</x9>
			<y9>0</y9>
		</polygon>
	</object>
	<object>
		<name>greenapple</name>
		<pose>Unspecified</pose>
		<truncated>0</truncated>
		<difficult>0</difficult>
		<occluded>0</occluded>
		<bndbox>
			<xmin>362</xmin>
			<xmax>387</xmax>
			<ymin>1</ymin>
			<ymax>28</ymax>
		</bndbox>
		<polygon>
			<x1>365.137785</x1>
			<y1>0</y1>
			<x2>362.335139</x2>
			<y2>2.013148</y2>
			<x3>361.013158</x3>
			<y3>14.458871</y3>
			<x4>365.174488</x4>
			<y4>24.510177</y4>
			<x5>377.103134</x5>
			<y5>26.923188</y5>
			<x6>384.823729</x6>
			<y6>20.176376</y6>
			<x7>386.09899</x7>
			<y7>8.622132</y7>
			<x8>382.05035399999997</x8>
			<y8>0</y8>
			<x9>365.137785</x9>
			<y9>0</y9>
		</polygon>
	</object>
	<object>
		<name>mango</name>
		<pose>Unspecified</pose>
		<truncated>0</truncated>
		<difficult>0</difficult>
		<occluded>0</occluded>
		<bndbox>
			<xmin>348</xmin>
			<xmax>401</xmax>
			<ymin>170</ymin>
			<ymax>192</ymax>
		</bndbox>
		<polygon>
			<x1>400.04859</x1>
			<y1>191</y1>
			<x2>398.8421</x2>
			<y2>187.181834</y2>
			<x3>386.278474</x3>
			<y3>171.32661</y3>
			<x4>368.338786</x4>
			<y4>168.598573</y4>
			<x5>354.560427</x5>
			<y5>175.92184</y5>
			<x6>347.89529600000003</x6>
			<y6>188.087541</y6>
			<x7>347.498485</x7>
			<y7>191</y7>
			<x8>400.04859</x8>
			<y8>191</y8>
		</polygon>
	</object>
	<object>
		<name>redapple</name>
		<pose>Unspecified</pose>
		<truncated>0</truncated>
		<difficult>0</difficult>
		<occluded>0</occluded>
		<bndbox>
			<xmin>120</xmin>
			<xmax>168</xmax>
			<ymin>245</ymin>
			<ymax>320</ymax>
		</bndbox>
		<polygon>
			<x1>140.856179</x1>
			<y1>243.57312000000002</y1>
			<x2>130.029719</x2>
			<y2>245.687515</y2>
			<x3>122.883576</x3>
			<y3>254.252292</y3>
			<x4>119.651356</x4>
			<y4>264.810045</y4>
			<x5>119.338118</x5>
			<y5>283.566137</y5>
			<x6>123.265846</x6>
			<y6>298.074845</y6>
			<x7>131.200936</x7>
			<y7>312.793569</y7>
			<x8>139.603232</x8>
			<y8>318.597488</y8>
			<x9>153.054546</x9>
			<y9>317.514583</y9>
			<x10>159.439354</x10>
			<y10>310.697765</y10>
			<x11>165.576752</x11>
			<y11>295.822621</y11>
			<x12>167.21197</x12>
			<y12>264.620804</y12>
			<x13>158.127975</x13>
			<y13>246.266153</y13>
			<x14>140.856179</x14>
			<y14>243.57312000000002</y14>
		</polygon>
	</object>
	<object>
		<name>mango</name>
		<pose>Unspecified</pose>
		<truncated>0</truncated>
		<difficult>0</difficult>
		<occluded>0</occluded>
		<bndbox>
			<xmin>312</xmin>
			<xmax>338</xmax>
			<ymin>249</ymin>
			<ymax>284</ymax>
		</bndbox>
		<polygon>
			<x1>337.101752</x1>
			<y1>273.822836</y1>
			<x2>336.560214</x2>
			<y2>258.597663</y2>
			<x3>329.680588</x3>
			<y3>249.29782699999998</y3>
			<x4>319.708903</x4>
			<y4>247.881304</y4>
			<x5>311.180253</x5>
			<y5>257.267556</y5>
			<x6>311.2875</x6>
			<y6>268.000324</y6>
			<x7>321.894165</x7>
			<y7>282.859059</y7>
			<x8>329.908889</x8>
			<y8>283.279093</y8>
			<x9>337.101752</x9>
			<y9>273.822836</y9>
		</polygon>
	</object>
</annotation>
