<annotation>
	<folder></folder>
	<filename>image_221_png.rf.3d8c48da6acb706fdb39b5613e0a6518.jpg</filename>
	<path>image_221_png.rf.3d8c48da6acb706fdb39b5613e0a6518.jpg</path>
	<source>
		<database>roboflow.ai</database>
	</source>
	<size>
		<width>416</width>
		<height>416</height>
		<depth>3</depth>
	</size>
	<segmented>0</segmented>
	<object>
		<name>orange</name>
		<pose>Unspecified</pose>
		<truncated>0</truncated>
		<difficult>0</difficult>
		<occluded>0</occluded>
		<bndbox>
			<xmin>106</xmin>
			<xmax>160</xmax>
			<ymin>138</ymin>
			<ymax>188</ymax>
		</bndbox>
		<polygon>
			<x1>158.194828</x1>
			<y1>187</y1>
			<x2>158.905447</x2>
			<y2>185.013411</y2>
			<x3>159.062674</x3>
			<y3>156.779556</y3>
			<x4>147.364114</x4>
			<y4>140.280282</y4>
			<x5>125.695755</x5>
			<y5>137.379561</y5>
			<x6>116.187219</x6>
			<y6>142.176633</y6>
			<x7>106.784578</x7>
			<y7>157.57004</y7>
			<x8>105.018127</x8>
			<y8>178.659034</y8>
			<x9>106.234685</x9>
			<y9>187</y9>
			<x10>158.194828</x10>
			<y10>187</y10>
		</polygon>
	</object>
	<object>
		<name>redapple</name>
		<pose>Unspecified</pose>
		<truncated>0</truncated>
		<difficult>0</difficult>
		<occluded>0</occluded>
		<bndbox>
			<xmin>233</xmin>
			<xmax>414</xmax>
			<ymin>1</ymin>
			<ymax>187</ymax>
		</bndbox>
		<polygon>
			<x1>232</x1>
			<y1>0</y1>
			<x2>232</x2>
			<y2>138.904614</y2>
			<x3>238.891737</x3>
			<y3>152.003171</y3>
			<x4>279.479708</x4>
			<y4>185.020088</y4>
			<x5>295.96502</x5>
			<y5>185.884046</y5>
			<x6>309.614536</x6>
			<y6>177.773732</y6>
			<x7>334.289559</x7>
			<y7>173.771503</y7>
			<x8>345.914711</x8>
			<y8>166.437662</y8>
			<x9>357.157211</x9>
			<y9>153.788374</y9>
			<x10>375.87024199999996</x10>
			<y10>124.761858</y10>
			<x11>391.42458799999997</x11>
			<y11>92.922104</y11>
			<x12>404.987058</x12>
			<y12>48.622045</y12>
			<x13>413.366481</x13>
			<y13>2.285222</y13>
			<x14>413.38973599999997</x14>
			<y14>0</y14>
			<x15>232</x15>
			<y15>0</y15>
		</polygon>
	</object>
	<object>
		<name>mango</name>
		<pose>Unspecified</pose>
		<truncated>0</truncated>
		<difficult>0</difficult>
		<occluded>0</occluded>
		<bndbox>
			<xmin>53</xmin>
			<xmax>107</xmax>
			<ymin>188</ymin>
			<ymax>247</ymax>
		</bndbox>
		<polygon>
			<x1>66.60803</x1>
			<y1>187</y1>
			<x2>61.932441</x2>
			<y2>189.124128</y2>
			<x3>54.646416</x3>
			<y3>201.980765</y3>
			<x4>52.312806</x4>
			<y4>221.274905</y4>
			<x5>54.535316</x5>
			<y5>229.334472</y5>
			<x6>61.940874</x6>
			<y6>239.430801</y6>
			<x7>74.806238</x7>
			<y7>246.283003</y7>
			<x8>85.402965</x8>
			<y8>245.95579</y8>
			<x9>95.570912</x9>
			<y9>241.193276</y9>
			<x10>101.920764</x10>
			<y10>233.582969</y10>
			<x11>105.817473</x11>
			<y11>222.31383499999998</y11>
			<x12>104.854021</x12>
			<y12>202.846903</y12>
			<x13>91.926859</x13>
			<y13>187</y13>
			<x14>66.60803</x14>
			<y14>187</y14>
		</polygon>
	</object>
	<object>
		<name>capsicum</name>
		<pose>Unspecified</pose>
		<truncated>0</truncated>
		<difficult>0</difficult>
		<occluded>0</occluded>
		<bndbox>
			<xmin>342</xmin>
			<xmax>363</xmax>
			<ymin>318</ymin>
			<ymax>352</ymax>
		</bndbox>
		<polygon>
			<x1>356.283851</x1>
			<y1>350.744271</y1>
			<x2>362.435557</x2>
			<y2>334.29792399999997</y2>
			<x3>361.854758</x3>
			<y3>320.146438</y3>
			<x4>354.080188</x4>
			<y4>317.091295</y4>
			<x5>346.074984</x5>
			<y5>318.436891</y5>
			<x6>341.13621</x6>
			<y6>324.356018</y6>
			<x7>341.57863</x7>
			<y7>341.14794900000004</y7>
			<x8>347.00595</x8>
			<y8>351.140602</y8>
			<x9>356.283851</x9>
			<y9>350.744271</y9>
		</polygon>
	</object>
</annotation>
