<annotation>
	<folder></folder>
	<filename>image_55_png.rf.a855f7b6c635c64d202a32e0123a1246.jpg</filename>
	<path>image_55_png.rf.a855f7b6c635c64d202a32e0123a1246.jpg</path>
	<source>
		<database>roboflow.ai</database>
	</source>
	<size>
		<width>416</width>
		<height>416</height>
		<depth>3</depth>
	</size>
	<segmented>0</segmented>
	<object>
		<name>capsicum</name>
		<pose>Unspecified</pose>
		<truncated>0</truncated>
		<difficult>0</difficult>
		<occluded>0</occluded>
		<bndbox>
			<xmin>33</xmin>
			<xmax>65</xmax>
			<ymin>1</ymin>
			<ymax>21</ymax>
		</bndbox>
		<polygon>
			<x1>32.085713</x1>
			<y1>0</y1>
			<x2>36.522684</x2>
			<y2>13.502582</y2>
			<x3>41.859792</x3>
			<y3>20.266625</y3>
			<x4>56.066121</x4>
			<y4>19.927605</y4>
			<x5>60.898815</x5>
			<y5>13.177692</y5>
			<x6>63.522461</x6>
			<y6>0</y6>
			<x7>32.085713</x7>
			<y7>0</y7>
		</polygon>
	</object>
	<object>
		<name>redapple</name>
		<pose>Unspecified</pose>
		<truncated>0</truncated>
		<difficult>0</difficult>
		<occluded>0</occluded>
		<bndbox>
			<xmin>42</xmin>
			<xmax>94</xmax>
			<ymin>102</ymin>
			<ymax>183</ymax>
		</bndbox>
		<polygon>
			<x1>91.519022</x1>
			<y1>130.713802</y1>
			<x2>80.060028</x2>
			<y2>108.215651</y2>
			<x3>69.733271</x3>
			<y3>106.407507</y3>
			<x4>64.553119</x4>
			<y4>101.437478</y4>
			<x5>60.314704</x5>
			<y5>107.231525</y5>
			<x6>49.707581</x6>
			<y6>109.967273</y6>
			<x7>44.202133</x7>
			<y7>116.776045</y7>
			<x8>41.342772</x8>
			<y8>130.584292</y8>
			<x9>42.362985</x9>
			<y9>142.245377</y9>
			<x10>46.231172</x10>
			<y10>155.46504</y10>
			<x11>56.625022</x11>
			<y11>173.537016</y11>
			<x12>67.501123</x12>
			<y12>181.624205</y12>
			<x13>76.99817</x13>
			<y13>181.697193</y13>
			<x14>84.163039</x14>
			<y14>178.358731</y14>
			<x15>89.433054</x15>
			<y15>168.85894</y15>
			<x16>92.57278</x16>
			<y16>150.506802</y16>
			<x17>91.519022</x17>
			<y17>130.713802</y17>
		</polygon>
	</object>
	<object>
		<name>greenapple</name>
		<pose>Unspecified</pose>
		<truncated>0</truncated>
		<difficult>0</difficult>
		<occluded>0</occluded>
		<bndbox>
			<xmin>313</xmin>
			<xmax>338</xmax>
			<ymin>140</ymin>
			<ymax>171</ymax>
		</bndbox>
		<polygon>
			<x1>336.875298</x1>
			<y1>159.113285</y1>
			<x2>335.85508600000003</x2>
			<y2>147.452201</y2>
			<x3>329.015513</x3>
			<y3>139.011862</y3>
			<x4>318.845712</x4>
			<y4>138.997732</y4>
			<x5>312.230187</x5>
			<y5>148.61524</y5>
			<x6>313.32887800000003</x6>
			<y6>161.17333</y6>
			<x7>320.841206</x7>
			<y7>169.554811</y7>
			<x8>331.605284</x8>
			<y8>168.613076</y8>
			<x9>336.875298</x9>
			<y9>159.113285</y9>
		</polygon>
	</object>
	<object>
		<name>redapple</name>
		<pose>Unspecified</pose>
		<truncated>0</truncated>
		<difficult>0</difficult>
		<occluded>0</occluded>
		<bndbox>
			<xmin>51</xmin>
			<xmax>118</xmax>
			<ymin>200</ymin>
			<ymax>224</ymax>
		</bndbox>
		<polygon>
			<x1>50.235114</x1>
			<y1>199</y1>
			<x2>51.708015</x2>
			<y2>206.02418</y2>
			<x3>63.570784</x3>
			<y3>217.640535</y3>
			<x4>76.229717</x4>
			<y4>222.86013</y4>
			<x5>97.085117</x5>
			<y5>221.035519</y5>
			<x6>110.742103</x6>
			<y6>214.417452</y6>
			<x7>114.902041</x7>
			<y7>207.726398</y7>
			<x8>116.782685</x8>
			<y8>199</y8>
			<x9>50.235114</x9>
			<y9>199</y9>
		</polygon>
	</object>
	<object>
		<name>greenapple</name>
		<pose>Unspecified</pose>
		<truncated>0</truncated>
		<difficult>0</difficult>
		<occluded>0</occluded>
		<bndbox>
			<xmin>221</xmin>
			<xmax>263</xmax>
			<ymin>286</ymin>
			<ymax>348</ymax>
		</bndbox>
		<polygon>
			<x1>262</x1>
			<y1>302.230527</y1>
			<x2>248.633468</x2>
			<y2>287.317528</y2>
			<x3>233.51895</x3>
			<y3>285.024387</y3>
			<x4>227.69959</x4>
			<y4>288.245132</y4>
			<x5>221.992254</x5>
			<y5>300.494801</y5>
			<x6>219.917672</x6>
			<y6>323.27311299999997</y6>
			<x7>221.689117</x7>
			<y7>335.77234599999997</y7>
			<x8>234.22464</x8>
			<y8>347.329844</y8>
			<x9>255.674318</x9>
			<y9>344.54936799999996</y9>
			<x10>261.381654</x10>
			<y10>332.29969900000003</y10>
			<x11>262</x11>
			<y11>320.51955399999997</y11>
			<x12>262</x12>
			<y12>302.230527</y12>
		</polygon>
	</object>
	<object>
		<name>redapple</name>
		<pose>Unspecified</pose>
		<truncated>0</truncated>
		<difficult>0</difficult>
		<occluded>0</occluded>
		<bndbox>
			<xmin>263</xmin>
			<xmax>300</xmax>
			<ymin>326</ymin>
			<ymax>409</ymax>
		</bndbox>
		<polygon>
			<x1>262</x1>
			<y1>408.13074800000004</y1>
			<x2>276.299719</x2>
			<y2>408.150615</y2>
			<x3>290.035181</x3>
			<y3>402.429557</y3>
			<x4>294.273598</x4>
			<y4>396.63550799999996</y4>
			<x5>294.083096</x5>
			<y5>386.70957899999996</y5>
			<x6>299.196155</x6>
			<y6>375.415776</y6>
			<x7>295.843766</x7>
			<y7>360.34324000000004</y7>
			<x8>270.660695</x8>
			<y8>328.199322</y8>
			<x9>262</x9>
			<y9>324.89795</y9>
			<x10>262</x10>
			<y10>408.13074800000004</y10>
		</polygon>
	</object>
	<object>
		<name>capsicum</name>
		<pose>Unspecified</pose>
		<truncated>0</truncated>
		<difficult>0</difficult>
		<occluded>0</occluded>
		<bndbox>
			<xmin>389</xmin>
			<xmax>417</xmax>
			<ymin>340</ymin>
			<ymax>415</ymax>
		</bndbox>
		<polygon>
			<x1>416</x1>
			<y1>338.984464</y1>
			<x2>408.597603</x2>
			<y2>339.632089</y2>
			<x3>396.28612799999996</x3>
			<y3>346.132438</y3>
			<x4>389.90603699999997</x4>
			<y4>358.440965</y4>
			<x5>388.078275</x5>
			<y5>368.54347</y5>
			<x6>390.94841099999996</x6>
			<y6>393.600793</y6>
			<x7>396.677907</x7>
			<y7>404.849869</y7>
			<x8>406.95973200000003</x8>
			<y8>413.892921</y8>
			<x9>416</x9>
			<y9>413.754424</y9>
			<x10>416</x10>
			<y10>338.984464</y10>
		</polygon>
	</object>
</annotation>
