<annotation>
	<folder></folder>
	<filename>image_51_png.rf.5c79eac31d68519402e9a6bb73e11767.jpg</filename>
	<path>image_51_png.rf.5c79eac31d68519402e9a6bb73e11767.jpg</path>
	<source>
		<database>roboflow.ai</database>
	</source>
	<size>
		<width>416</width>
		<height>416</height>
		<depth>3</depth>
	</size>
	<segmented>0</segmented>
	<object>
		<name>greenapple</name>
		<pose>Unspecified</pose>
		<truncated>0</truncated>
		<difficult>0</difficult>
		<occluded>0</occluded>
		<bndbox>
			<xmin>1</xmin>
			<xmax>15</xmax>
			<ymin>115</ymin>
			<ymax>145</ymax>
		</bndbox>
		<polygon>
			<x1>0</x1>
			<y1>144.321745</y1>
			<x2>9.415565</x2>
			<y2>142.911994</y2>
			<x3>14.189309</x3>
			<y3>134.694179</y3>
			<x4>11.459903</x4>
			<y4>122.871822</y4>
			<x5>3.420348</x5>
			<y5>114.054337</y5>
			<x6>0</x6>
			<y6>114.419189</y6>
			<x7>0</x7>
			<y7>144.321745</y7>
		</polygon>
	</object>
	<object>
		<name>redapple</name>
		<pose>Unspecified</pose>
		<truncated>0</truncated>
		<difficult>0</difficult>
		<occluded>0</occluded>
		<bndbox>
			<xmin>235</xmin>
			<xmax>286</xmax>
			<ymin>43</ymin>
			<ymax>115</ymax>
		</bndbox>
		<polygon>
			<x1>248.232562</x1>
			<y1>44.091232</y1>
			<x2>238.683986</x2>
			<y2>48.964086</y2>
			<x3>234.30015600000002</x3>
			<y3>58.870808</y3>
			<x4>234.106285</x4>
			<y4>69.58913</y4>
			<x5>238.833735</x5>
			<y5>87.176447</y5>
			<x6>246.38644</x6>
			<y6>99.664184</y6>
			<x7>257.739188</x7>
			<y7>111.274612</y7>
			<x8>267.142361</x8>
			<y8>114.4405</y8>
			<x9>279.419256</x9>
			<y9>109.827229</y9>
			<x10>283.559661</x10>
			<y10>101.755632</y10>
			<x11>285.31210599999997</x11>
			<y11>86.230168</y11>
			<x12>278.48859100000004</x12>
			<y12>56.674276</y12>
			<x13>265.089331</x13>
			<y13>41.978467</y13>
			<x14>248.232562</x14>
			<y14>44.091232</y14>
		</polygon>
	</object>
	<object>
		<name>orange</name>
		<pose>Unspecified</pose>
		<truncated>0</truncated>
		<difficult>0</difficult>
		<occluded>0</occluded>
		<bndbox>
			<xmin>18</xmin>
			<xmax>42</xmax>
			<ymin>279</ymin>
			<ymax>309</ymax>
		</bndbox>
		<polygon>
			<x1>40.745927</x1>
			<y1>298.651996</y1>
			<x2>39.283202</x2>
			<y2>286.537203</y2>
			<x3>32.705285</x3>
			<y3>278.27173600000003</y3>
			<x4>24.081943</x4>
			<y4>278.483664</y4>
			<x5>16.823304</x5>
			<y5>284.606771</y5>
			<x6>17.60422</x6>
			<y6>299.547362</y6>
			<x7>24.815478</x7>
			<y7>307.666612</y7>
			<x8>33.633778</x8>
			<y8>308.29913799999997</y8>
			<x9>40.745927</x9>
			<y9>298.651996</y9>
		</polygon>
	</object>
	<object>
		<name>redapple</name>
		<pose>Unspecified</pose>
		<truncated>0</truncated>
		<difficult>0</difficult>
		<occluded>0</occluded>
		<bndbox>
			<xmin>306</xmin>
			<xmax>358</xmax>
			<ymin>237</ymin>
			<ymax>308</ymax>
		</bndbox>
		<polygon>
			<x1>320.57248000000004</x1>
			<y1>236.956086</y1>
			<x2>310.39056400000004</x2>
			<y2>241.975158</y2>
			<x3>306.25016</x3>
			<y3>250.046754</y3>
			<x4>305.422948</x4>
			<y4>260.911294</y4>
			<x5>309.127142</x5>
			<y5>276.95592</y5>
			<x6>316.241464</x6>
			<y6>290.434331</y6>
			<x7>330.469022</x7>
			<y7>305.828375</y7>
			<x8>346.01064199999996</x8>
			<y8>306.687627</y8>
			<x9>353.464239</x9>
			<y9>301.408974</y9>
			<x10>356.873281</x10>
			<y10>287.279981</y10>
			<x11>352.631595</x11>
			<y11>254.459636</y11>
			<x12>345.907188</x12>
			<y12>242.67013500000002</y12>
			<x13>338.25754800000004</x13>
			<y13>235.541558</y13>
			<x14>320.57248000000004</x14>
			<y14>236.956086</y14>
		</polygon>
	</object>
</annotation>
