<annotation>
	<folder></folder>
	<filename>image_35_png.rf.1a72225b4692152ee39b8d1815c446ab.jpg</filename>
	<path>image_35_png.rf.1a72225b4692152ee39b8d1815c446ab.jpg</path>
	<source>
		<database>roboflow.ai</database>
	</source>
	<size>
		<width>416</width>
		<height>416</height>
		<depth>3</depth>
	</size>
	<segmented>0</segmented>
	<object>
		<name>redapple</name>
		<pose>Unspecified</pose>
		<truncated>0</truncated>
		<difficult>0</difficult>
		<occluded>0</occluded>
		<bndbox>
			<xmin>48</xmin>
			<xmax>163</xmax>
			<ymin>1</ymin>
			<ymax>129</ymax>
		</bndbox>
		<polygon>
			<x1>162</x1>
			<y1>128</y1>
			<x2>162</x2>
			<y2>0</y2>
			<x3>123.890867</x3>
			<y3>0</y3>
			<x4>88.784705</x4>
			<y4>6.284124</y4>
			<x5>75.785371</x5>
			<y5>18.836719</y5>
			<x6>68.29696</x6>
			<y6>32.402414</y6>
			<x7>52.574479</x7>
			<y7>82.877526</y7>
			<x8>47.426544</x8>
			<y8>113.09658</y8>
			<x9>47.370402</x9>
			<y9>128</y9>
			<x10>162</x10>
			<y10>128</y10>
		</polygon>
	</object>
	<object>
		<name>greenapple</name>
		<pose>Unspecified</pose>
		<truncated>0</truncated>
		<difficult>0</difficult>
		<occluded>0</occluded>
		<bndbox>
			<xmin>337</xmin>
			<xmax>361</xmax>
			<ymin>6</ymin>
			<ymax>36</ymax>
		</bndbox>
		<polygon>
			<x1>359.762425</x1>
			<y1>25.344985</y1>
			<x2>357.791497</x2>
			<y2>11.321104</y2>
			<x3>350.88340700000003</x3>
			<y3>5.141534</y3>
			<x4>342.205321</x4>
			<y4>5.467355</y4>
			<x5>336.486906</x5>
			<y5>12.52766</y5>
			<x6>337.141695</x6>
			<y6>26.736512</y6>
			<x7>345.735473</x7>
			<y7>35.360588</y7>
			<x8>354.948446</x8>
			<y8>34.06579</y8>
			<x9>359.762425</x9>
			<y9>25.344985</y9>
		</polygon>
	</object>
	<object>
		<name>greenapple</name>
		<pose>Unspecified</pose>
		<truncated>0</truncated>
		<difficult>0</difficult>
		<occluded>0</occluded>
		<bndbox>
			<xmin>39</xmin>
			<xmax>63</xmax>
			<ymin>143</ymin>
			<ymax>174</ymax>
		</bndbox>
		<polygon>
			<x1>62.375615</x1>
			<y1>163.275661</y1>
			<x2>60.774236</x2>
			<y2>151.881258</y2>
			<x3>53.373415</x3>
			<y3>142.195718</y3>
			<x4>45.353397</x4>
			<y4>142.429052</y4>
			<x5>37.618621</x5>
			<y5>154.241763</y5>
			<x6>40.782504</x6>
			<y6>167.20418</y6>
			<x7>46.251272</x7>
			<y7>172.692228</y7>
			<x8>57.438454</x8>
			<y8>171.11997300000002</y8>
			<x9>62.375615</x9>
			<y9>163.275661</y9>
		</polygon>
	</object>
	<object>
		<name>orange</name>
		<pose>Unspecified</pose>
		<truncated>0</truncated>
		<difficult>0</difficult>
		<occluded>0</occluded>
		<bndbox>
			<xmin>163</xmin>
			<xmax>192</xmax>
			<ymin>149</ymin>
			<ymax>221</ymax>
		</bndbox>
		<polygon>
			<x1>162</x1>
			<y1>220.419499</y1>
			<x2>181.38759</x2>
			<y2>215.18196799999998</y2>
			<x3>189.122368</x3>
			<y3>203.369258</y3>
			<x4>191.469405</x4>
			<y4>191.41994</y4>
			<x5>189.952335</x5>
			<y5>171.07564</y5>
			<x6>185.841862</x6>
			<y6>160.927671</y6>
			<x7>173.218639</x7>
			<y7>147.507068</y7>
			<x8>162</x8>
			<y8>147.833463</y8>
			<x9>162</x9>
			<y9>220.419499</y9>
		</polygon>
	</object>
	<object>
		<name>redapple</name>
		<pose>Unspecified</pose>
		<truncated>0</truncated>
		<difficult>0</difficult>
		<occluded>0</occluded>
		<bndbox>
			<xmin>253</xmin>
			<xmax>300</xmax>
			<ymin>129</ymin>
			<ymax>161</ymax>
		</bndbox>
		<polygon>
			<x1>252.243019</x1>
			<y1>128</y1>
			<x2>252.517655</x2>
			<y2>129.211878</y2>
			<x3>268.962832</x3>
			<y3>155.50241499999998</y3>
			<x4>278.256834</x4>
			<y4>159.559057</y4>
			<x5>289.978902</x5>
			<y5>157.017823</y5>
			<x6>295.16243</x6>
			<y6>150.926496</y6>
			<x7>299.15628100000004</x7>
			<y7>131.595295</y7>
			<x8>298.65099499999997</x8>
			<y8>128</y8>
			<x9>252.243019</x9>
			<y9>128</y9>
		</polygon>
	</object>
</annotation>
