<annotation>
	<folder></folder>
	<filename>image_67_png.rf.2fc18cca8629497ad4f1d1fe32a6d9c1.jpg</filename>
	<path>image_67_png.rf.2fc18cca8629497ad4f1d1fe32a6d9c1.jpg</path>
	<source>
		<database>roboflow.ai</database>
	</source>
	<size>
		<width>416</width>
		<height>416</height>
		<depth>3</depth>
	</size>
	<segmented>0</segmented>
	<object>
		<name>redapple</name>
		<pose>Unspecified</pose>
		<truncated>0</truncated>
		<difficult>0</difficult>
		<occluded>0</occluded>
		<bndbox>
			<xmin>135</xmin>
			<xmax>184</xmax>
			<ymin>30</ymin>
			<ymax>115</ymax>
		</bndbox>
		<polygon>
			<x1>183</x1>
			<y1>35.279479</y1>
			<x2>177.574787</x2>
			<y2>31.588886</y2>
			<x3>164.148287</x3>
			<y3>29.021187</y3>
			<x4>153.327954</x4>
			<y4>33.207409</y4>
			<x5>142.193703</x5>
			<y5>51.142061</y5>
			<x6>134.787218</x6>
			<y6>72.291822</y6>
			<x7>134.4733</x7>
			<y7>86.040255</y7>
			<x8>146.009757</x8>
			<y8>104.001125</y8>
			<x9>156.849709</x9>
			<y9>110.846894</y9>
			<x10>176.368163</x10>
			<y10>114.162591</y10>
			<x11>183</x11>
			<y11>112.519273</y11>
			<x12>183</x12>
			<y12>35.279479</y12>
		</polygon>
	</object>
	<object>
		<name>greenapple</name>
		<pose>Unspecified</pose>
		<truncated>0</truncated>
		<difficult>0</difficult>
		<occluded>0</occluded>
		<bndbox>
			<xmin>139</xmin>
			<xmax>180</xmax>
			<ymin>190</ymin>
			<ymax>213</ymax>
		</bndbox>
		<polygon>
			<x1>179.003981</x1>
			<y1>212</y1>
			<x2>174.605645</x2>
			<y2>201.263699</y2>
			<x3>166.129881</x3>
			<y3>191.950821</y3>
			<x4>151.349614</x4>
			<y4>189.2169</y4>
			<x5>140.205554</x5>
			<y5>201.635558</y5>
			<x6>137.601822</x6>
			<y6>212</y6>
			<x7>179.003981</x7>
			<y7>212</y7>
		</polygon>
	</object>
	<object>
		<name>capsicum</name>
		<pose>Unspecified</pose>
		<truncated>0</truncated>
		<difficult>0</difficult>
		<occluded>0</occluded>
		<bndbox>
			<xmin>1</xmin>
			<xmax>141</xmax>
			<ymin>213</ymin>
			<ymax>417</ymax>
		</bndbox>
		<polygon>
			<x1>0</x1>
			<y1>212</y1>
			<x2>0</x2>
			<y2>416</y2>
			<x3>102.178349</x3>
			<y3>416</y3>
			<x4>103.474154</x4>
			<y4>413.96134900000004</y4>
			<x5>116.164912</x5>
			<y5>383.349966</y5>
			<x6>130.968072</x6>
			<y6>335.53445</y6>
			<x7>140.012814</x7>
			<y7>284.254494</y7>
			<x8>139.165893</x8>
			<y8>251.980893</y8>
			<x9>130.549522</x9>
			<y9>227.025509</y9>
			<x10>113.67357</x10>
			<y10>212</y10>
			<x11>0</x11>
			<y11>212</y11>
		</polygon>
	</object>
	<object>
		<name>capsicum</name>
		<pose>Unspecified</pose>
		<truncated>0</truncated>
		<difficult>0</difficult>
		<occluded>0</occluded>
		<bndbox>
			<xmin>184</xmin>
			<xmax>205</xmax>
			<ymin>281</ymin>
			<ymax>321</ymax>
		</bndbox>
		<polygon>
			<x1>183</x1>
			<y1>315.056022</y1>
			<x2>190.360772</x2>
			<y2>320.238993</y2>
			<x3>200.383233</x3>
			<y3>311.359148</y3>
			<x4>204.405297</x4>
			<y4>289.793833</y4>
			<x5>201.011068</x5>
			<y5>283.862283</y5>
			<x6>193.454166</x6>
			<y6>283.853544</y6>
			<x7>193.221999</x7>
			<y7>280.14851</y7>
			<x8>191.423514</x8>
			<y8>283.604211</y8>
			<x9>183</x9>
			<y9>286.42864099999997</y9>
			<x10>183</x10>
			<y10>315.056022</y10>
		</polygon>
	</object>
	<object>
		<name>greenapple</name>
		<pose>Unspecified</pose>
		<truncated>0</truncated>
		<difficult>0</difficult>
		<occluded>0</occluded>
		<bndbox>
			<xmin>360</xmin>
			<xmax>408</xmax>
			<ymin>213</ymin>
			<ymax>248</ymax>
		</bndbox>
		<polygon>
			<x1>360.994154</x1>
			<y1>212</y1>
			<x2>358.819858</x2>
			<y2>229.708224</y2>
			<x3>362.557434</x3>
			<y3>238.439327</y3>
			<x4>370.578671</x4>
			<y4>245.858134</y4>
			<x5>390.319485</x5>
			<y5>247.362869</y5>
			<x6>400.89784</x6>
			<y6>233.955619</y6>
			<x7>406.283483</x7>
			<y7>218.072521</y7>
			<x8>406.72377</x8>
			<y8>212</y8>
			<x9>360.994154</x9>
			<y9>212</y9>
		</polygon>
	</object>
</annotation>
