<annotation>
	<folder></folder>
	<filename>image_166_png.rf.947add76236907a714e5eb6f805d9261.jpg</filename>
	<path>image_166_png.rf.947add76236907a714e5eb6f805d9261.jpg</path>
	<source>
		<database>roboflow.ai</database>
	</source>
	<size>
		<width>416</width>
		<height>416</height>
		<depth>3</depth>
	</size>
	<segmented>0</segmented>
	<object>
		<name>redapple</name>
		<pose>Unspecified</pose>
		<truncated>0</truncated>
		<difficult>0</difficult>
		<occluded>0</occluded>
		<bndbox>
			<xmin>135</xmin>
			<xmax>183</xmax>
			<ymin>1</ymin>
			<ymax>48</ymax>
		</bndbox>
		<polygon>
			<x1>134.581224</x1>
			<y1>0</y1>
			<x2>133.792332</x2>
			<y2>6.829787</y2>
			<x3>139.773163</x3>
			<y3>27.187234</y3>
			<x4>148.412141</x4>
			<y4>42.234043</y4>
			<x5>155.722045</x5>
			<y5>46.659574</y5>
			<x6>166.354633</x6>
			<y6>46.659574</y6>
			<x7>172.335463</x7>
			<y7>44.004255</y7>
			<x8>178.316294</x8>
			<y8>31.612766</y8>
			<x9>181.638978</x9>
			<y9>15.680851</y9>
			<x10>181.638978</x10>
			<y10>0</y10>
			<x11>134.581224</x11>
			<y11>0</y11>
		</polygon>
	</object>
	<object>
		<name>capsicum</name>
		<pose>Unspecified</pose>
		<truncated>0</truncated>
		<difficult>0</difficult>
		<occluded>0</occluded>
		<bndbox>
			<xmin>136</xmin>
			<xmax>168</xmax>
			<ymin>116</ymin>
			<ymax>172</ymax>
		</bndbox>
		<polygon>
			<x1>147.747604</x1>
			<y1>120.123404</y1>
			<x2>136.450479</x2>
			<y2>126.319149</y2>
			<x3>135.121406</x3>
			<y3>144.906383</y3>
			<x4>138.444089</x4>
			<y4>161.723404</y4>
			<x5>143.760383</x5>
			<y5>170.574468</y5>
			<x6>157.051118</x6>
			<y6>170.574468</y6>
			<x7>161.702875</x7>
			<y7>165.26383</y7>
			<x8>165.025559</x8>
			<y8>153.757447</y8>
			<x9>167.019169</x9>
			<y9>129.859574</y9>
			<x10>163.696486</x10>
			<y10>121.008511</y10>
			<x11>151.070288</x11>
			<y11>118.353191</y11>
			<x12>149.741214</x12>
			<y12>114.812766</y12>
			<x13>147.747604</x13>
			<y13>120.123404</y13>
		</polygon>
	</object>
	<object>
		<name>capsicum</name>
		<pose>Unspecified</pose>
		<truncated>0</truncated>
		<difficult>0</difficult>
		<occluded>0</occluded>
		<bndbox>
			<xmin>200</xmin>
			<xmax>232</xmax>
			<ymin>1</ymin>
			<ymax>35</ymax>
		</bndbox>
		<polygon>
			<x1>198.93951</x1>
			<y1>0</y1>
			<x2>199.785942</x2>
			<y2>16.910638</y2>
			<x3>205.766773</x3>
			<y3>31.957447</y3>
			<x4>221.051118</x4>
			<y4>33.72766</y4>
			<x5>228.361022</x5>
			<y5>22.221277</y5>
			<x6>231.305206</x6>
			<y6>0</y6>
			<x7>198.93951</x7>
			<y7>0</y7>
		</polygon>
	</object>
	<object>
		<name>redapple</name>
		<pose>Unspecified</pose>
		<truncated>0</truncated>
		<difficult>0</difficult>
		<occluded>0</occluded>
		<bndbox>
			<xmin>198</xmin>
			<xmax>247</xmax>
			<ymin>119</ymin>
			<ymax>194</ymax>
		</bndbox>
		<polygon>
			<x1>207.095847</x1>
			<y1>120.468085</y1>
			<x2>199.785942</x2>
			<y2>129.319149</y2>
			<x3>197.127796</x3>
			<y3>140.825532</y3>
			<x4>198.456869</x4>
			<y4>159.412766</y4>
			<x5>211.747604</x5>
			<y5>187.73617</y5>
			<x6>222.380192</x6>
			<y6>193.046809</y6>
			<x7>233.01278</x7>
			<y7>191.276596</y7>
			<x8>238.99361</x8>
			<y8>185.080851</y8>
			<x9>244.30990400000002</x9>
			<y9>170.919149</y9>
			<x10>245.638978</x10>
			<y10>139.940426</y10>
			<x11>235.670927</x11>
			<y11>120.468085</y11>
			<x12>217.728435</x12>
			<y12>117.812766</y12>
			<x13>207.095847</x13>
			<y13>120.468085</y13>
		</polygon>
	</object>
	<object>
		<name>greenapple</name>
		<pose>Unspecified</pose>
		<truncated>0</truncated>
		<difficult>0</difficult>
		<occluded>0</occluded>
		<bndbox>
			<xmin>334</xmin>
			<xmax>358</xmax>
			<ymin>127</ymin>
			<ymax>158</ymax>
		</bndbox>
		<polygon>
			<x1>356.61661300000003</x1>
			<y1>147.021277</y1>
			<x2>356.61661300000003</x2>
			<y2>134.629787</y2>
			<x3>349.306709</x3>
			<y3>125.778723</y3>
			<x4>340.667732</x4>
			<y4>125.778723</y4>
			<x5>334.02236400000004</x5>
			<y5>132.859574</y5>
			<x6>332.693291</x6>
			<y6>145.251064</y6>
			<x7>341.332268</x7>
			<y7>156.757447</y7>
			<x8>350.635783</x8>
			<y8>155.87234</y8>
			<x9>356.61661300000003</x9>
			<y9>147.021277</y9>
		</polygon>
	</object>
	<object>
		<name>orange</name>
		<pose>Unspecified</pose>
		<truncated>0</truncated>
		<difficult>0</difficult>
		<occluded>0</occluded>
		<bndbox>
			<xmin>1</xmin>
			<xmax>16</xmax>
			<ymin>327</ymin>
			<ymax>359</ymax>
		</bndbox>
		<polygon>
			<x1>0</x1>
			<y1>356.66383</y1>
			<x2>4.444089</x2>
			<y2>358.029787</y2>
			<x3>13.747604</x3>
			<y3>350.06383</y3>
			<x4>15.076677</x4>
			<y4>337.67234</y4>
			<x5>10.42492</x5>
			<y5>327.93617</y5>
			<x6>1.785942</x6>
			<y6>326.165957</y6>
			<x7>0</x7>
			<y7>326.958865</y7>
			<x8>0</x8>
			<y8>356.66383</y8>
		</polygon>
	</object>
	<object>
		<name>redapple</name>
		<pose>Unspecified</pose>
		<truncated>0</truncated>
		<difficult>0</difficult>
		<occluded>0</occluded>
		<bndbox>
			<xmin>145</xmin>
			<xmax>192</xmax>
			<ymin>331</ymin>
			<ymax>417</ymax>
		</bndbox>
		<polygon>
			<x1>191</x1>
			<y1>416</y1>
			<x2>191</x2>
			<y2>336.056867</y2>
			<x3>177.888179</x3>
			<y3>329.706383</y3>
			<x4>167.255591</x4>
			<y4>329.706383</y4>
			<x5>155.958466</x5>
			<y5>337.67234</y5>
			<x6>144.661342</x6>
			<y6>356.259574</y6>
			<x7>143.996805</x7>
			<y7>376.617021</y7>
			<x8>149.313099</x8>
			<y8>393.434043</y8>
			<x9>157.952077</x9>
			<y9>406.710638</y9>
			<x10>171.907348</x10>
			<y10>415.56170199999997</y10>
			<x11>182.766769</x11>
			<y11>416</y11>
			<x12>191</x12>
			<y12>416</y12>
		</polygon>
	</object>
	<object>
		<name>orange</name>
		<pose>Unspecified</pose>
		<truncated>0</truncated>
		<difficult>0</difficult>
		<occluded>0</occluded>
		<bndbox>
			<xmin>206</xmin>
			<xmax>263</xmax>
			<ymin>299</ymin>
			<ymax>374</ymax>
		</bndbox>
		<polygon>
			<x1>246.383387</x1>
			<y1>298.953191</y1>
			<x2>227.111821</x2>
			<y2>298.068085</y2>
			<x3>214.485623</x3>
			<y3>305.148936</y3>
			<x4>207.17571900000002</x4>
			<y4>319.310638</y4>
			<x5>205.182109</x5>
			<y5>337.897872</y5>
			<x6>207.840256</x6>
			<y6>352.944681</y6>
			<x7>214.485623</x7>
			<y7>365.33617</y7>
			<x8>222.460064</x8>
			<y8>371.531915</y8>
			<x9>241.731629</x9>
			<y9>373.302128</y9>
			<x10>248.37699700000002</x10>
			<y10>370.646809</y10>
			<x11>255.686901</x11>
			<y11>363.565957</y11>
			<x12>261.667732</x12>
			<y12>349.40425500000003</y12>
			<x13>260.338658</x13>
			<y13>317.540426</y13>
			<x14>252.364217</x14>
			<y14>303.378723</y14>
			<x15>246.383387</x15>
			<y15>298.953191</y15>
		</polygon>
	</object>
</annotation>
