<annotation>
	<folder></folder>
	<filename>image_113_png.rf.cb7719cf869c8605b6fde177c3c36b15.jpg</filename>
	<path>image_113_png.rf.cb7719cf869c8605b6fde177c3c36b15.jpg</path>
	<source>
		<database>roboflow.ai</database>
	</source>
	<size>
		<width>416</width>
		<height>416</height>
		<depth>3</depth>
	</size>
	<segmented>0</segmented>
	<object>
		<name>orange</name>
		<pose>Unspecified</pose>
		<truncated>0</truncated>
		<difficult>0</difficult>
		<occluded>0</occluded>
		<bndbox>
			<xmin>33</xmin>
			<xmax>89</xmax>
			<ymin>14</ymin>
			<ymax>88</ymax>
		</bndbox>
		<polygon>
			<x1>68.680335</x1>
			<y1>13.091317</y1>
			<x2>46.685718</x2>
			<y2>13.623081</y2>
			<x3>37.988282</x3>
			<y3>19.877109</y3>
			<x4>31.537827</x4>
			<y4>34.794788</y4>
			<x5>32.621524</x5>
			<y5>57.820413</y5>
			<x6>37.406306</x6>
			<y6>71.557222</y6>
			<x7>45.218014</x7>
			<y7>82.305942</y7>
			<x8>54.364779</x8>
			<y8>86.684468</y8>
			<x9>75.989321</x9>
			<y9>82.631674</y9>
			<x10>84.79254</x10>
			<y10>71.026636</y10>
			<x11>87.264353</x11>
			<y11>62.757002</y11>
			<x12>88.136816</x12>
			<y12>51.985521</y12>
			<x13>84.594571</x13>
			<y13>30.998263</y13>
			<x14>79.704006</x14>
			<y14>22.612464</y14>
			<x15>68.680335</x15>
			<y15>13.091317</y15>
		</polygon>
	</object>
	<object>
		<name>redapple</name>
		<pose>Unspecified</pose>
		<truncated>0</truncated>
		<difficult>0</difficult>
		<occluded>0</occluded>
		<bndbox>
			<xmin>168</xmin>
			<xmax>225</xmax>
			<ymin>111</ymin>
			<ymax>196</ymax>
		</bndbox>
		<polygon>
			<x1>224</x1>
			<y1>128.094805</y1>
			<x2>214.486397</x2>
			<y2>116.134062</y2>
			<x3>198.453111</x3>
			<y3>109.809391</y3>
			<x4>186.556978</x4>
			<y4>111.059725</y4>
			<x5>172.836663</x5>
			<y5>126.741497</y5>
			<x6>167.232142</x6>
			<y6>143.350228</y6>
			<x7>169.835933</x7>
			<y7>161.766177</y7>
			<x8>177.35682</x8>
			<y8>176.105391</y8>
			<x9>191.579189</x9>
			<y9>190.630232</y9>
			<x10>203.36954</x10>
			<y10>194.730906</y10>
			<x11>221.967156</x11>
			<y11>193.6662</y11>
			<x12>224</x12>
			<y12>192.403698</y12>
			<x13>224</x13>
			<y13>128.094805</y13>
		</polygon>
	</object>
	<object>
		<name>mango</name>
		<pose>Unspecified</pose>
		<truncated>0</truncated>
		<difficult>0</difficult>
		<occluded>0</occluded>
		<bndbox>
			<xmin>157</xmin>
			<xmax>186</xmax>
			<ymin>251</ymin>
			<ymax>286</ymax>
		</bndbox>
		<polygon>
			<x1>184.506964</x1>
			<y1>275.921823</y1>
			<x2>182.841626</x2>
			<y2>260.077185</y2>
			<x3>174.461539</x3>
			<y3>250.278186</y3>
			<x4>163.702161</x4>
			<y4>249.629079</y4>
			<x5>156.035696</x5>
			<y5>259.334675</y5>
			<x6>156.485026</x6>
			<y6>269.967229</y6>
			<x7>168.632187</x7>
			<y7>283.820202</y7>
			<x8>178.069773</x8>
			<y8>284.608236</y8>
			<x9>184.506964</x9>
			<y9>275.921823</y9>
		</polygon>
	</object>
	<object>
		<name>orange</name>
		<pose>Unspecified</pose>
		<truncated>0</truncated>
		<difficult>0</difficult>
		<occluded>0</occluded>
		<bndbox>
			<xmin>351</xmin>
			<xmax>407</xmax>
			<ymin>21</ymin>
			<ymax>95</ymax>
		</bndbox>
		<polygon>
			<x1>386.680335</x1>
			<y1>20.091317</y1>
			<x2>364.685718</x2>
			<y2>20.623081</y2>
			<x3>355.988282</x3>
			<y3>26.877109</y3>
			<x4>349.537827</x4>
			<y4>41.794788</y4>
			<x5>350.714043</x5>
			<y5>65.700671</y5>
			<x6>355.406306</x6>
			<y6>78.557222</y6>
			<x7>363.21801400000004</x7>
			<y7>89.305942</y7>
			<x8>372.364779</x8>
			<y8>93.684468</y8>
			<x9>393.989321</x9>
			<y9>89.631674</y9>
			<x10>402.79254000000003</x10>
			<y10>78.026636</y10>
			<x11>405.264353</x11>
			<y11>69.757002</y11>
			<x12>406.229335</x12>
			<y12>59.865779</y12>
			<x13>402.594571</x13>
			<y13>37.998263</y13>
			<x14>397.704006</x14>
			<y14>29.612464</y14>
			<x15>386.680335</x15>
			<y15>20.091317</y15>
		</polygon>
	</object>
	<object>
		<name>mango</name>
		<pose>Unspecified</pose>
		<truncated>0</truncated>
		<difficult>0</difficult>
		<occluded>0</occluded>
		<bndbox>
			<xmin>172</xmin>
			<xmax>225</xmax>
			<ymin>292</ymin>
			<ymax>334</ymax>
		</bndbox>
		<polygon>
			<x1>172.481858</x1>
			<y1>291</y1>
			<x2>171.069278</x2>
			<y2>299.90828</y2>
			<x3>174.241447</x3>
			<y3>317.374508</y3>
			<x4>181.207221</x4>
			<y4>326.43217500000003</y4>
			<x5>195.257817</x5>
			<y5>332.965234</y5>
			<x6>206.585573</x6>
			<y6>332.664621</y6>
			<x7>214.807151</x7>
			<y7>328.240571</y7>
			<x8>223.99371</x8>
			<y8>313.925297</y8>
			<x9>224</x9>
			<y9>313.880826</y9>
			<x10>224</x10>
			<y10>295.263099</y10>
			<x11>223.167646</x11>
			<y11>291</y11>
			<x12>172.481858</x12>
			<y12>291</y12>
		</polygon>
	</object>
</annotation>
