<annotation>
	<folder></folder>
	<filename>image_53_png.rf.2324dd05ceab62b4a8489370581e447a.jpg</filename>
	<path>image_53_png.rf.2324dd05ceab62b4a8489370581e447a.jpg</path>
	<source>
		<database>roboflow.ai</database>
	</source>
	<size>
		<width>416</width>
		<height>416</height>
		<depth>3</depth>
	</size>
	<segmented>0</segmented>
	<object>
		<name>capsicum</name>
		<pose>Unspecified</pose>
		<truncated>0</truncated>
		<difficult>0</difficult>
		<occluded>0</occluded>
		<bndbox>
			<xmin>88</xmin>
			<xmax>113</xmax>
			<ymin>102</ymin>
			<ymax>139</ymax>
		</bndbox>
		<polygon>
			<x1>111.818041</x1>
			<y1>130.403786</y1>
			<x2>111.538937</x2>
			<y2>114.05453</y2>
			<x3>104.700062</x3>
			<y3>101.287852</y3>
			<x4>95.542502</x4>
			<y4>102.829166</y4>
			<x5>88.573025</x5>
			<y5>107.433971</y5>
			<x6>86.980718</x6>
			<y6>114.247757</y6>
			<x7>93.456406</x7>
			<y7>130.761538</y7>
			<x8>102.115699</x8>
			<y8>137.565755</y8>
			<x9>111.818041</x9>
			<y9>130.403786</y9>
		</polygon>
	</object>
	<object>
		<name>redapple</name>
		<pose>Unspecified</pose>
		<truncated>0</truncated>
		<difficult>0</difficult>
		<occluded>0</occluded>
		<bndbox>
			<xmin>233</xmin>
			<xmax>343</xmax>
			<ymin>58</ymin>
			<ymax>233</ymax>
		</bndbox>
		<polygon>
			<x1>232</x1>
			<y1>232</y1>
			<x2>342.242723</x2>
			<y2>232</y2>
			<x3>342.240819</x3>
			<y3>231.691209</y3>
			<x4>335.342</x4>
			<y4>177.880487</y4>
			<x5>325.48668</x5>
			<y5>138.548659</y5>
			<x6>314.08557</x6>
			<y6>108.755493</y6>
			<x7>302.139678</x7>
			<y7>84.582981</y7>
			<x8>292.52142</x8>
			<y8>71.64859</y8>
			<x9>281.445931</x9>
			<y9>60.929556</y9>
			<x10>272.195338</x10>
			<y10>57.021117</y10>
			<x11>232</x11>
			<y11>58.246351</y11>
			<x12>232</x12>
			<y12>232</y12>
		</polygon>
	</object>
	<object>
		<name>orange</name>
		<pose>Unspecified</pose>
		<truncated>0</truncated>
		<difficult>0</difficult>
		<occluded>0</occluded>
		<bndbox>
			<xmin>19</xmin>
			<xmax>197</xmax>
			<ymin>233</ymin>
			<ymax>417</ymax>
		</bndbox>
		<polygon>
			<x1>33.978016</x1>
			<y1>232</y1>
			<x2>33.2983</x2>
			<y2>232.774197</y2>
			<x3>24.466363</x3>
			<y3>253.389644</y3>
			<x4>19.098143</x4>
			<y4>276.72677699999997</y4>
			<x5>17.784941</x5>
			<y5>299.889819</y5>
			<x6>19.795904</x6>
			<y6>317.599918</y6>
			<x7>29.376595</x7>
			<y7>353.355545</y7>
			<x8>39.362518</x8>
			<y8>375.31588999999997</y8>
			<x9>64.022722</x9>
			<y9>406.118527</y9>
			<x10>81.886569</x10>
			<y10>416</y10>
			<x11>153.712428</x11>
			<y11>416</y11>
			<x12>166.585243</x12>
			<y12>408.747727</y12>
			<x13>179.928422</x13>
			<y13>389.660837</y13>
			<x14>187.940947</x14>
			<y14>371.08984499999997</y14>
			<x15>195.581334</x15>
			<y15>330.71984399999997</y15>
			<x16>192.928078</x16>
			<y16>300.40759</y16>
			<x17>185.17228</x17>
			<y17>271.462558</y17>
			<x18>177.192845</x18>
			<y18>254.439259</y18>
			<x19>159.467526</x19>
			<y19>232</y19>
			<x20>33.978016</x20>
			<y20>232</y20>
		</polygon>
	</object>
</annotation>
