<annotation>
	<folder></folder>
	<filename>image_207_png.rf.6ba4f7f33d8d2ab9090ba64257072027.jpg</filename>
	<path>image_207_png.rf.6ba4f7f33d8d2ab9090ba64257072027.jpg</path>
	<source>
		<database>roboflow.ai</database>
	</source>
	<size>
		<width>416</width>
		<height>416</height>
		<depth>3</depth>
	</size>
	<segmented>0</segmented>
	<object>
		<name>orange</name>
		<pose>Unspecified</pose>
		<truncated>0</truncated>
		<difficult>0</difficult>
		<occluded>0</occluded>
		<bndbox>
			<xmin>61</xmin>
			<xmax>120</xmax>
			<ymin>1</ymin>
			<ymax>63</ymax>
		</bndbox>
		<polygon>
			<x1>66.496859</x1>
			<y1>0</y1>
			<x2>64.900265</x2>
			<y2>2.20264</y2>
			<x3>60.290096</x3>
			<y3>24.202148</y3>
			<x4>61.71029</x4>
			<y4>38.664221</y4>
			<x5>64.929838</x5>
			<y5>47.907033</y5>
			<x6>72.813244</x6>
			<y6>57.55788</y6>
			<x7>84.494802</x7>
			<y7>62.16434</y7>
			<x8>100.052316</x8>
			<y8>60.837104</y8>
			<x9>109.491807</x9>
			<y9>52.701813</y9>
			<x10>115.911189</x10>
			<y10>40.717843</y10>
			<x11>118.634338</x11>
			<y11>9.592103</y11>
			<x12>114.200329</x12>
			<y12>0</y12>
			<x13>66.496859</x13>
			<y13>0</y13>
		</polygon>
	</object>
	<object>
		<name>redapple</name>
		<pose>Unspecified</pose>
		<truncated>0</truncated>
		<difficult>0</difficult>
		<occluded>0</occluded>
		<bndbox>
			<xmin>184</xmin>
			<xmax>254</xmax>
			<ymin>1</ymin>
			<ymax>50</ymax>
		</bndbox>
		<polygon>
			<x1>253</x1>
			<y1>0</y1>
			<x2>185.761038</x2>
			<y2>0</y2>
			<x3>183.140434</x3>
			<y3>8.962858</y3>
			<x4>184.993478</x4>
			<y4>26.151142</y4>
			<x5>194.564463</x5>
			<y5>39.534089</y5>
			<x6>205.346343</x6>
			<y6>46.750178</y6>
			<x7>227.333096</x7>
			<y7>48.67377</y7>
			<x8>242.535562</x8>
			<y8>43.731016</y8>
			<x9>253</x9>
			<y9>21.252459</y9>
			<x10>253</x10>
			<y10>0</y10>
		</polygon>
	</object>
	<object>
		<name>capsicum</name>
		<pose>Unspecified</pose>
		<truncated>0</truncated>
		<difficult>0</difficult>
		<occluded>0</occluded>
		<bndbox>
			<xmin>307</xmin>
			<xmax>342</xmax>
			<ymin>1</ymin>
			<ymax>36</ymax>
		</bndbox>
		<polygon>
			<x1>307.139076</x1>
			<y1>0</y1>
			<x2>306.085343</x2>
			<y2>6.864211</y2>
			<x3>311.313546</x3>
			<y3>31.516694</y3>
			<x4>325.81577400000003</x4>
			<y4>34.577701</y4>
			<x5>334.000538</x5>
			<y5>25.436523</y5>
			<x6>341.106626</x6>
			<y6>0</y6>
			<x7>307.139076</x7>
			<y7>0</y7>
		</polygon>
	</object>
	<object>
		<name>greenapple</name>
		<pose>Unspecified</pose>
		<truncated>0</truncated>
		<difficult>0</difficult>
		<occluded>0</occluded>
		<bndbox>
			<xmin>79</xmin>
			<xmax>253</xmax>
			<ymin>229</ymin>
			<ymax>417</ymax>
		</bndbox>
		<polygon>
			<x1>216.609063</x1>
			<y1>416</y1>
			<x2>229.818596</x2>
			<y2>397.214991</y2>
			<x3>248.556227</x3>
			<y3>344.191377</y3>
			<x4>252.135223</x4>
			<y4>303.28326100000004</y4>
			<x5>247.218238</x5>
			<y5>275.073551</y5>
			<x6>233.406391</x6>
			<y6>248.77398399999998</y6>
			<x7>209.766031</x7>
			<y7>235.05624</y7>
			<x8>170.101333</x8>
			<y8>228.001573</y8>
			<x9>124.994734</x9>
			<y9>229.431941</y9>
			<x10>102.040356</x10>
			<y10>246.242084</y10>
			<x11>89.668419</x11>
			<y11>264.874184</y11>
			<x12>82.782211</x12>
			<y12>282.19399599999997</y12>
			<x13>78.026293</x13>
			<y13>321.206916</y13>
			<x14>78.702416</x14>
			<y14>336.500005</y14>
			<x15>90.64696</x15>
			<y15>384.14293599999996</y15>
			<x16>97.397275</x16>
			<y16>399.071334</y16>
			<x17>109.432175</x17>
			<y17>416</y17>
			<x18>216.609063</x18>
			<y18>416</y18>
		</polygon>
	</object>
	<object>
		<name>greenapple</name>
		<pose>Unspecified</pose>
		<truncated>0</truncated>
		<difficult>0</difficult>
		<occluded>0</occluded>
		<bndbox>
			<xmin>396</xmin>
			<xmax>417</xmax>
			<ymin>171</ymin>
			<ymax>203</ymax>
		</bndbox>
		<polygon>
			<x1>416</x1>
			<y1>176.562284</y1>
			<x2>413.65716299999997</x2>
			<y2>171.381074</y2>
			<x3>405.739784</x3>
			<y3>169.792279</y3>
			<x4>395.556223</x4>
			<y4>178.75858499999998</y4>
			<x5>394.544768</x5>
			<y5>190.319574</y5>
			<x6>399.096848</x6>
			<y6>199.678968</y6>
			<x7>410.345553</x7>
			<y7>201.559216</y7>
			<x8>416</x8>
			<y8>195.860254</y8>
			<x9>416</x9>
			<y9>176.562284</y9>
		</polygon>
	</object>
</annotation>
