<annotation>
	<folder></folder>
	<filename>image_212_png.rf.f59a34e7c8bcc23c0d5215a6a05a19a6.jpg</filename>
	<path>image_212_png.rf.f59a34e7c8bcc23c0d5215a6a05a19a6.jpg</path>
	<source>
		<database>roboflow.ai</database>
	</source>
	<size>
		<width>416</width>
		<height>416</height>
		<depth>3</depth>
	</size>
	<segmented>0</segmented>
	<object>
		<name>greenapple</name>
		<pose>Unspecified</pose>
		<truncated>0</truncated>
		<difficult>0</difficult>
		<occluded>0</occluded>
		<bndbox>
			<xmin>1</xmin>
			<xmax>27</xmax>
			<ymin>163</ymin>
			<ymax>224</ymax>
		</bndbox>
		<polygon>
			<x1>0</x1>
			<y1>220.80504</y1>
			<x2>3.149062</x2>
			<y2>222.808804</y2>
			<x3>22.523368</x3>
			<y3>216.169238</y3>
			<x4>26.15512</x4>
			<y4>195.364635</y4>
			<x5>22.3368</x5>
			<y5>174.608534</y5>
			<x6>4.251862</x6>
			<y6>161.932025</y6>
			<x7>0</x7>
			<y7>162.460776</y7>
			<x8>0</x8>
			<y8>220.80504</y8>
		</polygon>
	</object>
	<object>
		<name>greenapple</name>
		<pose>Unspecified</pose>
		<truncated>0</truncated>
		<difficult>0</difficult>
		<occluded>0</occluded>
		<bndbox>
			<xmin>195</xmin>
			<xmax>218</xmax>
			<ymin>76</ymin>
			<ymax>105</ymax>
		</bndbox>
		<polygon>
			<x1>217.425767</x1>
			<y1>95.334036</y1>
			<x2>215.94296300000002</x2>
			<y2>83.945178</y2>
			<x3>208.28572200000002</x3>
			<y3>75.000286</y3>
			<x4>200.83565</x4>
			<y4>75.048787</y4>
			<x5>193.592748</x5>
			<y5>84.090684</y5>
			<x6>194.86323199999998</x6>
			<y6>94.627974</y6>
			<x7>203.371469</x7>
			<y7>104.265195</y7>
			<x8>212.737568</x8>
			<y8>103.738974</y8>
			<x9>217.425767</x9>
			<y9>95.334036</y9>
		</polygon>
	</object>
	<object>
		<name>mango</name>
		<pose>Unspecified</pose>
		<truncated>0</truncated>
		<difficult>0</difficult>
		<occluded>0</occluded>
		<bndbox>
			<xmin>215</xmin>
			<xmax>244</xmax>
			<ymin>216</ymin>
			<ymax>246</ymax>
		</bndbox>
		<polygon>
			<x1>239.06568199999998</x1>
			<y1>245</y1>
			<x2>242.666053</x2>
			<y2>237.379711</y2>
			<x3>238.205624</x3>
			<y3>222.210735</y3>
			<x4>230.33434599999998</x4>
			<y4>215.128217</y4>
			<x5>219.052221</x5>
			<y5>216.132157</y5>
			<x6>213.725346</x6>
			<y6>224.696335</y6>
			<x7>216.271465</x7>
			<y7>237.629087</y7>
			<x8>224.784284</x8>
			<y8>245</y8>
			<x9>239.06568199999998</x9>
			<y9>245</y9>
		</polygon>
	</object>
	<object>
		<name>orange</name>
		<pose>Unspecified</pose>
		<truncated>0</truncated>
		<difficult>0</difficult>
		<occluded>0</occluded>
		<bndbox>
			<xmin>155</xmin>
			<xmax>180</xmax>
			<ymin>354</ymin>
			<ymax>384</ymax>
		</bndbox>
		<polygon>
			<x1>178.934379</x1>
			<y1>373.51489000000004</y1>
			<x2>177.239256</x2>
			<y2>361.274465</y2>
			<x3>170.43301</x3>
			<y3>353.0219</y3>
			<x4>161.705588</x4>
			<y4>353.38888199999997</y4>
			<x5>154.464402</x5>
			<y5>359.716835</y5>
			<x6>155.519133</x6>
			<y6>374.830443</y6>
			<x7>162.964054</x7>
			<y7>382.923768</y7>
			<x8>171.903797</x8>
			<y8>383.40835400000003</y8>
			<x9>178.934379</x9>
			<y9>373.51489000000004</y9>
		</polygon>
	</object>
	<object>
		<name>mango</name>
		<pose>Unspecified</pose>
		<truncated>0</truncated>
		<difficult>0</difficult>
		<occluded>0</occluded>
		<bndbox>
			<xmin>299</xmin>
			<xmax>377</xmax>
			<ymin>321</ymin>
			<ymax>399</ymax>
		</bndbox>
		<polygon>
			<x1>320.297455</x1>
			<y1>333.746593</y1>
			<x2>301.97273</x2>
			<y2>363.641594</y2>
			<x3>298.346128</x3>
			<y3>376.30437</y3>
			<x4>303.02059399999996</x4>
			<y4>389.610971</y4>
			<x5>320.04393400000004</x5>
			<y5>398.02964299999996</y5>
			<x6>340.055199</x6>
			<y6>393.94477900000004</y6>
			<x7>361.77532099999996</x7>
			<y7>380.388801</y7>
			<x8>372.00271599999996</x8>
			<y8>364.271254</y8>
			<x9>376.05739</x9>
			<y9>347.883729</y9>
			<x10>369.258012</x10>
			<y10>328.775394</y10>
			<x11>355.42805</x11>
			<y11>319.560523</y11>
			<x12>338.185524</x12>
			<y12>321.146053</y12>
			<x13>320.297455</x13>
			<y13>333.746593</y13>
		</polygon>
	</object>
</annotation>
