<annotation>
	<folder></folder>
	<filename>image_43_png.rf.65c1d99cfcf88485c73652e7e5be83d4.jpg</filename>
	<path>image_43_png.rf.65c1d99cfcf88485c73652e7e5be83d4.jpg</path>
	<source>
		<database>roboflow.ai</database>
	</source>
	<size>
		<width>416</width>
		<height>416</height>
		<depth>3</depth>
	</size>
	<segmented>0</segmented>
	<object>
		<name>mango</name>
		<pose>Unspecified</pose>
		<truncated>0</truncated>
		<difficult>0</difficult>
		<occluded>0</occluded>
		<bndbox>
			<xmin>1</xmin>
			<xmax>179</xmax>
			<ymin>1</ymin>
			<ymax>172</ymax>
		</bndbox>
		<polygon>
			<x1>178</x1>
			<y1>0</y1>
			<x2>52.913692</x2>
			<y2>0</y2>
			<x3>0</x3>
			<y3>45.997477</y3>
			<x4>0</x4>
			<y4>155.583317</y4>
			<x5>20.727018</x5>
			<y5>166.921757</y5>
			<x6>49.297376</x6>
			<y6>171.257338</y6>
			<x7>109.946042</x7>
			<y7>167.634823</y7>
			<x8>158.503336</x8>
			<y8>153.358188</y8>
			<x9>178</x9>
			<y9>142.473335</y9>
			<x10>178</x10>
			<y10>0</y10>
		</polygon>
	</object>
	<object>
		<name>redapple</name>
		<pose>Unspecified</pose>
		<truncated>0</truncated>
		<difficult>0</difficult>
		<occluded>0</occluded>
		<bndbox>
			<xmin>289</xmin>
			<xmax>366</xmax>
			<ymin>126</ymin>
			<ymax>192</ymax>
		</bndbox>
		<polygon>
			<x1>361.03507</x1>
			<y1>191</y1>
			<x2>365.273137</x2>
			<y2>175.959487</y2>
			<x3>361.03446199999996</x3>
			<y3>161.728097</y3>
			<x4>335.802766</x4>
			<y4>130.43974</y4>
			<x5>320.797033</x5>
			<y5>124.67846</y5>
			<x6>309.171742</x6>
			<y6>124.983022</y6>
			<x7>297.821811</x7>
			<y7>134.4317</y7>
			<x8>288.199064</x8>
			<y8>153.789207</y8>
			<x9>288.845148</x9>
			<y9>172.984723</y9>
			<x10>296.178184</x10>
			<y10>190.560106</y10>
			<x11>296.512972</x11>
			<y11>191</y11>
			<x12>361.03507</x12>
			<y12>191</y12>
		</polygon>
	</object>
	<object>
		<name>mango</name>
		<pose>Unspecified</pose>
		<truncated>0</truncated>
		<difficult>0</difficult>
		<occluded>0</occluded>
		<bndbox>
			<xmin>137</xmin>
			<xmax>166</xmax>
			<ymin>236</ymin>
			<ymax>272</ymax>
		</bndbox>
		<polygon>
			<x1>164.640978</x1>
			<y1>260.618648</y1>
			<x2>162.341638</x2>
			<y2>245.26612</y2>
			<x3>156.735786</x3>
			<y3>237.599567</y3>
			<x4>144.146184</x4>
			<y4>235.25356399999998</y4>
			<x5>136.187411</x5>
			<y5>244.345818</y5>
			<x6>137.713159</x6>
			<y6>258.862347</y6>
			<x7>147.769838</x7>
			<y7>269.730323</y7>
			<x8>157.551154</x8>
			<y8>271.454183</y8>
			<x9>164.640978</x9>
			<y9>260.618648</y9>
		</polygon>
	</object>
	<object>
		<name>greenapple</name>
		<pose>Unspecified</pose>
		<truncated>0</truncated>
		<difficult>0</difficult>
		<occluded>0</occluded>
		<bndbox>
			<xmin>23</xmin>
			<xmax>46</xmax>
			<ymin>395</ymin>
			<ymax>417</ymax>
		</bndbox>
		<polygon>
			<x1>44.916067</x1>
			<y1>416</y1>
			<x2>45.248659</x2>
			<y2>403.42471</y2>
			<x3>38.869215</x3>
			<y3>394.92215899999997</y3>
			<x4>29.861489</x4>
			<y4>394.03429800000004</y4>
			<x5>22.390229</x5>
			<y5>401.240699</y5>
			<x6>22.559514</x6>
			<y6>415.8998</y6>
			<x7>22.632781</x7>
			<y7>416</y7>
			<x8>44.916067</x8>
			<y8>416</y8>
		</polygon>
	</object>
	<object>
		<name>greenapple</name>
		<pose>Unspecified</pose>
		<truncated>0</truncated>
		<difficult>0</difficult>
		<occluded>0</occluded>
		<bndbox>
			<xmin>179</xmin>
			<xmax>195</xmax>
			<ymin>241</ymin>
			<ymax>301</ymax>
		</bndbox>
		<polygon>
			<x1>178</x1>
			<y1>300.322647</y1>
			<x2>186.486333</x2>
			<y2>299.00337</y2>
			<x3>193.872951</x3>
			<y3>284.467419</y3>
			<x4>194.21261</x4>
			<y4>255.077933</y4>
			<x5>178</x5>
			<y5>239.895082</y5>
			<x6>178</x6>
			<y6>300.322647</y6>
		</polygon>
	</object>
	<object>
		<name>redapple</name>
		<pose>Unspecified</pose>
		<truncated>0</truncated>
		<difficult>0</difficult>
		<occluded>0</occluded>
		<bndbox>
			<xmin>278</xmin>
			<xmax>327</xmax>
			<ymin>198</ymin>
			<ymax>273</ymax>
		</bndbox>
		<polygon>
			<x1>278.377592</x1>
			<y1>207.704994</y1>
			<x2>276.512184</x2>
			<y2>222.577949</y2>
			<x3>279.77583300000003</x3>
			<y3>240.581042</y3>
			<x4>294.940135</x4>
			<y4>267.42368899999997</y4>
			<x5>303.651066</x5>
			<y5>272.011968</y5>
			<x6>319.059668</x6>
			<y6>268.55784800000004</y6>
			<x7>326.36164299999996</x7>
			<y7>246.692346</y7>
			<x8>323.70229900000004</x8>
			<y8>214.866151</y8>
			<x9>312.978106</x9>
			<y9>197.647193</y9>
			<x10>295.058013</x10>
			<y10>196.778753</y10>
			<x11>284.39703099999997</x11>
			<y11>199.733879</y11>
			<x12>278.377592</x12>
			<y12>207.704994</y12>
		</polygon>
	</object>
	<object>
		<name>capsicum</name>
		<pose>Unspecified</pose>
		<truncated>0</truncated>
		<difficult>0</difficult>
		<occluded>0</occluded>
		<bndbox>
			<xmin>287</xmin>
			<xmax>309</xmax>
			<ymin>342</ymin>
			<ymax>378</ymax>
		</bndbox>
		<polygon>
			<x1>304.931429</x1>
			<y1>375.532953</y1>
			<x2>307.761146</x2>
			<y2>363.310561</y2>
			<x3>306.532191</x3>
			<y3>345.093614</y3>
			<x4>298.59485</x4>
			<y4>341.34133299999996</y4>
			<x5>288.029227</x5>
			<y5>345.20374200000003</y5>
			<x6>285.793098</x6>
			<y6>350.025297</y6>
			<x7>288.283156</x7>
			<y7>367.19239300000004</y7>
			<x8>295.531549</x8>
			<y8>377.438225</y8>
			<x9>304.931429</x9>
			<y9>375.532953</y9>
		</polygon>
	</object>
</annotation>
