<annotation>
	<folder></folder>
	<filename>image_80_png.rf.d138c16bbe8b62b80c75e4dbe901ed6b.jpg</filename>
	<path>image_80_png.rf.d138c16bbe8b62b80c75e4dbe901ed6b.jpg</path>
	<source>
		<database>roboflow.ai</database>
	</source>
	<size>
		<width>416</width>
		<height>416</height>
		<depth>3</depth>
	</size>
	<segmented>0</segmented>
	<object>
		<name>redapple</name>
		<pose>Unspecified</pose>
		<truncated>0</truncated>
		<difficult>0</difficult>
		<occluded>0</occluded>
		<bndbox>
			<xmin>108</xmin>
			<xmax>158</xmax>
			<ymin>61</ymin>
			<ymax>139</ymax>
		</bndbox>
		<polygon>
			<x1>127.609841</x1>
			<y1>60.453821</y1>
			<x2>116.118975</x2>
			<y2>63.593601</y2>
			<x3>110.239714</x3>
			<y3>71.101604</y3>
			<x4>107.214013</x4>
			<y4>82.161305</y4>
			<x5>107.818938</x5>
			<y5>99.484079</y5>
			<x6>112.449497</x6>
			<y6>114.840602</y6>
			<x7>124.022926</x7>
			<y7>133.606022</y7>
			<x8>139.857807</x8>
			<y8>137.617239</y8>
			<x9>148.590628</x9>
			<y9>133.660935</y9>
			<x10>154.928574</x10>
			<y10>119.747057</y10>
			<x11>157.126483</x11>
			<y11>84.982507</y11>
			<x12>152.559601</x12>
			<y12>71.449435</y12>
			<x13>146.107253</x13>
			<y13>62.546387</y13>
			<x14>127.609841</x14>
			<y14>60.453821</y14>
		</polygon>
	</object>
	<object>
		<name>redapple</name>
		<pose>Unspecified</pose>
		<truncated>0</truncated>
		<difficult>0</difficult>
		<occluded>0</occluded>
		<bndbox>
			<xmin>328</xmin>
			<xmax>401</xmax>
			<ymin>375</ymin>
			<ymax>417</ymax>
		</bndbox>
		<polygon>
			<x1>400.03157799999997</x1>
			<y1>416</y1>
			<x2>397.33574</x2>
			<y2>403.290716</y2>
			<x3>378.10605</x3>
			<y3>380.228476</y3>
			<x4>364.25214800000003</x4>
			<y4>374.322407</y4>
			<x5>347.863067</x5>
			<y5>373.981889</y5>
			<x6>336.531392</x6>
			<y6>381.680295</y6>
			<x7>330.84316</x7>
			<y7>394.658647</y7>
			<x8>327.35839799999997</x8>
			<y8>416</y8>
			<x9>400.03157799999997</x9>
			<y9>416</y9>
		</polygon>
	</object>
</annotation>
