<annotation>
	<folder></folder>
	<filename>image_85_png.rf.4ea3e6f4352d982692f1747ec6e3e8e2.jpg</filename>
	<path>image_85_png.rf.4ea3e6f4352d982692f1747ec6e3e8e2.jpg</path>
	<source>
		<database>roboflow.ai</database>
	</source>
	<size>
		<width>416</width>
		<height>416</height>
		<depth>3</depth>
	</size>
	<segmented>0</segmented>
	<object>
		<name>mango</name>
		<pose>Unspecified</pose>
		<truncated>0</truncated>
		<difficult>0</difficult>
		<occluded>0</occluded>
		<bndbox>
			<xmin>1</xmin>
			<xmax>33</xmax>
			<ymin>175</ymin>
			<ymax>236</ymax>
		</bndbox>
		<polygon>
			<x1>0</x1>
			<y1>234.19048</y1>
			<x2>11.828893</x2>
			<y2>235.015422</y2>
			<x3>20.181348</x3>
			<y3>231.792021</y3>
			<x4>25.784863</x4>
			<y4>227.001283</y4>
			<x5>31.555236</x5>
			<y5>215.160636</y5>
			<x6>29.779831</x6>
			<y6>189.771158</y6>
			<x7>15.545366</x7>
			<y7>174.930485</y7>
			<x8>0</x8>
			<y8>173.883433</y8>
			<x9>0</x9>
			<y9>234.19048</y9>
		</polygon>
	</object>
	<object>
		<name>redapple</name>
		<pose>Unspecified</pose>
		<truncated>0</truncated>
		<difficult>0</difficult>
		<occluded>0</occluded>
		<bndbox>
			<xmin>309</xmin>
			<xmax>358</xmax>
			<ymin>51</ymin>
			<ymax>125</ymax>
		</bndbox>
		<polygon>
			<x1>329.159933</x1>
			<y1>50.08291</y1>
			<x2>312.51624400000003</x2>
			<y2>57.405212</y2>
			<x3>308.593302</x3>
			<y3>67.357112</y3>
			<x4>308.259588</x4>
			<y4>81.456932</y4>
			<x5>312.049282</x5>
			<y5>97.907755</y5>
			<x6>323.36795</x6>
			<y6>118.231002</y6>
			<x7>338.960078</x7>
			<y7>124.178936</y7>
			<x8>347.969158</x8>
			<y8>120.90962</y8>
			<x9>352.732387</x9>
			<y9>113.538301</y9>
			<x10>356.699744</x10>
			<y10>94.785491</y10>
			<x11>355.108001</x11>
			<y11>72.02251</y11>
			<x12>350.24994200000003</x12>
			<y12>59.165515</y12>
			<x13>344.507179</x13>
			<y13>52.528846</y13>
			<x14>329.159933</x14>
			<y14>50.08291</y14>
		</polygon>
	</object>
	<object>
		<name>orange</name>
		<pose>Unspecified</pose>
		<truncated>0</truncated>
		<difficult>0</difficult>
		<occluded>0</occluded>
		<bndbox>
			<xmin>105</xmin>
			<xmax>162</xmax>
			<ymin>274</ymin>
			<ymax>350</ymax>
		</bndbox>
		<polygon>
			<x1>141.601202</x1>
			<y1>273.128131</y1>
			<x2>127.094244</x2>
			<y2>273.262775</y2>
			<x3>113.077053</x3>
			<y3>280.401414</y3>
			<x4>108.313824</x4>
			<y4>287.772733</y4>
			<x5>104.224025</x5>
			<y5>304.774545</y5>
			<x6>106.105067</x6>
			<y6>322.238615</y6>
			<x7>109.404994</x7>
			<y7>331.685443</y7>
			<x8>118.859424</x8>
			<y8>344.221029</y8>
			<x9>129.076117</x9>
			<y9>348.78529000000003</y9>
			<x10>145.491727</x10>
			<y10>347.637398</y10>
			<x11>153.66052</x11>
			<y11>341.787499</y11>
			<x12>161.094662</x12>
			<y12>325.431609</y12>
			<x13>160.448843</x13>
			<y13>297.323801</y13>
			<x14>154.140187</x14>
			<y14>281.664543</y14>
			<x15>141.601202</x15>
			<y15>273.128131</y15>
		</polygon>
	</object>
	<object>
		<name>greenapple</name>
		<pose>Unspecified</pose>
		<truncated>0</truncated>
		<difficult>0</difficult>
		<occluded>0</occluded>
		<bndbox>
			<xmin>196</xmin>
			<xmax>225</xmax>
			<ymin>238</ymin>
			<ymax>257</ymax>
		</bndbox>
		<polygon>
			<x1>195</x1>
			<y1>237</y1>
			<x2>195</x2>
			<y2>253.945428</y2>
			<x3>198.596516</x3>
			<y3>255.795247</y3>
			<x4>217.516184</x4>
			<y4>252.712695</y4>
			<x5>223.88196</x5>
			<y5>239.950633</y5>
			<x6>224.020276</x6>
			<y6>237</y6>
			<x7>195</x7>
			<y7>237</y7>
		</polygon>
	</object>
	<object>
		<name>orange</name>
		<pose>Unspecified</pose>
		<truncated>0</truncated>
		<difficult>0</difficult>
		<occluded>0</occluded>
		<bndbox>
			<xmin>306</xmin>
			<xmax>332</xmax>
			<ymin>311</ymin>
			<ymax>343</ymax>
		</bndbox>
		<polygon>
			<x1>329.416027</x1>
			<y1>333.745699</y1>
			<x2>330.59002799999996</x2>
			<y2>322.226461</y2>
			<x3>324.541161</x3>
			<y3>311.21229700000004</y3>
			<x4>315.225977</x4>
			<y4>310.104117</y4>
			<x5>306.46178199999997</x5>
			<y5>316.875431</y5>
			<x6>305.410221</x6>
			<y6>330.145666</y6>
			<x7>312.772337</x7>
			<y7>341.068</y7>
			<x8>322.08752</x8>
			<y8>342.17618</y8>
			<x9>329.416027</x9>
			<y9>333.745699</y9>
		</polygon>
	</object>
</annotation>
