<annotation>
	<folder></folder>
	<filename>image_104_png.rf.aa4f0c1965bb0e39a7361e61d5cb5144.jpg</filename>
	<path>image_104_png.rf.aa4f0c1965bb0e39a7361e61d5cb5144.jpg</path>
	<source>
		<database>roboflow.ai</database>
	</source>
	<size>
		<width>416</width>
		<height>416</height>
		<depth>3</depth>
	</size>
	<segmented>0</segmented>
	<object>
		<name>redapple</name>
		<pose>Unspecified</pose>
		<truncated>0</truncated>
		<difficult>0</difficult>
		<occluded>0</occluded>
		<bndbox>
			<xmin>225</xmin>
			<xmax>272</xmax>
			<ymin>37</ymin>
			<ymax>112</ymax>
		</bndbox>
		<polygon>
			<x1>234.58803899999998</x1>
			<y1>37.83055</y1>
			<x2>227.632135</x2>
			<y2>44.764431</y2>
			<x3>223.77871299999998</x3>
			<y3>58.983437</y3>
			<x4>224.494046</x4>
			<y4>76.950382</y4>
			<x5>234.95487400000002</x5>
			<y5>104.228628</y5>
			<x6>244.123675</x6>
			<y6>110.828497</y6>
			<x7>258.267993</x7>
			<y7>109.528231</y7>
			<x8>264.58462599999996</x8>
			<y8>101.674928</y8>
			<x9>269.810456</x9>
			<y9>86.606749</y9>
			<x10>270.81171</x10>
			<y10>57.934571</y10>
			<x11>262.720228</x11>
			<y11>39.710046</y11>
			<x12>245.379561</x12>
			<y12>36.413202</y12>
			<x13>234.58803899999998</x13>
			<y13>37.83055</y13>
		</polygon>
	</object>
	<object>
		<name>capsicum</name>
		<pose>Unspecified</pose>
		<truncated>0</truncated>
		<difficult>0</difficult>
		<occluded>0</occluded>
		<bndbox>
			<xmin>358</xmin>
			<xmax>381</xmax>
			<ymin>184</ymin>
			<ymax>200</ymax>
		</bndbox>
		<polygon>
			<x1>378.722647</x1>
			<y1>199</y1>
			<x2>379.755694</x2>
			<y2>187.332728</y2>
			<x3>373.877109</x3>
			<y3>182.641953</y3>
			<x4>361.68189</x4>
			<y4>185.80448</y4>
			<x5>357.43951100000004</x5>
			<y5>191.93602</y5>
			<x6>358.109195</x6>
			<y6>199</y6>
			<x7>378.722647</x7>
			<y7>199</y7>
		</polygon>
	</object>
	<object>
		<name>mango</name>
		<pose>Unspecified</pose>
		<truncated>0</truncated>
		<difficult>0</difficult>
		<occluded>0</occluded>
		<bndbox>
			<xmin>94</xmin>
			<xmax>121</xmax>
			<ymin>203</ymin>
			<ymax>239</ymax>
		</bndbox>
		<polygon>
			<x1>120.444546</x1>
			<y1>228.585361</y1>
			<x2>119.635344</x2>
			<y2>213.306434</y2>
			<x3>113.242646</x3>
			<y3>204.112213</y3>
			<x4>103.246839</x4>
			<y4>201.968956</y4>
			<x5>94.279259</x5>
			<y5>208.832587</y5>
			<x6>93.108073</x6>
			<y6>223.145259</y6>
			<x7>102.69712</x7>
			<y7>236.936589</y7>
			<x8>113.394775</x8>
			<y8>238.207258</y8>
			<x9>120.444546</x9>
			<y9>228.585361</y9>
		</polygon>
	</object>
	<object>
		<name>redapple</name>
		<pose>Unspecified</pose>
		<truncated>0</truncated>
		<difficult>0</difficult>
		<occluded>0</occluded>
		<bndbox>
			<xmin>129</xmin>
			<xmax>197</xmax>
			<ymin>200</ymin>
			<ymax>258</ymax>
		</bndbox>
		<polygon>
			<x1>131.227569</x1>
			<y1>199</y1>
			<x2>128</x2>
			<y2>211.477648</y2>
			<x3>128</x3>
			<y3>233.691132</y3>
			<x4>129.362508</x4>
			<y4>238.665164</y4>
			<x5>140.323963</x5>
			<y5>251.607321</y5>
			<x6>147.574955</x6>
			<y6>255.448924</y6>
			<x7>167.660436</x7>
			<y7>257.047423</y7>
			<x8>183.941587</x8>
			<y8>252.233384</y8>
			<x9>188.854525</x9>
			<y9>246.12526</y9>
			<x10>196.404924</x10>
			<y10>222.167274</y10>
			<x11>194.956452</x11>
			<y11>205.968925</y11>
			<x12>190.696182</x12>
			<y12>199</y12>
			<x13>131.227569</x13>
			<y13>199</y13>
		</polygon>
	</object>
	<object>
		<name>greenapple</name>
		<pose>Unspecified</pose>
		<truncated>0</truncated>
		<difficult>0</difficult>
		<occluded>0</occluded>
		<bndbox>
			<xmin>260</xmin>
			<xmax>284</xmax>
			<ymin>317</ymin>
			<ymax>348</ymax>
		</bndbox>
		<polygon>
			<x1>281.615542</x1>
			<y1>339.074368</y1>
			<x2>282.661572</x2>
			<y2>328.34571700000004</y2>
			<x3>278.280551</x3>
			<y3>319.221746</y3>
			<x4>268.98659299999997</x4>
			<y4>316.2059</y4>
			<x5>260.689571</x5>
			<y5>323.092946</y5>
			<x6>258.87911399999996</x6>
			<y6>336.486197</y6>
			<x7>265.91108199999996</x7>
			<y7>346.599839</y7>
			<x8>275.298909</x8>
			<y8>346.92766900000004</y8>
			<x9>281.615542</x9>
			<y9>339.074368</y9>
		</polygon>
	</object>
</annotation>
