<annotation>
	<folder></folder>
	<filename>image_75_png.rf.c68f2fb84cc6d86e9e2c1dcd0215ca71.jpg</filename>
	<path>image_75_png.rf.c68f2fb84cc6d86e9e2c1dcd0215ca71.jpg</path>
	<source>
		<database>roboflow.ai</database>
	</source>
	<size>
		<width>416</width>
		<height>416</height>
		<depth>3</depth>
	</size>
	<segmented>0</segmented>
	<object>
		<name>mango</name>
		<pose>Unspecified</pose>
		<truncated>0</truncated>
		<difficult>0</difficult>
		<occluded>0</occluded>
		<bndbox>
			<xmin>59</xmin>
			<xmax>116</xmax>
			<ymin>71</ymin>
			<ymax>135</ymax>
		</bndbox>
		<polygon>
			<x1>88.23335</x1>
			<y1>69.632486</y1>
			<x2>75.579994</x2>
			<y2>72.143755</y2>
			<x3>67.368566</x3>
			<y3>79.539924</y3>
			<x4>61.15643</x4>
			<y4>90.267625</y4>
			<x5>58.498472</x5>
			<y5>106.603237</y5>
			<x6>62.721905</x6>
			<y6>120.877167</y6>
			<x7>68.718721</x7>
			<y7>128.038447</y7>
			<x8>78.710944</x8>
			<y8>133.36284</y8>
			<x9>91.365359</x9>
			<y9>133.684888</y9>
			<x10>104.682676</x10>
			<y10>125.673058</y10>
			<x11>110.00812</x11>
			<y11>118.501683</y11>
			<x12>115.106598</x12>
			<y12>98.052807</y12>
			<x13>106.440177</x13>
			<y13>76.060659</y13>
			<x14>88.23335</x14>
			<y14>69.632486</y14>
		</polygon>
	</object>
	<object>
		<name>orange</name>
		<pose>Unspecified</pose>
		<truncated>0</truncated>
		<difficult>0</difficult>
		<occluded>0</occluded>
		<bndbox>
			<xmin>1</xmin>
			<xmax>23</xmax>
			<ymin>305</ymin>
			<ymax>377</ymax>
		</bndbox>
		<polygon>
			<x1>0</x1>
			<y1>376.387271</y1>
			<x2>9.761194</x2>
			<y2>370.07752600000003</y2>
			<x3>15.973331</x3>
			<y3>359.349826</y3>
			<x4>21.960618</x4>
			<y4>341.011256</y4>
			<x5>22.400787</x5>
			<y5>330.733144</y5>
			<x6>20.842723</x6>
			<y6>319.956816</y6>
			<x7>14.844848</x7>
			<y7>309.962221</y7>
			<x8>0</x8>
			<y8>304.22431</y8>
			<x9>0</x9>
			<y9>376.387271</y9>
		</polygon>
	</object>
	<object>
		<name>mango</name>
		<pose>Unspecified</pose>
		<truncated>0</truncated>
		<difficult>0</difficult>
		<occluded>0</occluded>
		<bndbox>
			<xmin>288</xmin>
			<xmax>417</xmax>
			<ymin>233</ymin>
			<ymax>388</ymax>
		</bndbox>
		<polygon>
			<x1>416</x1>
			<y1>232</y1>
			<x2>309.951738</x2>
			<y2>232</y2>
			<x3>291.261739</x3>
			<y3>239.02869</y3>
			<x4>287</x4>
			<y4>242.499574</y4>
			<x5>287</x5>
			<y5>348.34101699999997</y5>
			<x6>294.857212</x6>
			<y6>355.135941</y6>
			<x7>316.173812</x7>
			<y7>366.116872</y7>
			<x8>375.011372</x8>
			<y8>382.675425</y8>
			<x9>409.423617</x9>
			<y9>386.53360699999996</y9>
			<x10>416</x10>
			<y10>385.85409100000004</y10>
			<x11>416</x11>
			<y11>232</y11>
		</polygon>
	</object>
</annotation>
