<annotation>
	<folder></folder>
	<filename>image_138_png.rf.ae639e7850407232ad9f7378a09f5535.jpg</filename>
	<path>image_138_png.rf.ae639e7850407232ad9f7378a09f5535.jpg</path>
	<source>
		<database>roboflow.ai</database>
	</source>
	<size>
		<width>416</width>
		<height>416</height>
		<depth>3</depth>
	</size>
	<segmented>0</segmented>
	<object>
		<name>redapple</name>
		<pose>Unspecified</pose>
		<truncated>0</truncated>
		<difficult>0</difficult>
		<occluded>0</occluded>
		<bndbox>
			<xmin>122</xmin>
			<xmax>192</xmax>
			<ymin>162</ymin>
			<ymax>254</ymax>
		</bndbox>
		<polygon>
			<x1>191</x1>
			<y1>207.596382</y1>
			<x2>178.587138</x2>
			<y2>174.167984</y2>
			<x3>165.529434</x3>
			<y3>162.961552</y3>
			<x4>154.785951</x4>
			<y4>160.677954</y4>
			<x5>147.309238</x5>
			<y5>162.83581</y5>
			<x6>125.669241</x6>
			<y6>185.402424</y6>
			<x7>121.378095</x7>
			<y7>202.288947</y7>
			<x8>123.320668</x8>
			<y8>219.563718</y8>
			<x9>129.482555</x9>
			<y9>236.798562</y9>
			<x10>141.678281</x10>
			<y10>248.758545</y10>
			<x11>158.119571</x11>
			<y11>253</y11>
			<x12>167.387093</x12>
			<y12>253</y12>
			<x13>177.737656</x13>
			<y13>250.802581</y13>
			<x14>191</x14>
			<y14>230.013165</y14>
			<x15>191</x15>
			<y15>207.596382</y15>
		</polygon>
	</object>
	<object>
		<name>capsicum</name>
		<pose>Unspecified</pose>
		<truncated>0</truncated>
		<difficult>0</difficult>
		<occluded>0</occluded>
		<bndbox>
			<xmin>13</xmin>
			<xmax>49</xmax>
			<ymin>1</ymin>
			<ymax>32</ymax>
		</bndbox>
		<polygon>
			<x1>13.329239</x1>
			<y1>0</y1>
			<x2>12.447295</x2>
			<y2>4.895727</y2>
			<x3>15.451723</x3>
			<y3>27.080053</y3>
			<x4>30.033502</x4>
			<y4>31.116277</y4>
			<x5>36.738809</x5>
			<y5>25.984142</y5>
			<x6>43.625256</x6>
			<y6>13.396347</y6>
			<x7>47.756017</x7>
			<y7>0</y7>
			<x8>13.329239</x8>
			<y8>0</y8>
		</polygon>
	</object>
	<object>
		<name>mango</name>
		<pose>Unspecified</pose>
		<truncated>0</truncated>
		<difficult>0</difficult>
		<occluded>0</occluded>
		<bndbox>
			<xmin>135</xmin>
			<xmax>165</xmax>
			<ymin>5</ymin>
			<ymax>45</ymax>
		</bndbox>
		<polygon>
			<x1>161.222667</x1>
			<y1>34.645368</y1>
			<x2>164.270817</x2>
			<y2>20.304948</y2>
			<x3>159.651743</x3>
			<y3>9.018661</y3>
			<x4>150.151256</x4>
			<y4>4.18896</y4>
			<x5>138.555167</x5>
			<y5>9.218297</y5>
			<x6>134.254651</x6>
			<y6>19.545437</y6>
			<x7>139.745071</x7>
			<y7>36.637556</y7>
			<x8>150.207474</x8>
			<y8>43.545259</y8>
			<x9>161.222667</x9>
			<y9>34.645368</y9>
		</polygon>
	</object>
	<object>
		<name>capsicum</name>
		<pose>Unspecified</pose>
		<truncated>0</truncated>
		<difficult>0</difficult>
		<occluded>0</occluded>
		<bndbox>
			<xmin>331</xmin>
			<xmax>357</xmax>
			<ymin>207</ymin>
			<ymax>247</ymax>
		</bndbox>
		<polygon>
			<x1>329.673546</x1>
			<y1>223.726942</y1>
			<x2>329.982734</x2>
			<y2>238.780986</y2>
			<x3>338.911693</x3>
			<y3>246.299516</y3>
			<x4>349.92688499999997</x4>
			<y4>237.399624</y4>
			<x5>355.65153599999996</x5>
			<y5>217.070722</y5>
			<x6>352.765786</x6>
			<y6>210.836715</y6>
			<x7>345.18913299999997</x7>
			<y7>210.163018</y7>
			<x8>345.27970300000004</x8>
			<y8>206.435187</y8>
			<x9>343.17473</x9>
			<y9>209.734843</y9>
			<x10>332.821635</x10>
			<y10>212.218076</y10>
			<x11>329.673546</x11>
			<y11>223.726942</y11>
		</polygon>
	</object>
	<object>
		<name>mango</name>
		<pose>Unspecified</pose>
		<truncated>0</truncated>
		<difficult>0</difficult>
		<occluded>0</occluded>
		<bndbox>
			<xmin>1</xmin>
			<xmax>55</xmax>
			<ymin>380</ymin>
			<ymax>417</ymax>
		</bndbox>
		<polygon>
			<x1>0</x1>
			<y1>416</y1>
			<x2>53.225423</x2>
			<y2>416</y2>
			<x3>54.044278</x3>
			<y3>407.377953</y3>
			<x4>48.844307</x4>
			<y4>392.22111</y4>
			<x5>42.791728</x5>
			<y5>384.377204</y5>
			<x6>24.371653</x6>
			<y6>378.588355</y6>
			<x7>11.623137</x7>
			<y7>382.435966</y7>
			<x8>3.484324</x8>
			<y8>391.010482</y8>
			<x9>0</x9>
			<y9>404.143106</y9>
			<x10>0</x10>
			<y10>416</y10>
		</polygon>
	</object>
	<object>
		<name>capsicum</name>
		<pose>Unspecified</pose>
		<truncated>0</truncated>
		<difficult>0</difficult>
		<occluded>0</occluded>
		<bndbox>
			<xmin>169</xmin>
			<xmax>192</xmax>
			<ymin>378</ymin>
			<ymax>417</ymax>
		</bndbox>
		<polygon>
			<x1>191</x1>
			<y1>416</y1>
			<x2>191</x2>
			<y2>377.481446</y2>
			<x3>190.939354</x3>
			<y3>377.459375</y3>
			<x4>173.971523</x4>
			<y4>381.346912</y4>
			<x5>167.775283</x5>
			<y5>407.196197</y5>
			<x6>169.096569</x6>
			<y6>416</y6>
			<x7>191</x7>
			<y7>416</y7>
		</polygon>
	</object>
	<object>
		<name>greenapple</name>
		<pose>Unspecified</pose>
		<truncated>0</truncated>
		<difficult>0</difficult>
		<occluded>0</occluded>
		<bndbox>
			<xmin>62</xmin>
			<xmax>113</xmax>
			<ymin>254</ymin>
			<ymax>296</ymax>
		</bndbox>
		<polygon>
			<x1>67.124081</x1>
			<y1>253</y1>
			<x2>60.662133</x2>
			<y2>273.889707</y2>
			<x3>65.090696</x3>
			<y3>286.07227</y3>
			<x4>71.524294</x4>
			<y4>292.123625</y4>
			<x5>89.84443</x5>
			<y5>295.080919</y5>
			<x6>98.75465</x6>
			<y6>289.480683</y6>
			<x7>105.450587</x7>
			<y7>277.789165</y7>
			<x8>111.937276</x8>
			<y8>253.875157</y8>
			<x9>111.43895</x9>
			<y9>253</y9>
			<x10>67.124081</x10>
			<y10>253</y10>
		</polygon>
	</object>
	<object>
		<name>redapple</name>
		<pose>Unspecified</pose>
		<truncated>0</truncated>
		<difficult>0</difficult>
		<occluded>0</occluded>
		<bndbox>
			<xmin>319</xmin>
			<xmax>394</xmax>
			<ymin>254</ymin>
			<ymax>302</ymax>
		</bndbox>
		<polygon>
			<x1>320.102506</x1>
			<y1>253</y1>
			<x2>318.068209</x2>
			<y2>260.056704</y2>
			<x3>319.720333</x3>
			<y3>275.396198</y3>
			<x4>330.292046</x4>
			<y4>291.694838</y4>
			<x5>338.259087</x5>
			<y5>297.135366</y5>
			<x6>355.04577800000004</x6>
			<y6>300.703488</y6>
			<x7>374.699481</x7>
			<y7>297.386849</y7>
			<x8>383.600331</x8>
			<y8>285.227229</y8>
			<x9>392.77289099999996</x9>
			<y9>261.884121</y9>
			<x10>390.46871</x10>
			<y10>253</y10>
			<x11>320.102506</x11>
			<y11>253</y11>
		</polygon>
	</object>
</annotation>
