<annotation>
	<folder></folder>
	<filename>image_117_png.rf.61dd8eb430ff264086b4933b9456fc8e.jpg</filename>
	<path>image_117_png.rf.61dd8eb430ff264086b4933b9456fc8e.jpg</path>
	<source>
		<database>roboflow.ai</database>
	</source>
	<size>
		<width>416</width>
		<height>416</height>
		<depth>3</depth>
	</size>
	<segmented>0</segmented>
	<object>
		<name>greenapple</name>
		<pose>Unspecified</pose>
		<truncated>0</truncated>
		<difficult>0</difficult>
		<occluded>0</occluded>
		<bndbox>
			<xmin>93</xmin>
			<xmax>117</xmax>
			<ymin>34</ymin>
			<ymax>64</ymax>
		</bndbox>
		<polygon>
			<x1>116.312596</x1>
			<y1>53.493227</y1>
			<x2>114.731403</x2>
			<y2>42.242451</y2>
			<x3>107.442336</x3>
			<y3>32.676402</y3>
			<x4>98.900314</x4>
			<y4>32.994366</y4>
			<x5>91.696224</x5>
			<y5>42.832219</y5>
			<x6>93.399047</x6>
			<y6>54.94844</y6>
			<x7>99.79713</x7>
			<y7>62.874632</y7>
			<x8>110.930043</x8>
			<y8>62.192542</y8>
			<x9>116.312596</x9>
			<y9>53.493227</y9>
		</polygon>
	</object>
	<object>
		<name>redapple</name>
		<pose>Unspecified</pose>
		<truncated>0</truncated>
		<difficult>0</difficult>
		<occluded>0</occluded>
		<bndbox>
			<xmin>148</xmin>
			<xmax>184</xmax>
			<ymin>181</ymin>
			<ymax>254</ymax>
		</bndbox>
		<polygon>
			<x1>183</x1>
			<y1>181.042287</y1>
			<x2>182.589668</x2>
			<y2>180.585985</y2>
			<x3>164.736268</x3>
			<y3>180.447501</y3>
			<x4>154.089876</x4>
			<y4>184.59137</y4>
			<x5>149.233417</x5>
			<y5>192.334208</y5>
			<x6>147.454367</x6>
			<y6>203.174697</y6>
			<x7>149.765343</x7>
			<y7>219.618141</y7>
			<x8>155.719392</x8>
			<y8>233.784505</y8>
			<x9>168.637188</x9>
			<y9>250.50233400000002</y9>
			<x10>183</x10>
			<y10>252.571196</y10>
			<x11>183</x11>
			<y11>181.042287</y11>
		</polygon>
	</object>
	<object>
		<name>redapple</name>
		<pose>Unspecified</pose>
		<truncated>0</truncated>
		<difficult>0</difficult>
		<occluded>0</occluded>
		<bndbox>
			<xmin>197</xmin>
			<xmax>247</xmax>
			<ymin>204</ymin>
			<ymax>277</ymax>
		</bndbox>
		<polygon>
			<x1>212.245281</x1>
			<y1>203.793679</y1>
			<x2>202.246613</x2>
			<y2>207.846515</y2>
			<x3>196.98569</x3>
			<y3>217.411273</y3>
			<x4>195.854363</x4>
			<y4>228.160732</y4>
			<x5>199.056321</x5>
			<y5>246.244032</y5>
			<x6>205.536463</x6>
			<y6>259.45392200000003</y6>
			<x7>215.90294</x7>
			<y7>272.117622</y7>
			<x8>225.053115</x8>
			<y8>276.12687900000003</y8>
			<x9>237.764305</x9>
			<y9>272.575361</y9>
			<x10>242.620765</x10>
			<y10>264.83252400000003</y10>
			<x11>245.73483</x11>
			<y11>249.391718</y11>
			<x12>241.47777</x12>
			<y12>219.10116399999998</y12>
			<x13>229.329328</x13>
			<y13>203.15775</y13>
			<x14>212.245281</x14>
			<y14>203.793679</y14>
		</polygon>
	</object>
	<object>
		<name>orange</name>
		<pose>Unspecified</pose>
		<truncated>0</truncated>
		<difficult>0</difficult>
		<occluded>0</occluded>
		<bndbox>
			<xmin>381</xmin>
			<xmax>417</xmax>
			<ymin>360</ymin>
			<ymax>417</ymax>
		</bndbox>
		<polygon>
			<x1>416</x1>
			<y1>416</y1>
			<x2>416</x2>
			<y2>361.104051</y2>
			<x3>411.134011</x3>
			<y3>359.409674</y3>
			<x4>399.475006</x4>
			<y4>361.04823999999996</y4>
			<x5>388.424152</x5>
			<y5>367.014029</y5>
			<x6>381.58495300000004</x6>
			<y6>379.448215</y6>
			<x7>379.92753400000004</x7>
			<y7>391.15414799999996</y7>
			<x8>382.72503</x8>
			<y8>411.059369</y8>
			<x9>385.177463</x9>
			<y9>416</y9>
			<x10>416</x10>
			<y10>416</y10>
		</polygon>
	</object>
</annotation>
