<annotation>
	<folder></folder>
	<filename>image_5_png.rf.0c626d0ccdbf268a5b7b762fbf30cb59.jpg</filename>
	<path>image_5_png.rf.0c626d0ccdbf268a5b7b762fbf30cb59.jpg</path>
	<source>
		<database>roboflow.ai</database>
	</source>
	<size>
		<width>416</width>
		<height>416</height>
		<depth>3</depth>
	</size>
	<segmented>0</segmented>
	<object>
		<name>redapple</name>
		<pose>Unspecified</pose>
		<truncated>0</truncated>
		<difficult>0</difficult>
		<occluded>0</occluded>
		<bndbox>
			<xmin>1</xmin>
			<xmax>167</xmax>
			<ymin>1</ymin>
			<ymax>250</ymax>
		</bndbox>
		<polygon>
			<x1>69.699435</x1>
			<y1>0</y1>
			<x2>66.7997</x2>
			<y2>6.444101</y2>
			<x3>71.186334</x3>
			<y3>18.516441</y3>
			<x4>70.834572</x4>
			<y4>28.589596</y4>
			<x5>23.433133</x5>
			<y5>28.768018</y5>
			<x6>12.232477</x6>
			<y6>34.794889</y6>
			<x7>0</x7>
			<y7>48.625236</y7>
			<x8>0</x8>
			<y8>249</y8>
			<x9>153.520975</x9>
			<y9>249</y9>
			<x10>158.538247</x10>
			<y10>231.527338</y10>
			<x11>166.407556</x11>
			<y11>183.208662</y11>
			<x12>165.93382</x12>
			<y12>118.095195</y12>
			<x13>159.634422</x13>
			<y13>82.11775</y13>
			<x14>151.419291</x14>
			<y14>61.659993</y14>
			<x15>142.230304</x15>
			<y15>49.419952</y15>
			<x16>132.131417</x16>
			<y16>43.566143</y16>
			<x17>80.375322</x17>
			<y17>30.756483</y17>
			<x18>78.174752</x18>
			<y18>15.09305</y18>
			<x19>81.270717</x19>
			<y19>5.115724</y19>
			<x20>77.306192</x20>
			<y20>0</y20>
			<x21>69.699435</x21>
			<y21>0</y21>
		</polygon>
	</object>
	<object>
		<name>orange</name>
		<pose>Unspecified</pose>
		<truncated>0</truncated>
		<difficult>0</difficult>
		<occluded>0</occluded>
		<bndbox>
			<xmin>267</xmin>
			<xmax>326</xmax>
			<ymin>4</ymin>
			<ymax>83</ymax>
		</bndbox>
		<polygon>
			<x1>310.948078</x1>
			<y1>6.777526</y1>
			<x2>289.776449</x2>
			<y2>3.287622</y2>
			<x3>277.203693</x3>
			<y3>9.266578</y3>
			<x4>268.427454</x4>
			<y4>24.546693</y4>
			<x5>265.569843</x5>
			<y5>47.368355</y5>
			<x6>267.244253</x6>
			<y6>58.429124</y6>
			<x7>276.273349</x7>
			<y7>75.247873</y7>
			<x8>281.63383899999997</x8>
			<y8>79.102497</y8>
			<x9>293.886813</x9>
			<y9>82.280955</y9>
			<x10>307.703757</x10>
			<y10>80.012879</y10>
			<x11>316.94219699999996</x11>
			<y11>71.166911</y11>
			<x12>323.660284</x12>
			<y12>55.814925</y12>
			<x13>324.555679</x13>
			<y13>30.174166</y13>
			<x14>319.514973</x14>
			<y14>17.162128</y14>
			<x15>310.948078</x15>
			<y15>6.777526</y15>
		</polygon>
	</object>
	<object>
		<name>redapple</name>
		<pose>Unspecified</pose>
		<truncated>0</truncated>
		<difficult>0</difficult>
		<occluded>0</occluded>
		<bndbox>
			<xmin>390</xmin>
			<xmax>417</xmax>
			<ymin>123</ymin>
			<ymax>211</ymax>
		</bndbox>
		<polygon>
			<x1>416</x1>
			<y1>122.344192</y1>
			<x2>415.442689</x2>
			<y2>122.283245</y2>
			<x3>404.928083</x3>
			<y3>128.334073</y3>
			<x4>391.157622</x4>
			<y4>148.940934</y4>
			<x5>389.081995</x5>
			<y5>169.039329</y5>
			<x6>393.962809</x6>
			<y6>186.630075</y6>
			<x7>401.061668</x7>
			<y7>199.713986</y7>
			<x8>416</x8>
			<y8>209.709688</y8>
			<x9>416</x9>
			<y9>122.344192</y9>
		</polygon>
	</object>
</annotation>
