<annotation>
	<folder></folder>
	<filename>image_155_png.rf.24fc3fad677aa8e5e27d51cf90689ffd.jpg</filename>
	<path>image_155_png.rf.24fc3fad677aa8e5e27d51cf90689ffd.jpg</path>
	<source>
		<database>roboflow.ai</database>
	</source>
	<size>
		<width>416</width>
		<height>416</height>
		<depth>3</depth>
	</size>
	<segmented>0</segmented>
	<object>
		<name>mango</name>
		<pose>Unspecified</pose>
		<truncated>0</truncated>
		<difficult>0</difficult>
		<occluded>0</occluded>
		<bndbox>
			<xmin>51</xmin>
			<xmax>108</xmax>
			<ymin>30</ymin>
			<ymax>96</ymax>
		</bndbox>
		<polygon>
			<x1>79.83419</x1>
			<y1>29.399453</y1>
			<x2>69.359756</x2>
			<y2>30.667074</y2>
			<x3>58.677419</x3>
			<y3>38.298123</y3>
			<x4>53.25421</x4>
			<y4>47.581529</y4>
			<x5>49.768328</x5>
			<y5>62.616622</y5>
			<x6>50.95049</x6>
			<y6>73.741589</y6>
			<x7>56.970378</x7>
			<y7>84.633218</y7>
			<x8>69.425958</x8>
			<y8>93.689619</y8>
			<x9>78.176563</x9>
			<y9>94.919436</y9>
			<x10>96.389117</x10>
			<y10>87.433455</y10>
			<x11>106.518595</x11>
			<y11>64.199704</y11>
			<x12>104.915031</x12>
			<y12>51.189043</y12>
			<x13>95.485707</x13>
			<y13>35.252072</y13>
			<x14>79.83419</x14>
			<y14>29.399453</y14>
		</polygon>
	</object>
	<object>
		<name>greenapple</name>
		<pose>Unspecified</pose>
		<truncated>0</truncated>
		<difficult>0</difficult>
		<occluded>0</occluded>
		<bndbox>
			<xmin>184</xmin>
			<xmax>226</xmax>
			<ymin>43</ymin>
			<ymax>108</ymax>
		</bndbox>
		<polygon>
			<x1>183</x1>
			<y1>100.534824</y1>
			<x2>198.551541</x2>
			<y2>107.104181</y2>
			<x3>214.49300399999998</x3>
			<y3>101.12549</y3>
			<x4>225.459689</x4>
			<y4>67.050577</y4>
			<x5>218.049736</x5>
			<y5>51.39741</y5>
			<x6>202.22853800000001</x6>
			<y6>41.868003</y6>
			<x7>193.647614</x7>
			<y7>44.314974</y7>
			<x8>187.129879</x8>
			<y8>51.618084</y8>
			<x9>183</x9>
			<y9>62.891114</y9>
			<x10>183</x10>
			<y10>100.534824</y10>
		</polygon>
	</object>
	<object>
		<name>orange</name>
		<pose>Unspecified</pose>
		<truncated>0</truncated>
		<difficult>0</difficult>
		<occluded>0</occluded>
		<bndbox>
			<xmin>325</xmin>
			<xmax>384</xmax>
			<ymin>82</ymin>
			<ymax>159</ymax>
		</bndbox>
		<polygon>
			<x1>353.856577</x1>
			<y1>81.442641</y1>
			<x2>342.58316</x2>
			<y2>83.511207</y2>
			<x3>331.271518</x3>
			<y3>95.619991</y3>
			<x4>324.967282</x4>
			<y4>111.172225</y4>
			<x5>323.796311</x5>
			<y5>129.272362</y5>
			<x6>327.714787</x6>
			<y6>145.348069</y6>
			<x7>335.33264199999996</x7>
			<y7>154.637808</y7>
			<x8>360.911332</x8>
			<y8>158.232658</y8>
			<x9>373.317498</x9>
			<y9>148.104171</y9>
			<x10>378.992429</x10>
			<y10>137.029671</y10>
			<x11>382.768256</x11>
			<y11>110.163267</y11>
			<x12>379.14532199999996</x12>
			<y12>96.868803</y12>
			<x13>372.32645</x13>
			<y13>86.778119</y13>
			<x14>353.856577</x14>
			<y14>81.442641</y14>
		</polygon>
	</object>
	<object>
		<name>greenapple</name>
		<pose>Unspecified</pose>
		<truncated>0</truncated>
		<difficult>0</difficult>
		<occluded>0</occluded>
		<bndbox>
			<xmin>60</xmin>
			<xmax>184</xmax>
			<ymin>252</ymin>
			<ymax>417</ymax>
		</bndbox>
		<polygon>
			<x1>183</x1>
			<y1>416</y1>
			<x2>183</x2>
			<y2>278.060802</y2>
			<x3>161.700245</x3>
			<y3>272.309824</y3>
			<x4>161.235025</x4>
			<y4>265.851794</y4>
			<x5>165.903069</x5>
			<y5>261.941668</y5>
			<x6>166.909956</x6>
			<y6>254.777295</y6>
			<x7>162.575675</x7>
			<y7>251.428445</y7>
			<x8>158.712211</x8>
			<y8>269.150178</y8>
			<x9>154.84315</x9>
			<y9>272.259358</y9>
			<x10>113.27918</x10>
			<y10>270.07086400000003</y10>
			<x11>92.543811</x11>
			<y11>280.855229</y11>
			<x12>80.433186</x12>
			<y12>293.764958</y12>
			<x13>69.712627</x13>
			<y13>311.436224</y13>
			<x14>63.030808</x14>
			<y14>329.675099</y14>
			<x15>58.833579</x15>
			<y15>354.655807</y15>
			<x16>58.54923</x16>
			<y16>381.09967</y16>
			<x17>63.693688</x17>
			<y17>412.872679</y17>
			<x18>65.003392</x18>
			<y18>416</y18>
			<x19>183</x19>
			<y19>416</y19>
		</polygon>
	</object>
	<object>
		<name>mango</name>
		<pose>Unspecified</pose>
		<truncated>0</truncated>
		<difficult>0</difficult>
		<occluded>0</occluded>
		<bndbox>
			<xmin>188</xmin>
			<xmax>243</xmax>
			<ymin>275</ymin>
			<ymax>340</ymax>
		</bndbox>
		<polygon>
			<x1>213.342712</x1>
			<y1>273.821993</y1>
			<x2>201.144448</x2>
			<y2>277.587051</y2>
			<x3>192.1039</x3>
			<y3>288.188545</y3>
			<x4>187.14591</x4>
			<y4>303.929982</y4>
			<x5>187.233548</x5>
			<y5>313.074652</y5>
			<x6>191.108204</x6>
			<y6>324.578024</y6>
			<x7>200.74543</x7>
			<y7>334.151566</y7>
			<x8>213.830316</x8>
			<y8>338.730233</y8>
			<x9>225.902718</x9>
			<y9>335.860721</y9>
			<x10>237.887483</x10>
			<y10>323.84654</y10>
			<x11>241.0396</x11>
			<y11>316.070423</y11>
			<x12>242.21057100000002</x12>
			<y12>297.970284</y12>
			<x13>229.919075</x13>
			<y13>277.97812</y13>
			<x14>213.342712</x14>
			<y14>273.821993</y14>
		</polygon>
	</object>
	<object>
		<name>capsicum</name>
		<pose>Unspecified</pose>
		<truncated>0</truncated>
		<difficult>0</difficult>
		<occluded>0</occluded>
		<bndbox>
			<xmin>357</xmin>
			<xmax>393</xmax>
			<ymin>262</ymin>
			<ymax>316</ymax>
		</bndbox>
		<polygon>
			<x1>359.29022299999997</x1>
			<y1>309.85858</y1>
			<x2>365.518013</x2>
			<y2>314.38678</y2>
			<x3>375.740725</x3>
			<y3>314.910253</y3>
			<x4>381.207754</x4>
			<y4>310.199182</y4>
			<x5>389.361681</x5>
			<y5>291.253963</y5>
			<x6>391.753038</x6>
			<y6>274.23857499999997</y6>
			<x7>387.079397</x7>
			<y7>263.536148</y7>
			<x8>375.08903699999996</x8>
			<y8>260.937778</y8>
			<x9>359.820698</x9>
			<y9>267.01107</y9>
			<x10>355.875191</x10>
			<y10>290.200686</y10>
			<x11>359.29022299999997</x11>
			<y11>309.85858</y11>
		</polygon>
	</object>
</annotation>
