<annotation>
	<folder></folder>
	<filename>image_105_png.rf.bfcee57e1e12c4abc06fef043d4042b3.jpg</filename>
	<path>image_105_png.rf.bfcee57e1e12c4abc06fef043d4042b3.jpg</path>
	<source>
		<database>roboflow.ai</database>
	</source>
	<size>
		<width>416</width>
		<height>416</height>
		<depth>3</depth>
	</size>
	<segmented>0</segmented>
	<object>
		<name>orange</name>
		<pose>Unspecified</pose>
		<truncated>0</truncated>
		<difficult>0</difficult>
		<occluded>0</occluded>
		<bndbox>
			<xmin>14</xmin>
			<xmax>67</xmax>
			<ymin>1</ymin>
			<ymax>27</ymax>
		</bndbox>
		<polygon>
			<x1>13.114739</x1>
			<y1>0</y1>
			<x2>12.998792</x2>
			<y2>1.74208</y2>
			<x3>16.728998</x3>
			<y3>12.821797</y3>
			<x4>25.278669</x4>
			<y4>22.530935</y4>
			<x5>40.447161</x5>
			<y5>25.650234</y5>
			<x6>50.008288</x6>
			<y6>23.798382</y6>
			<x7>59.447779</x7>
			<y7>15.663092</y7>
			<x8>64.301217</x8>
			<y8>6.230461</y8>
			<x9>66.152451</x9>
			<y9>0</y9>
			<x10>13.114739</x10>
			<y10>0</y10>
		</polygon>
	</object>
	<object>
		<name>capsicum</name>
		<pose>Unspecified</pose>
		<truncated>0</truncated>
		<difficult>0</difficult>
		<occluded>0</occluded>
		<bndbox>
			<xmin>129</xmin>
			<xmax>163</xmax>
			<ymin>60</ymin>
			<ymax>118</ymax>
		</bndbox>
		<polygon>
			<x1>130.612127</x1>
			<y1>69.3832</y1>
			<x2>128.000755</x2>
			<y2>91.557581</y2>
			<x3>130.00941</x3>
			<y3>106.96725</y3>
			<x4>134.050833</x4>
			<y4>114.48974</y4>
			<x5>147.964599</x5>
			<y5>116.603151</y5>
			<x6>157.360258</x6>
			<y6>101.295116</y6>
			<x7>161.693182</x7>
			<y7>74.790782</y7>
			<x8>159.062095</x8>
			<y8>66.495567</y8>
			<x9>147.302732</x9>
			<y9>62.778414</y9>
			<x10>144.948888</x10>
			<y10>58.988024</y10>
			<x11>142.483267</x11>
			<y11>64.148993</y11>
			<x12>130.612127</x12>
			<y12>69.3832</y12>
		</polygon>
	</object>
	<object>
		<name>redapple</name>
		<pose>Unspecified</pose>
		<truncated>0</truncated>
		<difficult>0</difficult>
		<occluded>0</occluded>
		<bndbox>
			<xmin>112</xmin>
			<xmax>184</xmax>
			<ymin>216</ymin>
			<ymax>300</ymax>
		</bndbox>
		<polygon>
			<x1>139.99459</x1>
			<y1>215.374502</y1>
			<x2>128.279059</x2>
			<y2>218.830095</y2>
			<x3>117.39526</x3>
			<y3>235.800163</y3>
			<x4>110.630688</x4>
			<y4>259.403414</y4>
			<x5>112.405928</x5>
			<y5>277.481004</y5>
			<x6>132.170332</x6>
			<y6>297.132442</y6>
			<x7>156.155881</x7>
			<y7>299.230906</y7>
			<x8>168.615482</x8>
			<y8>294.944297</y8>
			<x9>173.746164</x9>
			<y9>290.01649</y9>
			<x10>182.431728</x10>
			<y10>267.477418</y10>
			<x11>183.088135</x11>
			<y11>252.300911</y11>
			<x12>167.865953</x12>
			<y12>226.774069</y12>
			<x13>152.575825</x13>
			<y13>217.371332</y13>
			<x14>139.99459</x14>
			<y14>215.374502</y14>
		</polygon>
	</object>
	<object>
		<name>redapple</name>
		<pose>Unspecified</pose>
		<truncated>0</truncated>
		<difficult>0</difficult>
		<occluded>0</occluded>
		<bndbox>
			<xmin>263</xmin>
			<xmax>287</xmax>
			<ymin>261</ymin>
			<ymax>325</ymax>
		</bndbox>
		<polygon>
			<x1>262</x1>
			<y1>324</y1>
			<x2>280.229483</x2>
			<y2>324</y2>
			<x3>285.325237</x3>
			<y3>314.251919</y3>
			<x4>286.414497</x4>
			<y4>301.801623</y4>
			<x5>268.206178</x5>
			<y5>264.364047</y5>
			<x6>262</x6>
			<y6>259.664572</y6>
			<x7>262</x7>
			<y7>324</y7>
		</polygon>
	</object>
	<object>
		<name>greenapple</name>
		<pose>Unspecified</pose>
		<truncated>0</truncated>
		<difficult>0</difficult>
		<occluded>0</occluded>
		<bndbox>
			<xmin>356</xmin>
			<xmax>381</xmax>
			<ymin>115</ymin>
			<ymax>147</ymax>
		</bndbox>
		<polygon>
			<x1>378.484078</x1>
			<y1>139.595036</y1>
			<x2>379.573337</x2>
			<y2>127.14474</y2>
			<x3>374.510602</x3>
			<y3>115.948443</y3>
			<x4>367.259487</x4>
			<y4>114.417938</y4>
			<x5>357.897801</x5>
			<y5>121.663921</y5>
			<x6>355.47601099999997</x6>
			<y6>133.997635</y6>
			<x7>359.950285</x7>
			<y7>144.246336</y7>
			<x8>371.198991</x8>
			<y8>146.126585</y8>
			<x9>378.484078</x9>
			<y9>139.595036</y9>
		</polygon>
	</object>
	<object>
		<name>capsicum</name>
		<pose>Unspecified</pose>
		<truncated>0</truncated>
		<difficult>0</difficult>
		<occluded>0</occluded>
		<bndbox>
			<xmin>136</xmin>
			<xmax>168</xmax>
			<ymin>325</ymin>
			<ymax>354</ymax>
		</bndbox>
		<polygon>
			<x1>135.559978</x1>
			<y1>324</y1>
			<x2>135.062729</x2>
			<y2>329.683581</y2>
			<x3>137.659844</x3>
			<y3>346.040849</y3>
			<x4>141.19061</x4>
			<y4>351.726434</y4>
			<x5>154.515916</x5>
			<y5>352.892247</y5>
			<x6>163.755967</x6>
			<y6>339.362825</y6>
			<x7>166.660056</x7>
			<y7>324</y7>
			<x8>135.559978</x8>
			<y8>324</y8>
		</polygon>
	</object>
</annotation>
