<annotation>
	<folder></folder>
	<filename>image_167_png.rf.495b48cbb2cdc27e83328eb8826bb4f5.jpg</filename>
	<path>image_167_png.rf.495b48cbb2cdc27e83328eb8826bb4f5.jpg</path>
	<source>
		<database>roboflow.ai</database>
	</source>
	<size>
		<width>416</width>
		<height>416</height>
		<depth>3</depth>
	</size>
	<segmented>0</segmented>
	<object>
		<name>mango</name>
		<pose>Unspecified</pose>
		<truncated>0</truncated>
		<difficult>0</difficult>
		<occluded>0</occluded>
		<bndbox>
			<xmin>7</xmin>
			<xmax>84</xmax>
			<ymin>153</ymin>
			<ymax>184</ymax>
		</bndbox>
		<polygon>
			<x1>82.659295</x1>
			<y1>183</y1>
			<x2>80.203686</x2>
			<y2>166.940242</y2>
			<x3>67.085053</x3>
			<y3>154.488417</y3>
			<x4>49.24801</x4>
			<y4>152.353862</y4>
			<x5>26.507331</x5>
			<y5>163.185427</y5>
			<x6>5.858692</x6>
			<y6>183</y6>
			<x7>82.659295</x7>
			<y7>183</y7>
		</polygon>
	</object>
	<object>
		<name>redapple</name>
		<pose>Unspecified</pose>
		<truncated>0</truncated>
		<difficult>0</difficult>
		<occluded>0</occluded>
		<bndbox>
			<xmin>231</xmin>
			<xmax>417</xmax>
			<ymin>6</ymin>
			<ymax>184</ymax>
		</bndbox>
		<polygon>
			<x1>416</x1>
			<y1>183</y1>
			<x2>416</x2>
			<y2>59.962486</y2>
			<x3>412.38997900000004</x3>
			<y3>56.729599</y3>
			<x4>356.96808</x4>
			<y4>39.545108</y4>
			<x5>354.703103</x5>
			<y5>24.303173</y5>
			<x6>357.43276000000003</x6>
			<y6>13.846837</y6>
			<x7>350.69633899999997</x7>
			<y7>5.390371</y7>
			<x8>345.02254500000004</x8>
			<y8>10.317226</y8>
			<x9>348.489874</x9>
			<y9>27.417773</y9>
			<x10>345.821958</x10>
			<y10>36.991159</y10>
			<x11>306.046881</x11>
			<y11>34.209815</y11>
			<x12>290.244091</x12>
			<y12>41.090185</y12>
			<x13>280.284079</x13>
			<y13>50.153659</y13>
			<x14>250.30981400000002</x14>
			<y14>97.744646</y14>
			<x15>233.84087499999998</x15>
			<y15>142.730947</y15>
			<x16>230.349049</x16>
			<y16>183</y16>
			<x17>416</x17>
			<y17>183</y17>
		</polygon>
	</object>
	<object>
		<name>redapple</name>
		<pose>Unspecified</pose>
		<truncated>0</truncated>
		<difficult>0</difficult>
		<occluded>0</occluded>
		<bndbox>
			<xmin>92</xmin>
			<xmax>139</xmax>
			<ymin>312</ymin>
			<ymax>385</ymax>
		</bndbox>
		<polygon>
			<x1>100.977375</x1>
			<y1>312.701559</y1>
			<x2>94.331952</x2>
			<y2>321.996812</y2>
			<x3>91.339085</x3>
			<y3>345.743758</y3>
			<x4>92.71042</x4>
			<y4>354.712329</y4>
			<x5>103.63883</x5>
			<y5>379.432746</y5>
			<x6>112.610973</x6>
			<y6>384.496478</y6>
			<x7>126.655733</x7>
			<y7>383.704047</y7>
			<x8>136.940698</x8>
			<y8>360.467014</y8>
			<x9>138.377005</x9>
			<y9>330.400348</y9>
			<x10>134.539224</x10>
			<y10>318.59750399999996</y10>
			<x11>128.943413</x11>
			<y11>312.8826</y11>
			<x12>109.117616</x12>
			<y12>310.608977</y12>
			<x13>100.977375</x13>
			<y13>312.701559</y13>
		</polygon>
	</object>
	<object>
		<name>capsicum</name>
		<pose>Unspecified</pose>
		<truncated>0</truncated>
		<difficult>0</difficult>
		<occluded>0</occluded>
		<bndbox>
			<xmin>96</xmin>
			<xmax>117</xmax>
			<ymin>184</ymin>
			<ymax>208</ymax>
		</bndbox>
		<polygon>
			<x1>94.502943</x1>
			<y1>183</y1>
			<x2>94.89732</x2>
			<y2>199.5934</y2>
			<x3>99.105552</x3>
			<y3>206.098542</y3>
			<x4>106.335907</x4>
			<y4>207.491406</y4>
			<x5>113.520764</x5>
			<y5>200.00841</y5>
			<x6>116.324746</x6>
			<y6>183</y6>
			<x7>94.502943</x7>
			<y7>183</y7>
		</polygon>
	</object>
	<object>
		<name>mango</name>
		<pose>Unspecified</pose>
		<truncated>0</truncated>
		<difficult>0</difficult>
		<occluded>0</occluded>
		<bndbox>
			<xmin>188</xmin>
			<xmax>235</xmax>
			<ymin>184</ymin>
			<ymax>236</ymax>
		</bndbox>
		<polygon>
			<x1>187</x1>
			<y1>183</y1>
			<x2>187</x2>
			<y2>235.189725</y2>
			<x3>208.616834</x3>
			<y3>229.435528</y3>
			<x4>224.250641</x4>
			<y4>215.4452</y4>
			<x5>233.37875300000002</x5>
			<y5>199.225412</y5>
			<x6>233.580221</x6>
			<y6>186.817752</y6>
			<x7>232.292325</x7>
			<y7>183</y7>
			<x8>187</x8>
			<y8>183</y8>
		</polygon>
	</object>
</annotation>
