<annotation>
	<folder></folder>
	<filename>image_189_png.rf.d59c3ba96b75c4143c4215f1441bf160.jpg</filename>
	<path>image_189_png.rf.d59c3ba96b75c4143c4215f1441bf160.jpg</path>
	<source>
		<database>roboflow.ai</database>
	</source>
	<size>
		<width>416</width>
		<height>416</height>
		<depth>3</depth>
	</size>
	<segmented>0</segmented>
	<object>
		<name>orange</name>
		<pose>Unspecified</pose>
		<truncated>0</truncated>
		<difficult>0</difficult>
		<occluded>0</occluded>
		<bndbox>
			<xmin>1</xmin>
			<xmax>58</xmax>
			<ymin>189</ymin>
			<ymax>233</ymax>
		</bndbox>
		<polygon>
			<x1>0</x1>
			<y1>232</y1>
			<x2>53.787673</x2>
			<y2>232</y2>
			<x3>57.180021</x3>
			<y3>218.394034</y3>
			<x4>49.401351</x4>
			<y4>195.678875</y4>
			<x5>24.533749</x5>
			<y5>187.589984</y5>
			<x6>15.432453</x6>
			<y6>190.04253</y6>
			<x7>3.005005</x7>
			<y7>202.997983</y7>
			<x8>0</x8>
			<y8>212.486809</y8>
			<x9>0</x9>
			<y9>232</y9>
		</polygon>
	</object>
	<object>
		<name>redapple</name>
		<pose>Unspecified</pose>
		<truncated>0</truncated>
		<difficult>0</difficult>
		<occluded>0</occluded>
		<bndbox>
			<xmin>24</xmin>
			<xmax>96</xmax>
			<ymin>340</ymin>
			<ymax>417</ymax>
		</bndbox>
		<polygon>
			<x1>87.225465</x1>
			<y1>416</y1>
			<x2>94.068831</x2>
			<y2>406.50434</y2>
			<x3>95.395692</x3>
			<y3>392.669901</y3>
			<x4>82.50478</x4>
			<y4>353.570505</y4>
			<x5>70.290534</x5>
			<y5>342.970346</y5>
			<x6>59.854965</x6>
			<y6>339.42411500000003</y6>
			<x7>46.979935</x7>
			<y7>342.82446500000003</y7>
			<x8>27.450483</x8>
			<y8>361.563996</y8>
			<x9>22.793234</x9>
			<y9>374.568075</y9>
			<x10>23.467782</x10>
			<y10>397.40067899999997</y10>
			<x11>29.246101</x11>
			<y11>413.950989</y11>
			<x12>31.277567</x12>
			<y12>416</y12>
			<x13>87.225465</x13>
			<y13>416</y13>
		</polygon>
	</object>
	<object>
		<name>greenapple</name>
		<pose>Unspecified</pose>
		<truncated>0</truncated>
		<difficult>0</difficult>
		<occluded>0</occluded>
		<bndbox>
			<xmin>340</xmin>
			<xmax>367</xmax>
			<ymin>240</ymin>
			<ymax>274</ymax>
		</bndbox>
		<polygon>
			<x1>362.994211</x1>
			<y1>264.945832</y1>
			<x2>366.097632</x2>
			<y2>252.49869</y2>
			<x3>362.319664</x3>
			<y3>242.113229</y3>
			<x4>353.21625</x4>
			<y4>238.899142</y4>
			<x5>341.674435</x5>
			<y5>245.464953</y5>
			<x6>338.572072</x6>
			<y6>260.745411</y6>
			<x7>342.793387</x7>
			<y7>269.35271</y7>
			<x8>353.22895500000004</x8>
			<y8>272.898939</y8>
			<x9>362.994211</x9>
			<y9>264.945832</y9>
		</polygon>
	</object>
</annotation>
