<annotation>
	<folder></folder>
	<filename>image_98_png.rf.f65bbef56afdb95f376db5d31792a6a6.jpg</filename>
	<path>image_98_png.rf.f65bbef56afdb95f376db5d31792a6a6.jpg</path>
	<source>
		<database>roboflow.ai</database>
	</source>
	<size>
		<width>416</width>
		<height>416</height>
		<depth>3</depth>
	</size>
	<segmented>0</segmented>
	<object>
		<name>capsicum</name>
		<pose>Unspecified</pose>
		<truncated>0</truncated>
		<difficult>0</difficult>
		<occluded>0</occluded>
		<bndbox>
			<xmin>122</xmin>
			<xmax>144</xmax>
			<ymin>71</ymin>
			<ymax>105</ymax>
		</bndbox>
		<polygon>
			<x1>135.876941</x1>
			<y1>104.185115</y1>
			<x2>142.995865</x2>
			<y2>87.805032</y2>
			<x3>143.160724</x3>
			<y3>73.398516</y3>
			<x4>135.434365</x4>
			<y4>69.881972</y4>
			<x5>127.239429</x5>
			<y5>70.82363</y5>
			<x6>121.912378</x6>
			<y6>76.574165</y6>
			<x7>121.466373</x7>
			<y7>93.655602</y7>
			<x8>126.441136</x8>
			<y8>104.094863</y8>
			<x9>135.876941</x9>
			<y9>104.185115</y9>
		</polygon>
	</object>
	<object>
		<name>greenapple</name>
		<pose>Unspecified</pose>
		<truncated>0</truncated>
		<difficult>0</difficult>
		<occluded>0</occluded>
		<bndbox>
			<xmin>44</xmin>
			<xmax>68</xmax>
			<ymin>260</ymin>
			<ymax>292</ymax>
		</bndbox>
		<polygon>
			<x1>65.963207</x1>
			<y1>283.420619</y1>
			<x2>67.181504</x2>
			<y2>271.829294</y2>
			<x3>62.300458</x3>
			<y3>260.498394</y3>
			<x4>53.719375</x4>
			<y4>258.694995</y4>
			<x5>44.107426</x5>
			<y5>266.69964</y5>
			<x6>42.795414</x6>
			<y6>279.18260499999997</y6>
			<x7>47.196599</x7>
			<y7>288.66008999999997</y7>
			<x8>58.44685</x8>
			<y8>290.744029</y8>
			<x9>65.963207</x9>
			<y9>283.420619</y9>
		</polygon>
	</object>
	<object>
		<name>mango</name>
		<pose>Unspecified</pose>
		<truncated>0</truncated>
		<difficult>0</difficult>
		<occluded>0</occluded>
		<bndbox>
			<xmin>192</xmin>
			<xmax>244</xmax>
			<ymin>163</ymin>
			<ymax>227</ymax>
		</bndbox>
		<polygon>
			<x1>203.85567</x1>
			<y1>165.394643</y1>
			<x2>195.48459</x2>
			<y2>174.431199</y2>
			<x3>190.836117</x3>
			<y3>186.563488</y3>
			<x4>191.349836</x4>
			<y4>207.351756</y4>
			<x5>198.900052</x5>
			<y5>218.963198</y5>
			<x6>210.349019</x6>
			<y6>225.57547399999999</y6>
			<x7>219.023816</x7>
			<y7>226.487232</y7>
			<x8>232.358373</x8>
			<y8>221.578319</y8>
			<x9>242.813759</x9>
			<y9>205.548911</y9>
			<x10>243.154762</x10>
			<y10>183.047497</y10>
			<x11>231.495793</x11>
			<y11>165.595267</y11>
			<x12>214.333628</x12>
			<y12>161.988471</y12>
			<x13>203.85567</x13>
			<y13>165.394643</y13>
		</polygon>
	</object>
	<object>
		<name>greenapple</name>
		<pose>Unspecified</pose>
		<truncated>0</truncated>
		<difficult>0</difficult>
		<occluded>0</occluded>
		<bndbox>
			<xmin>308</xmin>
			<xmax>333</xmax>
			<ymin>228</ymin>
			<ymax>259</ymax>
		</bndbox>
		<polygon>
			<x1>329.829988</x1>
			<y1>250.48181499999998</y1>
			<x2>331.715577</x2>
			<y2>238.960626</y2>
			<x3>325.499946</x3>
			<y3>227.48945500000002</y3>
			<x4>316.825148</x4>
			<y4>226.577697</y4>
			<x5>307.880491</x5>
			<y5>234.652477</y5>
			<x6>307.142056</x6>
			<y6>248.097218</y6>
			<x7>311.063379</x7>
			<y7>255.72128700000002</y7>
			<x8>322.31363</x8>
			<y8>257.805225</y8>
			<x9>329.829988</x9>
			<y9>250.48181499999998</y9>
		</polygon>
	</object>
</annotation>
