<annotation>
	<folder></folder>
	<filename>image_184_png.rf.52d7d395d5dc8be4460615e82994770d.jpg</filename>
	<path>image_184_png.rf.52d7d395d5dc8be4460615e82994770d.jpg</path>
	<source>
		<database>roboflow.ai</database>
	</source>
	<size>
		<width>416</width>
		<height>416</height>
		<depth>3</depth>
	</size>
	<segmented>0</segmented>
	<object>
		<name>capsicum</name>
		<pose>Unspecified</pose>
		<truncated>0</truncated>
		<difficult>0</difficult>
		<occluded>0</occluded>
		<bndbox>
			<xmin>15</xmin>
			<xmax>37</xmax>
			<ymin>88</ymin>
			<ymax>123</ymax>
		</bndbox>
		<polygon>
			<x1>35.038343</x1>
			<y1>118.988469</y1>
			<x2>36.253062</x2>
			<y2>104.139037</y2>
			<x3>31.685449</x3>
			<y3>87.673578</y3>
			<x4>25.415547</x4>
			<y4>87.06566</y4>
			<x5>15.390514</x5>
			<y5>91.754325</y5>
			<x6>14.098875</x6>
			<y6>95.658723</y6>
			<x7>17.007067</x7>
			<y7>110.620075</y7>
			<x8>24.67117</x8>
			<y8>121.916975</y8>
			<x9>35.038343</x9>
			<y9>118.988469</y9>
		</polygon>
	</object>
	<object>
		<name>mango</name>
		<pose>Unspecified</pose>
		<truncated>0</truncated>
		<difficult>0</difficult>
		<occluded>0</occluded>
		<bndbox>
			<xmin>1</xmin>
			<xmax>255</xmax>
			<ymin>192</ymin>
			<ymax>413</ymax>
		</bndbox>
		<polygon>
			<x1>0</x1>
			<y1>381.305106</y1>
			<x2>22.101822</x2>
			<y2>401.93796</y2>
			<x3>42.109018</x3>
			<y3>409.922274</y3>
			<x4>69.823186</x4>
			<y4>411.84184300000004</y4>
			<x5>123.515181</x5>
			<y5>403.23184100000003</y5>
			<x6>162.836881</x6>
			<y6>391.021816</y6>
			<x7>188.130426</x7>
			<y7>376.971927</y7>
			<x8>218.128603</x8>
			<y8>351.960896</y8>
			<x9>237.417466</x9>
			<y9>328.11821199999997</y9>
			<x10>250.436427</x10>
			<y10>303.66760899999997</y10>
			<x11>254.405496</x11>
			<y11>281.88946</y11>
			<x12>246.023059</x12>
			<y12>238.765561</y12>
			<x13>231.182423</x13>
			<y13>215.163655</y13>
			<x14>217.077348</x14>
			<y14>202.378756</y14>
			<x15>195.752871</x15>
			<y15>194.650496</y15>
			<x16>165.062002</x16>
			<y16>191.482874</y16>
			<x17>133.934843</x17>
			<y17>196.62005</y17>
			<x18>110.078368</x18>
			<y18>203.997275</y18>
			<x19>78.73727</x19>
			<y19>225.616015</y19>
			<x20>2.599827</x20>
			<y20>301.60889299999997</y20>
			<x21>0</x21>
			<y21>305.948437</y21>
			<x22>0</x22>
			<y22>381.305106</y22>
		</polygon>
	</object>
	<object>
		<name>redapple</name>
		<pose>Unspecified</pose>
		<truncated>0</truncated>
		<difficult>0</difficult>
		<occluded>0</occluded>
		<bndbox>
			<xmin>394</xmin>
			<xmax>417</xmax>
			<ymin>268</ymin>
			<ymax>338</ymax>
		</bndbox>
		<polygon>
			<x1>416</x1>
			<y1>266.87233200000003</y1>
			<x2>408.58628699999997</x2>
			<y2>267.507709</y2>
			<x3>396.585334</x3>
			<y3>272.58045400000003</y3>
			<x4>392.539344</x4>
			<y4>283.413569</y4>
			<x5>397.183879</x5>
			<y5>310.824062</y5>
			<x6>414.513646</x6>
			<y6>336.68212700000004</y6>
			<x7>416</x7>
			<y7>337.305316</y7>
			<x8>416</x8>
			<y8>266.87233200000003</y8>
		</polygon>
	</object>
</annotation>
