<annotation>
	<folder></folder>
	<filename>image_194_png.rf.48ba6a15cc23f37abdb3bc577c077d0b.jpg</filename>
	<path>image_194_png.rf.48ba6a15cc23f37abdb3bc577c077d0b.jpg</path>
	<source>
		<database>roboflow.ai</database>
	</source>
	<size>
		<width>416</width>
		<height>416</height>
		<depth>3</depth>
	</size>
	<segmented>0</segmented>
	<object>
		<name>orange</name>
		<pose>Unspecified</pose>
		<truncated>0</truncated>
		<difficult>0</difficult>
		<occluded>0</occluded>
		<bndbox>
			<xmin>45</xmin>
			<xmax>100</xmax>
			<ymin>27</ymin>
			<ymax>98</ymax>
		</bndbox>
		<polygon>
			<x1>63.901742</x1>
			<y1>25.969778</y1>
			<x2>50.531153</x2>
			<y2>36.204747</y2>
			<x3>45.707523</x3>
			<y3>46.310189</y3>
			<x4>43.803279</x4>
			<y4>68.075787</y4>
			<x5>45.994898</x5>
			<y5>80.549559</y5>
			<x6>52.172281</x6>
			<y6>92.494754</y6>
			<x7>57.731994</x7>
			<y7>96.490317</y7>
			<x8>80.6903</x8>
			<y8>96.744333</y8>
			<x9>90.650553</x9>
			<y9>87.965575</y9>
			<x10>94.594077</x10>
			<y10>80.414997</y10>
			<x11>98.563215</x11>
			<y11>50.057174</y11>
			<x12>95.491487</x12>
			<y12>40.138266</y12>
			<x13>87.858567</x13>
			<y13>29.820304</y13>
			<x14>63.901742</x14>
			<y14>25.969778</y14>
		</polygon>
	</object>
	<object>
		<name>redapple</name>
		<pose>Unspecified</pose>
		<truncated>0</truncated>
		<difficult>0</difficult>
		<occluded>0</occluded>
		<bndbox>
			<xmin>18</xmin>
			<xmax>65</xmax>
			<ymin>121</ymin>
			<ymax>193</ymax>
		</bndbox>
		<polygon>
			<x1>37.278299</x1>
			<y1>120.142201</y1>
			<x2>27.199634</x2>
			<y2>122.769583</y2>
			<x3>22.105252</x3>
			<y3>128.464898</y3>
			<x4>17.213764</x4>
			<y4>154.355587</y4>
			<x5>19.904644</x5>
			<y5>168.627615</y5>
			<x6>27.579805</x6>
			<y6>185.967575</y6>
			<x7>34.941976</x7>
			<y7>191.875408</y7>
			<x8>47.398527</x8>
			<y8>192.087928</y8>
			<x9>54.447705</x9>
			<y9>186.563636</y9>
			<x10>61.031553</x10>
			<y10>171.348465</y10>
			<x11>63.697494</x11>
			<y11>140.876627</y11>
			<x12>60.701935</x12>
			<y12>130.087094</y12>
			<x13>54.795303</x13>
			<y13>122.552027</y13>
			<x14>37.278299</x14>
			<y14>120.142201</y14>
		</polygon>
	</object>
	<object>
		<name>mango</name>
		<pose>Unspecified</pose>
		<truncated>0</truncated>
		<difficult>0</difficult>
		<occluded>0</occluded>
		<bndbox>
			<xmin>137</xmin>
			<xmax>163</xmax>
			<ymin>138</ymin>
			<ymax>174</ymax>
		</bndbox>
		<polygon>
			<x1>161.369493</x1>
			<y1>165.213003</y1>
			<x2>162.165119</x2>
			<y2>148.61414</y2>
			<x3>156.410826</x3>
			<y3>139.337826</y3>
			<x4>146.137581</x4>
			<y4>136.684458</y4>
			<x5>136.905096</x5>
			<y5>144.649598</y5>
			<x6>135.838719</x6>
			<y6>156.838333</y6>
			<x7>144.47016</x7>
			<y7>170.752806</y7>
			<x8>153.440207</x8>
			<y8>173.292159</y8>
			<x9>161.369493</x9>
			<y9>165.213003</y9>
		</polygon>
	</object>
	<object>
		<name>greenapple</name>
		<pose>Unspecified</pose>
		<truncated>0</truncated>
		<difficult>0</difficult>
		<occluded>0</occluded>
		<bndbox>
			<xmin>216</xmin>
			<xmax>261</xmax>
			<ymin>1</ymin>
			<ymax>60</ymax>
		</bndbox>
		<polygon>
			<x1>229.80018</x1>
			<y1>0</y1>
			<x2>222.609397</x2>
			<y2>8.80706</y2>
			<x3>214.578324</x3>
			<y3>40.564085</y3>
			<x4>217.726222</x4>
			<y4>49.61237</y4>
			<x5>224.28445299999998</x5>
			<y5>57.204445</y5>
			<x6>244.484024</x6>
			<y6>58.971678</y6>
			<x7>253.293418</x7>
			<y7>48.337657</y7>
			<x8>258.574068</x8>
			<y8>33.008472</y8>
			<x9>259.640444</x9>
			<y9>20.819737</y9>
			<x10>249.934316</x10>
			<y10>4.179377</y10>
			<x11>240.30911</x11>
			<y11>0</y11>
			<x12>229.80018</x12>
			<y12>0</y12>
		</polygon>
	</object>
	<object>
		<name>redapple</name>
		<pose>Unspecified</pose>
		<truncated>0</truncated>
		<difficult>0</difficult>
		<occluded>0</occluded>
		<bndbox>
			<xmin>98</xmin>
			<xmax>209</xmax>
			<ymin>233</ymin>
			<ymax>417</ymax>
		</bndbox>
		<polygon>
			<x1>208</x1>
			<y1>416</y1>
			<x2>208</x2>
			<y2>232</y2>
			<x3>141.198169</x3>
			<y3>232</y3>
			<x4>122.054498</x4>
			<y4>264.33167100000003</y4>
			<x5>110.41851</x5>
			<y5>292.264156</y5>
			<x6>104.376164</x6>
			<y6>316.29958</y6>
			<x7>96.903219</x7>
			<y7>386.706104</y7>
			<x8>101.712962</x8>
			<y8>416</y8>
			<x9>208</x9>
			<y9>416</y9>
		</polygon>
	</object>
	<object>
		<name>orange</name>
		<pose>Unspecified</pose>
		<truncated>0</truncated>
		<difficult>0</difficult>
		<occluded>0</occluded>
		<bndbox>
			<xmin>328</xmin>
			<xmax>383</xmax>
			<ymin>339</ymin>
			<ymax>413</ymax>
		</bndbox>
		<polygon>
			<x1>369.189777</x1>
			<y1>341.449122</y1>
			<x2>359.64430100000004</x2>
			<y2>337.982138</y2>
			<x3>342.398046</x3>
			<y3>339.982437</y3>
			<x4>331.557685</x4>
			<y4>351.316059</y4>
			<x5>328.265761</x5>
			<y5>358.92364499999996</y5>
			<x6>326.979188</x6>
			<y6>388.638874</y6>
			<x7>330.626345</x7>
			<y7>399.485414</y7>
			<x8>337.68383600000004</x8>
			<y8>408.875744</y8>
			<x9>359.034265</x9>
			<y9>412.49824</y9>
			<x10>365.778765</x10>
			<y10>410.45644300000004</y10>
			<x11>373.784221</x11>
			<y11>401.506663</y11>
			<x12>379.6403</x12>
			<y12>387.10510899999997</y12>
			<x13>381.815294</x13>
			<y13>369.749637</y13>
			<x14>378.04972599999996</x14>
			<y14>352.751722</y14>
			<x15>369.189777</x15>
			<y15>341.449122</y15>
		</polygon>
	</object>
</annotation>
