<annotation>
	<folder></folder>
	<filename>image_211_png.rf.80f1e6ef1466a7b624f5a83bf141f518.jpg</filename>
	<path>image_211_png.rf.80f1e6ef1466a7b624f5a83bf141f518.jpg</path>
	<source>
		<database>roboflow.ai</database>
	</source>
	<size>
		<width>416</width>
		<height>416</height>
		<depth>3</depth>
	</size>
	<segmented>0</segmented>
	<object>
		<name>redapple</name>
		<pose>Unspecified</pose>
		<truncated>0</truncated>
		<difficult>0</difficult>
		<occluded>0</occluded>
		<bndbox>
			<xmin>128</xmin>
			<xmax>167</xmax>
			<ymin>1</ymin>
			<ymax>31</ymax>
		</bndbox>
		<polygon>
			<x1>166</x1>
			<y1>0</y1>
			<x2>127.180631</x2>
			<y2>0</y2>
			<x3>129.043969</x3>
			<y3>12.336922</y3>
			<x4>149.616611</x4>
			<y4>30.217073</y4>
			<x5>166</x5>
			<y5>28.961212</y5>
			<x6>166</x6>
			<y6>0</y6>
		</polygon>
	</object>
	<object>
		<name>redapple</name>
		<pose>Unspecified</pose>
		<truncated>0</truncated>
		<difficult>0</difficult>
		<occluded>0</occluded>
		<bndbox>
			<xmin>191</xmin>
			<xmax>265</xmax>
			<ymin>104</ymin>
			<ymax>190</ymax>
		</bndbox>
		<polygon>
			<x1>214.241808</x1>
			<y1>103.168386</y1>
			<x2>201.901309</x2>
			<y2>111.570138</y2>
			<x3>191.259751</x3>
			<y3>130.540313</y3>
			<x4>189.761592</x4>
			<y4>144.762965</y4>
			<x5>195.785112</x5>
			<y5>164.922474</y5>
			<x6>205.60808500000002</x6>
			<y6>179.635429</y6>
			<x7>221.222906</x7>
			<y7>188.832252</y7>
			<x8>242.50601799999998</x8>
			<y8>188.974676</y8>
			<x9>254.939186</x9>
			<y9>183.226624</y9>
			<x10>264.067141</x10>
			<y10>158.99543</y10>
			<x11>263.634684</x11>
			<y11>146.61149</y11>
			<x12>241.146871</x12>
			<y12>111.970945</y12>
			<x13>229.609511</x13>
			<y13>105.288671</y13>
			<x14>214.241808</x14>
			<y14>103.168386</y14>
		</polygon>
	</object>
</annotation>
