<annotation>
	<folder></folder>
	<filename>image_86_png.rf.cb4ca181ab4aa6a3151b454d9606dbe0.jpg</filename>
	<path>image_86_png.rf.cb4ca181ab4aa6a3151b454d9606dbe0.jpg</path>
	<source>
		<database>roboflow.ai</database>
	</source>
	<size>
		<width>416</width>
		<height>416</height>
		<depth>3</depth>
	</size>
	<segmented>0</segmented>
	<object>
		<name>mango</name>
		<pose>Unspecified</pose>
		<truncated>0</truncated>
		<difficult>0</difficult>
		<occluded>0</occluded>
		<bndbox>
			<xmin>125</xmin>
			<xmax>346</xmax>
			<ymin>98</ymin>
			<ymax>184</ymax>
		</bndbox>
		<polygon>
			<x1>124</x1>
			<y1>183</y1>
			<x2>344.196324</x2>
			<y2>183</y2>
			<x3>344.62129100000004</x3>
			<y3>173.2673</y3>
			<x4>334.843505</x4>
			<y4>136.764138</y4>
			<x5>320.62406999999996</x5>
			<y5>117.355471</y5>
			<x6>302.348708</x6>
			<y6>104.192381</y6>
			<x7>279.55604800000003</x7>
			<y7>98.270182</y7>
			<x8>251.698676</x8>
			<y8>97.013496</y8>
			<x9>217.392474</x9>
			<y9>103.408261</y9>
			<x10>195.77029</x10>
			<y10>112.490418</y10>
			<x11>163.364446</x11>
			<y11>137.323375</y11>
			<x12>124</x12>
			<y12>177.983568</y12>
			<x13>124</x13>
			<y13>183</y13>
		</polygon>
	</object>
	<object>
		<name>redapple</name>
		<pose>Unspecified</pose>
		<truncated>0</truncated>
		<difficult>0</difficult>
		<occluded>0</occluded>
		<bndbox>
			<xmin>199</xmin>
			<xmax>250</xmax>
			<ymin>208</ymin>
			<ymax>280</ymax>
		</bndbox>
		<polygon>
			<x1>202.6086</x1>
			<y1>213.066126</y1>
			<x2>199.196518</x2>
			<y2>219.174851</y2>
			<x3>197.98448000000002</x3>
			<y3>229.302162</y3>
			<x4>202.181313</x4>
			<y4>249.04671100000002</y4>
			<x5>219.792048</x5>
			<y5>274.912488</y5>
			<x6>230.08316100000002</x6>
			<y6>279.00575200000003</y6>
			<x7>243.238943</x7>
			<y7>274.414916</y7>
			<x8>247.391301</x8>
			<y8>265.457109</y8>
			<x9>248.613729</x9>
			<y9>249.04688099999998</y9>
			<x10>243.139599</x10>
			<y10>223.29312199999998</y10>
			<x11>230.937735</x11>
			<y11>207.044582</y11>
			<x12>213.650379</x12>
			<y12>208.027391</y12>
			<x13>202.6086</x13>
			<y13>213.066126</y13>
		</polygon>
	</object>
	<object>
		<name>greenapple</name>
		<pose>Unspecified</pose>
		<truncated>0</truncated>
		<difficult>0</difficult>
		<occluded>0</occluded>
		<bndbox>
			<xmin>329</xmin>
			<xmax>353</xmax>
			<ymin>191</ymin>
			<ymax>221</ymax>
		</bndbox>
		<polygon>
			<x1>352.486256</x1>
			<y1>209.023212</y1>
			<x2>349.56671900000003</x2>
			<y2>195.287874</y2>
			<x3>342.95619899999997</x3>
			<y3>189.515031</y3>
			<x4>333.11606900000004</x4>
			<y4>190.709371</y4>
			<x5>328.13739699999996</x5>
			<y5>198.945573</y5>
			<x6>330.230618</x6>
			<y6>211.959306</y6>
			<x7>339.320083</x7>
			<y7>219.896965</y7>
			<x8>348.333898</x8>
			<y8>217.98102</y8>
			<x9>352.486256</x9>
			<y9>209.023212</y9>
		</polygon>
	</object>
	<object>
		<name>mango</name>
		<pose>Unspecified</pose>
		<truncated>0</truncated>
		<difficult>0</difficult>
		<occluded>0</occluded>
		<bndbox>
			<xmin>344</xmin>
			<xmax>373</xmax>
			<ymin>332</ymin>
			<ymax>365</ymax>
		</bndbox>
		<polygon>
			<x1>372.474942</x1>
			<y1>353.717001</y1>
			<x2>369.372934</x2>
			<y2>339.123204</y2>
			<x3>362.397472</x3>
			<y3>331.633443</y3>
			<x4>350.078395</x4>
			<y4>330.662968</y4>
			<x5>342.88928999999996</x5>
			<y5>341.1635</y5>
			<x6>346.45267</x6>
			<y6>354.761985</y6>
			<x7>357.838609</x7>
			<y7>364.00600199999997</y7>
			<x8>367.21736699999997</x8>
			<y8>363.80697399999997</y8>
			<x9>372.474942</x9>
			<y9>353.717001</y9>
		</polygon>
	</object>
</annotation>
