<annotation>
	<folder></folder>
	<filename>image_31_png.rf.e405e170a50da0d2cbcb55f08818c1b2.jpg</filename>
	<path>image_31_png.rf.e405e170a50da0d2cbcb55f08818c1b2.jpg</path>
	<source>
		<database>roboflow.ai</database>
	</source>
	<size>
		<width>416</width>
		<height>416</height>
		<depth>3</depth>
	</size>
	<segmented>0</segmented>
	<object>
		<name>orange</name>
		<pose>Unspecified</pose>
		<truncated>0</truncated>
		<difficult>0</difficult>
		<occluded>0</occluded>
		<bndbox>
			<xmin>329</xmin>
			<xmax>386</xmax>
			<ymin>20</ymin>
			<ymax>94</ymax>
		</bndbox>
		<polygon>
			<x1>379.162655</x1>
			<y1>30.65018</y1>
			<x2>372.25591499999996</x2>
			<y2>22.072438</y2>
			<x3>348.37593200000003</x3>
			<y3>19.378772</y3>
			<x4>336.682011</x4>
			<y4>25.078492</y4>
			<x5>331.050363</x5>
			<y5>34.094085</y5>
			<x6>328.15065200000004</x6>
			<y6>45.659956</y6>
			<x7>330.300972</x7>
			<y7>69.39598</y7>
			<x8>335.351003</x8>
			<y8>81.566133</y8>
			<x9>342.88689999999997</x9>
			<y9>89.240013</y9>
			<x10>354.259253</x10>
			<y10>93.252347</y10>
			<x11>365.447053</x11>
			<y11>91.979768</y11>
			<x12>375.161228</x12>
			<y12>86.349182</y12>
			<x13>380.82363499999997</x13>
			<y13>78.214409</y13>
			<x14>384.827864</x14>
			<y14>60.436714</y14>
			<x15>384.243445</x15>
			<y15>43.701153</y15>
			<x16>379.162655</x16>
			<y16>30.65018</y16>
		</polygon>
	</object>
	<object>
		<name>greenapple</name>
		<pose>Unspecified</pose>
		<truncated>0</truncated>
		<difficult>0</difficult>
		<occluded>0</occluded>
		<bndbox>
			<xmin>167</xmin>
			<xmax>187</xmax>
			<ymin>1</ymin>
			<ymax>20</ymax>
		</bndbox>
		<polygon>
			<x1>166</x1>
			<y1>0</y1>
			<x2>166</x2>
			<y2>15.903278</y2>
			<x3>168.663682</x3>
			<y3>19.481211</y3>
			<x4>179.222325</x4>
			<y4>19.112495</y4>
			<x5>186.11228499999999</x5>
			<y5>8.289173</y5>
			<x6>185.377856</x6>
			<y6>0</y6>
			<x7>166</x7>
			<y7>0</y7>
		</polygon>
	</object>
	<object>
		<name>capsicum</name>
		<pose>Unspecified</pose>
		<truncated>0</truncated>
		<difficult>0</difficult>
		<occluded>0</occluded>
		<bndbox>
			<xmin>168</xmin>
			<xmax>192</xmax>
			<ymin>122</ymin>
			<ymax>157</ymax>
		</bndbox>
		<polygon>
			<x1>187.795648</x1>
			<y1>151.09708</y1>
			<x2>191.20148</x2>
			<y2>135.10407</y2>
			<x3>187.409761</x3>
			<y3>121.126189</y3>
			<x4>178.14019</x4>
			<y4>120.567997</y4>
			<x5>170.313483</x5>
			<y5>123.486991</y5>
			<x6>167.22922</x6>
			<y6>129.767947</y6>
			<x7>169.824142</x7>
			<y7>147.315194</y7>
			<x8>176.730884</x8>
			<y8>155.892937</y8>
			<x9>187.795648</x9>
			<y9>151.09708</y9>
		</polygon>
	</object>
	<object>
		<name>greenapple</name>
		<pose>Unspecified</pose>
		<truncated>0</truncated>
		<difficult>0</difficult>
		<occluded>0</occluded>
		<bndbox>
			<xmin>1</xmin>
			<xmax>108</xmax>
			<ymin>302</ymin>
			<ymax>417</ymax>
		</bndbox>
		<polygon>
			<x1>0</x1>
			<y1>416</y1>
			<x2>104.763642</x2>
			<y2>416</y2>
			<x3>106.502251</x3>
			<y3>408.40127</y3>
			<x4>105.808777</x4>
			<y4>369.622188</y4>
			<x5>95.401127</x5>
			<y5>336.47369100000003</y5>
			<x6>81.495367</x6>
			<y6>316.675748</y6>
			<x7>62.648635</x7>
			<y7>306.751173</y7>
			<x8>24.910432</x8>
			<y8>304.541447</y8>
			<x9>16.868415</x9>
			<y9>301.294707</y9>
			<x10>11.712128</x10>
			<y10>305.002342</y10>
			<x11>0</x11>
			<y11>306.424176</y11>
			<x12>0</x12>
			<y12>416</y12>
		</polygon>
	</object>
	<object>
		<name>redapple</name>
		<pose>Unspecified</pose>
		<truncated>0</truncated>
		<difficult>0</difficult>
		<occluded>0</occluded>
		<bndbox>
			<xmin>388</xmin>
			<xmax>417</xmax>
			<ymin>259</ymin>
			<ymax>343</ymax>
		</bndbox>
		<polygon>
			<x1>416</x1>
			<y1>258.295938</y1>
			<x2>409.331813</x2>
			<y2>258.084272</y2>
			<x3>398.390084</x3>
			<y3>266.403404</y3>
			<x4>387.219064</x4>
			<y4>287.077048</y4>
			<x5>387.89576</x5>
			<y5>306.455066</y5>
			<x6>395.831522</x6>
			<y6>325.579593</y6>
			<x7>408.202139</x7>
			<y7>339.257891</y7>
			<x8>416</x8>
			<y8>342.228646</y8>
			<x9>416</x9>
			<y9>258.295938</y9>
		</polygon>
	</object>
</annotation>
