<annotation>
	<folder></folder>
	<filename>image_108_png.rf.230dfa742b6bb387c0d6d9babe09f116.jpg</filename>
	<path>image_108_png.rf.230dfa742b6bb387c0d6d9babe09f116.jpg</path>
	<source>
		<database>roboflow.ai</database>
	</source>
	<size>
		<width>416</width>
		<height>416</height>
		<depth>3</depth>
	</size>
	<segmented>0</segmented>
	<object>
		<name>greenapple</name>
		<pose>Unspecified</pose>
		<truncated>0</truncated>
		<difficult>0</difficult>
		<occluded>0</occluded>
		<bndbox>
			<xmin>188</xmin>
			<xmax>209</xmax>
			<ymin>58</ymin>
			<ymax>90</ymax>
		</bndbox>
		<polygon>
			<x1>208</x1>
			<y1>60.936627</y1>
			<x2>205.32233</x2>
			<y2>57.057291</y2>
			<x3>194.973758</x3>
			<y3>56.685217</y3>
			<x4>187.355901</x4>
			<y4>65.974956</y4>
			<x5>188.570692</x5>
			<y5>79.502758</y5>
			<x6>196.013272</x6>
			<y6>88.502361</y6>
			<x7>208</x7>
			<y7>86.817736</y7>
			<x8>208</x8>
			<y8>60.936627</y8>
		</polygon>
	</object>
	<object>
		<name>redapple</name>
		<pose>Unspecified</pose>
		<truncated>0</truncated>
		<difficult>0</difficult>
		<occluded>0</occluded>
		<bndbox>
			<xmin>217</xmin>
			<xmax>294</xmax>
			<ymin>53</ymin>
			<ymax>140</ymax>
		</bndbox>
		<polygon>
			<x1>236.663563</x1>
			<y1>51.667716</y1>
			<x2>225.554229</x2>
			<y2>60.534915</y2>
			<x3>215.533824</x3>
			<y3>82.034369</y3>
			<x4>216.45307400000002</x4>
			<y4>98.343413</y4>
			<x5>224.607001</x5>
			<y5>117.288632</y5>
			<x6>236.84348599999998</x6>
			<y6>131.093907</y6>
			<x7>255.056041</x7>
			<y7>138.579888</y7>
			<x8>273.230372</x8>
			<y8>136.025653</y8>
			<x9>286.484938</x9>
			<y9>127.770198</y9>
			<x10>292.931822</x10>
			<y10>100.380322</y10>
			<x11>289.949384</x11>
			<y11>88.927416</y11>
			<x12>264.299845</x12>
			<y12>57.829279</y12>
			<x13>252.522984</x13>
			<y13>52.178526</y13>
			<x14>236.663563</x14>
			<y14>51.667716</y14>
		</polygon>
	</object>
	<object>
		<name>capsicum</name>
		<pose>Unspecified</pose>
		<truncated>0</truncated>
		<difficult>0</difficult>
		<occluded>0</occluded>
		<bndbox>
			<xmin>343</xmin>
			<xmax>370</xmax>
			<ymin>25</ymin>
			<ymax>64</ymax>
		</bndbox>
		<polygon>
			<x1>354.996228</x1>
			<y1>63.347441</y1>
			<x2>361.1802</x2>
			<y2>63.391577</y2>
			<x3>367.57767</x3>
			<y3>55.186587</y3>
			<x4>368.97333100000003</x4>
			<y4>35.812498</y4>
			<x5>365.02222900000004</x5>
			<y5>27.235435</y5>
			<x6>352.94982600000003</x6>
			<y6>24.365923</y6>
			<x7>344.155404</x7>
			<y7>30.168076</y7>
			<x8>342.425978</x8>
			<y8>42.28319</y8>
			<x9>348.057091</x9>
			<y9>57.930026</y9>
			<x10>354.996228</x10>
			<y10>63.347441</y10>
		</polygon>
	</object>
	<object>
		<name>greenapple</name>
		<pose>Unspecified</pose>
		<truncated>0</truncated>
		<difficult>0</difficult>
		<occluded>0</occluded>
		<bndbox>
			<xmin>368</xmin>
			<xmax>393</xmax>
			<ymin>173</ymin>
			<ymax>205</ymax>
		</bndbox>
		<polygon>
			<x1>391.672111</x1>
			<y1>192.438581</y1>
			<x2>389.910058</x2>
			<y2>179.900927</y2>
			<x3>381.247092</x3>
			<y3>171.986074</y3>
			<x4>372.496487</x4>
			<y4>173.215891</y4>
			<x5>366.77214100000003</x5>
			<y5>181.326278</y5>
			<x6>367.187947</x6>
			<y6>194.053136</y6>
			<x7>377.574742</x7>
			<y7>204.465427</y7>
			<x8>386.872609</x8>
			<y8>202.245462</y8>
			<x9>391.672111</x9>
			<y9>192.438581</y9>
		</polygon>
	</object>
	<object>
		<name>greenapple</name>
		<pose>Unspecified</pose>
		<truncated>0</truncated>
		<difficult>0</difficult>
		<occluded>0</occluded>
		<bndbox>
			<xmin>49</xmin>
			<xmax>74</xmax>
			<ymin>259</ymin>
			<ymax>290</ymax>
		</bndbox>
		<polygon>
			<x1>72.895481</x1>
			<y1>277.118149</y1>
			<x2>71.385151</x2>
			<y2>266.371587</y2>
			<x3>62.596324</x3>
			<y3>257.561187</y3>
			<x4>53.84572</x4>
			<y4>258.791004</y4>
			<x5>47.825832</x5>
			<y5>269.682634</y5>
			<x6>49.462023</x6>
			<y6>281.324742</y6>
			<x7>58.12499</x7>
			<y7>289.239595</y7>
			<x8>67.548717</x8>
			<y8>287.915176</y8>
			<x9>72.895481</x9>
			<y9>277.118149</y9>
		</polygon>
	</object>
	<object>
		<name>orange</name>
		<pose>Unspecified</pose>
		<truncated>0</truncated>
		<difficult>0</difficult>
		<occluded>0</occluded>
		<bndbox>
			<xmin>190</xmin>
			<xmax>209</xmax>
			<ymin>242</ymin>
			<ymax>272</ymax>
		</bndbox>
		<polygon>
			<x1>196.784975</x1>
			<y1>241</y1>
			<x2>189.477285</x2>
			<y2>247.035114</y2>
			<x3>189.471689</x3>
			<y3>261.647667</y3>
			<x4>196.241147</x4>
			<y4>270.74187</y4>
			<x5>207.935966</x5>
			<y5>270.924742</y5>
			<x6>208</x6>
			<y6>270.808887</y6>
			<x7>208</x7>
			<y7>242.796312</y7>
			<x8>206.396863</x8>
			<y8>241</y8>
			<x9>196.784975</x9>
			<y9>241</y9>
		</polygon>
	</object>
	<object>
		<name>greenapple</name>
		<pose>Unspecified</pose>
		<truncated>0</truncated>
		<difficult>0</difficult>
		<occluded>0</occluded>
		<bndbox>
			<xmin>282</xmin>
			<xmax>307</xmax>
			<ymin>399</ymin>
			<ymax>417</ymax>
		</bndbox>
		<polygon>
			<x1>306.152631</x1>
			<y1>416</y1>
			<x2>305.84236599999997</x2>
			<y2>408.19712400000003</y2>
			<x3>298.947047</x3>
			<y3>398.20737299999996</y3>
			<x4>289.271599</x4>
			<y4>397.740698</y4>
			<x5>280.980619</x5>
			<y5>407.125038</y5>
			<x6>281.745661</x6>
			<y6>416</y6>
			<x7>306.152631</x7>
			<y7>416</y7>
		</polygon>
	</object>
	<object>
		<name>capsicum</name>
		<pose>Unspecified</pose>
		<truncated>0</truncated>
		<difficult>0</difficult>
		<occluded>0</occluded>
		<bndbox>
			<xmin>265</xmin>
			<xmax>292</xmax>
			<ymin>249</ymin>
			<ymax>288</ymax>
		</bndbox>
		<polygon>
			<x1>286.328331</x1>
			<y1>283.999926</y1>
			<x2>290.668209</x2>
			<y2>266.038524</y2>
			<x3>288.233032</x3>
			<y3>253.595471</y3>
			<x4>275.783048</x4>
			<y4>248.039318</y4>
			<x5>265.095115</x5>
			<y5>255.020822</y5>
			<x6>263.53537</x6>
			<y6>263.459149</y6>
			<x7>269.418205</x7>
			<y7>280.897077</y7>
			<x8>277.829449</x8>
			<y8>287.02083700000003</y8>
			<x9>286.328331</x9>
			<y9>283.999926</y9>
		</polygon>
	</object>
</annotation>
