<annotation>
	<folder></folder>
	<filename>image_26_png.rf.5e49fbf85ea7a2e290d8ec1825d4e0f6.jpg</filename>
	<path>image_26_png.rf.5e49fbf85ea7a2e290d8ec1825d4e0f6.jpg</path>
	<source>
		<database>roboflow.ai</database>
	</source>
	<size>
		<width>416</width>
		<height>416</height>
		<depth>3</depth>
	</size>
	<segmented>0</segmented>
	<object>
		<name>greenapple</name>
		<pose>Unspecified</pose>
		<truncated>0</truncated>
		<difficult>0</difficult>
		<occluded>0</occluded>
		<bndbox>
			<xmin>19</xmin>
			<xmax>121</xmax>
			<ymin>21</ymin>
			<ymax>117</ymax>
		</bndbox>
		<polygon>
			<x1>120</x1>
			<y1>116</y1>
			<x2>120</x2>
			<y2>21.370811</y2>
			<x3>107.469105</x3>
			<y3>19.537101</y3>
			<x4>62.917866</x4>
			<y4>21.81422</y4>
			<x5>40.917728</x5>
			<y5>38.250641</y5>
			<x6>26.511807</x6>
			<y6>61.509289</y6>
			<x7>21.432623</x7>
			<y7>76.432715</y7>
			<x8>18.057886</x8>
			<y8>116</y8>
			<x9>120</x9>
			<y9>116</y9>
		</polygon>
	</object>
	<object>
		<name>mango</name>
		<pose>Unspecified</pose>
		<truncated>0</truncated>
		<difficult>0</difficult>
		<occluded>0</occluded>
		<bndbox>
			<xmin>372</xmin>
			<xmax>417</xmax>
			<ymin>18</ymin>
			<ymax>81</ymax>
		</bndbox>
		<polygon>
			<x1>416</x1>
			<y1>28.198259</y1>
			<x2>412.196512</x2>
			<y2>21.986508</y2>
			<x3>393.705341</x3>
			<y3>17.098516</y3>
			<x4>386.155054</x4>
			<y4>19.266771</y4>
			<x5>375.971364</x5>
			<y5>30.238291</y5>
			<x6>371.74913300000003</x6>
			<y6>42.525419</y6>
			<x7>371.355282</x7>
			<y7>57.776475</y7>
			<x8>377.779844</x8>
			<y8>71.706839</y8>
			<x9>383.491142</x9>
			<y9>76.599916</y9>
			<x10>390.666188</x10>
			<y10>79.797867</y10>
			<x11>407.5246</x11>
			<y11>79.179241</y11>
			<x12>415.262508</x12>
			<y12>74.327882</y12>
			<x13>416</x13>
			<y13>73.076655</y13>
			<x14>416</x14>
			<y14>28.198259</y14>
		</polygon>
	</object>
	<object>
		<name>capsicum</name>
		<pose>Unspecified</pose>
		<truncated>0</truncated>
		<difficult>0</difficult>
		<occluded>0</occluded>
		<bndbox>
			<xmin>2</xmin>
			<xmax>28</xmax>
			<ymin>187</ymin>
			<ymax>227</ymax>
		</bndbox>
		<polygon>
			<x1>13.389735</x1>
			<y1>225.983381</y1>
			<x2>17.530815</x2>
			<y2>224.475472</y2>
			<x3>24.305298</x3>
			<y3>214.164298</y3>
			<x4>26.894771</x4>
			<y4>196.370551</y4>
			<x5>22.040427</x5>
			<y5>188.84117500000002</y5>
			<x6>12.794841</x6>
			<y6>186.397178</y6>
			<x7>2.254519</x7>
			<y7>192.850055</y7>
			<x8>0.522001</x8>
			<y8>208.007502</y8>
			<x9>5.545356</x9>
			<y9>222.738626</y9>
			<x10>13.389735</x10>
			<y10>225.983381</y10>
		</polygon>
	</object>
	<object>
		<name>orange</name>
		<pose>Unspecified</pose>
		<truncated>0</truncated>
		<difficult>0</difficult>
		<occluded>0</occluded>
		<bndbox>
			<xmin>18</xmin>
			<xmax>75</xmax>
			<ymin>375</ymin>
			<ymax>417</ymax>
		</bndbox>
		<polygon>
			<x1>73.164874</x1>
			<y1>416</y1>
			<x2>73.920157</x2>
			<y2>399.179391</y2>
			<x3>63.854837</x3>
			<y3>379.601994</y3>
			<x4>55.466206</x4>
			<y4>374.521698</y4>
			<x5>42.079539</x5>
			<y5>373.585612</y5>
			<x6>29.656299</x6>
			<y6>378.109341</y6>
			<x7>20.748735</x7>
			<y7>390.068837</y7>
			<x8>17.383459</x8>
			<y8>399.719665</y8>
			<x9>17.058427</x9>
			<y9>416</y9>
			<x10>73.164874</x10>
			<y10>416</y10>
		</polygon>
	</object>
	<object>
		<name>redapple</name>
		<pose>Unspecified</pose>
		<truncated>0</truncated>
		<difficult>0</difficult>
		<occluded>0</occluded>
		<bndbox>
			<xmin>376</xmin>
			<xmax>417</xmax>
			<ymin>117</ymin>
			<ymax>155</ymax>
		</bndbox>
		<polygon>
			<x1>416</x1>
			<y1>116</y1>
			<x2>374.63181599999996</x2>
			<y2>116</y2>
			<x3>374.871509</x3>
			<y3>130.680775</y3>
			<x4>380.270105</x4>
			<y4>140.045691</y4>
			<x5>394.244955</x5>
			<y5>151.8078</y5>
			<x6>413.59308</x6>
			<y6>154.059494</y6>
			<x7>416</x7>
			<y7>153.386922</y7>
			<x8>416</x8>
			<y8>116</y8>
		</polygon>
	</object>
	<object>
		<name>orange</name>
		<pose>Unspecified</pose>
		<truncated>0</truncated>
		<difficult>0</difficult>
		<occluded>0</occluded>
		<bndbox>
			<xmin>376</xmin>
			<xmax>417</xmax>
			<ymin>390</ymin>
			<ymax>417</ymax>
		</bndbox>
		<polygon>
			<x1>416</x1>
			<y1>416</y1>
			<x2>416</x2>
			<y2>393.688317</y2>
			<x3>405.239524</x3>
			<y3>388.945501</y3>
			<x4>390.933364</x4>
			<y4>391.540081</y4>
			<x5>380.874755</x5>
			<y5>400.722866</y5>
			<x6>375.251317</x6>
			<y6>413.810752</y6>
			<x7>375.023214</x7>
			<y7>416</y7>
			<x8>416</x8>
			<y8>416</y8>
		</polygon>
	</object>
	<object>
		<name>greenapple</name>
		<pose>Unspecified</pose>
		<truncated>0</truncated>
		<difficult>0</difficult>
		<occluded>0</occluded>
		<bndbox>
			<xmin>362</xmin>
			<xmax>385</xmax>
			<ymin>208</ymin>
			<ymax>240</ymax>
		</bndbox>
		<polygon>
			<x1>383.386743</x1>
			<y1>230.13772899999998</y1>
			<x2>384.387388</x2>
			<y2>215.827845</y2>
			<x3>379.533044</x3>
			<y3>208.298468</y3>
			<x4>369.555585</x4>
			<y4>206.702034</y4>
			<x5>362.36192900000003</x5>
			<y5>213.388933</y5>
			<x6>360.75449100000003</x6>
			<y6>226.757646</y6>
			<x7>364.876962</x7>
			<y7>235.134586</y7>
			<x8>375.39867300000003</x8>
			<y8>238.56655899999998</y8>
			<x9>383.386743</x9>
			<y9>230.13772899999998</y9>
		</polygon>
	</object>
	<object>
		<name>capsicum</name>
		<pose>Unspecified</pose>
		<truncated>0</truncated>
		<difficult>0</difficult>
		<occluded>0</occluded>
		<bndbox>
			<xmin>223</xmin>
			<xmax>244</xmax>
			<ymin>188</ymin>
			<ymax>223</ymax>
		</bndbox>
		<polygon>
			<x1>237.40954399999998</x1>
			<y1>220.82874900000002</y1>
			<x2>243.22060199999999</x2>
			<y2>205.05776</y2>
			<x3>242.88258000000002</x3>
			<y3>190.654268</y3>
			<x4>235.038202</x4>
			<y4>187.409511</y4>
			<x5>224.078707</x5>
			<y5>190.238113</y5>
			<x6>221.695466</x6>
			<y6>195.463907</y6>
			<x7>223.05945300000002</x7>
			<y7>214.432848</y7>
			<x8>227.913797</x8>
			<y8>221.962225</y8>
			<x9>237.40954399999998</x9>
			<y9>220.82874900000002</y9>
		</polygon>
	</object>
</annotation>
