<annotation>
	<folder></folder>
	<filename>image_63_png.rf.6855132b3c583147977a88b35fa67010.jpg</filename>
	<path>image_63_png.rf.6855132b3c583147977a88b35fa67010.jpg</path>
	<source>
		<database>roboflow.ai</database>
	</source>
	<size>
		<width>416</width>
		<height>416</height>
		<depth>3</depth>
	</size>
	<segmented>0</segmented>
	<object>
		<name>redapple</name>
		<pose>Unspecified</pose>
		<truncated>0</truncated>
		<difficult>0</difficult>
		<occluded>0</occluded>
		<bndbox>
			<xmin>45</xmin>
			<xmax>99</xmax>
			<ymin>96</ymin>
			<ymax>175</ymax>
		</bndbox>
		<polygon>
			<x1>79.139532</x1>
			<y1>99.583859</y1>
			<x2>66.17377</x2>
			<y2>98.15642</y2>
			<x3>61.782125</x3>
			<y3>94.591214</y3>
			<x4>60.015859</x4>
			<y4>101.555826</y4>
			<x5>50.341429</x5>
			<y5>104.899966</y5>
			<x6>45.718192</x6>
			<y6>111.644867</y6>
			<x7>44.386285</x7>
			<y7>123.161348</y7>
			<x8>47.005258</x8>
			<y8>139.284962</y8>
			<x9>65.215371</x9>
			<y9>167.365833</y9>
			<x10>78.174727</x10>
			<y10>174.387068</y10>
			<x11>86.308078</x11>
			<y11>173.291229</y11>
			<x12>94.225849</x12>
			<y12>168.521007</y12>
			<x13>97.97396</x13>
			<y13>158.266166</y13>
			<x14>97.780802</x14>
			<y14>135.013495</y14>
			<x15>93.842734</x15>
			<y15>119.218768</y15>
			<x16>79.139532</x16>
			<y16>99.583859</y16>
		</polygon>
	</object>
	<object>
		<name>greenapple</name>
		<pose>Unspecified</pose>
		<truncated>0</truncated>
		<difficult>0</difficult>
		<occluded>0</occluded>
		<bndbox>
			<xmin>173</xmin>
			<xmax>200</xmax>
			<ymin>80</ymin>
			<ymax>113</ymax>
		</bndbox>
		<polygon>
			<x1>198.92315</x1>
			<y1>99.543511</y1>
			<x2>196.07899</x2>
			<y2>88.136208</y2>
			<x3>188.177232</x3>
			<y3>78.921939</y3>
			<x4>178.506005</x4>
			<y4>79.469181</y4>
			<x5>171.682141</x5>
			<y5>88.626826</y5>
			<x6>175.179443</x6>
			<y6>105.463482</y6>
			<x7>183.743951</x7>
			<y7>111.716408</y7>
			<x8>192.977614</x8>
			<y8>109.414197</y8>
			<x9>198.92315</x9>
			<y9>99.543511</y9>
		</polygon>
	</object>
	<object>
		<name>redapple</name>
		<pose>Unspecified</pose>
		<truncated>0</truncated>
		<difficult>0</difficult>
		<occluded>0</occluded>
		<bndbox>
			<xmin>270</xmin>
			<xmax>348</xmax>
			<ymin>20</ymin>
			<ymax>105</ymax>
		</bndbox>
		<polygon>
			<x1>284.387922</x1>
			<y1>21.745352</y1>
			<x2>275.363431</x2>
			<y2>33.315742</y2>
			<x3>268.964319</x3>
			<y3>55.41595</y3>
			<x4>273.558732</x4>
			<y4>73.843132</y4>
			<x5>286.505276</x5>
			<y5>92.051959</y5>
			<x6>297.704771</x6>
			<y6>100.44401</y6>
			<x7>313.965066</x7>
			<y7>103.846128</y7>
			<x8>333.751489</x8>
			<y8>98.912818</y8>
			<x9>344.75142</x9>
			<y9>89.645996</y9>
			<x10>346.980871</x10>
			<y10>62.061169</y10>
			<x11>341.93928700000004</x11>
			<y11>50.269712</y11>
			<x12>314.276729</x12>
			<y12>23.613567</y12>
			<x13>296.259776</x13>
			<y13>18.785366</y13>
			<x14>284.387922</x14>
			<y14>21.745352</y14>
		</polygon>
	</object>
	<object>
		<name>mango</name>
		<pose>Unspecified</pose>
		<truncated>0</truncated>
		<difficult>0</difficult>
		<occluded>0</occluded>
		<bndbox>
			<xmin>276</xmin>
			<xmax>304</xmax>
			<ymin>165</ymin>
			<ymax>179</ymax>
		</bndbox>
		<polygon>
			<x1>303.280403</x1>
			<y1>178</y1>
			<x2>301.79756399999997</x2>
			<y2>173.054184</y2>
			<x3>291.917164</x3>
			<y3>164.333246</y3>
			<x4>280.486076</x4>
			<y4>166.251303</y4>
			<x5>275.200089</x5>
			<y5>175.957547</y5>
			<x6>275.594396</x6>
			<y6>178</y6>
			<x7>303.280403</x7>
			<y7>178</y7>
		</polygon>
	</object>
	<object>
		<name>greenapple</name>
		<pose>Unspecified</pose>
		<truncated>0</truncated>
		<difficult>0</difficult>
		<occluded>0</occluded>
		<bndbox>
			<xmin>51</xmin>
			<xmax>99</xmax>
			<ymin>262</ymin>
			<ymax>325</ymax>
		</bndbox>
		<polygon>
			<x1>53.670427</x1>
			<y1>287.173713</y1>
			<x2>50.369487</x2>
			<y2>290.79283</y2>
			<x3>54.323569</x3>
			<y3>292.603066</y3>
			<x4>58.255231</x4>
			<y4>313.991589</y4>
			<x5>74.068355</x5>
			<y5>324.02943200000004</y5>
			<x6>94.076762</x6>
			<y6>317.17671</y6>
			<x7>97.837685</x7>
			<y7>295.734276</y7>
			<x8>93.906023</x8>
			<y8>274.345753</y8>
			<x9>75.23913</x9>
			<y9>261.291301</y9>
			<x10>60.291524</x10>
			<y10>263.154092</y10>
			<x11>54.345988</x11>
			<y11>273.02477899999997</y11>
			<x12>53.670427</x12>
			<y12>287.173713</y12>
		</polygon>
	</object>
	<object>
		<name>orange</name>
		<pose>Unspecified</pose>
		<truncated>0</truncated>
		<difficult>0</difficult>
		<occluded>0</occluded>
		<bndbox>
			<xmin>213</xmin>
			<xmax>262</xmax>
			<ymin>246</ymin>
			<ymax>323</ymax>
		</bndbox>
		<polygon>
			<x1>212</x1>
			<y1>310.07803</y1>
			<x2>215.855025</x2>
			<y2>315.414424</y2>
			<x3>226.616957</x3>
			<y3>322.051505</y3>
			<x4>250.798228</x4>
			<y4>317.886503</y4>
			<x5>255.859029</x5>
			<y5>312.896571</y5>
			<x6>261.154624</x6>
			<y6>294.79963399999997</y6>
			<x7>260.72667</x7>
			<y7>284.65397</y7>
			<x8>254.156818</x8>
			<y8>263.923221</y8>
			<x9>238.790865</x9>
			<y9>247.249653</y9>
			<x10>229.122841</x10>
			<y10>244.999995</y10>
			<x11>216.59144</x11>
			<y11>248.124424</y11>
			<x12>212</x12>
			<y12>251.557897</y12>
			<x13>212</x13>
			<y13>310.07803</y13>
		</polygon>
	</object>
	<object>
		<name>greenapple</name>
		<pose>Unspecified</pose>
		<truncated>0</truncated>
		<difficult>0</difficult>
		<occluded>0</occluded>
		<bndbox>
			<xmin>302</xmin>
			<xmax>328</xmax>
			<ymin>187</ymin>
			<ymax>219</ymax>
		</bndbox>
		<polygon>
			<x1>326.973857</x1>
			<y1>204.758432</y1>
			<x2>323.251369</x2>
			<y2>192.638089</y2>
			<x3>314.68686</x3>
			<y3>186.385161</y3>
			<x4>306.112744</x4>
			<y4>188.522929</y4>
			<x5>301.26432</x5>
			<y5>199.984142</y5>
			<x6>303.889698</x6>
			<y6>210.51396</y6>
			<x7>313.551317</x7>
			<y7>218.357413</y7>
			<x8>322.784981</x8>
			<y8>216.055202</y8>
			<x9>326.973857</x9>
			<y9>204.758432</y9>
		</polygon>
	</object>
</annotation>
