<annotation>
	<folder></folder>
	<filename>image_195_png.rf.b40f1955866102a41edd0737aff561fe.jpg</filename>
	<path>image_195_png.rf.b40f1955866102a41edd0737aff561fe.jpg</path>
	<source>
		<database>roboflow.ai</database>
	</source>
	<size>
		<width>416</width>
		<height>416</height>
		<depth>3</depth>
	</size>
	<segmented>0</segmented>
	<object>
		<name>mango</name>
		<pose>Unspecified</pose>
		<truncated>0</truncated>
		<difficult>0</difficult>
		<occluded>0</occluded>
		<bndbox>
			<xmin>1</xmin>
			<xmax>30</xmax>
			<ymin>33</ymin>
			<ymax>95</ymax>
		</bndbox>
		<polygon>
			<x1>0</x1>
			<y1>93.622911</y1>
			<x2>11.520224</x2>
			<y2>93.486503</y2>
			<x3>21.584098</x3>
			<y3>86.84213</y3>
			<x4>28.523754</x4>
			<y4>71.851372</y4>
			<x5>28.81222</x5>
			<y5>63.680643</y5>
			<x6>23.855559</x6>
			<y6>46.713294</y6>
			<x7>5.981141</x7>
			<y7>32.4917</y7>
			<x8>0</x8>
			<y8>33.110326</y8>
			<x9>0</x9>
			<y9>93.622911</y9>
		</polygon>
	</object>
	<object>
		<name>capsicum</name>
		<pose>Unspecified</pose>
		<truncated>0</truncated>
		<difficult>0</difficult>
		<occluded>0</occluded>
		<bndbox>
			<xmin>126</xmin>
			<xmax>156</xmax>
			<ymin>1</ymin>
			<ymax>22</ymax>
		</bndbox>
		<polygon>
			<x1>124.691106</x1>
			<y1>0</y1>
			<x2>125.016833</x2>
			<y2>1.783608</y2>
			<x3>134.677952</x3>
			<y3>18.652038</y3>
			<x4>141.869809</x4>
			<y4>20.727545</y4>
			<x5>151.374884</x5>
			<y5>17.806133</y5>
			<x6>154.796634</x6>
			<y6>11.672543</y6>
			<x7>155.457349</x7>
			<y7>0</y7>
			<x8>124.691106</x8>
			<y8>0</y8>
		</polygon>
	</object>
	<object>
		<name>orange</name>
		<pose>Unspecified</pose>
		<truncated>0</truncated>
		<difficult>0</difficult>
		<occluded>0</occluded>
		<bndbox>
			<xmin>322</xmin>
			<xmax>381</xmax>
			<ymin>43</ymin>
			<ymax>117</ymax>
		</bndbox>
		<polygon>
			<x1>337.7478</x1>
			<y1>42.933734</y1>
			<x2>327.03803800000003</x2>
			<y2>49.715394</y2>
			<x3>322.132201</x3>
			<y3>61.570713</y3>
			<x4>321.18878</x4>
			<y4>76.187978</y4>
			<x5>327.244906</x5>
			<y5>98.327904</y5>
			<x6>333.13592</x6>
			<y6>106.987236</y6>
			<x7>346.49819</x7>
			<y7>115.860595</y7>
			<x8>368.641623</x8>
			<y8>112.054909</y8>
			<x9>377.42278799999997</x9>
			<y9>99.375863</y9>
			<x10>379.745073</x10>
			<y10>88.069695</y10>
			<x11>374.343902</x11>
			<y11>59.483232</y11>
			<x12>368.26964399999997</x12>
			<y12>49.961804</y12>
			<x13>357.028283</x13>
			<y13>41.538678</y13>
			<x14>337.7478</x14>
			<y14>42.933734</y14>
		</polygon>
	</object>
	<object>
		<name>orange</name>
		<pose>Unspecified</pose>
		<truncated>0</truncated>
		<difficult>0</difficult>
		<occluded>0</occluded>
		<bndbox>
			<xmin>128</xmin>
			<xmax>153</xmax>
			<ymin>200</ymin>
			<ymax>224</ymax>
		</bndbox>
		<polygon>
			<x1>130.167592</x1>
			<y1>199</y1>
			<x2>127.054458</x2>
			<y2>203.641386</y2>
			<x3>128.97399</x3>
			<y3>215.84802</y3>
			<x4>135.973536</x4>
			<y4>223.370681</y4>
			<x5>146.67423</x5>
			<y5>222.898269</y5>
			<x6>151.763312</x6>
			<y6>211.905047</y6>
			<x7>148.368761</x7>
			<y7>199.110891</y7>
			<x8>148.241909</x8>
			<y8>199</y8>
			<x9>130.167592</x9>
			<y9>199</y9>
		</polygon>
	</object>
	<object>
		<name>capsicum</name>
		<pose>Unspecified</pose>
		<truncated>0</truncated>
		<difficult>0</difficult>
		<occluded>0</occluded>
		<bndbox>
			<xmin>160</xmin>
			<xmax>182</xmax>
			<ymin>319</ymin>
			<ymax>355</ymax>
		</bndbox>
		<polygon>
			<x1>179.327965</x1>
			<y1>351.114396</y1>
			<x2>181.196672</x2>
			<y2>334.49836400000004</y2>
			<x3>176.789745</x3>
			<y3>320.117304</y3>
			<x4>168.952</x4>
			<y4>318.179084</y4>
			<x5>160.459302</x5>
			<y5>322.687401</y5>
			<x6>158.695817</x6>
			<y6>330.27060800000004</y6>
			<x7>164.481608</x7>
			<y7>347.962766</y7>
			<x8>171.114666</x8>
			<y8>353.761233</y8>
			<x9>179.327965</x9>
			<y9>351.114396</y9>
		</polygon>
	</object>
	<object>
		<name>greenapple</name>
		<pose>Unspecified</pose>
		<truncated>0</truncated>
		<difficult>0</difficult>
		<occluded>0</occluded>
		<bndbox>
			<xmin>263</xmin>
			<xmax>351</xmax>
			<ymin>214</ymin>
			<ymax>417</ymax>
		</bndbox>
		<polygon>
			<x1>262</x1>
			<y1>416</y1>
			<x2>298.729891</x2>
			<y2>416</y2>
			<x3>310.64969</x3>
			<y3>412.87703799999997</y3>
			<x4>334.382432</x4>
			<y4>394.316799</y4>
			<x5>346.04468099999997</x5>
			<y5>366.60862499999996</y5>
			<x6>349.397475</x6>
			<y6>344.27086399999996</y6>
			<x7>350.097762</x7>
			<y7>306.27808400000004</y7>
			<x8>343.230638</x8>
			<y8>270.794853</y8>
			<x9>326.858438</x9>
			<y9>238.233032</y9>
			<x10>307.884554</x10>
			<y10>218.838862</y10>
			<x11>276.254178</x11>
			<y11>212.947462</y11>
			<x12>262</x12>
			<y12>214.869489</y12>
			<x13>262</x13>
			<y13>416</y13>
		</polygon>
	</object>
</annotation>
