<annotation>
	<folder></folder>
	<filename>image_27_png.rf.faddef2743ae2de3f1980de7608e46b7.jpg</filename>
	<path>image_27_png.rf.faddef2743ae2de3f1980de7608e46b7.jpg</path>
	<source>
		<database>roboflow.ai</database>
	</source>
	<size>
		<width>416</width>
		<height>416</height>
		<depth>3</depth>
	</size>
	<segmented>0</segmented>
	<object>
		<name>orange</name>
		<pose>Unspecified</pose>
		<truncated>0</truncated>
		<difficult>0</difficult>
		<occluded>0</occluded>
		<bndbox>
			<xmin>1</xmin>
			<xmax>80</xmax>
			<ymin>42</ymin>
			<ymax>142</ymax>
		</bndbox>
		<polygon>
			<x1>0</x1>
			<y1>141</y1>
			<x2>79.364096</x2>
			<y2>141</y2>
			<x3>79.102013</x3>
			<y3>127.522657</y3>
			<x4>69.494749</x4>
			<y4>89.847755</y4>
			<x5>56.331937</x5>
			<y5>66.071014</y5>
			<x6>22.374294</x6>
			<y6>45.327516</y6>
			<x7>0</x7>
			<y7>40.596678</y7>
			<x8>0</x8>
			<y8>141</y8>
		</polygon>
	</object>
	<object>
		<name>redapple</name>
		<pose>Unspecified</pose>
		<truncated>0</truncated>
		<difficult>0</difficult>
		<occluded>0</occluded>
		<bndbox>
			<xmin>159</xmin>
			<xmax>354</xmax>
			<ymin>24</ymin>
			<ymax>142</ymax>
		</bndbox>
		<polygon>
			<x1>158</x1>
			<y1>141</y1>
			<x2>353.32962399999997</x2>
			<y2>141</y2>
			<x3>350.698289</x3>
			<y3>111.054892</y3>
			<x4>346.46657200000004</x4>
			<y4>95.019517</y4>
			<x5>340.215453</x5>
			<y5>83.183459</y5>
			<x6>330.623784</x6>
			<y6>75.337467</y6>
			<x7>281.053941</x7>
			<y7>54.832734</y7>
			<x8>280.50638100000003</x8>
			<y8>41.188536</y8>
			<x9>284.303555</x9>
			<y9>30.04014</y9>
			<x10>278.014765</x10>
			<y10>22.717273</y10>
			<x11>272.692484</x11>
			<y11>26.393464</y11>
			<x12>274.24422500000003</x12>
			<y12>46.523529</y12>
			<x13>271.945525</x13>
			<y13>52.486271</y13>
			<x14>228.868427</x14>
			<y14>46.567361</y14>
			<x15>215.200284</x15>
			<y15>51.633192</y15>
			<x16>203.47619600000002</x16>
			<y16>61.526088</y16>
			<x17>182.353354</x17>
			<y17>88.006999</y17>
			<x18>164.114444</x18>
			<y18>117.656174</y18>
			<x19>158</x19>
			<y19>130.508074</y19>
			<x20>158</x20>
			<y20>141</y20>
		</polygon>
	</object>
	<object>
		<name>capsicum</name>
		<pose>Unspecified</pose>
		<truncated>0</truncated>
		<difficult>0</difficult>
		<occluded>0</occluded>
		<bndbox>
			<xmin>53</xmin>
			<xmax>159</xmax>
			<ymin>213</ymin>
			<ymax>417</ymax>
		</bndbox>
		<polygon>
			<x1>158</x1>
			<y1>416</y1>
			<x2>158</x2>
			<y2>213.928054</y2>
			<x3>155.127318</x3>
			<y3>212.435599</y3>
			<x4>151.265838</x4>
			<y4>215.439328</y4>
			<x5>150.911195</x5>
			<y5>226.22913599999998</y5>
			<x6>153.515827</x6>
			<y6>231.160826</y6>
			<x7>150.416901</x7>
			<y7>237.900657</y7>
			<x8>132.543674</x8>
			<y8>239.588973</y8>
			<x9>125.175358</x9>
			<y9>234.806621</y9>
			<x10>96.351636</x10>
			<y10>232.952887</y10>
			<x11>79.863867</x11>
			<y11>242.99512199999998</y11>
			<x12>68.585361</x12>
			<y12>262.900738</y12>
			<x13>61.409962</x13>
			<y13>282.552392</y13>
			<x14>52.128781</x14>
			<y14>332.600794</y14>
			<x15>54.58728</x15>
			<y15>402.58521</y15>
			<x16>57.325293</x16>
			<y16>416</y16>
			<x17>158</x17>
			<y17>416</y17>
		</polygon>
	</object>
	<object>
		<name>redapple</name>
		<pose>Unspecified</pose>
		<truncated>0</truncated>
		<difficult>0</difficult>
		<occluded>0</occluded>
		<bndbox>
			<xmin>172</xmin>
			<xmax>240</xmax>
			<ymin>142</ymin>
			<ymax>174</ymax>
		</bndbox>
		<polygon>
			<x1>170.562593</x1>
			<y1>141</y1>
			<x2>175.894355</x2>
			<y2>155.389304</y2>
			<x3>188.751234</x3>
			<y3>168.271612</y3>
			<x4>208.949794</x4>
			<y4>173.278413</y4>
			<x5>223.65979199999998</x5>
			<y5>170.185258</y5>
			<x6>238.55814800000002</x6>
			<y6>144.526149</y6>
			<x7>238.550729</x7>
			<y7>141</y7>
			<x8>170.562593</x8>
			<y8>141</y8>
		</polygon>
	</object>
	<object>
		<name>mango</name>
		<pose>Unspecified</pose>
		<truncated>0</truncated>
		<difficult>0</difficult>
		<occluded>0</occluded>
		<bndbox>
			<xmin>287</xmin>
			<xmax>341</xmax>
			<ymin>142</ymin>
			<ymax>192</ymax>
		</bndbox>
		<polygon>
			<x1>291.344898</x1>
			<y1>141</y1>
			<x2>291.237955</x2>
			<y2>141.12</y2>
			<x3>286.919855</x3>
			<y3>151.282059</y3>
			<x4>285.587664</x4>
			<y4>168.24386</y4>
			<x5>291.178206</x5>
			<y5>179.975292</y5>
			<x6>300.10929899999996</x6>
			<y6>187.71666</y6>
			<x7>311.720371</x7>
			<y7>191.363336</y7>
			<x8>322.187611</x8>
			<y8>189.405858</y8>
			<x9>332.971823</x9>
			<y9>181.171762</y9>
			<x10>336.73132499999997</x10>
			<y10>174.536556</y10>
			<x11>340.082916</x11>
			<y11>153.37544</y11>
			<x12>333.91042400000003</x12>
			<y12>141</y12>
			<x13>291.344898</x13>
			<y13>141</y13>
		</polygon>
	</object>
	<object>
		<name>greenapple</name>
		<pose>Unspecified</pose>
		<truncated>0</truncated>
		<difficult>0</difficult>
		<occluded>0</occluded>
		<bndbox>
			<xmin>297</xmin>
			<xmax>346</xmax>
			<ymin>262</ymin>
			<ymax>325</ymax>
		</bndbox>
		<polygon>
			<x1>309.898442</x1>
			<y1>266.996619</y1>
			<x2>302.65873799999997</x2>
			<y2>278.503604</y2>
			<x3>296.34787</x3>
			<y3>305.522839</y3>
			<x4>300.756909</x4>
			<y4>316.16330800000003</y4>
			<x5>308.50650099999996</x5>
			<y5>322.813712</y5>
			<x6>327.281932</x6>
			<y6>323.979785</y6>
			<x7>337.163941</x7>
			<y7>312.8913</y7>
			<x8>342.421916</x8>
			<y8>301.07043999999996</y8>
			<x9>344.93561</x9>
			<y9>285.199603</y9>
			<x10>340.526571</x10>
			<y10>274.559133</y10>
			<x11>330.693274</x11>
			<y11>263.963377</y11>
			<x12>318.942552</x12>
			<y12>261.198413</y12>
			<x13>309.898442</x13>
			<y13>266.996619</y13>
		</polygon>
	</object>
</annotation>
