<annotation>
	<folder></folder>
	<filename>image_204_png.rf.18ad727dc414b4d7ab00ed890d89bfaf.jpg</filename>
	<path>image_204_png.rf.18ad727dc414b4d7ab00ed890d89bfaf.jpg</path>
	<source>
		<database>roboflow.ai</database>
	</source>
	<size>
		<width>416</width>
		<height>416</height>
		<depth>3</depth>
	</size>
	<segmented>0</segmented>
	<object>
		<name>redapple</name>
		<pose>Unspecified</pose>
		<truncated>0</truncated>
		<difficult>0</difficult>
		<occluded>0</occluded>
		<bndbox>
			<xmin>185</xmin>
			<xmax>221</xmax>
			<ymin>100</ymin>
			<ymax>188</ymax>
		</bndbox>
		<polygon>
			<x1>220</x1>
			<y1>100.288468</y1>
			<x2>218.084147</x2>
			<y2>99.442779</y2>
			<x3>205.856307</x3>
			<y3>99.869785</y3>
			<x4>193.944079</x4>
			<y4>109.33476</y4>
			<x5>183.800797</x5>
			<y5>130.50165</y5>
			<x6>185.206031</x6>
			<y6>151.265257</y6>
			<x7>192.59894</x7>
			<y7>168.200172</y7>
			<x8>201.840455</x8>
			<y8>179.641139</y8>
			<x9>218.428294</x9>
			<y9>187.20597</y9>
			<x10>220</x10>
			<y10>187.151085</y10>
			<x11>220</x11>
			<y11>100.288468</y11>
		</polygon>
	</object>
	<object>
		<name>capsicum</name>
		<pose>Unspecified</pose>
		<truncated>0</truncated>
		<difficult>0</difficult>
		<occluded>0</occluded>
		<bndbox>
			<xmin>249</xmin>
			<xmax>270</xmax>
			<ymin>76</ymin>
			<ymax>112</ymax>
		</bndbox>
		<polygon>
			<x1>264.884253</x1>
			<y1>109.449351</y1>
			<x2>268.549902</x2>
			<y2>97.557656</y2>
			<x3>268.598002</x3>
			<y3>79.457995</y3>
			<x4>260.967626</x4>
			<y4>75.199958</y4>
			<x5>250.193118</x5>
			<y5>78.29091</y5>
			<x6>247.633626</x6>
			<y6>82.904784</y6>
			<x7>248.912615</x7>
			<y7>100.053204</y7>
			<x8>255.405271</x8>
			<y8>110.685264</y8>
			<x9>264.884253</x9>
			<y9>109.449351</y9>
		</polygon>
	</object>
	<object>
		<name>capsicum</name>
		<pose>Unspecified</pose>
		<truncated>0</truncated>
		<difficult>0</difficult>
		<occluded>0</occluded>
		<bndbox>
			<xmin>22</xmin>
			<xmax>46</xmax>
			<ymin>242</ymin>
			<ymax>279</ymax>
		</bndbox>
		<polygon>
			<x1>29.707702</x1>
			<y1>278.005275</y1>
			<x2>41.193096</x2>
			<y2>275.794399</y2>
			<x3>45.443387</x3>
			<y3>261.16759</y3>
			<x4>44.938406</x4>
			<y4>246.706839</y4>
			<x5>39.993767</x5>
			<y5>241.45011499999998</y5>
			<x6>35.917821</x6>
			<y6>241.59245099999998</y6>
			<x7>23.816225</x7>
			<y7>245.634645</y7>
			<x8>21.288294</x8>
			<y8>251.152315</y8>
			<x9>23.957494</x9>
			<y9>269.157087</y9>
			<x10>29.707702</x10>
			<y10>278.005275</y10>
		</polygon>
	</object>
</annotation>
