<annotation>
	<folder></folder>
	<filename>image_161_png.rf.47ad02a074f05e8e631e5d706b618856.jpg</filename>
	<path>image_161_png.rf.47ad02a074f05e8e631e5d706b618856.jpg</path>
	<source>
		<database>roboflow.ai</database>
	</source>
	<size>
		<width>416</width>
		<height>416</height>
		<depth>3</depth>
	</size>
	<segmented>0</segmented>
	<object>
		<name>greenapple</name>
		<pose>Unspecified</pose>
		<truncated>0</truncated>
		<difficult>0</difficult>
		<occluded>0</occluded>
		<bndbox>
			<xmin>25</xmin>
			<xmax>49</xmax>
			<ymin>16</ymin>
			<ymax>47</ymax>
		</bndbox>
		<polygon>
			<x1>48.114819</x1>
			<y1>34.719102</y1>
			<x2>46.352449</x2>
			<y2>22.273618</y2>
			<x3>38.965048</x3>
			<y3>14.820145</y3>
			<x4>30.275659</x4>
			<y4>15.580368</y4>
			<x5>23.782635</x5>
			<y5>26.048175</y5>
			<x6>24.720311</x6>
			<y6>36.765856</y6>
			<x7>32.932406</x7>
			<y7>45.94713</y7>
			<x8>42.290209</x8>
			<y8>45.128428</y8>
			<x9>48.114819</x9>
			<y9>34.719102</y9>
		</polygon>
	</object>
	<object>
		<name>redapple</name>
		<pose>Unspecified</pose>
		<truncated>0</truncated>
		<difficult>0</difficult>
		<occluded>0</occluded>
		<bndbox>
			<xmin>64</xmin>
			<xmax>123</xmax>
			<ymin>305</ymin>
			<ymax>329</ymax>
		</bndbox>
		<polygon>
			<x1>121.708001</x1>
			<y1>328</y1>
			<x2>108.666906</x2>
			<y2>311.114095</y2>
			<x3>92.590116</x3>
			<y3>304.420845</y3>
			<x4>79.812101</x4>
			<y4>304.638799</y4>
			<x5>68.049901</x5>
			<y5>316.467576</y5>
			<x6>62.945636</x6>
			<y6>328</y6>
			<x7>121.708001</x7>
			<y7>328</y7>
		</polygon>
	</object>
	<object>
		<name>orange</name>
		<pose>Unspecified</pose>
		<truncated>0</truncated>
		<difficult>0</difficult>
		<occluded>0</occluded>
		<bndbox>
			<xmin>154</xmin>
			<xmax>177</xmax>
			<ymin>181</ymin>
			<ymax>257</ymax>
		</bndbox>
		<polygon>
			<x1>153</x1>
			<y1>256.093632</y1>
			<x2>161.578672</x2>
			<y2>254.658943</y2>
			<x3>167.950258</x3>
			<y3>250.501596</y3>
			<x4>176.413683</x4>
			<y4>231.761614</y4>
			<x5>174.42535</x5>
			<y5>201.336373</y5>
			<x6>162.089785</x6>
			<y6>183.51609</y6>
			<x7>153</x7>
			<y7>180.384753</y7>
			<x8>153</x8>
			<y8>256.093632</y8>
		</polygon>
	</object>
	<object>
		<name>redapple</name>
		<pose>Unspecified</pose>
		<truncated>0</truncated>
		<difficult>0</difficult>
		<occluded>0</occluded>
		<bndbox>
			<xmin>227</xmin>
			<xmax>274</xmax>
			<ymin>1</ymin>
			<ymax>59</ymax>
		</bndbox>
		<polygon>
			<x1>226.36218200000002</x1>
			<y1>0</y1>
			<x2>226.029572</x2>
			<y2>21.326189</y2>
			<x3>232.193127</x3>
			<y3>37.8865</y3>
			<x4>243.035583</x4>
			<y4>54.037459</y4>
			<x5>250.778841</x5>
			<y5>57.859894</y5>
			<x6>264.068992</x6>
			<y6>55.79718</y6>
			<x7>272.766835</x7>
			<y7>39.736618</y7>
			<x8>272.549327</x8>
			<y8>6.456521</y8>
			<x9>270.32525499999997</x9>
			<y9>0</y9>
			<x10>226.36218200000002</x10>
			<y10>0</y10>
		</polygon>
	</object>
	<object>
		<name>greenapple</name>
		<pose>Unspecified</pose>
		<truncated>0</truncated>
		<difficult>0</difficult>
		<occluded>0</occluded>
		<bndbox>
			<xmin>361</xmin>
			<xmax>386</xmax>
			<ymin>1</ymin>
			<ymax>13</ymax>
		</bndbox>
		<polygon>
			<x1>359.69929</x1>
			<y1>0</y1>
			<x2>359.833911</x2>
			<y2>3.319991</y2>
			<x3>368.714421</x3>
			<y3>12.442788</y3>
			<x4>378.740638</x4>
			<y4>11.565607</y4>
			<x5>384.799667</x5>
			<y5>3.8357</y5>
			<x6>384.644135</x6>
			<y6>0</y6>
			<x7>359.69929</x7>
			<y7>0</y7>
		</polygon>
	</object>
	<object>
		<name>capsicum</name>
		<pose>Unspecified</pose>
		<truncated>0</truncated>
		<difficult>0</difficult>
		<occluded>0</occluded>
		<bndbox>
			<xmin>371</xmin>
			<xmax>394</xmax>
			<ymin>119</ymin>
			<ymax>158</ymax>
		</bndbox>
		<polygon>
			<x1>370.374306</x1>
			<y1>139.19424</y1>
			<x2>374.888474</x2>
			<y2>152.298948</y2>
			<x3>385.383529</x3>
			<y3>156.780608</y3>
			<x4>392.70124599999997</x4>
			<y4>148.040603</y4>
			<x5>392.67485899999997</x5>
			<y5>124.643525</y5>
			<x6>388.195534</x6>
			<y6>119.635557</y6>
			<x7>382.33608300000003</x7>
			<y7>121.948145</y7>
			<x8>379.271727</x8>
			<y8>117.71636</y8>
			<x9>379.506146</x9>
			<y9>120.39578</y9>
			<x10>369.948766</x10>
			<y10>126.6318</y10>
			<x11>370.374306</x11>
			<y11>139.19424</y11>
		</polygon>
	</object>
	<object>
		<name>redapple</name>
		<pose>Unspecified</pose>
		<truncated>0</truncated>
		<difficult>0</difficult>
		<occluded>0</occluded>
		<bndbox>
			<xmin>1</xmin>
			<xmax>44</xmax>
			<ymin>341</ymin>
			<ymax>416</ymax>
		</bndbox>
		<polygon>
			<x1>0</x1>
			<y1>394.700485</y1>
			<x2>0.230563</x2>
			<y2>395.29408</y2>
			<x3>11.073018</x3>
			<y3>411.44504</y3>
			<x4>18.816276</x4>
			<y4>415.267474</y4>
			<x5>27.505665</x5>
			<y5>414.507251</y5>
			<x6>35.214081</x6>
			<y6>410.23294599999997</y6>
			<x7>39.85814</x7>
			<y7>401.726857</y7>
			<x8>42.618392</x8>
			<y8>387.085743</y8>
			<x9>42.158011</x9>
			<y9>366.426564</y9>
			<x10>36.741009</x10>
			<y10>350.700914</y10>
			<x11>30.612297</x11>
			<y11>342.237343</y11>
			<x12>13.589376</x12>
			<y12>340.12675</y12>
			<x13>1.792334</x13>
			<y13>343.858788</y13>
			<x14>0</x14>
			<y14>345.76042</y14>
			<x15>0</x15>
			<y15>394.700485</y15>
		</polygon>
	</object>
	<object>
		<name>mango</name>
		<pose>Unspecified</pose>
		<truncated>0</truncated>
		<difficult>0</difficult>
		<occluded>0</occluded>
		<bndbox>
			<xmin>154</xmin>
			<xmax>380</xmax>
			<ymin>329</ymin>
			<ymax>417</ymax>
		</bndbox>
		<polygon>
			<x1>237.961623</x1>
			<y1>328</y1>
			<x2>216.298844</x2>
			<y2>339.74907</y2>
			<x3>153</x3>
			<y3>389.869916</y3>
			<x4>153</x4>
			<y4>416</y4>
			<x5>377.90976</x5>
			<y5>416</y5>
			<x6>378.716135</x6>
			<y6>410.13718</y6>
			<x7>373.863023</x7>
			<y7>370.062835</y7>
			<x8>355.910881</x8>
			<y8>341.934222</y8>
			<x9>342.863604</x9>
			<y9>331.376017</y9>
			<x10>333.06355099999996</x10>
			<y10>328</y10>
			<x11>237.961623</x11>
			<y11>328</y11>
		</polygon>
	</object>
</annotation>
