<annotation>
	<folder></folder>
	<filename>image_188_png.rf.b68017888f89f6538541861dd0b0ee3b.jpg</filename>
	<path>image_188_png.rf.b68017888f89f6538541861dd0b0ee3b.jpg</path>
	<source>
		<database>roboflow.ai</database>
	</source>
	<size>
		<width>416</width>
		<height>416</height>
		<depth>3</depth>
	</size>
	<segmented>0</segmented>
	<object>
		<name>orange</name>
		<pose>Unspecified</pose>
		<truncated>0</truncated>
		<difficult>0</difficult>
		<occluded>0</occluded>
		<bndbox>
			<xmin>18</xmin>
			<xmax>76</xmax>
			<ymin>1</ymin>
			<ymax>70</ymax>
		</bndbox>
		<polygon>
			<x1>30.083052</x1>
			<y1>0</y1>
			<x2>29.367972</x2>
			<y2>0.477614</y2>
			<x3>21.154416</x3>
			<y3>14.34653</y3>
			<x4>17.46899</x4>
			<y4>33.394344</y4>
			<x5>19.038252</x5>
			<y5>48.812707</y5>
			<x6>26.23864</x6>
			<y6>62.445926</y6>
			<x7>38.593025</x7>
			<y7>68.86438</y7>
			<x8>47.861529</x8>
			<y8>69.440024</y8>
			<x9>57.681532</x9>
			<y9>66.533649</y9>
			<x10>68.22809</x10>
			<y10>54.818927</y10>
			<x11>72.353461</x11>
			<y11>45.656559</y11>
			<x12>75.386699</x12>
			<y12>26.505449</y12>
			<x13>74.43244</x13>
			<y13>15.646203</y13>
			<x14>68.674302</x14>
			<y14>1.349072</y14>
			<x15>67.080449</x15>
			<y15>0</y15>
			<x16>30.083052</x16>
			<y16>0</y16>
		</polygon>
	</object>
	<object>
		<name>mango</name>
		<pose>Unspecified</pose>
		<truncated>0</truncated>
		<difficult>0</difficult>
		<occluded>0</occluded>
		<bndbox>
			<xmin>122</xmin>
			<xmax>175</xmax>
			<ymin>6</ymin>
			<ymax>68</ymax>
		</bndbox>
		<polygon>
			<x1>174</x1>
			<y1>30.450236</y1>
			<x2>167.706167</x2>
			<y2>13.464809</y2>
			<x3>153.018779</x3>
			<y3>4.892161</y3>
			<x4>133.792398</x4>
			<y4>8.093396</y4>
			<x5>124.550215</x5>
			<y5>20.01471</y5>
			<x6>120.525535</x6>
			<y6>32.762396</y6>
			<x7>121.204044</x7>
			<y7>45.362651</y7>
			<x8>126.209304</x8>
			<y8>55.971171</y8>
			<x9>136.84569</x9>
			<y9>64.794545</y9>
			<x10>147.795009</x10>
			<y10>67.421089</y10>
			<x11>160.499511</x11>
			<y11>63.186889</y11>
			<x12>166.82001</x12>
			<y12>57.049221</y12>
			<x13>172.663379</x13>
			<y13>45.48193</y13>
			<x14>174</x14>
			<y14>37.042838</y14>
			<x15>174</x15>
			<y15>30.450236</y15>
		</polygon>
	</object>
	<object>
		<name>mango</name>
		<pose>Unspecified</pose>
		<truncated>0</truncated>
		<difficult>0</difficult>
		<occluded>0</occluded>
		<bndbox>
			<xmin>175</xmin>
			<xmax>401</xmax>
			<ymin>33</ymin>
			<ymax>175</ymax>
		</bndbox>
		<polygon>
			<x1>174</x1>
			<y1>174</y1>
			<x2>381.077566</x2>
			<y2>174</y2>
			<x3>386.50109199999997</x3>
			<y3>167.611612</y3>
			<x4>395.541895</x4>
			<y4>148.519665</y4>
			<x5>399.513932</x5>
			<y5>110.778062</y5>
			<x6>392.976596</x6>
			<y6>80.295358</y6>
			<x7>378.12501199999997</x7>
			<y7>60.096256</y7>
			<x8>358.11943199999996</x8>
			<y8>47.111919</y8>
			<x9>332.997039</x9>
			<y9>36.886529</y9>
			<x10>299.735458</x10>
			<y10>31.618412</y10>
			<x11>280.784825</x11>
			<y11>33.078638</y11>
			<x12>241.366942</x12>
			<y12>45.574643</y12>
			<x13>174</x13>
			<y13>77.797995</y13>
			<x14>174</x14>
			<y14>174</y14>
		</polygon>
	</object>
	<object>
		<name>redapple</name>
		<pose>Unspecified</pose>
		<truncated>0</truncated>
		<difficult>0</difficult>
		<occluded>0</occluded>
		<bndbox>
			<xmin>70</xmin>
			<xmax>142</xmax>
			<ymin>274</ymin>
			<ymax>357</ymax>
		</bndbox>
		<polygon>
			<x1>123.364599</x1>
			<y1>281.758441</y1>
			<x2>114.271154</x2>
			<y2>275.856471</y2>
			<x3>98.756519</x3>
			<y3>272.506852</y3>
			<x4>89.588705</x4>
			<y4>275.516523</y4>
			<x5>76.772649</x5>
			<y5>293.11818700000003</y5>
			<x6>69.274787</x6>
			<y6>315.131538</y6>
			<x7>70.053987</x7>
			<y7>331.31711</y7>
			<x8>79.725251</x8>
			<y8>346.23402</y8>
			<x9>88.680822</x9>
			<y9>353.006495</y9>
			<x10>109.550833</x10>
			<y10>356.31198</y10>
			<x11>124.074025</x11>
			<y11>353.258175</y11>
			<x12>131.460334</x12>
			<y12>344.61228900000003</y12>
			<x13>140.776886</x13>
			<y13>323.779331</y13>
			<x14>140.374127</x14>
			<y14>309.438066</y14>
			<x15>132.935174</x15>
			<y15>293.090036</y15>
			<x16>123.364599</x16>
			<y16>281.758441</y16>
		</polygon>
	</object>
	<object>
		<name>capsicum</name>
		<pose>Unspecified</pose>
		<truncated>0</truncated>
		<difficult>0</difficult>
		<occluded>0</occluded>
		<bndbox>
			<xmin>230</xmin>
			<xmax>265</xmax>
			<ymin>175</ymin>
			<ymax>214</ymax>
		</bndbox>
		<polygon>
			<x1>231.532086</x1>
			<y1>174</y1>
			<x2>229.493306</x2>
			<y2>184.537262</y2>
			<x3>229.996756</x3>
			<y3>202.463844</y3>
			<x4>233.459076</x4>
			<y4>210.150959</y4>
			<x5>246.364959</x5>
			<y5>213.087392</y5>
			<x6>254.127707</x6>
			<y6>206.285811</y6>
			<x7>261.86413500000003</x7>
			<y7>186.987271</y7>
			<x8>263.921117</x8>
			<y8>174</y8>
			<x9>231.532086</x9>
			<y9>174</y9>
		</polygon>
	</object>
	<object>
		<name>greenapple</name>
		<pose>Unspecified</pose>
		<truncated>0</truncated>
		<difficult>0</difficult>
		<occluded>0</occluded>
		<bndbox>
			<xmin>215</xmin>
			<xmax>263</xmax>
			<ymin>326</ymin>
			<ymax>388</ymax>
		</bndbox>
		<polygon>
			<x1>227.751909</x1>
			<y1>330.60556399999996</y1>
			<x2>217.820353</x2>
			<y2>346.879404</y2>
			<x3>214.373492</x3>
			<y3>368.642028</y3>
			<x4>219.240877</x4>
			<y4>380.12105099999997</y4>
			<x5>225.725571</x5>
			<y5>385.60983699999997</y5>
			<x6>244.914769</x6>
			<y6>386.864423</y6>
			<x7>253.881203</x7>
			<y7>376.684119</y7>
			<x8>260.68969300000003</x8>
			<y8>359.02329199999997</y8>
			<x9>261.691998</x9>
			<y9>348.473936</y9>
			<x10>252.94867</x10>
			<y10>331.919312</y10>
			<x11>245.811788</x11>
			<y11>326.327231</y11>
			<x12>237.333346</x12>
			<y12>324.984378</y12>
			<x13>227.751909</x13>
			<y13>330.60556399999996</y13>
		</polygon>
	</object>
	<object>
		<name>redapple</name>
		<pose>Unspecified</pose>
		<truncated>0</truncated>
		<difficult>0</difficult>
		<occluded>0</occluded>
		<bndbox>
			<xmin>368</xmin>
			<xmax>417</xmax>
			<ymin>180</ymin>
			<ymax>255</ymax>
		</bndbox>
		<polygon>
			<x1>380.647556</x1>
			<y1>179.922795</y1>
			<x2>373.67487</x2>
			<y2>185.957168</y2>
			<x3>366.929885</x3>
			<y3>211.659131</y3>
			<x4>371.547843</x4>
			<y4>237.376124</y4>
			<x5>377.857478</x5>
			<y5>248.191235</y5>
			<x6>387.603112</x6>
			<y6>254.196503</y6>
			<x7>398.07530099999997</x7>
			<y7>251.39342399999998</y7>
			<x8>402.815675</x8>
			<y8>246.79017299999998</y8>
			<x9>411.580729</x9>
			<y9>229.439236</y9>
			<x10>415.679778</x10>
			<y10>207.779908</y10>
			<x11>411.024636</x11>
			<y11>186.518736</y11>
			<x12>394.24281099999996</x12>
			<y12>178.506704</y12>
			<x13>380.647556</x13>
			<y13>179.922795</y13>
		</polygon>
	</object>
	<object>
		<name>orange</name>
		<pose>Unspecified</pose>
		<truncated>0</truncated>
		<difficult>0</difficult>
		<occluded>0</occluded>
		<bndbox>
			<xmin>358</xmin>
			<xmax>415</xmax>
			<ymin>366</ymin>
			<ymax>417</ymax>
		</bndbox>
		<polygon>
			<x1>411.054322</x1>
			<y1>416</y1>
			<x2>411.736986</x2>
			<y2>414.178809</y2>
			<x3>413.74159599999996</x3>
			<y3>393.080097</y3>
			<x4>409.940022</x4>
			<y4>379.092854</y4>
			<x5>404.521139</x5>
			<y5>371.09585000000004</y5>
			<x6>383.412563</x6>
			<y6>365.075553</y6>
			<x7>370.57018600000004</x7>
			<y7>370.180258</y7>
			<x8>361.980191</x8>
			<y8>382.20486900000003</y8>
			<x9>356.85251500000004</x9>
			<y9>401.91659300000003</y9>
			<x10>356.878837</x10>
			<y10>414.413552</y10>
			<x11>357.279582</x11>
			<y11>416</y11>
			<x12>411.054322</x12>
			<y12>416</y12>
		</polygon>
	</object>
</annotation>
