<annotation>
	<folder></folder>
	<filename>image_102_png.rf.a10e541e38fa49c7250213374c30b59e.jpg</filename>
	<path>image_102_png.rf.a10e541e38fa49c7250213374c30b59e.jpg</path>
	<source>
		<database>roboflow.ai</database>
	</source>
	<size>
		<width>416</width>
		<height>416</height>
		<depth>3</depth>
	</size>
	<segmented>0</segmented>
	<object>
		<name>redapple</name>
		<pose>Unspecified</pose>
		<truncated>0</truncated>
		<difficult>0</difficult>
		<occluded>0</occluded>
		<bndbox>
			<xmin>28</xmin>
			<xmax>96</xmax>
			<ymin>147</ymin>
			<ymax>228</ymax>
		</bndbox>
		<polygon>
			<x1>71.022077</x1>
			<y1>150.10082</y1>
			<x2>60.415451</x2>
			<y2>145.897105</y2>
			<x3>45.936644</x3>
			<y3>146.149833</y3>
			<x4>39.416635</x4>
			<y4>149.774724</y4>
			<x5>31.13668</x5>
			<y5>165.719126</y5>
			<x6>26.897392</x6>
			<y6>186.859623</y6>
			<x7>27.142462</x7>
			<y7>200.899678</y7>
			<x8>30.58627</x8>
			<y8>209.617275</y8>
			<x9>41.330747</x9>
			<y9>221.71852</y9>
			<x10>53.927072</x10>
			<y10>226.765275</y10>
			<x11>74.313712</x11>
			<y11>225.531655</y11>
			<x12>87.353728</x12>
			<y12>218.281874</y12>
			<x13>95.434564</x13>
			<y13>190.929927</y13>
			<x14>92.511033</x14>
			<y14>174.303312</y14>
			<x15>78.353381</x15>
			<y15>155.239477</y15>
			<x16>71.022077</x16>
			<y16>150.10082</y16>
		</polygon>
	</object>
	<object>
		<name>greenapple</name>
		<pose>Unspecified</pose>
		<truncated>0</truncated>
		<difficult>0</difficult>
		<occluded>0</occluded>
		<bndbox>
			<xmin>12</xmin>
			<xmax>35</xmax>
			<ymin>2</ymin>
			<ymax>32</ymax>
		</bndbox>
		<polygon>
			<x1>27.476943</x1>
			<y1>31.484072</y1>
			<x2>33.920367</x2>
			<y2>23.471664</y2>
			<x3>32.450942</x3>
			<y3>14.719605</y3>
			<x4>34.379375</x4>
			<y4>12.052631</y4>
			<x5>27.614296</x5>
			<y5>1.637467</y5>
			<x6>19.04332</x6>
			<y6>0.909302</y6>
			<x7>10.656147</x7>
			<y7>10.71118</y7>
			<x8>11.528711</x8>
			<y8>22.984741</y8>
			<x9>16.931584</x9>
			<y9>30.790371</y9>
			<x10>27.476943</x10>
			<y10>31.484072</y10>
		</polygon>
	</object>
	<object>
		<name>capsicum</name>
		<pose>Unspecified</pose>
		<truncated>0</truncated>
		<difficult>0</difficult>
		<occluded>0</occluded>
		<bndbox>
			<xmin>165</xmin>
			<xmax>199</xmax>
			<ymin>1</ymin>
			<ymax>48</ymax>
		</bndbox>
		<polygon>
			<x1>166.508125</x1>
			<y1>0</y1>
			<x2>165.193598</x2>
			<y2>0.991552</y2>
			<x3>164.229631</x3>
			<y3>21.197107</y3>
			<x4>171.897907</x4>
			<y4>45.64084</y4>
			<x5>187.065476</x5>
			<y5>47.131631</y5>
			<x6>191.580468</x6>
			<y6>41.786196</y6>
			<x7>195.942291</x7>
			<y7>27.665727</y7>
			<x8>197.533751</x8>
			<y8>5.693678</y8>
			<x9>194.923449</x9>
			<y9>0</y9>
			<x10>166.508125</x10>
			<y10>0</y10>
		</polygon>
	</object>
	<object>
		<name>orange</name>
		<pose>Unspecified</pose>
		<truncated>0</truncated>
		<difficult>0</difficult>
		<occluded>0</occluded>
		<bndbox>
			<xmin>158</xmin>
			<xmax>181</xmax>
			<ymin>142</ymin>
			<ymax>172</ymax>
		</bndbox>
		<polygon>
			<x1>179.230707</x1>
			<y1>164.011906</y1>
			<x2>180.317209</x2>
			<y2>150.826378</y2>
			<x3>176.888719</x3>
			<y3>142.986286</y3>
			<x4>167.628982</x4>
			<y4>140.514603</y4>
			<x5>157.879603</x5>
			<y5>147.706946</y5>
			<x6>157.451228</x6>
			<y6>160.880985</y6>
			<x7>161.537846</x7>
			<y7>168.70959</y7>
			<x8>172.771966</x8>
			<y8>171.14681</y8>
			<x9>179.230707</x9>
			<y9>164.011906</y9>
		</polygon>
	</object>
	<object>
		<name>redapple</name>
		<pose>Unspecified</pose>
		<truncated>0</truncated>
		<difficult>0</difficult>
		<occluded>0</occluded>
		<bndbox>
			<xmin>303</xmin>
			<xmax>347</xmax>
			<ymin>1</ymin>
			<ymax>35</ymax>
		</bndbox>
		<polygon>
			<x1>301.719136</x1>
			<y1>0</y1>
			<x2>312.030475</x2>
			<y2>26.101955</y2>
			<x3>322.698369</x3>
			<y3>33.815684</y3>
			<x4>328.621517</x4>
			<y4>33.712295</y4>
			<x5>337.13122599999997</x5>
			<y5>30.930445</y5>
			<x6>345.41118</x6>
			<y6>14.986044</y6>
			<x7>346.060222</x7>
			<y7>0</y7>
			<x8>301.719136</x8>
			<y8>0</y8>
		</polygon>
	</object>
	<object>
		<name>capsicum</name>
		<pose>Unspecified</pose>
		<truncated>0</truncated>
		<difficult>0</difficult>
		<occluded>0</occluded>
		<bndbox>
			<xmin>304</xmin>
			<xmax>337</xmax>
			<ymin>102</ymin>
			<ymax>158</ymax>
		</bndbox>
		<polygon>
			<x1>314.740566</x1>
			<y1>105.931795</y1>
			<x2>303.659616</x2>
			<y2>112.26961</y2>
			<x3>303.323143</x3>
			<y3>130.70867</y3>
			<x4>306.920118</x4>
			<y4>148.201301</y4>
			<x5>311.66486299999997</x5>
			<y5>156.018418</y5>
			<x6>325.50086</x6>
			<y6>156.654681</y6>
			<x7>331.286155</x7>
			<y7>148.653761</y7>
			<x8>335.525444</x8>
			<y8>127.513264</y8>
			<x9>335.311007</x9>
			<y9>115.228215</y9>
			<x10>329.862185</x10>
			<y10>104.790076</y10>
			<x11>319.974954</x11>
			<y11>104.084887</y11>
			<x12>316.623048</x12>
			<y12>100.632311</y12>
			<x13>314.740566</x13>
			<y13>105.931795</y13>
		</polygon>
	</object>
	<object>
		<name>redapple</name>
		<pose>Unspecified</pose>
		<truncated>0</truncated>
		<difficult>0</difficult>
		<occluded>0</occluded>
		<bndbox>
			<xmin>345</xmin>
			<xmax>417</xmax>
			<ymin>258</ymin>
			<ymax>310</ymax>
		</bndbox>
		<polygon>
			<x1>343.924165</x1>
			<y1>257</y1>
			<x2>344.17548899999997</x2>
			<y2>271.398316</y2>
			<x3>352.440625</x3>
			<y3>292.320547</y3>
			<x4>363.169785</x4>
			<y4>303.544289</y4>
			<x5>376.43955500000004</x5>
			<y5>309.457061</y5>
			<x6>392.234618</x6>
			<y6>309.181357</y6>
			<x7>406.621524</x7>
			<y7>303.663607</y7>
			<x8>416</x8>
			<y8>278.177524</y8>
			<x9>416</x9>
			<y9>277.790521</y9>
			<x10>413.156351</x10>
			<y10>263.172084</y10>
			<x11>409.27875700000004</x11>
			<y11>257</y11>
			<x12>343.924165</x12>
			<y12>257</y12>
		</polygon>
	</object>
	<object>
		<name>mango</name>
		<pose>Unspecified</pose>
		<truncated>0</truncated>
		<difficult>0</difficult>
		<occluded>0</occluded>
		<bndbox>
			<xmin>336</xmin>
			<xmax>415</xmax>
			<ymin>373</ymin>
			<ymax>417</ymax>
		</bndbox>
		<polygon>
			<x1>409.227086</x1>
			<y1>416</y1>
			<x2>414.32142999999996</x2>
			<y2>405.35062</y2>
			<x3>414.07636</x3>
			<y3>391.310564</y3>
			<x4>410.632554</x4>
			<y4>382.592968</y4>
			<x5>399.934026</x5>
			<y5>373.124233</y5>
			<x6>381.475819</x6>
			<y6>371.69088</y6>
			<x7>370.99172899999996</x7>
			<y7>374.507194</y7>
			<x8>361.24235</x8>
			<y8>381.69953599999997</y8>
			<x9>336.050197</x9>
			<y9>409.350162</y9>
			<x10>334.613592</x10>
			<y10>416</y10>
			<x11>409.227086</x11>
			<y11>416</y11>
		</polygon>
	</object>
</annotation>
