<annotation>
	<folder></folder>
	<filename>image_19_png.rf.a26e4725051ad264e2dc7e1d0d7250b6.jpg</filename>
	<path>image_19_png.rf.a26e4725051ad264e2dc7e1d0d7250b6.jpg</path>
	<source>
		<database>roboflow.ai</database>
	</source>
	<size>
		<width>416</width>
		<height>416</height>
		<depth>3</depth>
	</size>
	<segmented>0</segmented>
	<object>
		<name>capsicum</name>
		<pose>Unspecified</pose>
		<truncated>0</truncated>
		<difficult>0</difficult>
		<occluded>0</occluded>
		<bndbox>
			<xmin>1</xmin>
			<xmax>152</xmax>
			<ymin>1</ymin>
			<ymax>121</ymax>
		</bndbox>
		<polygon>
			<x1>0</x1>
			<y1>0</y1>
			<x2>0</x2>
			<y2>39.146627</y2>
			<x3>13.141802</x3>
			<y3>82.873044</y3>
			<x4>35.37352</x4>
			<y4>107.380494</y4>
			<x5>83.100849</x5>
			<y5>119.75738</y5>
			<x6>95.396326</x6>
			<y6>115.912848</y6>
			<x7>113.80294</x7>
			<y7>98.024074</y7>
			<x8>125.991431</x8>
			<y8>83.40055</y8>
			<x9>132.055645</x9>
			<y9>70.251631</y9>
			<x10>141.644646</x10>
			<y10>41.127359</y10>
			<x11>151.100837</x11>
			<y11>0</y11>
			<x12>0</x12>
			<y12>0</y12>
		</polygon>
	</object>
	<object>
		<name>mango</name>
		<pose>Unspecified</pose>
		<truncated>0</truncated>
		<difficult>0</difficult>
		<occluded>0</occluded>
		<bndbox>
			<xmin>242</xmin>
			<xmax>297</xmax>
			<ymin>24</ymin>
			<ymax>96</ymax>
		</bndbox>
		<polygon>
			<x1>241</x1>
			<y1>94.197434</y1>
			<x2>247.380565</x2>
			<y2>94.80823</y2>
			<x3>268.480512</x3>
			<y3>89.629556</y3>
			<x4>280.293629</x4>
			<y4>82.168616</y4>
			<x5>295.537689</x5>
			<y5>60.522971</y5>
			<x6>296.38228300000003</x6>
			<y6>44.407156</y6>
			<x7>285.16600900000003</x7>
			<y7>27.659259</y7>
			<x8>265.252251</x8>
			<y8>23.024494</y8>
			<x9>245.351634</x9>
			<y9>30.959368</y9>
			<x10>241</x10>
			<y10>34.721267</y10>
			<x11>241</x11>
			<y11>94.197434</y11>
		</polygon>
	</object>
	<object>
		<name>capsicum</name>
		<pose>Unspecified</pose>
		<truncated>0</truncated>
		<difficult>0</difficult>
		<occluded>0</occluded>
		<bndbox>
			<xmin>117</xmin>
			<xmax>242</xmax>
			<ymin>202</ymin>
			<ymax>417</ymax>
		</bndbox>
		<polygon>
			<x1>241</x1>
			<y1>416</y1>
			<x2>241</x2>
			<y2>237.38444099999998</y2>
			<x3>233.678219</x3>
			<y3>237.000722</y3>
			<x4>221.228834</x4>
			<y4>230.96158400000002</y4>
			<x5>219.487079</x5>
			<y5>212.914661</y5>
			<x6>213.302739</x6>
			<y6>202.71495</y6>
			<x7>208.036197</x7>
			<y7>200.64337799999998</y7>
			<x8>203.205093</x8>
			<y8>203.083538</y8>
			<x9>205.958492</x9>
			<y9>227.467953</y9>
			<x10>189.689647</x10>
			<y10>230.206468</y10>
			<x11>168.38887</x11>
			<y11>226.396795</y11>
			<x12>149.486755</x12>
			<y12>228.099524</y12>
			<x13>134.041866</x13>
			<y13>240.756823</y13>
			<x14>125.685976</x14>
			<y14>259.172333</y14>
			<x15>119.775669</x15>
			<y15>282.204922</y15>
			<x16>116.337229</x16>
			<y16>334.993865</y16>
			<x17>126.795256</x17>
			<y17>404.67116899999996</y17>
			<x18>130.710792</x18>
			<y18>416</y18>
			<x19>241</x19>
			<y19>416</y19>
		</polygon>
	</object>
	<object>
		<name>redapple</name>
		<pose>Unspecified</pose>
		<truncated>0</truncated>
		<difficult>0</difficult>
		<occluded>0</occluded>
		<bndbox>
			<xmin>242</xmin>
			<xmax>350</xmax>
			<ymin>159</ymin>
			<ymax>417</ymax>
		</bndbox>
		<polygon>
			<x1>241</x1>
			<y1>158</y1>
			<x2>241</x2>
			<y2>416</y2>
			<x3>316.75505599999997</x3>
			<y3>416</y3>
			<x4>326.298446</x4>
			<y4>396.445155</y4>
			<x5>340.08228099999997</x5>
			<y5>351.380648</y5>
			<x6>348.599576</x6>
			<y6>304.244569</y6>
			<x7>349.250837</x7>
			<y7>240.536171</y7>
			<x8>343.710261</x8>
			<y8>205.2323</y8>
			<x9>336.031916</x9>
			<y9>185.078689</y9>
			<x10>327.26122599999997</x10>
			<y10>172.947868</y10>
			<x11>317.492034</x11>
			<y11>167.049194</y11>
			<x12>283.515</x12>
			<y12>158</y12>
			<x13>241</x13>
			<y13>158</y13>
		</polygon>
	</object>
</annotation>
