<annotation>
	<folder></folder>
	<filename>image_40_png.rf.98479c315a7643b2af0384f9a8be2185.jpg</filename>
	<path>image_40_png.rf.98479c315a7643b2af0384f9a8be2185.jpg</path>
	<source>
		<database>roboflow.ai</database>
	</source>
	<size>
		<width>416</width>
		<height>416</height>
		<depth>3</depth>
	</size>
	<segmented>0</segmented>
	<object>
		<name>redapple</name>
		<pose>Unspecified</pose>
		<truncated>0</truncated>
		<difficult>0</difficult>
		<occluded>0</occluded>
		<bndbox>
			<xmin>1</xmin>
			<xmax>115</xmax>
			<ymin>1</ymin>
			<ymax>233</ymax>
		</bndbox>
		<polygon>
			<x1>12.648305</x1>
			<y1>0</y1>
			<x2>12.681692</x2>
			<y2>1.912764</y2>
			<x3>0</x3>
			<y3>2.633576</y3>
			<x4>0</x4>
			<y4>232</y4>
			<x5>102.399809</x5>
			<y5>232</y5>
			<x6>109.551935</x6>
			<y6>198.216955</y6>
			<x7>114.274453</x7>
			<y7>156.163219</y7>
			<x8>113.4943</x8>
			<y8>111.468272</y8>
			<x9>109.511809</x9>
			<y9>78.690679</y9>
			<x10>102.881473</x10>
			<y10>50.521402</y10>
			<x11>93.651055</x11>
			<y11>29.696867</y11>
			<x12>80.456829</x12>
			<y12>16.240879</y12>
			<x13>20.19811</x13>
			<y13>2.693984</y13>
			<x14>19.725818</x14>
			<y14>0</y14>
			<x15>12.648305</x15>
			<y15>0</y15>
		</polygon>
	</object>
	<object>
		<name>greenapple</name>
		<pose>Unspecified</pose>
		<truncated>0</truncated>
		<difficult>0</difficult>
		<occluded>0</occluded>
		<bndbox>
			<xmin>293</xmin>
			<xmax>316</xmax>
			<ymin>150</ymin>
			<ymax>182</ymax>
		</bndbox>
		<polygon>
			<x1>313.485821</x1>
			<y1>175.13113</y1>
			<x2>315.26074600000004</x2>
			<y2>159.589014</y2>
			<x3>309.646624</x3>
			<y3>150.562813</y3>
			<x4>300.750558</x4>
			<y4>148.893254</y4>
			<x5>292.679648</x5>
			<y5>155.42107</y5>
			<x6>291.57066499999996</x6>
			<y6>170.039142</y6>
			<x7>296.48700199999996</x7>
			<y7>178.165105</y7>
			<x8>306.762717</x8>
			<y8>180.723</y8>
			<x9>313.485821</x9>
			<y9>175.13113</y9>
		</polygon>
	</object>
	<object>
		<name>orange</name>
		<pose>Unspecified</pose>
		<truncated>0</truncated>
		<difficult>0</difficult>
		<occluded>0</occluded>
		<bndbox>
			<xmin>156</xmin>
			<xmax>213</xmax>
			<ymin>392</ymin>
			<ymax>417</ymax>
		</bndbox>
		<polygon>
			<x1>211.86119200000002</x1>
			<y1>416</y1>
			<x2>211.278637</x2>
			<y2>411.51329899999996</y2>
			<x3>198.670747</x3>
			<y3>392.57255699999996</y3>
			<x4>172.728097</x4>
			<y4>391.200548</y4>
			<x5>159.94783</x5>
			<y5>401.460245</y5>
			<x6>155.349922</x6>
			<y6>411.57711800000004</y6>
			<x7>154.955533</x7>
			<y7>416</y7>
			<x8>211.86119200000002</x8>
			<y8>416</y8>
		</polygon>
	</object>
	<object>
		<name>greenapple</name>
		<pose>Unspecified</pose>
		<truncated>0</truncated>
		<difficult>0</difficult>
		<occluded>0</occluded>
		<bndbox>
			<xmin>274</xmin>
			<xmax>300</xmax>
			<ymin>352</ymin>
			<ymax>385</ymax>
		</bndbox>
		<polygon>
			<x1>298.618071</x1>
			<y1>374.404415</y1>
			<x2>298.37924899999996</x2>
			<y2>360.72229</y2>
			<x3>290.719538</x3>
			<y3>351.731794</y3>
			<x4>282.521255</x4>
			<y4>350.962475</y4>
			<x5>273.784404</x5>
			<y5>358.414335</y5>
			<x6>272.643578</x6>
			<y6>371.208123</y6>
			<x7>278.971406</x7>
			<y7>382.04670699999997</y7>
			<x8>289.91306299999997</x8>
			<y8>383.680559</y8>
			<x9>298.618071</x9>
			<y9>374.404415</y9>
		</polygon>
	</object>
</annotation>
