<annotation>
	<folder></folder>
	<filename>image_62_png.rf.d6e983b613795d13dd1c4ca44e7ecd53.jpg</filename>
	<path>image_62_png.rf.d6e983b613795d13dd1c4ca44e7ecd53.jpg</path>
	<source>
		<database>roboflow.ai</database>
	</source>
	<size>
		<width>416</width>
		<height>416</height>
		<depth>3</depth>
	</size>
	<segmented>0</segmented>
	<object>
		<name>orange</name>
		<pose>Unspecified</pose>
		<truncated>0</truncated>
		<difficult>0</difficult>
		<occluded>0</occluded>
		<bndbox>
			<xmin>139</xmin>
			<xmax>196</xmax>
			<ymin>169</ymin>
			<ymax>200</ymax>
		</bndbox>
		<polygon>
			<x1>195.054395</x1>
			<y1>199</y1>
			<x2>194.800303</x2>
			<y2>190.450395</y2>
			<x3>190.141166</x3>
			<y3>179.732178</y3>
			<x4>180.033769</x4>
			<y4>169.299492</y4>
			<x5>160.140588</x5>
			<y5>167.601451</y5>
			<x6>148.120727</x6>
			<y6>172.79905</y6>
			<x7>141.20231</x7>
			<y7>184.12402</y7>
			<x8>137.880036</x8>
			<y8>198.914656</y8>
			<x9>137.889445</x9>
			<y9>199</y9>
			<x10>195.054395</x10>
			<y10>199</y10>
		</polygon>
	</object>
	<object>
		<name>greenapple</name>
		<pose>Unspecified</pose>
		<truncated>0</truncated>
		<difficult>0</difficult>
		<occluded>0</occluded>
		<bndbox>
			<xmin>102</xmin>
			<xmax>125</xmax>
			<ymin>1</ymin>
			<ymax>20</ymax>
		</bndbox>
		<polygon>
			<x1>100.589112</x1>
			<y1>0</y1>
			<x2>100.612264</x2>
			<y2>9.025917</y2>
			<x3>108.628818</x3>
			<y3>18.654647</y3>
			<x4>118.163274</x4>
			<y4>18.154967</y4>
			<x5>124.448404</x5>
			<y5>7.776718</y5>
			<x6>124.040843</x6>
			<y6>0</y6>
			<x7>100.589112</x7>
			<y7>0</y7>
		</polygon>
	</object>
	<object>
		<name>redapple</name>
		<pose>Unspecified</pose>
		<truncated>0</truncated>
		<difficult>0</difficult>
		<occluded>0</occluded>
		<bndbox>
			<xmin>204</xmin>
			<xmax>352</xmax>
			<ymin>1</ymin>
			<ymax>200</ymax>
		</bndbox>
		<polygon>
			<x1>203</x1>
			<y1>0</y1>
			<x2>203</x2>
			<y2>187.104291</y2>
			<x3>221.186927</x3>
			<y3>199</y3>
			<x4>259.373189</x4>
			<y4>199</y4>
			<x5>263.277794</x5>
			<y5>196.08143</y5>
			<x6>288.18953</x6>
			<y6>189.294665</y6>
			<x7>299.337379</x7>
			<y7>180.488637</y7>
			<x8>309.517724</x8>
			<y8>166.252118</y8>
			<x9>325.601239</x9>
			<y9>134.349105</y9>
			<x10>338.136355</x10>
			<y10>99.891459</y10>
			<x11>347.27891</x11>
			<y11>52.822152</y11>
			<x12>350.87771399999997</x12>
			<y12>4.216315</y12>
			<x13>350.478295</x13>
			<y13>0</y13>
			<x14>203</x14>
			<y14>0</y14>
		</polygon>
	</object>
	<object>
		<name>greenapple</name>
		<pose>Unspecified</pose>
		<truncated>0</truncated>
		<difficult>0</difficult>
		<occluded>0</occluded>
		<bndbox>
			<xmin>280</xmin>
			<xmax>307</xmax>
			<ymin>201</ymin>
			<ymax>234</ymax>
		</bndbox>
		<polygon>
			<x1>305.59164</x1>
			<y1>223.509809</y1>
			<x2>306.428509</x2>
			<y2>213.417092</y2>
			<x3>300.359562</x3>
			<y3>201.859226</y3>
			<x4>290.000838</x4>
			<y4>199.661506</y4>
			<x5>279.534023</x5>
			<y5>208.431844</y5>
			<x6>279.42593</x6>
			<y6>219.3999</y6>
			<x7>285.49487799999997</x7>
			<y7>230.957765</y7>
			<x8>297.8967</x8>
			<y8>233.04841</y8>
			<x9>305.59164</x9>
			<y9>223.509809</y9>
		</polygon>
	</object>
</annotation>
