<annotation>
	<folder></folder>
	<filename>image_195_png.rf.33603c92efc9ba264309440ed04e0125.jpg</filename>
	<path>image_195_png.rf.33603c92efc9ba264309440ed04e0125.jpg</path>
	<source>
		<database>roboflow.ai</database>
	</source>
	<size>
		<width>416</width>
		<height>416</height>
		<depth>3</depth>
	</size>
	<segmented>0</segmented>
	<object>
		<name>orange</name>
		<pose>Unspecified</pose>
		<truncated>0</truncated>
		<difficult>0</difficult>
		<occluded>0</occluded>
		<bndbox>
			<xmin>165</xmin>
			<xmax>192</xmax>
			<ymin>203</ymin>
			<ymax>225</ymax>
		</bndbox>
		<polygon>
			<x1>189.610258</x1>
			<y1>224</y1>
			<x2>191.392794</x2>
			<y2>212.917827</y2>
			<x3>186.945374</x3>
			<y3>204.608106</y3>
			<x4>176.376298</x4>
			<y4>202.361579</y4>
			<x5>167.612374</x5>
			<y5>207.863142</y5>
			<x6>164.14365</x6>
			<y6>220.934079</y6>
			<x7>165.197162</x7>
			<y7>224</y7>
			<x8>189.610258</x8>
			<y8>224</y8>
		</polygon>
	</object>
	<object>
		<name>mango</name>
		<pose>Unspecified</pose>
		<truncated>0</truncated>
		<difficult>0</difficult>
		<occluded>0</occluded>
		<bndbox>
			<xmin>8</xmin>
			<xmax>37</xmax>
			<ymin>335</ymin>
			<ymax>374</ymax>
		</bndbox>
		<polygon>
			<x1>33.360394</x1>
			<y1>364.800768</y1>
			<x2>36.168552</x2>
			<y2>351.589424</y2>
			<x3>31.33605</x3>
			<y3>338.595106</y3>
			<x4>21.989173</x4>
			<y4>333.846718</y4>
			<x5>11.056337</x5>
			<y5>339.807815</y5>
			<x6>6.927045</x6>
			<y6>352.738343</y6>
			<x7>14.500752</x7>
			<y7>369.07696899999996</y7>
			<x8>23.374272</x8>
			<y8>372.804192</y8>
			<x9>33.360394</x9>
			<y9>364.800768</y9>
		</polygon>
	</object>
	<object>
		<name>greenapple</name>
		<pose>Unspecified</pose>
		<truncated>0</truncated>
		<difficult>0</difficult>
		<occluded>0</occluded>
		<bndbox>
			<xmin>250</xmin>
			<xmax>300</xmax>
			<ymin>299</ymin>
			<ymax>364</ymax>
		</bndbox>
		<polygon>
			<x1>257.9708</x1>
			<y1>312.167379</y1>
			<x2>250.736542</x2>
			<y2>329.961221</y2>
			<x3>248.776162</x3>
			<y3>342.432217</y3>
			<x4>255.403157</x4>
			<y4>356.728515</y4>
			<x5>278.335798</x5>
			<y5>362.523548</y5>
			<x6>289.91854</x6>
			<y6>350.25675</y6>
			<x7>298.55154600000003</x7>
			<y7>322.634181</y7>
			<x8>295.139113</x8>
			<y8>312.703355</y8>
			<x9>286.9155</x9>
			<y9>302.67043</y9>
			<x10>274.739144</x10>
			<y10>298.241167</y10>
			<x11>267.38463</x11>
			<y11>300.360114</y11>
			<x12>257.9708</x12>
			<y12>312.167379</y12>
		</polygon>
	</object>
</annotation>
