<annotation>
	<folder></folder>
	<filename>image_167_png.rf.6ad37c4759233f9bf380b8c4de09bb9f.jpg</filename>
	<path>image_167_png.rf.6ad37c4759233f9bf380b8c4de09bb9f.jpg</path>
	<source>
		<database>roboflow.ai</database>
	</source>
	<size>
		<width>416</width>
		<height>416</height>
		<depth>3</depth>
	</size>
	<segmented>0</segmented>
	<object>
		<name>mango</name>
		<pose>Unspecified</pose>
		<truncated>0</truncated>
		<difficult>0</difficult>
		<occluded>0</occluded>
		<bndbox>
			<xmin>65</xmin>
			<xmax>144</xmax>
			<ymin>238</ymin>
			<ymax>263</ymax>
		</bndbox>
		<polygon>
			<x1>142.677898</x1>
			<y1>262</y1>
			<x2>142.708937</x2>
			<y2>257.0581</y2>
			<x3>131.42252</x3>
			<y3>242.280818</y3>
			<x4>113.686551</x4>
			<y4>237.249871</y4>
			<x5>88.885374</x5>
			<y5>244.631951</y5>
			<x6>64.028705</x6>
			<y6>262</y6>
			<x7>142.677898</x7>
			<y7>262</y7>
		</polygon>
	</object>
	<object>
		<name>capsicum</name>
		<pose>Unspecified</pose>
		<truncated>0</truncated>
		<difficult>0</difficult>
		<occluded>0</occluded>
		<bndbox>
			<xmin>244</xmin>
			<xmax>269</xmax>
			<ymin>16</ymin>
			<ymax>50</ymax>
		</bndbox>
		<polygon>
			<x1>259.33599</x1>
			<y1>48.741413</y1>
			<x2>267.88656000000003</x2>
			<y2>32.926197</y2>
			<x3>268.30688399999997</x3>
			<y3>18.979075</y3>
			<x4>260.078971</x4>
			<y4>15.206957</y4>
			<x5>249.495989</x5>
			<y5>15.572515</y5>
			<x6>245.60672399999999</x6>
			<y6>20.292272</y6>
			<x7>243.29060099999998</x7>
			<y7>39.419379</y7>
			<x8>247.424031</x8>
			<y8>48.800153</y8>
			<x9>259.33599</x9>
			<y9>48.741413</y9>
		</polygon>
	</object>
	<object>
		<name>mango</name>
		<pose>Unspecified</pose>
		<truncated>0</truncated>
		<difficult>0</difficult>
		<occluded>0</occluded>
		<bndbox>
			<xmin>146</xmin>
			<xmax>172</xmax>
			<ymin>13</ymin>
			<ymax>75</ymax>
		</bndbox>
		<polygon>
			<x1>145</x1>
			<y1>74.304263</y1>
			<x2>156.203068</x2>
			<y2>68.000064</y2>
			<x3>168.535351</x3>
			<y3>53.994202</y3>
			<x4>171.056693</x4>
			<y4>33.978196</y4>
			<x5>162.63344899999998</x5>
			<y5>18.925653</y5>
			<x6>145.307916</x6>
			<y6>12.116906</y6>
			<x7>145</x7>
			<y7>12.180644</y7>
			<x8>145</x8>
			<y8>74.304263</y8>
		</polygon>
	</object>
	<object>
		<name>orange</name>
		<pose>Unspecified</pose>
		<truncated>0</truncated>
		<difficult>0</difficult>
		<occluded>0</occluded>
		<bndbox>
			<xmin>27</xmin>
			<xmax>81</xmax>
			<ymin>263</ymin>
			<ymax>284</ymax>
		</bndbox>
		<polygon>
			<x1>25.883223</x1>
			<y1>262</y1>
			<x2>26.442771</x2>
			<y2>264.836993</y2>
			<x3>33.028936</x3>
			<y3>275.720303</y3>
			<x4>44.168854</x4>
			<y4>282.037266</y4>
			<x5>60.067743</x5>
			<y5>282.898982</y5>
			<x6>70.758278</x6>
			<y6>276.004312</y6>
			<x7>78.947244</x7>
			<y7>264.786999</y7>
			<x8>79.590673</x8>
			<y8>262</y8>
			<x9>25.883223</x9>
			<y9>262</y9>
		</polygon>
	</object>
	<object>
		<name>capsicum</name>
		<pose>Unspecified</pose>
		<truncated>0</truncated>
		<difficult>0</difficult>
		<occluded>0</occluded>
		<bndbox>
			<xmin>404</xmin>
			<xmax>417</xmax>
			<ymin>378</ymin>
			<ymax>413</ymax>
		</bndbox>
		<polygon>
			<x1>416</x1>
			<y1>376.742405</y1>
			<x2>409.032027</x2>
			<y2>377.248684</y2>
			<x3>405.142762</x3>
			<y3>381.968441</y3>
			<x4>403.08069</x4>
			<y4>403.026755</y4>
			<x5>408.083826</x5>
			<y5>411.67204000000004</y5>
			<x6>416</x6>
			<y6>410.910988</y6>
			<x7>416</x7>
			<y7>376.742405</y7>
		</polygon>
	</object>
</annotation>
