<annotation>
	<folder></folder>
	<filename>image_87_png.rf.f2d62134698fb4999b780471c1f13860.jpg</filename>
	<path>image_87_png.rf.f2d62134698fb4999b780471c1f13860.jpg</path>
	<source>
		<database>roboflow.ai</database>
	</source>
	<size>
		<width>416</width>
		<height>416</height>
		<depth>3</depth>
	</size>
	<segmented>0</segmented>
	<object>
		<name>capsicum</name>
		<pose>Unspecified</pose>
		<truncated>0</truncated>
		<difficult>0</difficult>
		<occluded>0</occluded>
		<bndbox>
			<xmin>1</xmin>
			<xmax>14</xmax>
			<ymin>31</ymin>
			<ymax>84</ymax>
		</bndbox>
		<polygon>
			<x1>0</x1>
			<y1>82.941007</y1>
			<x2>5.884262</x2>
			<y2>77.646638</y2>
			<x3>9.290518</x3>
			<y3>67.912709</y3>
			<x4>13.21729</x4>
			<y4>40.990611</y4>
			<x5>10.394633</x5>
			<y5>32.634226</y5>
			<x6>0</x6>
			<y6>29.554717</y6>
			<x7>0</x7>
			<y7>82.941007</y7>
		</polygon>
	</object>
	<object>
		<name>mango</name>
		<pose>Unspecified</pose>
		<truncated>0</truncated>
		<difficult>0</difficult>
		<occluded>0</occluded>
		<bndbox>
			<xmin>98</xmin>
			<xmax>159</xmax>
			<ymin>204</ymin>
			<ymax>254</ymax>
		</bndbox>
		<polygon>
			<x1>158</x1>
			<y1>253</y1>
			<x2>158</x2>
			<y2>203.778358</y2>
			<x3>150.441199</x3>
			<y3>202.887675</y3>
			<x4>126.440123</x4>
			<y4>214.807699</y4>
			<x5>100.877788</x5>
			<y5>239.310334</y5>
			<x6>97.457124</x6>
			<y6>253</y6>
			<x7>158</x7>
			<y7>253</y7>
		</polygon>
	</object>
	<object>
		<name>redapple</name>
		<pose>Unspecified</pose>
		<truncated>0</truncated>
		<difficult>0</difficult>
		<occluded>0</occluded>
		<bndbox>
			<xmin>337</xmin>
			<xmax>411</xmax>
			<ymin>77</ymin>
			<ymax>167</ymax>
		</bndbox>
		<polygon>
			<x1>364.60925599999996</x1>
			<y1>75.761364</y1>
			<x2>354.059509</x2>
			<y2>80.462991</y2>
			<x3>338.242668</x3>
			<y3>102.020874</y3>
			<x4>336.176736</x4>
			<y4>121.820645</y4>
			<x5>341.01779799999997</x5>
			<y5>140.290287</y5>
			<x6>347.656615</x6>
			<y6>152.539749</y6>
			<x7>361.88050999999996</x7>
			<y7>163.506498</y7>
			<x8>384.194157</x8>
			<y8>165.973376</y8>
			<x9>398.87548400000003</x9>
			<y9>160.654102</y9>
			<x10>410.261166</x10>
			<y10>134.253581</y10>
			<x11>407.943182</x11>
			<y11>118.680037</y11>
			<x12>387.83747900000003</x12>
			<y12>84.638089</y12>
			<x13>375.395496</x13>
			<y13>77.422168</y13>
			<x14>364.60925599999996</x14>
			<y14>75.761364</y14>
		</polygon>
	</object>
	<object>
		<name>redapple</name>
		<pose>Unspecified</pose>
		<truncated>0</truncated>
		<difficult>0</difficult>
		<occluded>0</occluded>
		<bndbox>
			<xmin>159</xmin>
			<xmax>218</xmax>
			<ymin>254</ymin>
			<ymax>308</ymax>
		</bndbox>
		<polygon>
			<x1>158</x1>
			<y1>253</y1>
			<x2>158</x2>
			<y2>298.576747</y2>
			<x3>164.737229</x3>
			<y3>304.032606</y3>
			<x4>187.728959</x4>
			<y4>306.546901</y4>
			<x5>203.76645100000002</x5>
			<y5>301.322459</y5>
			<x6>209.821953</x6>
			<y6>292.680339</y6>
			<x7>215.95638300000002</x7>
			<y7>273.165065</y7>
			<x8>217.265308</x8>
			<y8>264.191033</y8>
			<x9>215.120734</x9>
			<y9>255.882064</y9>
			<x10>213.254118</x10>
			<y10>253</y10>
			<x11>158</x11>
			<y11>253</y11>
		</polygon>
	</object>
	<object>
		<name>greenapple</name>
		<pose>Unspecified</pose>
		<truncated>0</truncated>
		<difficult>0</difficult>
		<occluded>0</occluded>
		<bndbox>
			<xmin>159</xmin>
			<xmax>197</xmax>
			<ymin>384</ymin>
			<ymax>417</ymax>
		</bndbox>
		<polygon>
			<x1>158</x1>
			<y1>416</y1>
			<x2>195.066017</x2>
			<y2>416</y2>
			<x3>195.833694</x3>
			<y3>405.021704</y3>
			<x4>185.441802</x4>
			<y4>387.97702100000004</y4>
			<x5>172.195567</x5>
			<y5>382.517973</y5>
			<x6>164.610489</x6>
			<y6>383.800685</y6>
			<x7>158</x7>
			<y7>392.157532</y7>
			<x8>158</x8>
			<y8>416</y8>
		</polygon>
	</object>
	<object>
		<name>mango</name>
		<pose>Unspecified</pose>
		<truncated>0</truncated>
		<difficult>0</difficult>
		<occluded>0</occluded>
		<bndbox>
			<xmin>276</xmin>
			<xmax>364</xmax>
			<ymin>254</ymin>
			<ymax>315</ymax>
		</bndbox>
		<polygon>
			<x1>304.32091</x1>
			<y1>253</y1>
			<x2>282.723914</x2>
			<y2>273.301125</y2>
			<x3>276.542243</x3>
			<y3>283.747534</y3>
			<x4>275.296402</x4>
			<y4>291.81942200000003</y4>
			<x5>281.194053</x5>
			<y5>304.923612</y5>
			<x6>292.216786</x6>
			<y6>312.946845</y6>
			<x7>318.047015</x7>
			<y7>313.846515</y7>
			<x8>340.376505</x8>
			<y8>306.342383</y8>
			<x9>356.492923</x9>
			<y9>290.244786</y9>
			<x10>362.80076299999996</x10>
			<y10>277.994088</y10>
			<x11>360.7982</x11>
			<y11>257.90982</y11>
			<x12>356.603916</x12>
			<y12>253</y12>
			<x13>304.32091</x13>
			<y13>253</y13>
		</polygon>
	</object>
</annotation>
