<annotation>
	<folder></folder>
	<filename>image_174_png.rf.27f2c00b97c109fb6c561b75fc5d2888.jpg</filename>
	<path>image_174_png.rf.27f2c00b97c109fb6c561b75fc5d2888.jpg</path>
	<source>
		<database>roboflow.ai</database>
	</source>
	<size>
		<width>416</width>
		<height>416</height>
		<depth>3</depth>
	</size>
	<segmented>0</segmented>
	<object>
		<name>greenapple</name>
		<pose>Unspecified</pose>
		<truncated>0</truncated>
		<difficult>0</difficult>
		<occluded>0</occluded>
		<bndbox>
			<xmin>287</xmin>
			<xmax>309</xmax>
			<ymin>1</ymin>
			<ymax>9</ymax>
		</bndbox>
		<polygon>
			<x1>286.355555</x1>
			<y1>0</y1>
			<x2>286.53333299999997</x2>
			<y2>1.779661</y2>
			<x3>291.155556</x3>
			<y3>7.949153</y3>
			<x4>302.380952</x4>
			<y4>7.949153</y4>
			<x5>308.32381</x5>
			<y5>0.898305</y5>
			<x6>308.32381</x6>
			<y6>0</y6>
			<x7>286.355555</x7>
			<y7>0</y7>
		</polygon>
	</object>
	<object>
		<name>orange</name>
		<pose>Unspecified</pose>
		<truncated>0</truncated>
		<difficult>0</difficult>
		<occluded>0</occluded>
		<bndbox>
			<xmin>1</xmin>
			<xmax>47</xmax>
			<ymin>223</ymin>
			<ymax>300</ymax>
		</bndbox>
		<polygon>
			<x1>0</x1>
			<y1>290.805085</y1>
			<x2>2.787302</x2>
			<y2>294.525424</y2>
			<x3>15.993651</x3>
			<y3>298.932203</y3>
			<x4>25.238095</x4>
			<y4>298.050847</y4>
			<x5>34.48254</x5>
			<y5>293.644068</y5>
			<x6>43.066667</x6>
			<y6>280.423729</y6>
			<x7>45.707937</x7>
			<y7>270.728814</y7>
			<x8>45.707937</x8>
			<y8>251.33898299999998</y8>
			<x9>43.066667</x9>
			<y9>240.762712</y9>
			<x10>35.142857</x10>
			<y10>227.542373</y10>
			<x11>27.879365</x11>
			<y11>223.135593</y11>
			<x12>15.993651</x12>
			<y12>222.254237</y12>
			<x13>4.768254</x13>
			<y13>224.898305</y13>
			<x14>0</x14>
			<y14>229.304433</y14>
			<x15>0</x15>
			<y15>290.805085</y15>
		</polygon>
	</object>
	<object>
		<name>mango</name>
		<pose>Unspecified</pose>
		<truncated>0</truncated>
		<difficult>0</difficult>
		<occluded>0</occluded>
		<bndbox>
			<xmin>92</xmin>
			<xmax>146</xmax>
			<ymin>219</ymin>
			<ymax>281</ymax>
		</bndbox>
		<polygon>
			<x1>119.003175</x1>
			<y1>217.847458</y1>
			<x2>100.514286</x2>
			<y2>224.016949</y2>
			<x3>93.250794</x3>
			<y3>237.237288</y3>
			<x4>91.269841</x4>
			<y4>250.457627</y4>
			<x5>93.911111</x5>
			<y5>262.79661</y5>
			<x6>100.514286</x6>
			<y6>272.491525</y6>
			<x7>112.4</x7>
			<y7>279.542373</y7>
			<x8>123.625397</x8>
			<y8>280.423729</y8>
			<x9>135.511111</x9>
			<y9>274.254237</y9>
			<x10>140.793651</x10>
			<y10>267.20339</y10>
			<x11>144.755556</x11>
			<y11>254.864407</y11>
			<x12>144.755556</x12>
			<y12>241.644068</y12>
			<x13>134.850794</x13>
			<y13>224.016949</y13>
			<x14>119.003175</x14>
			<y14>217.847458</y14>
		</polygon>
	</object>
	<object>
		<name>capsicum</name>
		<pose>Unspecified</pose>
		<truncated>0</truncated>
		<difficult>0</difficult>
		<occluded>0</occluded>
		<bndbox>
			<xmin>262</xmin>
			<xmax>417</xmax>
			<ymin>299</ymin>
			<ymax>417</ymax>
		</bndbox>
		<polygon>
			<x1>416</x1>
			<y1>416</y1>
			<x2>416</x2>
			<y2>359.41596000000004</y2>
			<x3>408.104762</x3>
			<y3>344.77966100000003</y3>
			<x4>388.955556</x4>
			<y4>332.440678</y4>
			<x5>371.787302</x5>
			<y5>333.32203400000003</y5>
			<x6>358.580952</x6>
			<y6>327.152542</y6>
			<x7>355.279365</x7>
			<y7>308.644068</y7>
			<x8>350.657143</x8>
			<y8>300.711864</y8>
			<x9>342.733333</x9>
			<y9>298.067797</y9>
			<x10>339.431746</x10>
			<y10>301.59322</y10>
			<x11>340.752381</x11>
			<y11>312.169492</y11>
			<x12>344.053968</x12>
			<y12>316.576271</y12>
			<x13>342.073016</x13>
			<y13>323.627119</y13>
			<x14>324.904762</x14>
			<y14>328.033898</y14>
			<x15>316.980952</x15>
			<y15>324.508475</y15>
			<x16>288.587302</x16>
			<y16>327.152542</y16>
			<x17>274.060317</x17>
			<y17>339.491525</y17>
			<x18>266.136508</x18>
			<y18>360.644068</y18>
			<x19>262.174603</x19>
			<y19>380.915254</y19>
			<x20>261.252297</x20>
			<y20>416</y20>
			<x21>416</x21>
			<y21>416</y21>
		</polygon>
	</object>
</annotation>
