<annotation>
	<folder></folder>
	<filename>image_87_png.rf.7e8214b727f28c2073a23bb5d64d4030.jpg</filename>
	<path>image_87_png.rf.7e8214b727f28c2073a23bb5d64d4030.jpg</path>
	<source>
		<database>roboflow.ai</database>
	</source>
	<size>
		<width>416</width>
		<height>416</height>
		<depth>3</depth>
	</size>
	<segmented>0</segmented>
	<object>
		<name>capsicum</name>
		<pose>Unspecified</pose>
		<truncated>0</truncated>
		<difficult>0</difficult>
		<occluded>0</occluded>
		<bndbox>
			<xmin>5</xmin>
			<xmax>39</xmax>
			<ymin>47</ymin>
			<ymax>105</ymax>
		</bndbox>
		<polygon>
			<x1>15.987334</x1>
			<y1>51.103654</y1>
			<x2>4.091557</x2>
			<y2>60.177933</y2>
			<x3>6.599876</x3>
			<y3>82.958026</y3>
			<x4>12.166728</x4>
			<y4>97.905833</y4>
			<x5>17.945437</x5>
			<y5>104.496125</y5>
			<x6>31.668721</x6>
			<y6>103.492748</y6>
			<x7>36.894143</x7>
			<y7>96.281231</y7>
			<x8>38.210529</x8>
			<y8>85.917875</y8>
			<x9>36.424165</x9>
			<y9>58.409795</y9>
			<x10>31.877506</x10>
			<y10>50.721045</y10>
			<x11>19.258751</x11>
			<y11>49.718582</y11>
			<x12>16.029501</x12>
			<y12>46.471205</y12>
			<x13>15.987334</x13>
			<y13>51.103654</y13>
		</polygon>
	</object>
	<object>
		<name>greenapple</name>
		<pose>Unspecified</pose>
		<truncated>0</truncated>
		<difficult>0</difficult>
		<occluded>0</occluded>
		<bndbox>
			<xmin>325</xmin>
			<xmax>350</xmax>
			<ymin>101</ymin>
			<ymax>132</ymax>
		</bndbox>
		<polygon>
			<x1>348.734335</x1>
			<y1>121.898347</y1>
			<x2>346.396731</x2>
			<y2>110.197917</y2>
			<x3>339.428136</x3>
			<y3>100.073634</y3>
			<x4>330.463368</x4>
			<y4>100.408246</y4>
			<x5>324.005894</x5>
			<y5>108.718221</y5>
			<x6>324.304134</x6>
			<y6>120.705266</y6>
			<x7>330.59294</x7>
			<y7>130.925086</y7>
			<x8>342.404384</x8>
			<y8>131.115705</y8>
			<x9>348.734335</x9>
			<y9>121.898347</y9>
		</polygon>
	</object>
	<object>
		<name>redapple</name>
		<pose>Unspecified</pose>
		<truncated>0</truncated>
		<difficult>0</difficult>
		<occluded>0</occluded>
		<bndbox>
			<xmin>88</xmin>
			<xmax>161</xmax>
			<ymin>382</ymin>
			<ymax>417</ymax>
		</bndbox>
		<polygon>
			<x1>160.294459</x1>
			<y1>416</y1>
			<x2>160.226391</x2>
			<y2>415.78348500000004</y2>
			<x3>135.369403</x3>
			<y3>386.891246</y3>
			<x4>118.586561</x4>
			<y4>380.92218</y4>
			<x5>105.543065</x5>
			<y5>381.83002</y5>
			<x6>94.157385</x6>
			<y6>394.533827</y6>
			<x7>87.063313</x7>
			<y7>413.111621</y7>
			<x8>87.665778</x8>
			<y8>416</y8>
			<x9>160.294459</x9>
			<y9>416</y9>
		</polygon>
	</object>
	<object>
		<name>capsicum</name>
		<pose>Unspecified</pose>
		<truncated>0</truncated>
		<difficult>0</difficult>
		<occluded>0</occluded>
		<bndbox>
			<xmin>216</xmin>
			<xmax>243</xmax>
			<ymin>354</ymin>
			<ymax>395</ymax>
		</bndbox>
		<polygon>
			<x1>237.721197</x1>
			<y1>390.087427</y1>
			<x2>242.351165</x2>
			<y2>373.706549</y2>
			<x3>238.696152</x3>
			<y3>357.564746</y3>
			<x4>226.926875</x4>
			<y4>352.741679</y4>
			<x5>216.263149</x5>
			<y5>360.717499</y5>
			<x6>214.56419</x6>
			<y6>368.358709</y6>
			<x7>220.768664</x7>
			<y7>387.843427</y7>
			<x8>229.946314</x8>
			<y8>393.956029</y8>
			<x9>237.721197</x9>
			<y9>390.087427</y9>
		</polygon>
	</object>
</annotation>
