<annotation>
	<folder></folder>
	<filename>image_35_png.rf.634e327544e4423ae0738343553a007d.jpg</filename>
	<path>image_35_png.rf.634e327544e4423ae0738343553a007d.jpg</path>
	<source>
		<database>roboflow.ai</database>
	</source>
	<size>
		<width>416</width>
		<height>416</height>
		<depth>3</depth>
	</size>
	<segmented>0</segmented>
	<object>
		<name>redapple</name>
		<pose>Unspecified</pose>
		<truncated>0</truncated>
		<difficult>0</difficult>
		<occluded>0</occluded>
		<bndbox>
			<xmin>1</xmin>
			<xmax>63</xmax>
			<ymin>1</ymin>
			<ymax>121</ymax>
		</bndbox>
		<polygon>
			<x1>0</x1>
			<y1>0</y1>
			<x2>0</x2>
			<y2>120</y2>
			<x3>55.592043</x3>
			<y3>120</y3>
			<x4>60.778959</x4>
			<y4>91.342109</y4>
			<x5>61.721392</x5>
			<y5>45.615133</y5>
			<x6>57.726205</x6>
			<y6>21.883465</y6>
			<x7>52.691984</x7>
			<y7>10.310258</y7>
			<x8>42.529889</x8>
			<y8>1.271844</y8>
			<x9>39.587327</x9>
			<y9>0</y9>
			<x10>0</x10>
			<y10>0</y10>
		</polygon>
	</object>
	<object>
		<name>mango</name>
		<pose>Unspecified</pose>
		<truncated>0</truncated>
		<difficult>0</difficult>
		<occluded>0</occluded>
		<bndbox>
			<xmin>126</xmin>
			<xmax>209</xmax>
			<ymin>24</ymin>
			<ymax>90</ymax>
		</bndbox>
		<polygon>
			<x1>159.446617</x1>
			<y1>29.471231</y1>
			<x2>130.239391</x2>
			<y2>50.280556</y2>
			<x3>124.71054</x3>
			<y3>65.097837</y3>
			<x4>128.941336</x4>
			<y4>77.397762</y4>
			<x5>137.992684</x5>
			<y5>85.33738</y5>
			<x6>163.845726</x6>
			<y6>88.596927</y6>
			<x7>184.641134</x7>
			<y7>83.810266</y7>
			<x8>196.999838</x8>
			<y8>74.735014</y8>
			<x9>206.829725</x9>
			<y9>61.636657</y9>
			<x10>208.08095400000002</x10>
			<y10>41.573452</y10>
			<x11>199.383755</x11>
			<y11>28.405346</y11>
			<x12>181.21081800000002</x12>
			<y12>23.10711</y12>
			<x13>159.446617</x13>
			<y13>29.471231</y13>
		</polygon>
	</object>
	<object>
		<name>capsicum</name>
		<pose>Unspecified</pose>
		<truncated>0</truncated>
		<difficult>0</difficult>
		<occluded>0</occluded>
		<bndbox>
			<xmin>84</xmin>
			<xmax>106</xmax>
			<ymin>300</ymin>
			<ymax>333</ymax>
		</bndbox>
		<polygon>
			<x1>95.593017</x1>
			<y1>332.28878199999997</y1>
			<x2>103.839466</x2>
			<y2>317.116861</y2>
			<x3>105.209236</x3>
			<y3>303.256913</y3>
			<x4>98.048647</x4>
			<y4>299.216372</y4>
			<x5>90.061219</x5>
			<y5>299.429548</y5>
			<x6>84.437241</x6>
			<y6>304.516573</y6>
			<x7>82.571369</x7>
			<y7>320.92875100000003</y7>
			<x8>86.494842</x8>
			<y8>331.403164</y8>
			<x9>95.593017</x9>
			<y9>332.28878199999997</y9>
		</polygon>
	</object>
	<object>
		<name>orange</name>
		<pose>Unspecified</pose>
		<truncated>0</truncated>
		<difficult>0</difficult>
		<occluded>0</occluded>
		<bndbox>
			<xmin>134</xmin>
			<xmax>191</xmax>
			<ymin>192</ymin>
			<ymax>265</ymax>
		</bndbox>
		<polygon>
			<x1>160.18737099999998</x1>
			<y1>191.474494</y1>
			<x2>149.789666</x2>
			<y2>193.86782499999998</y2>
			<x3>139.817825</x3>
			<y3>204.28992399999998</y3>
			<x4>133.273354</x4>
			<y4>227.738666</y4>
			<x5>132.872378</x5>
			<y5>240.021153</y5>
			<x6>137.410495</x6>
			<y6>254.146591</y6>
			<x7>143.436923</x7>
			<y7>260.615337</y7>
			<x8>165.93430899999998</x8>
			<y8>264.105498</y8>
			<x9>180.70328999999998</x9>
			<y9>252.850092</y9>
			<x10>186.539463</x10>
			<y10>239.85832399999998</y10>
			<x11>189.53949699999998</x11>
			<y11>221.01794</y11>
			<x12>185.970172</x12>
			<y12>205.315041</y12>
			<x13>180.91253799999998</x13>
			<y13>197.268835</y13>
			<x14>160.18737099999998</x14>
			<y14>191.474494</y14>
		</polygon>
	</object>
	<object>
		<name>redapple</name>
		<pose>Unspecified</pose>
		<truncated>0</truncated>
		<difficult>0</difficult>
		<occluded>0</occluded>
		<bndbox>
			<xmin>364</xmin>
			<xmax>417</xmax>
			<ymin>348</ymin>
			<ymax>417</ymax>
		</bndbox>
		<polygon>
			<x1>416</x1>
			<y1>416</y1>
			<x2>416</x2>
			<y2>355.10078799999997</y2>
			<x3>408.304043</x3>
			<y3>349.181577</y3>
			<x4>399.536603</x4>
			<y4>346.594471</y4>
			<x5>385.145185</x5>
			<y5>349.09439</y5>
			<x6>377.748988</x6>
			<y6>356.485593</y6>
			<x7>366.100055</x7>
			<y7>378.942129</y7>
			<x8>363.10002199999997</x8>
			<y8>397.782512</y8>
			<x9>368.276197</x9>
			<y9>412.031976</y9>
			<x10>372.287384</x10>
			<y10>416</y10>
			<x11>416</x11>
			<y11>416</y11>
		</polygon>
	</object>
</annotation>
