<annotation>
	<folder></folder>
	<filename>image_104_png.rf.a8d4b1bfc1053b7680874683fee6e5eb.jpg</filename>
	<path>image_104_png.rf.a8d4b1bfc1053b7680874683fee6e5eb.jpg</path>
	<source>
		<database>roboflow.ai</database>
	</source>
	<size>
		<width>416</width>
		<height>416</height>
		<depth>3</depth>
	</size>
	<segmented>0</segmented>
	<object>
		<name>mango</name>
		<pose>Unspecified</pose>
		<truncated>0</truncated>
		<difficult>0</difficult>
		<occluded>0</occluded>
		<bndbox>
			<xmin>220</xmin>
			<xmax>274</xmax>
			<ymin>151</ymin>
			<ymax>214</ymax>
		</bndbox>
		<polygon>
			<x1>239.9411</x1>
			<y1>150.48747</y1>
			<x2>230.637194</x2>
			<y2>153.85773</y2>
			<x3>223.067957</x3>
			<y3>162.546028</y3>
			<x4>218.968061</x4>
			<y4>181.8704</y4>
			<x5>221.207405</x5>
			<y5>194.405596</y5>
			<x6>228.87141</x6>
			<y6>206.561463</y6>
			<x7>238.806157</x7>
			<y7>212.212651</y7>
			<x8>255.206312</x8>
			<y8>212.878952</y8>
			<x9>261.797887</x9>
			<y9>209.698356</y9>
			<x10>268.815208</x10>
			<y10>202.861764</y10>
			<x11>272.804778</x11>
			<y11>191.704112</y11>
			<x12>272.031926</x12>
			<y12>170.907364</y12>
			<x13>259.242837</x13>
			<y13>153.670542</y13>
			<x14>239.9411</x14>
			<y14>150.48747</y14>
		</polygon>
	</object>
	<object>
		<name>redapple</name>
		<pose>Unspecified</pose>
		<truncated>0</truncated>
		<difficult>0</difficult>
		<occluded>0</occluded>
		<bndbox>
			<xmin>386</xmin>
			<xmax>417</xmax>
			<ymin>117</ymin>
			<ymax>198</ymax>
		</bndbox>
		<polygon>
			<x1>416</x1>
			<y1>123.476755</y1>
			<x2>407.15559</x2>
			<y2>121.882158</y2>
			<x3>407.455168</x3>
			<y3>116.421872</y3>
			<x4>405.420919</x4>
			<y4>116.564121</y4>
			<x5>404.443259</x5>
			<y5>122.071822</y5>
			<x6>392.363937</x6>
			<y6>124.729602</y6>
			<x7>385.472783</x7>
			<y7>133.370485</y7>
			<x8>384.526808</x8>
			<y8>158.820206</y8>
			<x9>397.520992</x9>
			<y9>188.734473</y9>
			<x10>409.67924</x10>
			<y10>196.949847</y10>
			<x11>416</x11>
			<y11>196.507856</y11>
			<x12>416</x12>
			<y12>123.476755</y12>
		</polygon>
	</object>
	<object>
		<name>greenapple</name>
		<pose>Unspecified</pose>
		<truncated>0</truncated>
		<difficult>0</difficult>
		<occluded>0</occluded>
		<bndbox>
			<xmin>7</xmin>
			<xmax>50</xmax>
			<ymin>359</ymin>
			<ymax>417</ymax>
		</bndbox>
		<polygon>
			<x1>41.300378</x1>
			<y1>416</y1>
			<x2>47.324753</x2>
			<y2>405.875357</y2>
			<x3>49.311473</x3>
			<y3>375.82007899999996</y3>
			<x4>36.711637</x4>
			<y4>361.289691</y4>
			<x5>21.478395</x5>
			<y5>357.82212300000003</y5>
			<x6>14.208738</x6>
			<y6>361.050134</y6>
			<x7>9.966831</x7>
			<y7>368.599207</y7>
			<x8>6.166514</x8>
			<y8>382.463293</y8>
			<x9>6.324367</x9>
			<y9>404.209603</y9>
			<x10>15.388665</x10>
			<y10>416</y10>
			<x11>41.300378</x11>
			<y11>416</y11>
		</polygon>
	</object>
	<object>
		<name>mango</name>
		<pose>Unspecified</pose>
		<truncated>0</truncated>
		<difficult>0</difficult>
		<occluded>0</occluded>
		<bndbox>
			<xmin>259</xmin>
			<xmax>313</xmax>
			<ymin>221</ymin>
			<ymax>261</ymax>
		</bndbox>
		<polygon>
			<x1>312</x1>
			<y1>220</y1>
			<x2>266.568815</x2>
			<y2>220</y2>
			<x3>262.26</x3>
			<y3>224.945845</y3>
			<x4>258.033935</x4>
			<y4>242.465927</y4>
			<x5>264.278691</x5>
			<y5>253.814481</y5>
			<x6>275.632688</x6>
			<y6>260.272981</y6>
			<x7>298.072503</x7>
			<y7>259.610393</y7>
			<x8>312</x8>
			<y8>253.870582</y8>
			<x9>312</x9>
			<y9>220</y9>
		</polygon>
	</object>
	<object>
		<name>redapple</name>
		<pose>Unspecified</pose>
		<truncated>0</truncated>
		<difficult>0</difficult>
		<occluded>0</occluded>
		<bndbox>
			<xmin>282</xmin>
			<xmax>313</xmax>
			<ymin>326</ymin>
			<ymax>410</ymax>
		</bndbox>
		<polygon>
			<x1>312</x1>
			<y1>325.433305</y1>
			<x2>301.321478</x2>
			<y2>325.561801</y2>
			<x3>292.947991</x3>
			<y3>332.493226</y3>
			<x4>280.963438</x4>
			<y4>355.995171</y4>
			<x5>282.288205</x5>
			<y5>374.94021399999997</y5>
			<x6>288.722213</x6>
			<y6>388.995202</y6>
			<x7>299.224718</x7>
			<y7>402.765694</y7>
			<x8>312</x8>
			<y8>409.249425</y8>
			<x9>312</x9>
			<y9>325.433305</y9>
		</polygon>
	</object>
	<object>
		<name>mango</name>
		<pose>Unspecified</pose>
		<truncated>0</truncated>
		<difficult>0</difficult>
		<occluded>0</occluded>
		<bndbox>
			<xmin>313</xmin>
			<xmax>417</xmax>
			<ymin>286</ymin>
			<ymax>417</ymax>
		</bndbox>
		<polygon>
			<x1>312</x1>
			<y1>416</y1>
			<x2>416</x2>
			<y2>416</y2>
			<x3>416</x3>
			<y3>284.859441</y3>
			<x4>385.162208</x4>
			<y4>302.246264</y4>
			<x5>313.427733</x5>
			<y5>358.02957100000003</y5>
			<x6>312</x6>
			<y6>359.52421000000004</y6>
			<x7>312</x7>
			<y7>416</y7>
		</polygon>
	</object>
</annotation>
