<annotation>
	<folder></folder>
	<filename>image_17_png.rf.9a5d3ff2638d8cc37af7ac685a2f63d4.jpg</filename>
	<path>image_17_png.rf.9a5d3ff2638d8cc37af7ac685a2f63d4.jpg</path>
	<source>
		<database>roboflow.ai</database>
	</source>
	<size>
		<width>416</width>
		<height>416</height>
		<depth>3</depth>
	</size>
	<segmented>0</segmented>
	<object>
		<name>orange</name>
		<pose>Unspecified</pose>
		<truncated>0</truncated>
		<difficult>0</difficult>
		<occluded>0</occluded>
		<bndbox>
			<xmin>1</xmin>
			<xmax>175</xmax>
			<ymin>25</ymin>
			<ymax>225</ymax>
		</bndbox>
		<polygon>
			<x1>149.425766</x1>
			<y1>224</y1>
			<x2>155.484265</x2>
			<y2>215.583154</y2>
			<x3>170.594236</x3>
			<y3>175.629616</y3>
			<x4>174.078648</x4>
			<y4>136.693183</y4>
			<x5>167.430045</x5>
			<y5>92.204676</y5>
			<x6>149.270634</x6>
			<y6>57.921231</y6>
			<x7>126.5987</x7>
			<y7>35.070177</y7>
			<x8>89.760393</x8>
			<y8>23.576317</y8>
			<x9>54.040138</x9>
			<y9>24.861835</y9>
			<x10>38.106748</x10>
			<y10>31.774625</y10>
			<x11>20.920397</x11>
			<y11>47.995029</y11>
			<x12>8.840484</x12>
			<y12>67.447879</y12>
			<x13>0.94357</x13>
			<y13>87.454562</y13>
			<x14>0</x14>
			<y14>91.607525</y14>
			<x15>0</x15>
			<y15>161.417304</y15>
			<x16>4.017821</x16>
			<y16>185.604165</y16>
			<x17>23.03529</x17>
			<y17>224</y17>
			<x18>149.425766</x18>
			<y18>224</y18>
		</polygon>
	</object>
	<object>
		<name>capsicum</name>
		<pose>Unspecified</pose>
		<truncated>0</truncated>
		<difficult>0</difficult>
		<occluded>0</occluded>
		<bndbox>
			<xmin>185</xmin>
			<xmax>219</xmax>
			<ymin>1</ymin>
			<ymax>57</ymax>
		</bndbox>
		<polygon>
			<x1>195.448067</x1>
			<y1>0</y1>
			<x2>195.306555</x2>
			<y2>3.827747</y2>
			<x3>188.547852</x3>
			<y3>5.338856</y3>
			<x4>183.556165</x4>
			<y4>11.294371</y4>
			<x5>184.948689</x5>
			<y5>35.087332</y5>
			<x6>189.645743</x6>
			<y6>49.393187</y6>
			<x7>195.07162399999999</x7>
			<y7>56.276881</y7>
			<x8>209.51247</x8>
			<y8>55.933271</y8>
			<x9>214.424295</x9>
			<y9>49.064944</y9>
			<x10>217.773797</x10>
			<y10>32.215507</y10>
			<x11>216.620856</x11>
			<y11>11.160983</y11>
			<x12>211.71911</x12>
			<y12>2.391834</y12>
			<x13>202.265692</x13>
			<y13>0</y13>
			<x14>195.448067</x14>
			<y14>0</y14>
		</polygon>
	</object>
	<object>
		<name>redapple</name>
		<pose>Unspecified</pose>
		<truncated>0</truncated>
		<difficult>0</difficult>
		<occluded>0</occluded>
		<bndbox>
			<xmin>196</xmin>
			<xmax>248</xmax>
			<ymin>140</ymin>
			<ymax>222</ymax>
		</bndbox>
		<polygon>
			<x1>245.56147099999998</x1>
			<y1>168.674152</y1>
			<x2>233.911101</x2>
			<y2>145.778635</y2>
			<x3>223.413672</x3>
			<y3>143.937642</y3>
			<x4>218.147513</x4>
			<y4>138.879573</y4>
			<x5>213.839682</x5>
			<y5>144.775257</y5>
			<x6>203.057701</x6>
			<y6>147.558158</y6>
			<x7>197.462019</x7>
			<y7>154.486314</y7>
			<x8>194.556792</x8>
			<y8>168.537484</y8>
			<x9>195.59498200000002</x9>
			<y9>180.40405</y9>
			<x10>199.528319</x10>
			<y10>193.856922</y10>
			<x11>210.095528</x11>
			<y11>212.248205</y11>
			<x12>221.151983</x12>
			<y12>220.478887</y12>
			<x13>230.805833</x13>
			<y13>220.554084</y13>
			<x14>238.088672</x14>
			<y14>217.15752</y14>
			<x15>243.444772</x15>
			<y15>207.490925</y15>
			<x16>246.634551</x16>
			<y16>188.815862</y16>
			<x17>245.56147099999998</x17>
			<y17>168.674152</y17>
		</polygon>
	</object>
	<object>
		<name>greenapple</name>
		<pose>Unspecified</pose>
		<truncated>0</truncated>
		<difficult>0</difficult>
		<occluded>0</occluded>
		<bndbox>
			<xmin>1</xmin>
			<xmax>14</xmax>
			<ymin>225</ymin>
			<ymax>273</ymax>
		</bndbox>
		<polygon>
			<x1>0</x1>
			<y1>224</y1>
			<x2>0</x2>
			<y2>271.722171</y2>
			<x3>1.199434</x3>
			<y3>271.454002</y3>
			<x4>9.894956</x4>
			<y4>260.575447</y4>
			<x5>12.925014</x5>
			<y5>240.074757</y5>
			<x6>10.963385</x6>
			<y6>225.529583</y6>
			<x7>9.219253</x7>
			<y7>224</y7>
			<x8>0</x8>
			<y8>224</y8>
		</polygon>
	</object>
	<object>
		<name>mango</name>
		<pose>Unspecified</pose>
		<truncated>0</truncated>
		<difficult>0</difficult>
		<occluded>0</occluded>
		<bndbox>
			<xmin>81</xmin>
			<xmax>136</xmax>
			<ymin>225</ymin>
			<ymax>277</ymax>
		</bndbox>
		<polygon>
			<x1>83.533382</x1>
			<y1>224</y1>
			<x2>79.863082</x2>
			<y2>233.298636</y2>
			<x3>80.252307</x3>
			<y3>253.500176</y3>
			<x4>83.70648</x4>
			<y4>261.476172</y4>
			<x5>92.791225</x5>
			<y5>270.799156</y5>
			<x6>107.027379</x6>
			<y6>275.992252</y6>
			<x7>117.889221</x7>
			<y7>274.122163</y7>
			<x8>127.667902</x8>
			<y8>267.747842</y8>
			<x9>133.103863</x9>
			<y9>258.99406</y9>
			<x10>135.484956</x10>
			<y10>246.828346</y10>
			<x11>131.67645</x11>
			<y11>226.925954</y11>
			<x12>128.516181</x12>
			<y12>224</y12>
			<x13>83.533382</x13>
			<y13>224</y13>
		</polygon>
	</object>
	<object>
		<name>orange</name>
		<pose>Unspecified</pose>
		<truncated>0</truncated>
		<difficult>0</difficult>
		<occluded>0</occluded>
		<bndbox>
			<xmin>374</xmin>
			<xmax>417</xmax>
			<ymin>237</ymin>
			<ymax>314</ymax>
		</bndbox>
		<polygon>
			<x1>416</x1>
			<y1>240.267759</y1>
			<x2>409.653935</x2>
			<y2>235.922478</y2>
			<x3>389.058382</x3>
			<y3>236.804556</y3>
			<x4>379.2797</x4>
			<y4>243.178877</y4>
			<x5>372.955191</x5>
			<y5>257.529195</y5>
			<x6>373.059862</x6>
			<y6>282.35463</y6>
			<x7>376.06976099999997</x7>
			<y7>293.128893</y7>
			<x8>382.578802</x8>
			<y8>304.516822</y8>
			<x9>392.187683</x9>
			<y9>311.954351</y9>
			<x10>411.575245</x10>
			<y10>313.017557</y10>
			<x11>416</x11>
			<y11>310.953944</y11>
			<x12>416</x12>
			<y12>240.267759</y12>
		</polygon>
	</object>
	<object>
		<name>redapple</name>
		<pose>Unspecified</pose>
		<truncated>0</truncated>
		<difficult>0</difficult>
		<occluded>0</occluded>
		<bndbox>
			<xmin>362</xmin>
			<xmax>417</xmax>
			<ymin>354</ymin>
			<ymax>417</ymax>
		</bndbox>
		<polygon>
			<x1>416</x1>
			<y1>416</y1>
			<x2>416</x2>
			<y2>362.156617</y2>
			<x3>409.93771100000004</x3>
			<y3>357.31120799999997</y3>
			<x4>396.465274</x4>
			<y4>352.971096</y4>
			<x5>376.553576</x5>
			<y5>353.793343</y5>
			<x6>367.698333</x6>
			<y6>362.846274</y6>
			<x7>360.88458</x7>
			<y7>387.357192</y7>
			<x8>361.193944</x8>
			<y8>406.645919</y8>
			<x9>365.192924</x9>
			<y9>416</y9>
			<x10>416</x10>
			<y10>416</y10>
		</polygon>
	</object>
	<object>
		<name>greenapple</name>
		<pose>Unspecified</pose>
		<truncated>0</truncated>
		<difficult>0</difficult>
		<occluded>0</occluded>
		<bndbox>
			<xmin>200</xmin>
			<xmax>225</xmax>
			<ymin>363</ymin>
			<ymax>395</ymax>
		</bndbox>
		<polygon>
			<x1>223.758961</x1>
			<y1>387.396732</y1>
			<x2>223.928763</x2>
			<y2>373.584882</y2>
			<x3>217.499582</x3>
			<y3>363.10976600000004</y3>
			<x4>207.76587</x4>
			<y4>362.121756</y4>
			<x5>198.910627</x5>
			<y5>371.174687</y5>
			<x6>199.344822</x6>
			<y6>384.013895</y6>
			<x7>204.246568</x7>
			<y7>392.783045</y7>
			<x8>216.795566</x8>
			<y8>394.444548</y8>
			<x9>223.758961</x9>
			<y9>387.396732</y9>
		</polygon>
	</object>
	<object>
		<name>capsicum</name>
		<pose>Unspecified</pose>
		<truncated>0</truncated>
		<difficult>0</difficult>
		<occluded>0</occluded>
		<bndbox>
			<xmin>190</xmin>
			<xmax>217</xmax>
			<ymin>225</ymin>
			<ymax>250</ymax>
		</bndbox>
		<polygon>
			<x1>189.079506</x1>
			<y1>224</y1>
			<x2>188.86833000000001</x2>
			<y2>224.885326</y2>
			<x3>193.884828</x3>
			<y3>242.842433</y3>
			<x4>202.046134</x4>
			<y4>249.486808</y4>
			<x5>210.776547</x5>
			<y5>246.883397</y5>
			<x6>216.097756</x6>
			<y6>228.941658</y6>
			<x7>215.397699</x7>
			<y7>224</y7>
			<x8>189.079506</x8>
			<y8>224</y8>
		</polygon>
	</object>
</annotation>
