<annotation>
	<folder></folder>
	<filename>image_142_png.rf.ebf92bc543cf5256367686e7add4b538.jpg</filename>
	<path>image_142_png.rf.ebf92bc543cf5256367686e7add4b538.jpg</path>
	<source>
		<database>roboflow.ai</database>
	</source>
	<size>
		<width>416</width>
		<height>416</height>
		<depth>3</depth>
	</size>
	<segmented>0</segmented>
	<object>
		<name>orange</name>
		<pose>Unspecified</pose>
		<truncated>0</truncated>
		<difficult>0</difficult>
		<occluded>0</occluded>
		<bndbox>
			<xmin>6</xmin>
			<xmax>30</xmax>
			<ymin>50</ymin>
			<ymax>81</ymax>
		</bndbox>
		<polygon>
			<x1>29.328633</x1>
			<y1>68.900616</y1>
			<x2>27.03291</x2>
			<y2>55.691377</y2>
			<x3>20.851963</x3>
			<y3>49.255038</y3>
			<x4>11.558411</x4>
			<y4>50.396143</y4>
			<x5>5.126682</x5>
			<y5>58.381124</y5>
			<x6>5.985962</x6>
			<y6>70.867328</y6>
			<x7>12.384495</x7>
			<y7>79.075766</y7>
			<x8>23.223283</x8>
			<y8>79.543746</y8>
			<x9>29.328633</x9>
			<y9>68.900616</y9>
		</polygon>
	</object>
	<object>
		<name>capsicum</name>
		<pose>Unspecified</pose>
		<truncated>0</truncated>
		<difficult>0</difficult>
		<occluded>0</occluded>
		<bndbox>
			<xmin>27</xmin>
			<xmax>49</xmax>
			<ymin>179</ymin>
			<ymax>215</ymax>
		</bndbox>
		<polygon>
			<x1>44.852868</x1>
			<y1>211.799154</y1>
			<x2>48.205191</x2>
			<y2>195.198198</y2>
			<x3>45.028056</x3>
			<y3>180.298367</y3>
			<x4>37.290807</x4>
			<y4>177.650749</y4>
			<x5>28.323636</x5>
			<y5>181.450004</y5>
			<x6>25.874856</x6>
			<y6>188.94594</y6>
			<x7>30.150989</x7>
			<y7>207.308462</y7>
			<x8>36.331935</x8>
			<y8>213.744801</y8>
			<x9>44.852868</x9>
			<y9>211.799154</y9>
		</polygon>
	</object>
	<object>
		<name>greenapple</name>
		<pose>Unspecified</pose>
		<truncated>0</truncated>
		<difficult>0</difficult>
		<occluded>0</occluded>
		<bndbox>
			<xmin>149</xmin>
			<xmax>167</xmax>
			<ymin>31</ymin>
			<ymax>61</ymax>
		</bndbox>
		<polygon>
			<x1>166</x1>
			<y1>31.309708</y1>
			<x2>164.684418</x2>
			<y2>29.795817</y2>
			<x3>154.618249</x3>
			<y3>30.13238</y3>
			<x4>148.404106</x4>
			<y4>39.88946</y4>
			<x5>149.927211</x5>
			<y5>52.294157</y5>
			<x6>157.653394</x6>
			<y6>60.33958</y6>
			<x7>166</x7>
			<y7>59.314746</y7>
			<x8>166</x8>
			<y8>31.309708</y8>
		</polygon>
	</object>
	<object>
		<name>capsicum</name>
		<pose>Unspecified</pose>
		<truncated>0</truncated>
		<difficult>0</difficult>
		<occluded>0</occluded>
		<bndbox>
			<xmin>121</xmin>
			<xmax>144</xmax>
			<ymin>288</ymin>
			<ymax>324</ymax>
		</bndbox>
		<polygon>
			<x1>140.109777</x1>
			<y1>319.949681</y1>
			<x2>143.353305</x2>
			<y2>302.462675</y2>
			<x3>140.393756</x3>
			<y3>289.334943</y3>
			<x4>131.992683</x4>
			<y4>286.76883399999997</y4>
			<x5>121.806654</x5>
			<y5>291.617152</y5>
			<x6>119.804114</x6>
			<y6>297.259482</y6>
			<x7>124.18904</x7>
			<y7>316.508054</y7>
			<x8>129.706161</x8>
			<y8>323.0259</y8>
			<x9>140.109777</x9>
			<y9>319.949681</y9>
		</polygon>
	</object>
	<object>
		<name>mango</name>
		<pose>Unspecified</pose>
		<truncated>0</truncated>
		<difficult>0</difficult>
		<occluded>0</occluded>
		<bndbox>
			<xmin>205</xmin>
			<xmax>261</xmax>
			<ymin>340</ymin>
			<ymax>403</ymax>
		</bndbox>
		<polygon>
			<x1>208.804651</x1>
			<y1>348.796269</y1>
			<x2>204.35333</x2>
			<y2>361.934533</y2>
			<x3>204.983959</x3>
			<y3>378.046444</y3>
			<x4>209.717395</x4>
			<y4>389.157554</y4>
			<x5>219.543847</x5>
			<y5>397.844505</y5>
			<x6>234.909551</x6>
			<y6>402.253689</y6>
			<x7>252.626308</x7>
			<y7>392.883081</y7>
			<x8>259.635201</x8>
			<y8>373.134932</y8>
			<x9>257.89450899999997</x9>
			<y9>358.95813499999997</y9>
			<x10>254.368863</x10>
			<y10>352.195766</y10>
			<x11>239.242876</x11>
			<y11>338.763069</y11>
			<x12>221.102013</x12>
			<y12>339.191672</y12>
			<x13>208.804651</x13>
			<y13>348.796269</y13>
		</polygon>
	</object>
</annotation>
