<annotation>
	<folder></folder>
	<filename>image_144_png.rf.78462d7a3227bf808ce6809541da6e5f.jpg</filename>
	<path>image_144_png.rf.78462d7a3227bf808ce6809541da6e5f.jpg</path>
	<source>
		<database>roboflow.ai</database>
	</source>
	<size>
		<width>416</width>
		<height>416</height>
		<depth>3</depth>
	</size>
	<segmented>0</segmented>
	<object>
		<name>orange</name>
		<pose>Unspecified</pose>
		<truncated>0</truncated>
		<difficult>0</difficult>
		<occluded>0</occluded>
		<bndbox>
			<xmin>104</xmin>
			<xmax>162</xmax>
			<ymin>114</ymin>
			<ymax>191</ymax>
		</bndbox>
		<polygon>
			<x1>151.534201</x1>
			<y1>119.572408</y1>
			<x2>144.459686</x2>
			<y2>114.034002</y2>
			<x3>133.271887</x3>
			<y3>112.761423</y3>
			<x4>119.981306</x4>
			<y4>114.942985</y4>
			<x5>109.713471</x5>
			<y5>125.167142</y5>
			<x6>103.880489</x6>
			<y6>140.837527</y6>
			<x7>103.388347</x7>
			<y7>154.930632</y7>
			<x8>106.794179</x8>
			<y8>170.923642</y8>
			<x9>113.024224</x9>
			<y9>181.723919</y9>
			<x10>124.027471</x10>
			<y10>188.281412</y10>
			<x11>134.555355</x11>
			<y11>189.530947</y11>
			<x12>146.556865</x12>
			<y12>186.422476</y12>
			<x13>154.123521</x13>
			<y13>177.867778</y13>
			<x14>160.647176</x14>
			<y14>161.339619</y14>
			<x15>161.323872</x15>
			<y15>141.961601</y15>
			<x16>151.534201</x16>
			<y16>119.572408</y16>
		</polygon>
	</object>
	<object>
		<name>redapple</name>
		<pose>Unspecified</pose>
		<truncated>0</truncated>
		<difficult>0</difficult>
		<occluded>0</occluded>
		<bndbox>
			<xmin>83</xmin>
			<xmax>155</xmax>
			<ymin>224</ymin>
			<ymax>275</ymax>
		</bndbox>
		<polygon>
			<x1>153.634405</x1>
			<y1>274</y1>
			<x2>151.799824</x2>
			<y2>263.330269</y2>
			<x3>131.789858</x3>
			<y3>230.883352</y3>
			<x4>117.517793</x4>
			<y4>223.329815</y4>
			<x5>106.299236</x5>
			<y5>222.938054</y5>
			<x6>96.84511</x6>
			<y6>228.781162</y6>
			<x7>83.599266</x7>
			<y7>248.602149</y7>
			<x8>82.231897</x8>
			<y8>268.837942</y8>
			<x9>83.664254</x9>
			<y9>274</y9>
			<x10>153.634405</x10>
			<y10>274</y10>
		</polygon>
	</object>
	<object>
		<name>mango</name>
		<pose>Unspecified</pose>
		<truncated>0</truncated>
		<difficult>0</difficult>
		<occluded>0</occluded>
		<bndbox>
			<xmin>171</xmin>
			<xmax>417</xmax>
			<ymin>64</ymin>
			<ymax>262</ymax>
		</bndbox>
		<polygon>
			<x1>416</x1>
			<y1>124.235197</y1>
			<x2>412.748469</x2>
			<y2>112.134086</y2>
			<x3>400.917534</x3>
			<y3>91.437398</y3>
			<x4>386.13934900000004</x4>
			<y4>79.456721</y4>
			<x5>361.400919</x5>
			<y5>68.892011</y5>
			<x6>342.386413</x6>
			<y6>64.700437</y6>
			<x7>305.431162</x7>
			<y7>63.409931</y7>
			<x8>279.417639</x8>
			<y8>70.438558</y8>
			<x9>249.198553</x9>
			<y9>84.375468</y9>
			<x10>180.28773999999999</x10>
			<y10>127.827493</y10>
			<x11>170</x11>
			<y11>136.049285</y11>
			<x12>170</x12>
			<y12>239.478016</y12>
			<x13>185.281827</x13>
			<y13>249.703147</y13>
			<x14>217.371602</x14>
			<y14>257.878891</y14>
			<x15>275.413382</x15>
			<y15>260.787648</y15>
			<x16>314.59445</x16>
			<y16>255.100736</y16>
			<x17>352.763277</x17>
			<y17>240.559544</y17>
			<x18>383.919108</x18>
			<y18>218.718308</y18>
			<x19>407.248233</x19>
			<y19>193.958077</y19>
			<x20>416</x20>
			<y20>172.867047</y20>
			<x21>416</x21>
			<y21>124.235197</y21>
		</polygon>
	</object>
	<object>
		<name>redapple</name>
		<pose>Unspecified</pose>
		<truncated>0</truncated>
		<difficult>0</difficult>
		<occluded>0</occluded>
		<bndbox>
			<xmin>171</xmin>
			<xmax>238</xmax>
			<ymin>275</ymin>
			<ymax>317</ymax>
		</bndbox>
		<polygon>
			<x1>170</x1>
			<y1>274</y1>
			<x2>170</x2>
			<y2>298.39115400000003</y2>
			<x3>174.71952</x3>
			<y3>305.171351</y3>
			<x4>186.95032</x4>
			<y4>314.417391</y4>
			<x5>209.35667899999999</x5>
			<y5>316.081731</y5>
			<x6>224.75004</x6>
			<y6>310.446027</y6>
			<x7>230.336951</x7>
			<y7>301.822195</y7>
			<x8>235.63305300000002</x8>
			<y8>282.60549</y8>
			<x9>236.580772</x9>
			<y9>274</y9>
			<x10>170</x10>
			<y10>274</y10>
		</polygon>
	</object>
	<object>
		<name>greenapple</name>
		<pose>Unspecified</pose>
		<truncated>0</truncated>
		<difficult>0</difficult>
		<occluded>0</occluded>
		<bndbox>
			<xmin>181</xmin>
			<xmax>222</xmax>
			<ymin>392</ymin>
			<ymax>417</ymax>
		</bndbox>
		<polygon>
			<x1>220.403295</x1>
			<y1>416</y1>
			<x2>220.552855</x2>
			<y2>411.717172</y2>
			<x3>209.887956</x3>
			<y3>395.470668</y3>
			<x4>196.843446</x4>
			<y4>390.605678</y4>
			<x5>189.522861</x5>
			<y5>392.113824</y5>
			<x6>182.585361</x6>
			<y6>401.572386</y6>
			<x7>179.728238</x7>
			<y7>416</y7>
			<x8>220.403295</x8>
			<y8>416</y8>
		</polygon>
	</object>
	<object>
		<name>mango</name>
		<pose>Unspecified</pose>
		<truncated>0</truncated>
		<difficult>0</difficult>
		<occluded>0</occluded>
		<bndbox>
			<xmin>295</xmin>
			<xmax>379</xmax>
			<ymin>275</ymin>
			<ymax>320</ymax>
		</bndbox>
		<polygon>
			<x1>306.84637399999997</x1>
			<y1>274</y1>
			<x2>300.458538</x2>
			<y2>280.45978</y2>
			<x3>294.81011</x3>
			<y3>290.84525</y3>
			<x4>293.87336500000004</x4>
			<y4>298.749576</y4>
			<x5>300.04189299999996</x5>
			<y5>311.311491</y5>
			<x6>311.01438099999996</x6>
			<y6>318.749803</y6>
			<x7>336.121917</x7>
			<y7>318.744685</y7>
			<x8>357.546793</x8>
			<y8>310.673927</y8>
			<x9>372.64934600000004</x9>
			<y9>294.445349</y9>
			<x10>378.359293</x10>
			<y10>282.298241</y10>
			<x11>377.24273700000003</x11>
			<y11>274</y11>
			<x12>306.84637399999997</x12>
			<y12>274</y12>
		</polygon>
	</object>
</annotation>
