<annotation>
	<folder></folder>
	<filename>image_39_png.rf.b347ee5585b13abba3fd35ac518d2862.jpg</filename>
	<path>image_39_png.rf.b347ee5585b13abba3fd35ac518d2862.jpg</path>
	<source>
		<database>roboflow.ai</database>
	</source>
	<size>
		<width>416</width>
		<height>416</height>
		<depth>3</depth>
	</size>
	<segmented>0</segmented>
	<object>
		<name>capsicum</name>
		<pose>Unspecified</pose>
		<truncated>0</truncated>
		<difficult>0</difficult>
		<occluded>0</occluded>
		<bndbox>
			<xmin>82</xmin>
			<xmax>204</xmax>
			<ymin>1</ymin>
			<ymax>255</ymax>
		</bndbox>
		<polygon>
			<x1>149.975786</x1>
			<y1>0</y1>
			<x2>149.716717</x2>
			<y2>7.286595</y2>
			<x3>133.951379</x3>
			<y3>14.319817</y3>
			<x4>123.294028</x4>
			<y4>12.902911</y4>
			<x5>98.093539</x5>
			<y5>21.021087</y5>
			<x6>86.468154</x6>
			<y6>34.538728</y6>
			<x7>81.405798</x7>
			<y7>72.436729</y7>
			<x8>91.21836</x8>
			<y8>128.345599</y8>
			<x9>122.038154</x9>
			<y9>201.882421</y9>
			<x10>144.433475</x10>
			<y10>235.785212</y10>
			<x11>162.236807</x11>
			<y11>251.332528</y11>
			<x12>172.4208</x12>
			<y12>253.770598</y12>
			<x13>203</x13>
			<y13>252.485279</y13>
			<x14>203</x14>
			<y14>7.60273</y14>
			<x15>197.641317</x15>
			<y15>5.384849</y15>
			<x16>178.672078</x16>
			<y16>10.337434</y16>
			<x17>165.471395</x17>
			<y17>6.699481</y17>
			<x18>162.96246</x18>
			<y18>0</y18>
			<x19>149.975786</x19>
			<y19>0</y19>
		</polygon>
	</object>
	<object>
		<name>mango</name>
		<pose>Unspecified</pose>
		<truncated>0</truncated>
		<difficult>0</difficult>
		<occluded>0</occluded>
		<bndbox>
			<xmin>327</xmin>
			<xmax>405</xmax>
			<ymin>193</ymin>
			<ymax>272</ymax>
		</bndbox>
		<polygon>
			<x1>359.806305</x1>
			<y1>196.052504</y1>
			<x2>346.485364</x2>
			<y2>208.089449</y2>
			<x3>328.42019500000004</x3>
			<y3>236.784145</y3>
			<x4>325.657669</x4>
			<y4>253.020673</y4>
			<x5>333.93757600000004</x5>
			<y5>265.98951</y5>
			<x6>353.644996</x6>
			<y6>271.006059</y6>
			<x7>374.88208199999997</x7>
			<y7>263.730331</y7>
			<x8>391.032503</x8>
			<y8>252.01251</y8>
			<x9>401.534624</x9>
			<y9>233.210331</y9>
			<x10>404.385425</x10>
			<y10>220.637237</y10>
			<x11>401.951688</x11>
			<y11>209.187405</y11>
			<x12>395.554548</x12>
			<y12>198.580021</y12>
			<x13>380.283888</x13>
			<y13>191.699859</y13>
			<x14>359.806305</x14>
			<y14>196.052504</y14>
		</polygon>
	</object>
</annotation>
