<annotation>
	<folder></folder>
	<filename>image_170_png.rf.54dfa6e37b0ab5b42869fedf6347786d.jpg</filename>
	<path>image_170_png.rf.54dfa6e37b0ab5b42869fedf6347786d.jpg</path>
	<source>
		<database>roboflow.ai</database>
	</source>
	<size>
		<width>416</width>
		<height>416</height>
		<depth>3</depth>
	</size>
	<segmented>0</segmented>
	<object>
		<name>redapple</name>
		<pose>Unspecified</pose>
		<truncated>0</truncated>
		<difficult>0</difficult>
		<occluded>0</occluded>
		<bndbox>
			<xmin>109</xmin>
			<xmax>158</xmax>
			<ymin>94</ymin>
			<ymax>176</ymax>
		</bndbox>
		<polygon>
			<x1>149.177153</x1>
			<y1>102.000421</y1>
			<x2>139.874315</x2>
			<y2>99.852691</y2>
			<x3>142.639821</x3>
			<y3>93.937217</y3>
			<x4>140.646356</x4>
			<y4>93.476989</y4>
			<x5>137.880849</x5>
			<y5>99.392464</y5>
			<x6>123.310937</x6>
			<y6>98.837566</y6>
			<x7>116.353281</x7>
			<y7>104.721485</y7>
			<x8>111.437924</x8>
			<y8>113.885736</y8>
			<x9>107.538772</x9>
			<y9>130.774818</y9>
			<x10>111.857647</x10>
			<y10>163.605342</y10>
			<x11>124.629426</x11>
			<y11>174.980436</y11>
			<x12>134.342701</x12>
			<y12>175.350367</y12>
			<x13>142.834552</x13>
			<y13>168.884368</y13>
			<x14>152.254829</x14>
			<y14>152.333662</y14>
			<x15>156.81847</x15>
			<y15>135.597991</y15>
			<x16>156.173755</x16>
			<y16>111.105932</y16>
			<x17>149.177153</x17>
			<y17>102.000421</y17>
		</polygon>
	</object>
	<object>
		<name>mango</name>
		<pose>Unspecified</pose>
		<truncated>0</truncated>
		<difficult>0</difficult>
		<occluded>0</occluded>
		<bndbox>
			<xmin>257</xmin>
			<xmax>313</xmax>
			<ymin>1</ymin>
			<ymax>60</ymax>
		</bndbox>
		<polygon>
			<x1>268.822345</x1>
			<y1>0</y1>
			<x2>264.490272</x2>
			<y2>4.011635</y2>
			<x3>258.29476999999997</x3>
			<y3>15.689175</y3>
			<x4>256.232699</x4>
			<y4>36.747489</y4>
			<x5>262.408426</x5>
			<y5>49.408598</y5>
			<x6>272.473418</x6>
			<y6>57.349949</y6>
			<x7>281.776256</x7>
			<y7>59.497678</y7>
			<x8>295.838066</x8>
			<y8>56.190161</y8>
			<x9>303.665429</x9>
			<y9>49.570753</y9>
			<x10>309.655711</x10>
			<y10>38.782112</y10>
			<x11>312.431105</x11>
			<y11>20.697314</y11>
			<x12>307.330302</x12>
			<y12>6.411816</y12>
			<x13>302.131851</x13>
			<y13>0</y13>
			<x14>268.822345</x14>
			<y14>0</y14>
		</polygon>
	</object>
	<object>
		<name>orange</name>
		<pose>Unspecified</pose>
		<truncated>0</truncated>
		<difficult>0</difficult>
		<occluded>0</occluded>
		<bndbox>
			<xmin>263</xmin>
			<xmax>320</xmax>
			<ymin>151</ymin>
			<ymax>179</ymax>
		</bndbox>
		<polygon>
			<x1>319.306247</x1>
			<y1>178</y1>
			<x2>314.667532</x2>
			<y2>162.591526</y2>
			<x3>309.253959</x3>
			<y3>155.724039</y3>
			<x4>288.19554800000003</x4>
			<y4>149.926045</y4>
			<x5>277.661399</x5>
			<y5>153.111709</y5>
			<x6>266.60926</x6>
			<y6>164.604283</y6>
			<x7>261.781077</x7>
			<y7>178</y7>
			<x8>319.306247</x8>
			<y8>178</y8>
		</polygon>
	</object>
	<object>
		<name>orange</name>
		<pose>Unspecified</pose>
		<truncated>0</truncated>
		<difficult>0</difficult>
		<occluded>0</occluded>
		<bndbox>
			<xmin>282</xmin>
			<xmax>307</xmax>
			<ymin>266</ymin>
			<ymax>298</ymax>
		</bndbox>
		<polygon>
			<x1>302.948339</x1>
			<y1>290.387397</y1>
			<x2>306.485886</x2>
			<y2>278.09622</y2>
			<x3>305.010411</x3>
			<y3>269.32908199999997</y3>
			<x4>296.323228</x4>
			<y4>264.514656</y4>
			<x5>284.714153</x5>
			<y5>269.32471</y5>
			<x6>280.971388</x6>
			<y6>282.50478499999997</y6>
			<x7>283.111351</x7>
			<y7>291.425332</y7>
			<x8>293.79200000000003</x8>
			<y8>296.69998599999997</y8>
			<x9>302.948339</x9>
			<y9>290.387397</y9>
		</polygon>
	</object>
</annotation>
