<annotation>
	<folder></folder>
	<filename>image_124_png.rf.868eb1d963992053f44d4a6bfc000d2e.jpg</filename>
	<path>image_124_png.rf.868eb1d963992053f44d4a6bfc000d2e.jpg</path>
	<source>
		<database>roboflow.ai</database>
	</source>
	<size>
		<width>416</width>
		<height>416</height>
		<depth>3</depth>
	</size>
	<segmented>0</segmented>
	<object>
		<name>capsicum</name>
		<pose>Unspecified</pose>
		<truncated>0</truncated>
		<difficult>0</difficult>
		<occluded>0</occluded>
		<bndbox>
			<xmin>293</xmin>
			<xmax>317</xmax>
			<ymin>57</ymin>
			<ymax>92</ymax>
		</bndbox>
		<polygon>
			<x1>309.059054</x1>
			<y1>84.631962</y1>
			<x2>316.383131</x2>
			<y2>64.879742</y2>
			<x3>314.581297</x3>
			<y3>58.968268</y3>
			<x4>304.472488</x4>
			<y4>56.25962</y4>
			<x5>296.617903</x5>
			<y5>57.774107</y5>
			<x6>291.50899</x6>
			<y6>71.786424</y6>
			<x7>291.906872</x7>
			<y7>85.464724</y7>
			<x8>299.215499</x8>
			<y8>91.042182</y8>
			<x9>309.059054</x9>
			<y9>84.631962</y9>
		</polygon>
	</object>
	<object>
		<name>redapple</name>
		<pose>Unspecified</pose>
		<truncated>0</truncated>
		<difficult>0</difficult>
		<occluded>0</occluded>
		<bndbox>
			<xmin>1</xmin>
			<xmax>99</xmax>
			<ymin>146</ymin>
			<ymax>417</ymax>
		</bndbox>
		<polygon>
			<x1>31.629594</x1>
			<y1>145</y1>
			<x2>31.93188</x2>
			<y2>150.089698</y2>
			<x3>28.406331</x3>
			<y3>158.192822</y3>
			<x4>0</x4>
			<y4>151.194402</y4>
			<x5>0</x5>
			<y5>416</y5>
			<x6>37.052093</x6>
			<y6>416</y6>
			<x7>50.512937</x7>
			<y7>396.644519</y7>
			<x8>67.368531</x8>
			<y8>364.065015</y8>
			<x9>84.185064</x9>
			<y9>321.522474</y9>
			<x10>92.101882</x10>
			<y10>291.97650799999997</y10>
			<x11>98.310434</x11>
			<y11>251.115463</y11>
			<x12>96.937379</x12>
			<y12>208.22293200000001</y12>
			<x13>89.815886</x13>
			<y13>191.838267</y13>
			<x14>80.432446</x14>
			<y14>183.895307</y14>
			<x15>38.062751</x15>
			<y15>162.58981</y15>
			<x16>38.29667</x16>
			<y16>149.080801</y16>
			<x17>40.123071</x17>
			<y17>145</y17>
			<x18>31.629594</x18>
			<y18>145</y18>
		</polygon>
	</object>
	<object>
		<name>orange</name>
		<pose>Unspecified</pose>
		<truncated>0</truncated>
		<difficult>0</difficult>
		<occluded>0</occluded>
		<bndbox>
			<xmin>237</xmin>
			<xmax>296</xmax>
			<ymin>229</ymin>
			<ymax>305</ymax>
		</bndbox>
		<polygon>
			<x1>287.848236</x1>
			<y1>235.722794</y1>
			<x2>268.309202</x2>
			<y2>227.772989</y2>
			<x3>255.98523</x3>
			<y3>230.80424499999998</y3>
			<x4>245.642502</x4>
			<y4>241.604606</y4>
			<x5>239.948573</x5>
			<y5>252.745832</y5>
			<x6>236.462083</x6>
			<y6>270.81199200000003</y6>
			<x7>237.71796</x7>
			<y7>283.81541200000004</y7>
			<x8>244.706825</x8>
			<y8>295.640643</y8>
			<x9>253.279054</x9>
			<y9>301.556683</y9>
			<x10>267.631056</x10>
			<y10>303.59273099999996</y10>
			<x11>276.164225</x11>
			<y11>299.545732</y11>
			<x12>288.495922</x12>
			<y12>283.849638</y12>
			<x13>294.649966</x13>
			<y13>258.355234</y13>
			<x14>293.167895</x14>
			<y14>246.195984</y14>
			<x15>287.848236</x15>
			<y15>235.722794</y15>
		</polygon>
	</object>
</annotation>
