<annotation>
	<folder></folder>
	<filename>image_1_png.rf.6b73c31b656bb82117b7fcc8591c29f4.jpg</filename>
	<path>image_1_png.rf.6b73c31b656bb82117b7fcc8591c29f4.jpg</path>
	<source>
		<database>roboflow.ai</database>
	</source>
	<size>
		<width>416</width>
		<height>416</height>
		<depth>3</depth>
	</size>
	<segmented>0</segmented>
	<object>
		<name>greenapple</name>
		<pose>Unspecified</pose>
		<truncated>0</truncated>
		<difficult>0</difficult>
		<occluded>0</occluded>
		<bndbox>
			<xmin>1</xmin>
			<xmax>62</xmax>
			<ymin>1</ymin>
			<ymax>197</ymax>
		</bndbox>
		<polygon>
			<x1>0</x1>
			<y1>0</y1>
			<x2>0</x2>
			<y2>196.477241</y2>
			<x3>4.846907</x3>
			<y3>195.876868</y3>
			<x4>35.546559</x4>
			<y4>180.228906</y4>
			<x5>44.93117</x5>
			<y5>170.200232</y5>
			<x6>53.917608</x6>
			<y6>150.006981</y6>
			<x7>61.391304</x7>
			<y7>97.515244</y7>
			<x8>60.992357</x8>
			<y8>71.53341</y8>
			<x9>56.537172</x9>
			<y9>46.266801</y9>
			<x10>44.366907</x10>
			<y10>16.777959</y10>
			<x11>31.186536</x11>
			<y11>0</y11>
			<x12>0</x12>
			<y12>0</y12>
		</polygon>
	</object>
	<object>
		<name>redapple</name>
		<pose>Unspecified</pose>
		<truncated>0</truncated>
		<difficult>0</difficult>
		<occluded>0</occluded>
		<bndbox>
			<xmin>121</xmin>
			<xmax>161</xmax>
			<ymin>184</ymin>
			<ymax>242</ymax>
		</bndbox>
		<polygon>
			<x1>120</x1>
			<y1>241</y1>
			<x2>158.256358</x2>
			<y2>241</y2>
			<x3>160.402954</x3>
			<y3>225.698335</y3>
			<x4>153.124856</x4>
			<y4>212.094701</y4>
			<x5>129.780146</x5>
			<y5>186.437085</y5>
			<x6>120</x6>
			<y6>182.634508</y6>
			<x7>120</x7>
			<y7>241</y7>
		</polygon>
	</object>
	<object>
		<name>greenapple</name>
		<pose>Unspecified</pose>
		<truncated>0</truncated>
		<difficult>0</difficult>
		<occluded>0</occluded>
		<bndbox>
			<xmin>216</xmin>
			<xmax>262</xmax>
			<ymin>25</ymin>
			<ymax>89</ymax>
		</bndbox>
		<polygon>
			<x1>214.716657</x1>
			<y1>51.434377</y1>
			<x2>219.01272799999998</x2>
			<y2>75.798607</y2>
			<x3>227.523375</x3>
			<y3>84.532735</y3>
			<x4>235.75538</x4>
			<y4>87.733385</y4>
			<x5>255.718343</x5>
			<y5>82.352506</y5>
			<x6>259.495937</x6>
			<y6>76.103804</y6>
			<x7>261.32458299999996</x7>
			<y7>62.755276</y7>
			<x8>259.215744</x8>
			<y8>38.935812</y8>
			<x9>240.484557</x9>
			<y9>23.629927</y9>
			<x10>225.969498</x10>
			<y10>24.328453</y10>
			<x11>220.00467</x11>
			<y11>30.032389</y11>
			<x12>214.716657</x12>
			<y12>51.434377</y12>
		</polygon>
	</object>
	<object>
		<name>capsicum</name>
		<pose>Unspecified</pose>
		<truncated>0</truncated>
		<difficult>0</difficult>
		<occluded>0</occluded>
		<bndbox>
			<xmin>338</xmin>
			<xmax>354</xmax>
			<ymin>1</ymin>
			<ymax>9</ymax>
		</bndbox>
		<polygon>
			<x1>337.379587</x1>
			<y1>0</y1>
			<x2>342.367845</x2>
			<y2>8.456459</y2>
			<x3>351.8324</x3>
			<y3>6.787603</y3>
			<x4>352.83664799999997</x4>
			<y4>0</y4>
			<x5>337.379587</x5>
			<y5>0</y5>
		</polygon>
	</object>
	<object>
		<name>orange</name>
		<pose>Unspecified</pose>
		<truncated>0</truncated>
		<difficult>0</difficult>
		<occluded>0</occluded>
		<bndbox>
			<xmin>65</xmin>
			<xmax>121</xmax>
			<ymin>242</ymin>
			<ymax>310</ymax>
		</bndbox>
		<polygon>
			<x1>70.155543</x1>
			<y1>241</y1>
			<x2>69.619825</x2>
			<y2>241.378264</y2>
			<x3>64.60968</x3>
			<y3>252.496472</y3>
			<x4>63.735717</x4>
			<y4>271.259274</y4>
			<x5>69.264339</x5>
			<y5>290.753998</y5>
			<x6>76.900248</x6>
			<y6>302.433671</y6>
			<x7>86.444747</x7>
			<y7>309.124633</y7>
			<x8>107.879318</x8>
			<y8>308.136444</y8>
			<x9>114.162373</x9>
			<y9>304.237267</y9>
			<x10>120</x10>
			<y10>294.719074</y10>
			<x11>120</x11>
			<y11>262.233003</y11>
			<x12>117.778529</x12>
			<y12>249.634414</y12>
			<x13>112.966307</x13>
			<y13>242.109024</y13>
			<x14>111.511666</x14>
			<y14>241</y14>
			<x15>70.155543</x15>
			<y15>241</y15>
		</polygon>
	</object>
	<object>
		<name>greenapple</name>
		<pose>Unspecified</pose>
		<truncated>0</truncated>
		<difficult>0</difficult>
		<occluded>0</occluded>
		<bndbox>
			<xmin>326</xmin>
			<xmax>373</xmax>
			<ymin>248</ymin>
			<ymax>311</ymax>
		</bndbox>
		<polygon>
			<x1>328.47310500000003</x1>
			<y1>297.10322</y1>
			<x2>342.670713</x2>
			<y2>310.417194</y2>
			<x3>364.98002099999997</x3>
			<y3>306.48346100000003</y3>
			<x4>369.43365600000004</x4>
			<y4>300.11555599999997</y4>
			<x5>371.779227</x5>
			<y5>285.745443</y5>
			<x6>369.829502</x6>
			<y6>262.828358</y6>
			<x7>352.45039499999996</x7>
			<y7>247.284065</y7>
			<x8>335.748102</x8>
			<y8>247.437824</y8>
			<x9>329.42546300000004</x9>
			<y9>255.065721</y9>
			<x10>325.17130099999997</x10>
			<y10>274.42454399999997</y10>
			<x11>328.47310500000003</x11>
			<y11>297.10322</y11>
		</polygon>
	</object>
</annotation>
