<annotation>
	<folder></folder>
	<filename>image_203_png.rf.abf1ce9ee3a82c6cfbce85cc6d4a0589.jpg</filename>
	<path>image_203_png.rf.abf1ce9ee3a82c6cfbce85cc6d4a0589.jpg</path>
	<source>
		<database>roboflow.ai</database>
	</source>
	<size>
		<width>416</width>
		<height>416</height>
		<depth>3</depth>
	</size>
	<segmented>0</segmented>
	<object>
		<name>greenapple</name>
		<pose>Unspecified</pose>
		<truncated>0</truncated>
		<difficult>0</difficult>
		<occluded>0</occluded>
		<bndbox>
			<xmin>102</xmin>
			<xmax>147</xmax>
			<ymin>34</ymin>
			<ymax>95</ymax>
		</bndbox>
		<polygon>
			<x1>101.752561</x1>
			<y1>65.941177</y1>
			<x2>100.707601</x2>
			<y2>78.046892</y2>
			<x3>109.96143</x3>
			<y3>91.600007</y3>
			<x4>130.679623</x4>
			<y4>93.636575</y4>
			<x5>138.684382</x5>
			<y5>83.384181</y5>
			<x6>146.406161</x6>
			<y6>56.463521</y6>
			<x7>136.468068</x7>
			<y7>38.438319</y7>
			<x8>122.789701</x8>
			<y8>33.015214</y8>
			<x9>116.634783</x9>
			<y9>34.775749</y9>
			<x10>108.630024</x10>
			<y10>45.028144</y10>
			<x11>101.752561</x11>
			<y11>65.941177</y11>
		</polygon>
	</object>
	<object>
		<name>mango</name>
		<pose>Unspecified</pose>
		<truncated>0</truncated>
		<difficult>0</difficult>
		<occluded>0</occluded>
		<bndbox>
			<xmin>201</xmin>
			<xmax>255</xmax>
			<ymin>130</ymin>
			<ymax>192</ymax>
		</bndbox>
		<polygon>
			<x1>243.68282</x1>
			<y1>134.296883</y1>
			<x2>230.004453</x2>
			<y2>128.873778</y2>
			<x3>217.93585000000002</x3>
			<y3>130.678382</y3>
			<x4>209.8905</x4>
			<y4>136.549153</y4>
			<x5>200.19710700000002</x5>
			<y5>158.8168</y5>
			<x6>201.203787</x6>
			<y6>170.335671</y6>
			<x7>207.480477</x7>
			<y7>181.720009</y7>
			<x8>216.411891</x8>
			<y8>188.226341</y8>
			<x9>226.590062</x9>
			<y9>190.531974</y9>
			<x10>240.307864</x10>
			<y10>186.333597</y10>
			<x11>245.65790099999998</x11>
			<y11>180.959208</y11>
			<x12>251.972871</x12>
			<y12>168.718961</y12>
			<x13>253.66150399999998</x13>
			<y13>156.703709</y13>
			<x14>251.64929999999998</x14>
			<y14>147.669073</y14>
			<x15>243.68282</x15>
			<y15>134.296883</y15>
		</polygon>
	</object>
	<object>
		<name>mango</name>
		<pose>Unspecified</pose>
		<truncated>0</truncated>
		<difficult>0</difficult>
		<occluded>0</occluded>
		<bndbox>
			<xmin>1</xmin>
			<xmax>40</xmax>
			<ymin>331</ymin>
			<ymax>396</ymax>
		</bndbox>
		<polygon>
			<x1>0</x1>
			<y1>395.34175</y1>
			<x2>15.22041</x2>
			<y2>390.98815</y2>
			<x3>30.908669</x3>
			<y3>377.439681</y3>
			<x4>37.62608</x4>
			<y4>367.00636099999997</y4>
			<x5>39.194097</x5>
			<y5>355.849341</y5>
			<x6>36.900069</x6>
			<y6>344.149546</y6>
			<x7>25.353367</x7>
			<y7>332.89974</y7>
			<x8>5.399466</x8>
			<y8>330.09540200000004</y8>
			<x9>0</x9>
			<y9>332.288041</y9>
			<x10>0</x10>
			<y10>395.34175</y10>
		</polygon>
	</object>
	<object>
		<name>greenapple</name>
		<pose>Unspecified</pose>
		<truncated>0</truncated>
		<difficult>0</difficult>
		<occluded>0</occluded>
		<bndbox>
			<xmin>105</xmin>
			<xmax>128</xmax>
			<ymin>332</ymin>
			<ymax>363</ymax>
		</bndbox>
		<polygon>
			<x1>125.324673</x1>
			<y1>354.82644600000003</y1>
			<x2>127.254541</x2>
			<y2>341.09472800000003</y2>
			<x3>122.426406</x3>
			<y3>333.414708</y3>
			<x4>114.179257</x4>
			<y4>331.38046199999997</y4>
			<x5>106.898198</x5>
			<y5>336.483464</y5>
			<x6>103.680983</x6>
			<y6>350.03425500000003</y6>
			<x7>109.434616</x7>
			<y7>360.469899</y7>
			<x8>118.446055</x8>
			<y8>361.736374</y8>
			<x9>125.324673</x9>
			<y9>354.82644600000003</y9>
		</polygon>
	</object>
	<object>
		<name>mango</name>
		<pose>Unspecified</pose>
		<truncated>0</truncated>
		<difficult>0</difficult>
		<occluded>0</occluded>
		<bndbox>
			<xmin>210</xmin>
			<xmax>236</xmax>
			<ymin>213</ymin>
			<ymax>239</ymax>
		</bndbox>
		<polygon>
			<x1>210.592083</x1>
			<y1>212</y1>
			<x2>208.894258</x2>
			<y2>220.999453</y2>
			<x3>216.74012199999999</x3>
			<y3>235.229875</y3>
			<x4>226.918293</x4>
			<y4>237.535507</y4>
			<x5>233.67629499999998</x5>
			<y5>231.483811</y5>
			<x6>235.444954</x6>
			<y6>214.228703</y6>
			<x7>234.216171</x7>
			<y7>212</y7>
			<x8>210.592083</x8>
			<y8>212</y8>
		</polygon>
	</object>
	<object>
		<name>capsicum</name>
		<pose>Unspecified</pose>
		<truncated>0</truncated>
		<difficult>0</difficult>
		<occluded>0</occluded>
		<bndbox>
			<xmin>365</xmin>
			<xmax>386</xmax>
			<ymin>216</ymin>
			<ymax>248</ymax>
		</bndbox>
		<polygon>
			<x1>378.583026</x1>
			<y1>246.59802100000002</y1>
			<x2>384.89799600000003</x2>
			<y2>234.357774</y2>
			<x3>385.25869</x3>
			<y3>217.779972</y3>
			<x4>378.419507</x4>
			<y4>215.06842</y4>
			<x5>369.810508</x5>
			<y5>215.608871</y5>
			<x6>365.104146</x6>
			<y6>221.073723</y6>
			<x7>364.220394</x7>
			<y7>236.70283</y7>
			<x8>368.16362100000003</x8>
			<y8>246.008853</y8>
			<x9>378.583026</x9>
			<y9>246.59802100000002</y9>
		</polygon>
	</object>
</annotation>
