<annotation>
	<folder></folder>
	<filename>image_57_png.rf.17e109557e7d95e2c29076cf00dfbaca.jpg</filename>
	<path>image_57_png.rf.17e109557e7d95e2c29076cf00dfbaca.jpg</path>
	<source>
		<database>roboflow.ai</database>
	</source>
	<size>
		<width>416</width>
		<height>416</height>
		<depth>3</depth>
	</size>
	<segmented>0</segmented>
	<object>
		<name>mango</name>
		<pose>Unspecified</pose>
		<truncated>0</truncated>
		<difficult>0</difficult>
		<occluded>0</occluded>
		<bndbox>
			<xmin>246</xmin>
			<xmax>302</xmax>
			<ymin>1</ymin>
			<ymax>37</ymax>
		</bndbox>
		<polygon>
			<x1>246.177408</x1>
			<y1>0</y1>
			<x2>244.82566</x2>
			<y2>7.419775</y2>
			<x3>248.597485</x3>
			<y3>21.398454</y3>
			<x4>254.675547</x4>
			<y4>28.419349</y4>
			<x5>271.131372</x5>
			<y5>35.963586</y5>
			<x6>280.590596</x6>
			<y6>34.40231</y6>
			<x7>292.150838</x7>
			<y7>26.77215</y7>
			<x8>297.525465</x8>
			<y8>18.650206</y8>
			<x9>301.168905</x9>
			<y9>0</y9>
			<x10>246.177408</x10>
			<y10>0</y10>
		</polygon>
	</object>
	<object>
		<name>greenapple</name>
		<pose>Unspecified</pose>
		<truncated>0</truncated>
		<difficult>0</difficult>
		<occluded>0</occluded>
		<bndbox>
			<xmin>371</xmin>
			<xmax>397</xmax>
			<ymin>114</ymin>
			<ymax>147</ymax>
		</bndbox>
		<polygon>
			<x1>392.722268</x1>
			<y1>139.873528</y1>
			<x2>396.054597</x2>
			<y2>128.47125</y2>
			<x3>391.872334</x3>
			<y3>116.270369</y3>
			<x4>383.439204</x4>
			<y4>113.387151</y4>
			<x5>372.748669</x5>
			<y5>120.281821</y5>
			<x6>369.87561</x6>
			<y6>132.726406</y6>
			<x7>373.13933299999997</x7>
			<y7>142.84267</y7>
			<x8>384.230417</x8>
			<y8>146.339526</y8>
			<x9>392.722268</x9>
			<y9>139.873528</y9>
		</polygon>
	</object>
	<object>
		<name>greenapple</name>
		<pose>Unspecified</pose>
		<truncated>0</truncated>
		<difficult>0</difficult>
		<occluded>0</occluded>
		<bndbox>
			<xmin>127</xmin>
			<xmax>178</xmax>
			<ymin>233</ymin>
			<ymax>293</ymax>
		</bndbox>
		<polygon>
			<x1>144.136872</x1>
			<y1>232</y1>
			<x2>135.511031</x2>
			<y2>242.207235</y2>
			<x3>125.875648</x3>
			<y3>271.816164</y3>
			<x4>128.220831</x4>
			<y4>279.847811</y4>
			<x5>136.087139</x5>
			<y5>288.217834</y5>
			<x6>156.8915</x6>
			<y6>292.08462099999997</y6>
			<x7>164.718862</x7>
			<y7>285.465214</y7>
			<x8>172.399726</x8>
			<y8>270.385487</y8>
			<x9>176.504096</x9>
			<y9>252.607507</y9>
			<x10>169.615047</x10>
			<y10>236.972883</y10>
			<x11>161.05555900000002</x11>
			<y11>232</y11>
			<x12>144.136872</x12>
			<y12>232</y12>
		</polygon>
	</object>
	<object>
		<name>mango</name>
		<pose>Unspecified</pose>
		<truncated>0</truncated>
		<difficult>0</difficult>
		<occluded>0</occluded>
		<bndbox>
			<xmin>235</xmin>
			<xmax>292</xmax>
			<ymin>266</ymin>
			<ymax>331</ymax>
		</bndbox>
		<polygon>
			<x1>252.412163</x1>
			<y1>266.387156</y1>
			<x2>240.900754</x2>
			<y2>276.837422</y2>
			<x3>235.164524</x3>
			<y3>289.55727</y3>
			<x4>233.669274</x4>
			<y4>305.12878</y4>
			<x5>236.473727</x5>
			<y5>314.202736</y5>
			<x6>245.258575</x6>
			<y6>324.657375</y6>
			<x7>255.939223</x7>
			<y7>329.93203</y7>
			<x8>269.385377</x8>
			<y8>329.291209</y8>
			<x9>283.96517600000004</x9>
			<y9>317.676782</y9>
			<x10>290.835053</x10>
			<y10>293.98332700000003</y10>
			<x11>280.731115</x11>
			<y11>271.052545</y11>
			<x12>263.86485300000004</x12>
			<y12>265.286108</y12>
			<x13>252.412163</x13>
			<y13>266.387156</y13>
		</polygon>
	</object>
</annotation>
