<annotation>
	<folder></folder>
	<filename>image_207_png.rf.86cdd0f8faca130f039c52e3bf57534f.jpg</filename>
	<path>image_207_png.rf.86cdd0f8faca130f039c52e3bf57534f.jpg</path>
	<source>
		<database>roboflow.ai</database>
	</source>
	<size>
		<width>416</width>
		<height>416</height>
		<depth>3</depth>
	</size>
	<segmented>0</segmented>
	<object>
		<name>mango</name>
		<pose>Unspecified</pose>
		<truncated>0</truncated>
		<difficult>0</difficult>
		<occluded>0</occluded>
		<bndbox>
			<xmin>97</xmin>
			<xmax>153</xmax>
			<ymin>1</ymin>
			<ymax>45</ymax>
		</bndbox>
		<polygon>
			<x1>96.599052</x1>
			<y1>0</y1>
			<x2>96.560279</x2>
			<y2>0.094601</y2>
			<x3>95.87839</x3>
			<y3>13.127229</y3>
			<x4>102.826501</x4>
			<y4>32.822991</y4>
			<x5>113.660401</x5>
			<y5>41.566764</y5>
			<x6>126.013307</x6>
			<y6>44.464368</y6>
			<x7>135.261248</x7>
			<y7>42.498657</y7>
			<x8>146.50155</x8>
			<y8>33.665613</y8>
			<x9>150.76176</x9>
			<y9>24.475135</y9>
			<x10>151.63086</x10>
			<y10>12.323265</y10>
			<x11>148.029818</x11>
			<y11>0</y11>
			<x12>96.599052</x12>
			<y12>0</y12>
		</polygon>
	</object>
	<object>
		<name>orange</name>
		<pose>Unspecified</pose>
		<truncated>0</truncated>
		<difficult>0</difficult>
		<occluded>0</occluded>
		<bndbox>
			<xmin>167</xmin>
			<xmax>227</xmax>
			<ymin>118</ymin>
			<ymax>184</ymax>
		</bndbox>
		<polygon>
			<x1>220.610315</x1>
			<y1>183</y1>
			<x2>223.521396</x2>
			<y2>178.390633</y2>
			<x3>226.184986</x3>
			<y3>164.936782</y3>
			<x4>219.632618</x4>
			<y4>134.110312</y4>
			<x5>207.862665</x5>
			<y5>120.962758</y5>
			<x6>200.13373</x6>
			<y6>117.082299</y6>
			<x7>178.808369</x7>
			<y7>120.694595</y7>
			<x8>170.683691</x8>
			<y8>127.944844</y8>
			<x9>165.565042</x9>
			<y9>142.841083</y9>
			<x10>167.603037</x10>
			<y10>165.421622</y10>
			<x11>173.240674</x11>
			<y11>178.95209</y11>
			<x12>176.206307</x12>
			<y12>183</y12>
			<x13>220.610315</x13>
			<y13>183</y13>
		</polygon>
	</object>
	<object>
		<name>redapple</name>
		<pose>Unspecified</pose>
		<truncated>0</truncated>
		<difficult>0</difficult>
		<occluded>0</occluded>
		<bndbox>
			<xmin>282</xmin>
			<xmax>313</xmax>
			<ymin>62</ymin>
			<ymax>145</ymax>
		</bndbox>
		<polygon>
			<x1>312</x1>
			<y1>61.459717</y1>
			<x2>311.162325</x2>
			<y2>61.263225</y2>
			<x3>294.460935</x3>
			<y3>63.892666</y3>
			<x4>285.202333</x4>
			<y4>72.304486</y4>
			<x5>281.404818</x5>
			<y5>86.919908</y5>
			<x6>281.736597</x6>
			<y6>114.465861</y6>
			<x7>288.596432</x7>
			<y7>130.498191</y7>
			<x8>301.786455</x8>
			<y8>140.582252</y8>
			<x9>312</x9>
			<y9>143.659612</y9>
			<x10>312</x10>
			<y10>61.459717</y10>
		</polygon>
	</object>
	<object>
		<name>redapple</name>
		<pose>Unspecified</pose>
		<truncated>0</truncated>
		<difficult>0</difficult>
		<occluded>0</occluded>
		<bndbox>
			<xmin>245</xmin>
			<xmax>313</xmax>
			<ymin>184</ymin>
			<ymax>226</ymax>
		</bndbox>
		<polygon>
			<x1>312</x1>
			<y1>183</y1>
			<x2>243.808417</x2>
			<y2>183</y2>
			<x3>243.970123</x3>
			<y3>196.425611</y3>
			<x4>249.607761</x4>
			<y4>209.956081</y4>
			<x5>258.272748</x5>
			<y5>218.240321</y5>
			<x6>274.203976</x6>
			<y6>224.980074</y6>
			<x7>294.208202</x7>
			<y7>221.648593</y7>
			<x8>311.866967</x8>
			<y8>210.530714</y8>
			<x9>312</x9>
			<y9>209.225309</y9>
			<x10>312</x10>
			<y10>183</y10>
		</polygon>
	</object>
	<object>
		<name>mango</name>
		<pose>Unspecified</pose>
		<truncated>0</truncated>
		<difficult>0</difficult>
		<occluded>0</occluded>
		<bndbox>
			<xmin>76</xmin>
			<xmax>107</xmax>
			<ymin>184</ymin>
			<ymax>213</ymax>
		</bndbox>
		<polygon>
			<x1>76.372253</x1>
			<y1>183</y1>
			<x2>75.038478</x2>
			<y2>184.464588</y2>
			<x3>75.864934</x3>
			<y3>198.097156</y3>
			<x4>90.464366</x4>
			<y4>211.56383399999999</y4>
			<x5>101.220651</x5>
			<y5>210.198064</y5>
			<x6>105.767008</x6>
			<y6>199.10566599999999</y6>
			<x7>102.95885</x7>
			<y7>185.894322</y7>
			<x8>100.16331</x8>
			<y8>183</y8>
			<x9>76.372253</x9>
			<y9>183</y9>
		</polygon>
	</object>
	<object>
		<name>redapple</name>
		<pose>Unspecified</pose>
		<truncated>0</truncated>
		<difficult>0</difficult>
		<occluded>0</occluded>
		<bndbox>
			<xmin>313</xmin>
			<xmax>360</xmax>
			<ymin>330</ymin>
			<ymax>410</ymax>
		</bndbox>
		<polygon>
			<x1>312</x1>
			<y1>406.743634</y1>
			<x2>319.416595</x2>
			<y2>408.574435</y2>
			<x3>339.420822</x3>
			<y3>405.242954</y3>
			<x4>354.151172</x4>
			<y4>396.588626</y4>
			<x5>357.464669</x5>
			<y5>389.440478</y5>
			<x6>359.015656</x6>
			<y6>364.255979</y6>
			<x7>353.664165</x7>
			<y7>348.82358899999997</y7>
			<x8>340.573078</x8>
			<y8>335.95685100000003</y8>
			<x9>329.640243</x9>
			<y9>329.99575500000003</y9>
			<x10>312</x10>
			<y10>329.441547</y10>
			<x11>312</x11>
			<y11>406.743634</y11>
		</polygon>
	</object>
</annotation>
