<annotation>
	<folder></folder>
	<filename>image_129_png.rf.b72d7461b5ca2e468ce833e4bdab7b12.jpg</filename>
	<path>image_129_png.rf.b72d7461b5ca2e468ce833e4bdab7b12.jpg</path>
	<source>
		<database>roboflow.ai</database>
	</source>
	<size>
		<width>416</width>
		<height>416</height>
		<depth>3</depth>
	</size>
	<segmented>0</segmented>
	<object>
		<name>redapple</name>
		<pose>Unspecified</pose>
		<truncated>0</truncated>
		<difficult>0</difficult>
		<occluded>0</occluded>
		<bndbox>
			<xmin>20</xmin>
			<xmax>69</xmax>
			<ymin>117</ymin>
			<ymax>197</ymax>
		</bndbox>
		<polygon>
			<x1>67.094105</x1>
			<y1>133.593103</y1>
			<x2>63.634737</x2>
			<y2>125.539643</y2>
			<x3>49.199621</x3>
			<y3>116.481299</y3>
			<x4>32.696027</x4>
			<y4>119.153879</y4>
			<x5>27.84422</x5>
			<y5>122.95055</y5>
			<x6>21.878618</x6>
			<y6>133.063872</y6>
			<x7>18.974986</x7>
			<y7>145.577973</y7>
			<x8>19.332023</x8>
			<y8>163.319192</y8>
			<x9>23.228372</x9>
			<y9>180.754053</y9>
			<x10>30.942676</x10>
			<y10>192.349077</y10>
			<x11>38.736923</x11>
			<y11>195.584283</y11>
			<x12>49.354859</x12>
			<y12>194.665208</y12>
			<x13>57.030354</x13>
			<y13>186.714255</y13>
			<x14>63.632412</x14>
			<y14>172.991416</y14>
			<x15>68.286295</x15>
			<y15>150.551147</y15>
			<x16>67.094105</x16>
			<y16>133.593103</y16>
		</polygon>
	</object>
	<object>
		<name>redapple</name>
		<pose>Unspecified</pose>
		<truncated>0</truncated>
		<difficult>0</difficult>
		<occluded>0</occluded>
		<bndbox>
			<xmin>283</xmin>
			<xmax>356</xmax>
			<ymin>58</ymin>
			<ymax>150</ymax>
		</bndbox>
		<polygon>
			<x1>339.810586</x1>
			<y1>70.264139</y1>
			<x2>325.693698</x2>
			<y2>59.401036</y2>
			<x3>313.524984</x3>
			<y3>57.255364</y3>
			<x4>302.946633</x4>
			<y4>61.90316</y4>
			<x5>286.28315</x5>
			<y5>81.295377</y5>
			<x6>282.42483500000003</x6>
			<y6>99.223752</y6>
			<x7>284.094367</x7>
			<y7>113.474659</y7>
			<x8>291.887839</x8>
			<y8>132.527123</y8>
			<x9>302.62453</x9>
			<y9>142.794206</y9>
			<x10>325.96769</x10>
			<y10>148.771105</y10>
			<x11>338.255933</x11>
			<y11>146.285678</y11>
			<x12>343.10774000000004</x12>
			<y12>142.489008</y12>
			<x13>346.369183</x13>
			<y13>131.89887</y13>
			<x14>354.362905</x14>
			<y14>122.143159</y14>
			<x15>355.03972</x15>
			<y15>106.445105</y15>
			<x16>339.810586</x16>
			<y16>70.264139</y16>
		</polygon>
	</object>
	<object>
		<name>redapple</name>
		<pose>Unspecified</pose>
		<truncated>0</truncated>
		<difficult>0</difficult>
		<occluded>0</occluded>
		<bndbox>
			<xmin>159</xmin>
			<xmax>233</xmax>
			<ymin>280</ymin>
			<ymax>366</ymax>
		</bndbox>
		<polygon>
			<x1>232</x1>
			<y1>320.253016</y1>
			<x2>220.164842</x2>
			<y2>294.578559</y2>
			<x3>204.178949</x3>
			<y3>282.455466</y3>
			<x4>190.81727</x4>
			<y4>279.16900599999997</y4>
			<x5>179.721993</x5>
			<y5>282.79522</y5>
			<x6>167.592089</x6>
			<y6>300.195524</y6>
			<x7>159.041081</x7>
			<y7>321.01819</y7>
			<x8>158.006454</x8>
			<y8>334.792281</y8>
			<x9>168.6632</x9>
			<y9>353.419182</y9>
			<x10>179.201191</x10>
			<y10>360.859924</y10>
			<x11>198.647228</x11>
			<y11>365.21922</y11>
			<x12>213.798742</x12>
			<y12>362.308231</y12>
			<x13>224.775265</x13>
			<y13>347.495859</y13>
			<x14>231.695551</x14>
			<y14>331.968263</y14>
			<x15>232</x15>
			<y15>329.12124</y15>
			<x16>232</x16>
			<y16>320.253016</y16>
		</polygon>
	</object>
</annotation>
