<annotation>
	<folder></folder>
	<filename>image_148_png.rf.b65d4d69c563ae76b9db94e0a72ef8a6.jpg</filename>
	<path>image_148_png.rf.b65d4d69c563ae76b9db94e0a72ef8a6.jpg</path>
	<source>
		<database>roboflow.ai</database>
	</source>
	<size>
		<width>416</width>
		<height>416</height>
		<depth>3</depth>
	</size>
	<segmented>0</segmented>
	<object>
		<name>greenapple</name>
		<pose>Unspecified</pose>
		<truncated>0</truncated>
		<difficult>0</difficult>
		<occluded>0</occluded>
		<bndbox>
			<xmin>240</xmin>
			<xmax>263</xmax>
			<ymin>85</ymin>
			<ymax>113</ymax>
		</bndbox>
		<polygon>
			<x1>258.43672200000003</x1>
			<y1>112</y1>
			<x2>262.311283</x2>
			<y2>106.989265</y2>
			<x3>261.770035</x3>
			<y3>91.48994</y3>
			<x4>256.062915</x4>
			<y4>84.386543</y4>
			<x5>246.489352</x5>
			<y5>83.808022</y5>
			<x6>238.629112</x6>
			<y6>93.210875</y6>
			<x7>239.074846</x7>
			<y7>105.975025</y7>
			<x8>244.348796</x8>
			<y8>112</y8>
			<x9>258.43672200000003</x9>
			<y9>112</y9>
		</polygon>
	</object>
	<object>
		<name>redapple</name>
		<pose>Unspecified</pose>
		<truncated>0</truncated>
		<difficult>0</difficult>
		<occluded>0</occluded>
		<bndbox>
			<xmin>22</xmin>
			<xmax>98</xmax>
			<ymin>113</ymin>
			<ymax>185</ymax>
		</bndbox>
		<polygon>
			<x1>29.350251</x1>
			<y1>112</y1>
			<x2>21.968203</x2>
			<y2>125.529976</y2>
			<x3>21.178186</x3>
			<y3>141.988626</y3>
			<x4>26.522134</x4>
			<y4>158.233073</y4>
			<x5>35.923556</x5>
			<y5>173.42299400000002</y5>
			<x6>50.586363</x6>
			<y6>182.952162</y6>
			<x7>73.8228</x7>
			<y7>183.96640100000002</y7>
			<x8>85.931541</x8>
			<y8>178.97937100000001</y8>
			<x9>89.861661</x9>
			<y9>174.277944</y9>
			<x10>96.594615</x10>
			<y10>152.134741</y10>
			<x11>95.435491</x11>
			<y11>138.482667</y11>
			<x12>77.989074</x12>
			<y12>112</y12>
			<x13>29.350251</x13>
			<y13>112</y13>
		</polygon>
	</object>
	<object>
		<name>mango</name>
		<pose>Unspecified</pose>
		<truncated>0</truncated>
		<difficult>0</difficult>
		<occluded>0</occluded>
		<bndbox>
			<xmin>147</xmin>
			<xmax>203</xmax>
			<ymin>118</ymin>
			<ymax>182</ymax>
		</bndbox>
		<polygon>
			<x1>184.11385</x1>
			<y1>118.042051</y1>
			<x2>167.011379</x2>
			<y2>116.81361</y2>
			<x3>156.265741</x3>
			<y3>121.753039</y3>
			<x4>149.118891</x4>
			<y4>132.043817</y4>
			<x5>146.156866</x5>
			<y5>144.92696899999999</y5>
			<x6>147.379666</x6>
			<y6>160.402493</y6>
			<x7>154.640918</x7>
			<y7>172.928639</y7>
			<x8>163.723958</x8>
			<y8>179.00131</y8>
			<x9>180.858266</x9>
			<y9>181.141477</y9>
			<x10>187.578271</x10>
			<y10>178.168299</y10>
			<x11>192.903332</x11>
			<y11>174.330997</y11>
			<x12>199.954668</x12>
			<y12>161.305043</y12>
			<x13>201.649103</x13>
			<y13>151.204668</y13>
			<x14>199.77659</x14>
			<y14>136.664669</y14>
			<x15>184.11385</x15>
			<y15>118.042051</y15>
		</polygon>
	</object>
	<object>
		<name>capsicum</name>
		<pose>Unspecified</pose>
		<truncated>0</truncated>
		<difficult>0</difficult>
		<occluded>0</occluded>
		<bndbox>
			<xmin>171</xmin>
			<xmax>204</xmax>
			<ymin>224</ymin>
			<ymax>282</ymax>
		</bndbox>
		<polygon>
			<x1>169.787233</x1>
			<y1>235.38545499999998</y1>
			<x2>169.933473</x2>
			<y2>259.114105</y2>
			<x3>173.850642</x3>
			<y3>273.58270300000004</y3>
			<x4>178.87621</x4>
			<y4>280.7099</y4>
			<x5>193.220635</x5>
			<y5>281.12181899999996</y5>
			<x6>199.717771</x6>
			<y6>271.766566</y6>
			<x7>202.061921</x7>
			<y7>260.730665</y7>
			<x8>202.597233</x8>
			<y8>236.978215</y8>
			<x9>198.189541</x9>
			<y9>228.00376799999998</y9>
			<x10>183.004373</x10>
			<y10>223.057025</y10>
			<x11>181.150746</x11>
			<y11>228.598775</y11>
			<x12>169.787233</x12>
			<y12>235.38545499999998</y12>
		</polygon>
	</object>
	<object>
		<name>greenapple</name>
		<pose>Unspecified</pose>
		<truncated>0</truncated>
		<difficult>0</difficult>
		<occluded>0</occluded>
		<bndbox>
			<xmin>302</xmin>
			<xmax>326</xmax>
			<ymin>192</ymin>
			<ymax>224</ymax>
		</bndbox>
		<polygon>
			<x1>325.177317</x1>
			<y1>214.203468</y1>
			<x2>324.763421</x2>
			<y2>202.351042</y2>
			<x3>318.247398</x3>
			<y3>191.624546</y3>
			<x4>310.036938</x4>
			<y4>190.998424</y4>
			<x5>300.845432</x5>
			<y5>201.360604</y5>
			<x6>301.259328</x6>
			<y6>213.213028</y6>
			<x7>307.030124</x7>
			<y7>222.13987500000002</y7>
			<x8>318.648343</x8>
			<y8>222.646995</y8>
			<x9>325.177317</x9>
			<y9>214.203468</y9>
		</polygon>
	</object>
</annotation>
