<annotation>
	<folder></folder>
	<filename>image_37_png.rf.3e4a0ccb2597a30bac3f079a1cdc15b0.jpg</filename>
	<path>image_37_png.rf.3e4a0ccb2597a30bac3f079a1cdc15b0.jpg</path>
	<source>
		<database>roboflow.ai</database>
	</source>
	<size>
		<width>416</width>
		<height>416</height>
		<depth>3</depth>
	</size>
	<segmented>0</segmented>
	<object>
		<name>orange</name>
		<pose>Unspecified</pose>
		<truncated>0</truncated>
		<difficult>0</difficult>
		<occluded>0</occluded>
		<bndbox>
			<xmin>1</xmin>
			<xmax>136</xmax>
			<ymin>50</ymin>
			<ymax>225</ymax>
		</bndbox>
		<polygon>
			<x1>0</x1>
			<y1>224</y1>
			<x2>121.258195</x2>
			<y2>224</y2>
			<x3>128.219443</x3>
			<y3>211.389291</y3>
			<x4>133.159885</x4>
			<y4>189.243642</y4>
			<x5>134.686797</x5>
			<y5>166.683927</y5>
			<x6>128.816168</x6>
			<y6>120.137334</y6>
			<x7>116.731111</x7>
			<y7>91.446414</y7>
			<x8>89.429428</x8>
			<y8>59.531223</y8>
			<x9>61.135719</x9>
			<y9>49.206767</y9>
			<x10>26.177006</x10>
			<y10>48.757064</y10>
			<x11>10.506521</x11>
			<y11>51.853212</y11>
			<x12>0</x12>
			<y12>57.431052</y12>
			<x13>0</x13>
			<y13>224</y13>
		</polygon>
	</object>
	<object>
		<name>capsicum</name>
		<pose>Unspecified</pose>
		<truncated>0</truncated>
		<difficult>0</difficult>
		<occluded>0</occluded>
		<bndbox>
			<xmin>213</xmin>
			<xmax>234</xmax>
			<ymin>134</ymin>
			<ymax>190</ymax>
		</bndbox>
		<polygon>
			<x1>212</x1>
			<y1>186.939782</y1>
			<x2>213.339421</x2>
			<y2>189.478252</y2>
			<x3>227.282063</x3>
			<y3>188.412547</y3>
			<x4>232.096042</x4>
			<y4>179.691742</y4>
			<x5>233.418743</x5>
			<y5>150.904094</y5>
			<x6>226.841328</x6>
			<y6>137.527613</y6>
			<x7>213.310389</x7>
			<y7>136.747848</y7>
			<x8>212.159587</x8>
			<y8>133.334363</y8>
			<x9>212</x9>
			<y9>134.049716</y9>
			<x10>212</x10>
			<y10>186.939782</y10>
		</polygon>
	</object>
	<object>
		<name>orange</name>
		<pose>Unspecified</pose>
		<truncated>0</truncated>
		<difficult>0</difficult>
		<occluded>0</occluded>
		<bndbox>
			<xmin>213</xmin>
			<xmax>266</xmax>
			<ymin>31</ymin>
			<ymax>106</ymax>
		</bndbox>
		<polygon>
			<x1>212</x1>
			<y1>86.784521</y1>
			<x2>218.542632</x2>
			<y2>97.578896</y2>
			<x3>228.329365</x3>
			<y3>105.141509</y3>
			<x4>252.266234</x4>
			<y4>103.565011</y4>
			<x5>257.696128</x5>
			<y5>99.226669</y5>
			<x6>264.15692</x6>
			<y6>83.123983</y6>
			<x7>264.571904</x7>
			<y7>66.977173</y7>
			<x8>260.792106</x8>
			<y8>49.632292</y8>
			<x9>247.799333</x9>
			<y9>33.582212</y9>
			<x10>238.628514</x10>
			<y10>30.402062</y10>
			<x11>226.125193</x11>
			<y11>32.159289</y11>
			<x12>214.360971</x12>
			<y12>39.175471</y12>
			<x13>212</x13>
			<y13>44.373585</y13>
			<x14>212</x14>
			<y14>86.784521</y14>
		</polygon>
	</object>
	<object>
		<name>mango</name>
		<pose>Unspecified</pose>
		<truncated>0</truncated>
		<difficult>0</difficult>
		<occluded>0</occluded>
		<bndbox>
			<xmin>301</xmin>
			<xmax>329</xmax>
			<ymin>1</ymin>
			<ymax>20</ymax>
		</bndbox>
		<polygon>
			<x1>299.801452</x1>
			<y1>0</y1>
			<x2>300.490329</x2>
			<y2>7.407073</y2>
			<x3>312.209117</x3>
			<y3>19.167177</y3>
			<x4>322.203344</x4>
			<y4>18.656386</y4>
			<x5>327.79857400000003</x5>
			<y5>10.719589</y5>
			<x6>325.879496</x6>
			<y6>0</y6>
			<x7>299.801452</x7>
			<y7>0</y7>
		</polygon>
	</object>
	<object>
		<name>greenapple</name>
		<pose>Unspecified</pose>
		<truncated>0</truncated>
		<difficult>0</difficult>
		<occluded>0</occluded>
		<bndbox>
			<xmin>334</xmin>
			<xmax>358</xmax>
			<ymin>124</ymin>
			<ymax>155</ymax>
		</bndbox>
		<polygon>
			<x1>357.297869</x1>
			<y1>144.219677</y1>
			<x2>355.203758</x2>
			<y2>129.319303</y2>
			<x3>348.953737</x3>
			<y3>123.047247</y3>
			<x4>339.61758199999997</x4>
			<y4>123.465554</y4>
			<x5>332.952577</x5>
			<y5>133.340307</y5>
			<x6>334.677139</x6>
			<y6>145.611203</y6>
			<x7>343.928987</x7>
			<y7>154.142794</y7>
			<x8>351.82582</x8>
			<y8>153.032966</y8>
			<x9>357.297869</x9>
			<y9>144.219677</y9>
		</polygon>
	</object>
	<object>
		<name>greenapple</name>
		<pose>Unspecified</pose>
		<truncated>0</truncated>
		<difficult>0</difficult>
		<occluded>0</occluded>
		<bndbox>
			<xmin>5</xmin>
			<xmax>30</xmax>
			<ymin>225</ymin>
			<ymax>246</ymax>
		</bndbox>
		<polygon>
			<x1>5.568914</x1>
			<y1>224</y1>
			<x2>4.326258</x2>
			<y2>225.841097</y2>
			<x3>6.832072</x3>
			<y3>238.896001</y3>
			<x4>12.424023</x4>
			<y4>245.260542</y4>
			<x5>23.734388</x5>
			<y5>244.564778</y5>
			<x6>28.794733</x6>
			<y6>237.596959</y6>
			<x7>28.263127</x7>
			<y7>224.2646</y7>
			<x8>28.020351</x8>
			<y8>224</y8>
			<x9>5.568914</x9>
			<y9>224</y9>
		</polygon>
	</object>
	<object>
		<name>orange</name>
		<pose>Unspecified</pose>
		<truncated>0</truncated>
		<difficult>0</difficult>
		<occluded>0</occluded>
		<bndbox>
			<xmin>170</xmin>
			<xmax>194</xmax>
			<ymin>337</ymin>
			<ymax>369</ymax>
		</bndbox>
		<polygon>
			<x1>192.744419</x1>
			<y1>358.45791099999997</y1>
			<x2>192.335996</x2>
			<y2>346.002044</y2>
			<x3>187.155749</x3>
			<y3>337.792032</y3>
			<x4>177.573228</x4>
			<y4>336.457353</y4>
			<x5>170.169125</x5>
			<y5>341.073151</y5>
			<x6>168.972888</x6>
			<y6>356.43595300000004</y6>
			<x7>175.715641</x7>
			<y7>366.213979</y7>
			<x8>184.640093</x8>
			<y8>367.641143</y8>
			<x9>192.744419</x9>
			<y9>358.45791099999997</y9>
		</polygon>
	</object>
	<object>
		<name>orange</name>
		<pose>Unspecified</pose>
		<truncated>0</truncated>
		<difficult>0</difficult>
		<occluded>0</occluded>
		<bndbox>
			<xmin>252</xmin>
			<xmax>302</xmax>
			<ymin>225</ymin>
			<ymax>245</ymax>
		</bndbox>
		<polygon>
			<x1>250.915599</x1>
			<y1>224</y1>
			<x2>253.365855</x2>
			<y2>231.267899</y2>
			<x3>260.643493</x3>
			<y3>240.076946</y3>
			<x4>269.279425</x4>
			<y4>244.226074</y4>
			<x5>290.33765</x5>
			<y5>241.266534</y5>
			<x6>296.837316</x6>
			<y6>234.990236</y6>
			<x7>300.881803</x7>
			<y7>224</y7>
			<x8>250.915599</x8>
			<y8>224</y8>
		</polygon>
	</object>
	<object>
		<name>capsicum</name>
		<pose>Unspecified</pose>
		<truncated>0</truncated>
		<difficult>0</difficult>
		<occluded>0</occluded>
		<bndbox>
			<xmin>370</xmin>
			<xmax>396</xmax>
			<ymin>259</ymin>
			<ymax>295</ymax>
		</bndbox>
		<polygon>
			<x1>378.956419</x1>
			<y1>294.05973</y1>
			<x2>390.020418</x2>
			<y2>291.61098200000004</y2>
			<x3>394.753368</x3>
			<y3>277.53873699999997</y3>
			<x4>393.563693</x4>
			<y4>264.298862</y4>
			<x5>387.971742</x5>
			<y5>257.934321</y5>
			<x6>375.46842200000003</x6>
			<y6>259.691548</y6>
			<x7>371.766371</x7>
			<y7>261.99944700000003</y7>
			<x8>369.46148700000003</x8>
			<y8>269.473816</y8>
			<x9>373.899356</x9>
			<y9>286.726211</y9>
			<x10>378.956419</x10>
			<y10>294.05973</y10>
		</polygon>
	</object>
</annotation>
