<annotation>
	<folder></folder>
	<filename>image_29_png.rf.00f8b4b883b49db3de9b1f96ab9ce799.jpg</filename>
	<path>image_29_png.rf.00f8b4b883b49db3de9b1f96ab9ce799.jpg</path>
	<source>
		<database>roboflow.ai</database>
	</source>
	<size>
		<width>416</width>
		<height>416</height>
		<depth>3</depth>
	</size>
	<segmented>0</segmented>
	<object>
		<name>capsicum</name>
		<pose>Unspecified</pose>
		<truncated>0</truncated>
		<difficult>0</difficult>
		<occluded>0</occluded>
		<bndbox>
			<xmin>134</xmin>
			<xmax>267</xmax>
			<ymin>47</ymin>
			<ymax>263</ymax>
		</bndbox>
		<polygon>
			<x1>266</x1>
			<y1>262</y1>
			<x2>266</x2>
			<y2>81.837999</y2>
			<x3>261.790494</x3>
			<y3>79.337407</y3>
			<x4>244.159618</x4>
			<y4>80.85799</y4>
			<x5>230.3522</x5>
			<y5>75.005862</y5>
			<x6>226.29279</x6>
			<y6>56.14474</y6>
			<x7>221.253467</x7>
			<y7>48.176625</y7>
			<x8>213.006889</x8>
			<y8>45.749905</y8>
			<x9>209.736513</x9>
			<y9>49.483705</y9>
			<x10>211.473897</x10>
			<y10>60.281823</y10>
			<x11>215.028326</x11>
			<y11>64.682195</y11>
			<x12>213.242843</x12>
			<y12>71.983738</y12>
			<x13>195.738212</x13>
			<y13>77.119509</y13>
			<x14>187.460074</x14>
			<y14>73.788992</y14>
			<x15>158.343804</x15>
			<y15>77.520451</y15>
			<x16>143.840524</x16>
			<y16>90.695504</y16>
			<x17>136.446101</x17>
			<y17>112.671301</y17>
			<x18>133.096064</x18>
			<y18>133.600965</y18>
			<x19>133.536408</x19>
			<y19>185.164835</y19>
			<x20>149.553116</x20>
			<y20>254.282746</y20>
			<x21>152.765036</x21>
			<y21>262</y21>
			<x22>266</x22>
			<y22>262</y22>
		</polygon>
	</object>
	<object>
		<name>redapple</name>
		<pose>Unspecified</pose>
		<truncated>0</truncated>
		<difficult>0</difficult>
		<occluded>0</occluded>
		<bndbox>
			<xmin>267</xmin>
			<xmax>291</xmax>
			<ymin>1</ymin>
			<ymax>51</ymax>
		</bndbox>
		<polygon>
			<x1>266</x1>
			<y1>0</y1>
			<x2>266</x2>
			<y2>50.043025</y2>
			<x3>266.200336</x3>
			<y3>50.140825</y3>
			<x4>277.717291</x4>
			<y4>48.833745</y4>
			<x5>284.968932</x5>
			<y5>42.246218</y5>
			<x6>289.282345</x6>
			<y6>29.427004</y6>
			<x7>290.096146</x7>
			<y7>0</y7>
			<x8>266</x8>
			<y8>0</y8>
		</polygon>
	</object>
	<object>
		<name>mango</name>
		<pose>Unspecified</pose>
		<truncated>0</truncated>
		<difficult>0</difficult>
		<occluded>0</occluded>
		<bndbox>
			<xmin>1</xmin>
			<xmax>77</xmax>
			<ymin>263</ymin>
			<ymax>310</ymax>
		</bndbox>
		<polygon>
			<x1>6.900647</x1>
			<y1>262</y1>
			<x2>0</x2>
			<y2>270.541653</y2>
			<x3>0</x3>
			<y3>303.202198</y3>
			<x4>0.143581</x4>
			<y4>303.427013</y4>
			<x5>13.950999</x5>
			<y5>309.27914</y5>
			<x6>41.708619</x6>
			<y6>305.595126</y6>
			<x7>58.40768</x7>
			<y7>296.867891</y7>
			<x8>72.690032</x8>
			<y8>277.366259</y8>
			<x9>75.775164</x9>
			<y9>262</y9>
			<x10>6.900647</x10>
			<y10>262</y10>
		</polygon>
	</object>
	<object>
		<name>greenapple</name>
		<pose>Unspecified</pose>
		<truncated>0</truncated>
		<difficult>0</difficult>
		<occluded>0</occluded>
		<bndbox>
			<xmin>318</xmin>
			<xmax>364</xmax>
			<ymin>332</ymin>
			<ymax>396</ymax>
		</bndbox>
		<polygon>
			<x1>327.439181</x1>
			<y1>334.071104</y1>
			<x2>320.471592</x2>
			<y2>348.792802</y2>
			<x3>317.121555</x3>
			<y3>369.722466</y3>
			<x4>318.179614</x4>
			<y4>380.544307</y4>
			<x5>326.030919</x5>
			<y5>391.128922</y5>
			<x6>332.950409</x6>
			<y6>394.506884</y6>
			<x7>351.260609</x7>
			<y7>392.962579</y7>
			<x8>359.68153</x8>
			<y8>380.904827</y8>
			<x9>363.189375</x9>
			<y9>364.494147</y9>
			<x10>362.715955</x10>
			<y10>350.937192</y10>
			<x11>349.209125</x11>
			<y11>334.21578</y11>
			<x12>333.458417</x12>
			<y12>331.14621</y12>
			<x13>327.439181</x13>
			<y13>334.071104</y13>
		</polygon>
	</object>
</annotation>
