<annotation>
	<folder></folder>
	<filename>image_142_png.rf.bf95ccf8b64f0ca6e8a3a9f4a7451255.jpg</filename>
	<path>image_142_png.rf.bf95ccf8b64f0ca6e8a3a9f4a7451255.jpg</path>
	<source>
		<database>roboflow.ai</database>
	</source>
	<size>
		<width>416</width>
		<height>416</height>
		<depth>3</depth>
	</size>
	<segmented>0</segmented>
	<object>
		<name>orange</name>
		<pose>Unspecified</pose>
		<truncated>0</truncated>
		<difficult>0</difficult>
		<occluded>0</occluded>
		<bndbox>
			<xmin>151</xmin>
			<xmax>176</xmax>
			<ymin>23</ymin>
			<ymax>54</ymax>
		</bndbox>
		<polygon>
			<x1>173.50272</x1>
			<y1>44.942986</y1>
			<x2>175.423836</x2>
			<y2>31.4973</y2>
			<x3>171.466298</x3>
			<y3>23.357838</y3>
			<x4>162.1248</x4>
			<y4>21.542035</y4>
			<x5>153.40459</x5>
			<y5>27.217192</y5>
			<x6>150.321533</x6>
			<y6>39.515745</y6>
			<x7>153.933955</x7>
			<y7>49.430671</y7>
			<x8>164.264837</x8>
			<y8>53.28134</y8>
			<x9>173.50272</x9>
			<y9>44.942986</y9>
		</polygon>
	</object>
	<object>
		<name>capsicum</name>
		<pose>Unspecified</pose>
		<truncated>0</truncated>
		<difficult>0</difficult>
		<occluded>0</occluded>
		<bndbox>
			<xmin>132</xmin>
			<xmax>155</xmax>
			<ymin>153</ymin>
			<ymax>179</ymax>
		</bndbox>
		<polygon>
			<x1>149.076001</x1>
			<y1>178</y1>
			<x2>152.163218</x2>
			<y2>172.537221</y2>
			<x3>153.762199</x3>
			<y3>157.18637</y3>
			<x4>147.112682</x4>
			<y4>152.208738</y4>
			<x5>137.253511</x5>
			<y5>153.056132</y5>
			<x6>132.5368</x6>
			<y6>159.50949</y6>
			<x7>130.960942</x7>
			<y7>178</y7>
			<x8>149.076001</x8>
			<y8>178</y8>
		</polygon>
	</object>
	<object>
		<name>redapple</name>
		<pose>Unspecified</pose>
		<truncated>0</truncated>
		<difficult>0</difficult>
		<occluded>0</occluded>
		<bndbox>
			<xmin>7</xmin>
			<xmax>48</xmax>
			<ymin>179</ymin>
			<ymax>200</ymax>
		</bndbox>
		<polygon>
			<x1>5.914925</x1>
			<y1>178</y1>
			<x2>10.727945</x2>
			<y2>191.210177</y2>
			<x3>16.537656</x3>
			<y3>196.945841</y3>
			<x4>27.880902</x4>
			<y4>199.150745</y4>
			<x5>35.243632</x5>
			<y5>196.896818</y5>
			<x6>44.331938</x6>
			<y6>185.765566</y6>
			<x7>46.725201</x7>
			<y7>178</y7>
			<x8>5.914925</x8>
			<y8>178</y8>
		</polygon>
	</object>
	<object>
		<name>mango</name>
		<pose>Unspecified</pose>
		<truncated>0</truncated>
		<difficult>0</difficult>
		<occluded>0</occluded>
		<bndbox>
			<xmin>1</xmin>
			<xmax>46</xmax>
			<ymin>290</ymin>
			<ymax>358</ymax>
		</bndbox>
		<polygon>
			<x1>0</x1>
			<y1>356.972739</y1>
			<x2>12.707917</x2>
			<y2>355.581857</y2>
			<x3>33.162452</x3>
			<y3>342.974879</y3>
			<x4>44.620604</x4>
			<y4>326.776634</y4>
			<x5>44.735509</x5>
			<y5>308.37348499999996</y5>
			<x6>40.777972</x6>
			<y6>300.234024</y6>
			<x7>30.642628</x7>
			<y7>291.814993</y7>
			<x8>17.297631</x8>
			<y8>289.22098800000003</y8>
			<x9>0</x9>
			<y9>294.022991</y9>
			<x10>0</x10>
			<y10>356.972739</y10>
		</polygon>
	</object>
	<object>
		<name>greenapple</name>
		<pose>Unspecified</pose>
		<truncated>0</truncated>
		<difficult>0</difficult>
		<occluded>0</occluded>
		<bndbox>
			<xmin>108</xmin>
			<xmax>132</xmax>
			<ymin>297</ymin>
			<ymax>329</ymax>
		</bndbox>
		<polygon>
			<x1>127.647048</x1>
			<y1>323.568581</y1>
			<x2>131.397355</x2>
			<y2>311.399728</y2>
			<x3>128.302606</x3>
			<y3>298.821605</y3>
			<x4>121.307974</x4>
			<y4>295.619437</y4>
			<x5>109.078957</x5>
			<y5>301.533825</y5>
			<x6>106.513573</x6>
			<y6>311.169182</y6>
			<x7>110.103013</x7>
			<y7>324.76473799999997</y7>
			<x8>120.606453</x8>
			<y8>327.727673</y8>
			<x9>127.647048</x9>
			<y9>323.568581</y9>
		</polygon>
	</object>
	<object>
		<name>orange</name>
		<pose>Unspecified</pose>
		<truncated>0</truncated>
		<difficult>0</difficult>
		<occluded>0</occluded>
		<bndbox>
			<xmin>318</xmin>
			<xmax>377</xmax>
			<ymin>372</ymin>
			<ymax>417</ymax>
		</bndbox>
		<polygon>
			<x1>372.809261</x1>
			<y1>416</y1>
			<x2>376.111616</x2>
			<y2>399.010853</y2>
			<x3>371.21065699999997</x3>
			<y3>381.47526700000003</y3>
			<x4>364.239004</x4>
			<y4>374.592469</y4>
			<x5>349.064815</x5>
			<y5>370.721631</y5>
			<x6>335.351723</x6>
			<y6>373.58372199999997</y6>
			<x7>327.793454</x7>
			<y7>380.40601200000003</y7>
			<x8>320.361783</x8>
			<y8>393.701829</y8>
			<x9>316.738071</x9>
			<y9>412.344209</y9>
			<x10>317.13503000000003</x10>
			<y10>416</y10>
			<x11>372.809261</x11>
			<y11>416</y11>
		</polygon>
	</object>
</annotation>
