<annotation>
	<folder></folder>
	<filename>image_152_png.rf.12957cc0fbc91a1374eda7fb8f5b104d.jpg</filename>
	<path>image_152_png.rf.12957cc0fbc91a1374eda7fb8f5b104d.jpg</path>
	<source>
		<database>roboflow.ai</database>
	</source>
	<size>
		<width>416</width>
		<height>416</height>
		<depth>3</depth>
	</size>
	<segmented>0</segmented>
	<object>
		<name>orange</name>
		<pose>Unspecified</pose>
		<truncated>0</truncated>
		<difficult>0</difficult>
		<occluded>0</occluded>
		<bndbox>
			<xmin>9</xmin>
			<xmax>67</xmax>
			<ymin>19</ymin>
			<ymax>94</ymax>
		</bndbox>
		<polygon>
			<x1>33.295277</x1>
			<y1>18.290373</y1>
			<x2>20.750219</x2>
			<y2>23.628396</y2>
			<x3>13.823078</x3>
			<y3>32.603072</y3>
			<x4>7.706304</x4>
			<y4>58.187268</y4>
			<x5>7.881289</x5>
			<y5>70.118051</y5>
			<x6>12.614391</x6>
			<y6>83.68639</y6>
			<x7>22.895909</x7>
			<y7>92.639788</y7>
			<x8>44.804158</x8>
			<y8>93.362851</y8>
			<x9>55.90099</x9>
			<y9>84.132969</y9>
			<x10>61.768334</x10>
			<y10>73.159196</y10>
			<x11>66.364911</x11>
			<y11>52.827948</y11>
			<x12>65.377085</x12>
			<y12>41.684045</y12>
			<x13>57.040177</x13>
			<y13>24.798058</y13>
			<x14>33.295277</x14>
			<y14>18.290373</y14>
		</polygon>
	</object>
	<object>
		<name>redapple</name>
		<pose>Unspecified</pose>
		<truncated>0</truncated>
		<difficult>0</difficult>
		<occluded>0</occluded>
		<bndbox>
			<xmin>141</xmin>
			<xmax>191</xmax>
			<ymin>1</ymin>
			<ymax>70</ymax>
		</bndbox>
		<polygon>
			<x1>146.919499</x1>
			<y1>0</y1>
			<x2>141.282811</x2>
			<y2>14.334643</y2>
			<x3>140.079069</x3>
			<y3>30.625161</y3>
			<x4>148.308018</x4>
			<y4>61.228358</y4>
			<x5>156.187</x5>
			<y5>67.96999</y5>
			<x6>168.413129</x6>
			<y6>68.990798</y6>
			<x7>175.304284</x7>
			<y7>64.588527</y7>
			<x8>184.988877</x8>
			<y8>46.894382</y8>
			<x9>189.798896</x9>
			<y9>16.525112</y9>
			<x10>184.552073</x10>
			<y10>0</y10>
			<x11>146.919499</x11>
			<y11>0</y11>
		</polygon>
	</object>
	<object>
		<name>redapple</name>
		<pose>Unspecified</pose>
		<truncated>0</truncated>
		<difficult>0</difficult>
		<occluded>0</occluded>
		<bndbox>
			<xmin>328</xmin>
			<xmax>399</xmax>
			<ymin>36</ymin>
			<ymax>126</ymax>
		</bndbox>
		<polygon>
			<x1>357.87302</x1>
			<y1>34.539258</y1>
			<x2>347.625015</x2>
			<y2>38.409858</y2>
			<x3>329.706527</x3>
			<y3>60.293606</y3>
			<x4>326.841117</x4>
			<y4>82.730285</y4>
			<x5>331.396762</x5>
			<y5>101.764241</y5>
			<x6>339.769656</x6>
			<y6>114.077825</y6>
			<x7>351.676856</x7>
			<y7>121.457464</y7>
			<x8>371.817951</x8>
			<y8>124.6475</y8>
			<x9>384.080066</x9>
			<y9>121.095905</y9>
			<x10>398.111806</x10>
			<y10>97.680936</y10>
			<x11>397.548395</x11>
			<y11>83.857391</y11>
			<x12>382.500261</x12>
			<y12>48.511657</y12>
			<x13>371.017475</x13>
			<y13>38.452377</y13>
			<x14>357.87302</x14>
			<y14>34.539258</y14>
		</polygon>
	</object>
	<object>
		<name>capsicum</name>
		<pose>Unspecified</pose>
		<truncated>0</truncated>
		<difficult>0</difficult>
		<occluded>0</occluded>
		<bndbox>
			<xmin>31</xmin>
			<xmax>67</xmax>
			<ymin>334</ymin>
			<ymax>393</ymax>
		</bndbox>
		<polygon>
			<x1>40.368</x1>
			<y1>338.57525</y1>
			<x2>34.148213</x2>
			<y2>343.08385699999997</y2>
			<x3>29.904078</x3>
			<y3>369.880271</y3>
			<x4>34.459723</x4>
			<y4>388.914227</y4>
			<x5>48.417019</x5>
			<y5>392.04046600000004</y5>
			<x6>54.778277</x6>
			<y6>386.638645</y6>
			<x7>63.261601</x7>
			<y7>367.838618</y7>
			<x8>65.949553</x8>
			<y8>350.86755600000004</y8>
			<x9>63.336046</x9>
			<y9>341.297411</y9>
			<x10>48.743366</x10>
			<y10>333.492433</y10>
			<x11>47.223169</x11>
			<y11>338.745382</y11>
			<x12>40.368</x12>
			<y12>338.57525</y12>
		</polygon>
	</object>
	<object>
		<name>redapple</name>
		<pose>Unspecified</pose>
		<truncated>0</truncated>
		<difficult>0</difficult>
		<occluded>0</occluded>
		<bndbox>
			<xmin>172</xmin>
			<xmax>223</xmax>
			<ymin>353</ymin>
			<ymax>417</ymax>
		</bndbox>
		<polygon>
			<x1>215.307606</x1>
			<y1>416</y1>
			<x2>217.391252</x2>
			<y2>411.478391</y2>
			<x3>221.987828</x3>
			<y3>391.14714200000003</y3>
			<x4>221.812844</x4>
			<y4>379.216359</y4>
			<x5>217.751111</x5>
			<y5>365.75435400000003</y5>
			<x6>207.04518</x6>
			<y6>359.480599</y6>
			<x7>201.993149</x7>
			<y7>352.271091</y7>
			<x8>196.974632</x8>
			<y8>357.88558</y8>
			<x9>185.949772</x9>
			<y9>357.97065599999996</y9>
			<x10>179.729987</x10>
			<y10>362.479262</y10>
			<x11>174.004113</x11>
			<y11>372.559821</y11>
			<x12>170.786263</x12>
			<y12>388.531334</y12>
			<x13>173.963181</x13>
			<y13>411.925025</y13>
			<x14>175.643807</x14>
			<y14>416</y14>
			<x15>215.307606</x15>
			<y15>416</y15>
		</polygon>
	</object>
	<object>
		<name>greenapple</name>
		<pose>Unspecified</pose>
		<truncated>0</truncated>
		<difficult>0</difficult>
		<occluded>0</occluded>
		<bndbox>
			<xmin>190</xmin>
			<xmax>215</xmax>
			<ymin>220</ymin>
			<ymax>253</ymax>
		</bndbox>
		<polygon>
			<x1>210.488838</x1>
			<y1>246.489062</y1>
			<x2>213.953645</x2>
			<y2>233.30352299999998</y2>
			<x3>209.467499</x3>
			<y3>222.521161</y3>
			<x4>201.022633</x4>
			<y4>219.352385</y4>
			<x5>192.505795</x5>
			<y5>225.328415</y5>
			<x6>189.040988</x6>
			<y6>238.51395300000001</y6>
			<x7>192.997236</x7>
			<y7>248.296767</y7>
			<x8>202.784841</x8>
			<y8>251.678212</y8>
			<x9>210.488838</x9>
			<y9>246.489062</y9>
		</polygon>
	</object>
</annotation>
