<annotation>
	<folder></folder>
	<filename>image_55_png.rf.3802c3e3a2d300f36baddab956f43973.jpg</filename>
	<path>image_55_png.rf.3802c3e3a2d300f36baddab956f43973.jpg</path>
	<source>
		<database>roboflow.ai</database>
	</source>
	<size>
		<width>416</width>
		<height>416</height>
		<depth>3</depth>
	</size>
	<segmented>0</segmented>
	<object>
		<name>orange</name>
		<pose>Unspecified</pose>
		<truncated>0</truncated>
		<difficult>0</difficult>
		<occluded>0</occluded>
		<bndbox>
			<xmin>5</xmin>
			<xmax>62</xmax>
			<ymin>1</ymin>
			<ymax>39</ymax>
		</bndbox>
		<polygon>
			<x1>4.021527</x1>
			<y1>0</y1>
			<x2>4.748245</x2>
			<y2>9.702442</y2>
			<x3>9.473672</x3>
			<y3>22.670096</y3>
			<x4>17.244891</x4>
			<y4>32.624761</y4>
			<x5>27.87528</x5>
			<y5>37.79081</y5>
			<x6>50.782155</x6>
			<y6>31.792716</y6>
			<x7>58.309304</x7>
			<y7>20.230127</y7>
			<x8>60.608593</x8>
			<y8>10.11463</y8>
			<x9>60.68132</x9>
			<y9>0</y9>
			<x10>4.021527</x10>
			<y10>0</y10>
		</polygon>
	</object>
	<object>
		<name>capsicum</name>
		<pose>Unspecified</pose>
		<truncated>0</truncated>
		<difficult>0</difficult>
		<occluded>0</occluded>
		<bndbox>
			<xmin>138</xmin>
			<xmax>171</xmax>
			<ymin>49</ymin>
			<ymax>106</ymax>
		</bndbox>
		<polygon>
			<x1>147.927075</x1>
			<y1>53.896735</y1>
			<x2>141.368923</x2>
			<y2>55.483644</y2>
			<x3>136.607629</x3>
			<y3>61.369804</y3>
			<x4>138.368619</x4>
			<y4>84.522865</y4>
			<x5>143.187359</x5>
			<y5>98.378334</y5>
			<x6>148.589888</x6>
			<y6>104.991474</y6>
			<x7>162.651277</x7>
			<y7>104.411184</y7>
			<x8>167.319258</x8>
			<y8>97.637211</y8>
			<x9>170.29565</x9>
			<y9>81.167199</y9>
			<x10>168.814598</x10>
			<y10>60.677578</y10>
			<x11>163.89059</x11>
			<y11>52.218902</y11>
			<x12>148.032343</x12>
			<y12>48.499943</y12>
			<x13>147.927075</x13>
			<y13>53.896735</y13>
		</polygon>
	</object>
	<object>
		<name>redapple</name>
		<pose>Unspecified</pose>
		<truncated>0</truncated>
		<difficult>0</difficult>
		<occluded>0</occluded>
		<bndbox>
			<xmin>151</xmin>
			<xmax>202</xmax>
			<ymin>186</ymin>
			<ymax>246</ymax>
		</bndbox>
		<polygon>
			<x1>199.27099</x1>
			<y1>245</y1>
			<x2>201.072015</x2>
			<y2>233.220927</y2>
			<x3>199.684277</x3>
			<y3>213.61912</y3>
			<x4>187.946089</x4>
			<y4>191.514704</y4>
			<x5>177.688952</x5>
			<y5>189.899909</y5>
			<x6>172.473049</x6>
			<y6>185.062396</y6>
			<x7>168.376902</x7>
			<y7>190.878645</y7>
			<x8>157.921185</x8>
			<y8>193.772828</y8>
			<x9>152.588057</x9>
			<y9>200.61671</y9>
			<x10>149.996872</x10>
			<y10>214.353371</y10>
			<x11>151.20994</x11>
			<y11>225.894947</y11>
			<x12>155.270222</x12>
			<y12>238.932511</y12>
			<x13>158.898851</x13>
			<y13>245</y13>
			<x14>199.27099</x14>
			<y14>245</y14>
		</polygon>
	</object>
	<object>
		<name>orange</name>
		<pose>Unspecified</pose>
		<truncated>0</truncated>
		<difficult>0</difficult>
		<occluded>0</occluded>
		<bndbox>
			<xmin>296</xmin>
			<xmax>316</xmax>
			<ymin>200</ymin>
			<ymax>246</ymax>
		</bndbox>
		<polygon>
			<x1>295</x1>
			<y1>245</y1>
			<x2>314.425491</x2>
			<y2>245</y2>
			<x3>314.710282</x3>
			<y3>243.397058</y3>
			<x4>314.081002</x4>
			<y4>224.613155</y4>
			<x5>309.262263</x5>
			<y5>210.757687</y5>
			<x6>297.220224</x6>
			<y6>198.559039</y6>
			<x7>295</x7>
			<y7>198.523441</y7>
			<x8>295</x8>
			<y8>245</y8>
		</polygon>
	</object>
	<object>
		<name>mango</name>
		<pose>Unspecified</pose>
		<truncated>0</truncated>
		<difficult>0</difficult>
		<occluded>0</occluded>
		<bndbox>
			<xmin>341</xmin>
			<xmax>369</xmax>
			<ymin>11</ymin>
			<ymax>45</ymax>
		</bndbox>
		<polygon>
			<x1>367.931331</x1>
			<y1>33.145684</y1>
			<x2>365.014719</x2>
			<y2>18.192673</y2>
			<x3>356.764977</x3>
			<y3>10.083545</y3>
			<x4>346.69446700000003</x4>
			<y4>10.244377</y4>
			<x5>339.739152</x5>
			<y5>20.849242</y5>
			<x6>341.524054</x6>
			<y6>31.433095</y6>
			<x7>354.324552</x7>
			<y7>44.449647</y7>
			<x8>362.306309</x8>
			<y8>43.61073</y8>
			<x9>367.931331</x9>
			<y9>33.145684</y9>
		</polygon>
	</object>
	<object>
		<name>orange</name>
		<pose>Unspecified</pose>
		<truncated>0</truncated>
		<difficult>0</difficult>
		<occluded>0</occluded>
		<bndbox>
			<xmin>120</xmin>
			<xmax>178</xmax>
			<ymin>263</ymin>
			<ymax>337</ymax>
		</bndbox>
		<polygon>
			<x1>139.606196</x1>
			<y1>261.806704</y1>
			<x2>126.863144</x2>
			<y2>268.53177900000003</y2>
			<x3>120.666288</x3>
			<y3>279.954548</y3>
			<x4>118.553625</x4>
			<y4>291.845672</y4>
			<x5>121.551595</x5>
			<y5>313.971102</y5>
			<x6>129.976006</x6>
			<y6>330.140461</y6>
			<x7>138.704267</x7>
			<y7>336.404053</y7>
			<x8>163.501313</x8>
			<y8>335.593021</y8>
			<x9>173.117214</x9>
			<y9>324.70851600000003</y9>
			<x10>177.132004</x10>
			<y10>311.719849</y10>
			<x11>174.904449</x11>
			<y11>284.127721</y11>
			<x12>168.942042</x12>
			<y12>272.187699</y12>
			<x13>159.268695</x13>
			<y13>263.330576</y13>
			<x14>139.606196</x14>
			<y14>261.806704</y14>
		</polygon>
	</object>
	<object>
		<name>capsicum</name>
		<pose>Unspecified</pose>
		<truncated>0</truncated>
		<difficult>0</difficult>
		<occluded>0</occluded>
		<bndbox>
			<xmin>102</xmin>
			<xmax>127</xmax>
			<ymin>363</ymin>
			<ymax>399</ymax>
		</bndbox>
		<polygon>
			<x1>121.489483</x1>
			<y1>396.558773</y1>
			<x2>125.796169</x2>
			<y2>379.948942</y2>
			<x3>123.638014</x3>
			<y3>365.813835</y3>
			<x4>117.185132</x4>
			<y4>362.003955</y4>
			<x5>105.492434</x5>
			<y5>365.92577</y5>
			<x6>101.489599</x6>
			<y6>372.629833</y6>
			<x7>104.499525</x7>
			<y7>388.47065799999996</y7>
			<x8>112.270746</x8>
			<y8>398.425323</y8>
			<x9>121.489483</x9>
			<y9>396.558773</y9>
		</polygon>
	</object>
</annotation>
