<annotation>
	<folder></folder>
	<filename>image_212_png.rf.36828529c51115e648ac286c8d8c9e3d.jpg</filename>
	<path>image_212_png.rf.36828529c51115e648ac286c8d8c9e3d.jpg</path>
	<source>
		<database>roboflow.ai</database>
	</source>
	<size>
		<width>416</width>
		<height>416</height>
		<depth>3</depth>
	</size>
	<segmented>0</segmented>
	<object>
		<name>redapple</name>
		<pose>Unspecified</pose>
		<truncated>0</truncated>
		<difficult>0</difficult>
		<occluded>0</occluded>
		<bndbox>
			<xmin>4</xmin>
			<xmax>75</xmax>
			<ymin>144</ymin>
			<ymax>227</ymax>
		</bndbox>
		<polygon>
			<x1>36.377959</x1>
			<y1>143.075163</y1>
			<x2>25.234735</x2>
			<y2>142.589811</y2>
			<x3>13.119637</x3>
			<y3>151.757702</y3>
			<x4>2.677922</x4>
			<y4>171.360945</y4>
			<x5>3.318431</x5>
			<y5>189.702706</y5>
			<x6>12.578906</x6>
			<y6>211.241381</y6>
			<x7>23.434445</x7>
			<y7>222.230566</y7>
			<x8>33.392291</x8>
			<y8>226.255242</y8>
			<x9>54.964047</x9>
			<y9>225.50194</y9>
			<x10>67.170647</x10>
			<y10>218.9543</y10>
			<x11>74.221912</x11>
			<y11>195.971525</y11>
			<x12>73.947408</x12>
			<y12>188.11077</y12>
			<x13>69.689766</x13>
			<y13>178.640146</y13>
			<x14>51.064134</x14>
			<y14>151.307133</y14>
			<x15>36.377959</x15>
			<y15>143.075163</y15>
		</polygon>
	</object>
	<object>
		<name>capsicum</name>
		<pose>Unspecified</pose>
		<truncated>0</truncated>
		<difficult>0</difficult>
		<occluded>0</occluded>
		<bndbox>
			<xmin>126</xmin>
			<xmax>148</xmax>
			<ymin>1</ymin>
			<ymax>25</ymax>
		</bndbox>
		<polygon>
			<x1>124.650731</x1>
			<y1>0</y1>
			<x2>124.50482</x2>
			<y2>5.327433</y2>
			<x3>130.344345</x3>
			<y3>22.613157</y3>
			<x4>139.557</x4>
			<y4>24.040409</y4>
			<x5>146.412081</x5>
			<y5>14.181719</y5>
			<x6>146.83883</x6>
			<y6>0</y6>
			<x7>124.650731</x7>
			<y7>0</y7>
		</polygon>
	</object>
	<object>
		<name>greenapple</name>
		<pose>Unspecified</pose>
		<truncated>0</truncated>
		<difficult>0</difficult>
		<occluded>0</occluded>
		<bndbox>
			<xmin>154</xmin>
			<xmax>198</xmax>
			<ymin>152</ymin>
			<ymax>212</ymax>
		</bndbox>
		<polygon>
			<x1>156.508481</x1>
			<y1>172.11044</y1>
			<x2>152.677845</x2>
			<y2>174.867655</y2>
			<x3>156.037794</x3>
			<y3>177.373771</y3>
			<x4>155.462424</x4>
			<y4>198.381438</y4>
			<x5>168.340033</x5>
			<y5>211.048976</y5>
			<x6>188.54341</x6>
			<y6>208.594494</y6>
			<x7>196.370365</x7>
			<y7>189.08256</y7>
			<x8>196.945734</x8>
			<y8>168.074892</y8>
			<x9>181.985056</x9>
			<y9>151.982167</y9>
			<x10>167.542884</x10>
			<y10>150.737535</y10>
			<x11>159.973112</x11>
			<y11>158.872218</y11>
			<x12>156.508481</x12>
			<y12>172.11044</y12>
		</polygon>
	</object>
	<object>
		<name>greenapple</name>
		<pose>Unspecified</pose>
		<truncated>0</truncated>
		<difficult>0</difficult>
		<occluded>0</occluded>
		<bndbox>
			<xmin>312</xmin>
			<xmax>335</xmax>
			<ymin>1</ymin>
			<ymax>15</ymax>
		</bndbox>
		<polygon>
			<x1>311.259938</x1>
			<y1>0</y1>
			<x2>311.807761</x2>
			<y2>6.186934</y2>
			<x3>317.311781</x3>
			<y3>13.86507</y3>
			<x4>328.424504</x4>
			<y4>13.477005</y4>
			<x5>334.033207</x5>
			<y5>5.410804</y5>
			<x6>332.937986</x6>
			<y6>0</y6>
			<x7>311.259938</x7>
			<y7>0</y7>
		</polygon>
	</object>
	<object>
		<name>orange</name>
		<pose>Unspecified</pose>
		<truncated>0</truncated>
		<difficult>0</difficult>
		<occluded>0</occluded>
		<bndbox>
			<xmin>203</xmin>
			<xmax>227</xmax>
			<ymin>337</ymin>
			<ymax>368</ymax>
		</bndbox>
		<polygon>
			<x1>225.183785</x1>
			<y1>359.283838</y1>
			<x2>226.15566</x2>
			<y2>349.63059499999997</y2>
			<x3>221.152827</x3>
			<y3>337.562546</y3>
			<x4>212.593862</x4>
			<y4>336.112466</y4>
			<x5>204.248399</x5>
			<y5>340.776307</y5>
			<x6>202.152147</x6>
			<y6>355.715709</y6>
			<x7>207.717168</x7>
			<y7>365.14068</y7>
			<x8>216.306634</x8>
			<y8>367.464175</y8>
			<x9>225.183785</x9>
			<y9>359.283838</y9>
		</polygon>
	</object>
	<object>
		<name>capsicum</name>
		<pose>Unspecified</pose>
		<truncated>0</truncated>
		<difficult>0</difficult>
		<occluded>0</occluded>
		<bndbox>
			<xmin>347</xmin>
			<xmax>378</xmax>
			<ymin>386</ymin>
			<ymax>417</ymax>
		</bndbox>
		<polygon>
			<x1>375.227174</x1>
			<y1>416</y1>
			<x2>376.500275</x2>
			<y2>395.280084</y2>
			<x3>371.58894399999997</x3>
			<y3>385.832287</y3>
			<x4>359.79203</x4>
			<y4>385.369762</y4>
			<x5>346.308552</x5>
			<y5>392.836474</y5>
			<x6>346.417372</x6>
			<y6>414.69473</y6>
			<x7>346.893098</x7>
			<y7>416</y7>
			<x8>375.227174</x8>
			<y8>416</y8>
		</polygon>
	</object>
</annotation>
