<annotation>
	<folder></folder>
	<filename>image_15_png.rf.f21b5ada09a5e1ad718d73395e4af70e.jpg</filename>
	<path>image_15_png.rf.f21b5ada09a5e1ad718d73395e4af70e.jpg</path>
	<source>
		<database>roboflow.ai</database>
	</source>
	<size>
		<width>416</width>
		<height>416</height>
		<depth>3</depth>
	</size>
	<segmented>0</segmented>
	<object>
		<name>redapple</name>
		<pose>Unspecified</pose>
		<truncated>0</truncated>
		<difficult>0</difficult>
		<occluded>0</occluded>
		<bndbox>
			<xmin>45</xmin>
			<xmax>253</xmax>
			<ymin>1</ymin>
			<ymax>263</ymax>
		</bndbox>
		<polygon>
			<x1>162.208168</x1>
			<y1>0</y1>
			<x2>163.762767</x2>
			<y2>6.047418</y2>
			<x3>161.892026</x3>
			<y3>13.868176</y3>
			<x4>120.331882</x4>
			<y4>11.845516</y4>
			<x5>105.945671</x5>
			<y5>18.791107</y5>
			<x6>95.265793</x6>
			<y6>29.529902</y6>
			<x7>67.758067</x7>
			<y7>72.665289</y7>
			<x8>50.543764</x8>
			<y8>120.054494</y8>
			<x9>43.859987</x9>
			<y9>206.170913</y9>
			<x10>47.698037</x10>
			<y10>236.478572</y10>
			<x11>53.519799</x11>
			<y11>262</y11>
			<x12>222.535107</x12>
			<y12>262</y12>
			<x13>229.747632</x13>
			<y13>245.674687</y13>
			<x14>241.797651</x14>
			<y14>205.875933</y14>
			<x15>249.113745</x15>
			<y15>167.513167</y15>
			<x16>251.625679</x16>
			<y16>103.192727</y16>
			<x17>246.839092</x17>
			<y17>67.517692</y17>
			<x18>240.761419</x18>
			<y18>50.306045</y18>
			<x19>234.253383</x19>
			<y19>39.248861</y19>
			<x20>221.632527</x20>
			<y20>30.414753</y20>
			<x21>172.369889</x21>
			<y21>15.484368</y21>
			<x22>171.526528</x22>
			<y22>0</y22>
			<x23>162.208168</x23>
			<y23>0</y23>
		</polygon>
	</object>
	<object>
		<name>orange</name>
		<pose>Unspecified</pose>
		<truncated>0</truncated>
		<difficult>0</difficult>
		<occluded>0</occluded>
		<bndbox>
			<xmin>292</xmin>
			<xmax>324</xmax>
			<ymin>39</ymin>
			<ymax>112</ymax>
		</bndbox>
		<polygon>
			<x1>291</x1>
			<y1>111.079809</y1>
			<x2>306.239125</x2>
			<y2>109.834107</y2>
			<x3>315.540105</x3>
			<y3>99.882398</y3>
			<x4>319.509932</x4>
			<y4>90.441405</y4>
			<x5>322.715664</x5>
			<y5>72.99541</y5>
			<x6>321.538781</x6>
			<y6>61.427509</y6>
			<x7>318.262811</x7>
			<y7>51.479841</y7>
			<x8>310.375877</x8>
			<y8>41.209744</y8>
			<x9>291</x9>
			<y9>38.403529</y9>
			<x10>291</x10>
			<y10>111.079809</y10>
		</polygon>
	</object>
	<object>
		<name>capsicum</name>
		<pose>Unspecified</pose>
		<truncated>0</truncated>
		<difficult>0</difficult>
		<occluded>0</occluded>
		<bndbox>
			<xmin>383</xmin>
			<xmax>417</xmax>
			<ymin>144</ymin>
			<ymax>201</ymax>
		</bndbox>
		<polygon>
			<x1>416</x1>
			<y1>158.017649</y1>
			<x2>412.712813</x2>
			<y2>149.085764</y2>
			<x3>397.93138799999997</x3>
			<y3>142.751098</y3>
			<x4>396.903798</x4>
			<y4>147.98029</y4>
			<x5>390.255228</x5>
			<y5>148.398885</y5>
			<x6>384.616674</x6>
			<y6>153.305648</y6>
			<x7>382.35947799999997</x7>
			<y7>176.11902</y7>
			<x8>384.669338</x8>
			<y8>190.416671</y8>
			<x9>388.788459</x9>
			<y9>197.772773</y9>
			<x10>402.559867</x10>
			<y10>199.619272</y10>
			<x11>408.259901</x11>
			<y11>193.833301</y11>
			<x12>413.977508</x12>
			<y12>178.329968</y12>
			<x13>416</x13>
			<y13>158.643472</y13>
			<x14>416</x14>
			<y14>158.017649</y14>
		</polygon>
	</object>
	<object>
		<name>capsicum</name>
		<pose>Unspecified</pose>
		<truncated>0</truncated>
		<difficult>0</difficult>
		<occluded>0</occluded>
		<bndbox>
			<xmin>347</xmin>
			<xmax>369</xmax>
			<ymin>273</ymin>
			<ymax>308</ymax>
		</bndbox>
		<polygon>
			<x1>363.743295</x1>
			<y1>304.380556</y1>
			<x2>368.082006</x2>
			<y2>289.664311</y2>
			<x3>367.809752</x3>
			<y3>274.625635</y3>
			<x4>357.393369</x4>
			<y4>272.130234</y4>
			<x5>348.645713</x5>
			<y5>274.169063</y5>
			<x6>345.641995</x6>
			<y6>279.260071</y6>
			<x7>346.862784</x7>
			<y7>299.666124</y7>
			<x8>352.958031</x8>
			<y8>307.160409</y8>
			<x9>363.743295</x9>
			<y9>304.380556</y9>
		</polygon>
	</object>
</annotation>
