<annotation>
	<folder></folder>
	<filename>image_78_png.rf.1ff7cb0dd1eec5c0a46ffa181fc0a317.jpg</filename>
	<path>image_78_png.rf.1ff7cb0dd1eec5c0a46ffa181fc0a317.jpg</path>
	<source>
		<database>roboflow.ai</database>
	</source>
	<size>
		<width>416</width>
		<height>416</height>
		<depth>3</depth>
	</size>
	<segmented>0</segmented>
	<object>
		<name>orange</name>
		<pose>Unspecified</pose>
		<truncated>0</truncated>
		<difficult>0</difficult>
		<occluded>0</occluded>
		<bndbox>
			<xmin>208</xmin>
			<xmax>231</xmax>
			<ymin>159</ymin>
			<ymax>189</ymax>
		</bndbox>
		<polygon>
			<x1>230.18759</x1>
			<y1>178.950959</y1>
			<x2>229.804657</x2>
			<y2>169.174006</y2>
			<x3>223.110015</x3>
			<y3>157.82512</y3>
			<x4>214.350209</x4>
			<y4>157.579806</y4>
			<x5>206.661723</x5>
			<y5>163.410255</y5>
			<x6>206.66236</x6>
			<y6>178.624331</y6>
			<x7>213.548149</x7>
			<y7>187.254656</y7>
			<x8>222.461002</x8>
			<y8>188.367936</y8>
			<x9>230.18759</x9>
			<y9>178.950959</y9>
		</polygon>
	</object>
	<object>
		<name>greenapple</name>
		<pose>Unspecified</pose>
		<truncated>0</truncated>
		<difficult>0</difficult>
		<occluded>0</occluded>
		<bndbox>
			<xmin>38</xmin>
			<xmax>63</xmax>
			<ymin>326</ymin>
			<ymax>357</ymax>
		</bndbox>
		<polygon>
			<x1>62.478822</x1>
			<y1>345.468993</y1>
			<x2>60.489226</x2>
			<y2>334.185433</y2>
			<x3>52.800103</x3>
			<y3>324.801806</y3>
			<x4>44.193343</x4>
			<y4>325.42445799999996</y4>
			<x5>37.423132</x5>
			<y5>336.46270300000003</y5>
			<x6>40.369106</x6>
			<y6>349.367533</y6>
			<x7>46.145473</x7>
			<y7>355.508622</y7>
			<x8>57.353377</x8>
			<y8>354.427319</y8>
			<x9>62.478822</x9>
			<y9>345.468993</y9>
		</polygon>
	</object>
	<object>
		<name>mango</name>
		<pose>Unspecified</pose>
		<truncated>0</truncated>
		<difficult>0</difficult>
		<occluded>0</occluded>
		<bndbox>
			<xmin>163</xmin>
			<xmax>233</xmax>
			<ymin>196</ymin>
			<ymax>245</ymax>
		</bndbox>
		<polygon>
			<x1>232</x1>
			<y1>195</y1>
			<x2>174.288913</x2>
			<y2>195</y2>
			<x3>162.541531</x3>
			<y3>213.271348</y3>
			<x4>161.585791</x4>
			<y4>226.864155</y4>
			<x5>170.384336</x5>
			<y5>238.737018</y5>
			<x6>183.964132</x6>
			<y6>243.502151</y6>
			<x7>212.767853</x7>
			<y7>235.738422</y7>
			<x8>229.29235</x8>
			<y8>222.980232</y8>
			<x9>232</x9>
			<y9>217.977583</y9>
			<x10>232</x10>
			<y10>195</y10>
		</polygon>
	</object>
	<object>
		<name>capsicum</name>
		<pose>Unspecified</pose>
		<truncated>0</truncated>
		<difficult>0</difficult>
		<occluded>0</occluded>
		<bndbox>
			<xmin>183</xmin>
			<xmax>207</xmax>
			<ymin>290</ymin>
			<ymax>325</ymax>
		</bndbox>
		<polygon>
			<x1>203.093591</x1>
			<y1>321.569768</y1>
			<x2>205.694097</x2>
			<y2>305.89704</y2>
			<x3>200.682323</x3>
			<y3>288.881706</y3>
			<x4>193.376133</x4>
			<y4>289.275032</y4>
			<x5>185.878797</x5>
			<y5>292.38692000000003</y5>
			<x6>182.398116</x6>
			<y6>299.26532299999997</y6>
			<x7>185.497136</x7>
			<y7>313.038118</y7>
			<x8>194.142636</x8>
			<y8>324.04301499999997</y8>
			<x9>203.093591</x9>
			<y9>321.569768</y9>
		</polygon>
	</object>
	<object>
		<name>redapple</name>
		<pose>Unspecified</pose>
		<truncated>0</truncated>
		<difficult>0</difficult>
		<occluded>0</occluded>
		<bndbox>
			<xmin>235</xmin>
			<xmax>417</xmax>
			<ymin>239</ymin>
			<ymax>417</ymax>
		</bndbox>
		<polygon>
			<x1>416</x1>
			<y1>416</y1>
			<x2>416</x2>
			<y2>288.904739</y2>
			<x3>407.160508</x3>
			<y3>268.136623</y3>
			<x4>396.449208</x4>
			<y4>253.021222</y4>
			<x5>389.37226899999996</x5>
			<y5>247.109458</y5>
			<x6>374.491901</x6>
			<y6>242.57365099999998</y6>
			<x7>331.649247</x7>
			<y7>242.968348</y7>
			<x8>318.719737</x8>
			<y8>238.088552</y8>
			<x9>317.381062</x9>
			<y9>241.904406</y9>
			<x10>277.713631</x10>
			<y10>248.898844</y10>
			<x11>259.697415</x11>
			<y11>264.604921</y11>
			<x12>248.566988</x12>
			<y12>288.941322</y12>
			<x13>238.278633</x13>
			<y13>325.658574</y13>
			<x14>234.225145</x14>
			<y14>355.906739</y14>
			<x15>234.608715</x15>
			<y15>380.89776800000004</y15>
			<x16>240.13082</x16>
			<y16>416</y16>
			<x17>416</x17>
			<y17>416</y17>
		</polygon>
	</object>
</annotation>
