<annotation>
	<folder></folder>
	<filename>image_184_png.rf.13cbacc131bf6c607942b1c6cbf98ae9.jpg</filename>
	<path>image_184_png.rf.13cbacc131bf6c607942b1c6cbf98ae9.jpg</path>
	<source>
		<database>roboflow.ai</database>
	</source>
	<size>
		<width>416</width>
		<height>416</height>
		<depth>3</depth>
	</size>
	<segmented>0</segmented>
	<object>
		<name>greenapple</name>
		<pose>Unspecified</pose>
		<truncated>0</truncated>
		<difficult>0</difficult>
		<occluded>0</occluded>
		<bndbox>
			<xmin>146</xmin>
			<xmax>191</xmax>
			<ymin>141</ymin>
			<ymax>201</ymax>
		</bndbox>
		<polygon>
			<x1>144.587024</x1>
			<y1>184.02321</y1>
			<x2>155.599934</x2>
			<y2>199.111448</y2>
			<x3>175.677639</x3>
			<y3>199.620534</y3>
			<x4>182.972169</x4>
			<y4>191.18178</y4>
			<x5>189.759681</x5>
			<y5>161.230361</y5>
			<x6>184.502313</x6>
			<y6>150.124126</y6>
			<x7>175.722224</x7>
			<y7>141.456208</y7>
			<x8>161.773693</x8>
			<y8>139.585948</y8>
			<x9>156.187157</x9>
			<y9>142.774835</y9>
			<x10>150.831899</x10>
			<y10>152.244079</y10>
			<x11>144.587024</x11>
			<y11>184.02321</y11>
		</polygon>
	</object>
	<object>
		<name>orange</name>
		<pose>Unspecified</pose>
		<truncated>0</truncated>
		<difficult>0</difficult>
		<occluded>0</occluded>
		<bndbox>
			<xmin>99</xmin>
			<xmax>233</xmax>
			<ymin>221</ymin>
			<ymax>399</ymax>
		</bndbox>
		<polygon>
			<x1>232</x1>
			<y1>220</y1>
			<x2>113.160056</x2>
			<y2>220</y2>
			<x3>103.43365</x3>
			<y3>244.316525</y3>
			<x4>99.270401</x4>
			<y4>265.502612</y4>
			<x5>97.526788</x5>
			<y5>290.437432</y5>
			<x6>99.474902</x6>
			<y6>320.104822</y6>
			<x7>111.662012</x7>
			<y7>356.752377</y7>
			<x8>125.094559</x8>
			<y8>375.589347</y8>
			<x9>135.876191</x9>
			<y9>384.397226</y9>
			<x10>163.879988</x10>
			<y10>396.199164</y10>
			<x11>192.568775</x11>
			<y11>398.20528</y11>
			<x12>208.892481</x12>
			<y12>394.872325</y12>
			<x13>232</x13>
			<y13>379.464237</y13>
			<x14>232</x14>
			<y14>220</y14>
		</polygon>
	</object>
</annotation>
