<annotation>
	<folder></folder>
	<filename>image_50_png.rf.485893db5531936d4a065e48a462832b.jpg</filename>
	<path>image_50_png.rf.485893db5531936d4a065e48a462832b.jpg</path>
	<source>
		<database>roboflow.ai</database>
	</source>
	<size>
		<width>416</width>
		<height>416</height>
		<depth>3</depth>
	</size>
	<segmented>0</segmented>
	<object>
		<name>orange</name>
		<pose>Unspecified</pose>
		<truncated>0</truncated>
		<difficult>0</difficult>
		<occluded>0</occluded>
		<bndbox>
			<xmin>1</xmin>
			<xmax>26</xmax>
			<ymin>54</ymin>
			<ymax>128</ymax>
		</bndbox>
		<polygon>
			<x1>0</x1>
			<y1>127.095797</y1>
			<x2>13.207145</x2>
			<y2>124.722119</y2>
			<x3>24.006982</x3>
			<y3>108.464361</y3>
			<x4>25.352195</x4>
			<y4>93.535364</y4>
			<x5>21.883637</x5>
			<y5>73.755422</y5>
			<x6>12.971929</x6>
			<y6>59.346696</y6>
			<x7>5.202906</x7>
			<y7>53.06859</y7>
			<x8>0</x8>
			<y8>53.374505</y8>
			<x9>0</x9>
			<y9>127.095797</y9>
		</polygon>
	</object>
	<object>
		<name>greenapple</name>
		<pose>Unspecified</pose>
		<truncated>0</truncated>
		<difficult>0</difficult>
		<occluded>0</occluded>
		<bndbox>
			<xmin>276</xmin>
			<xmax>417</xmax>
			<ymin>7</ymin>
			<ymax>222</ymax>
		</bndbox>
		<polygon>
			<x1>416</x1>
			<y1>14.487528</y1>
			<x2>385.483467</x2>
			<y2>5.718375</y2>
			<x3>353.48901</x3>
			<y3>8.37241</y3>
			<x4>311.451058</x4>
			<y4>17.965443</y4>
			<x5>296.258849</x5>
			<y5>27.470539</y5>
			<x6>286.007377</x6>
			<y6>42.729982</y6>
			<x7>279.934852</x7>
			<y7>58.32336</y7>
			<x8>275.47236499999997</x8>
			<y8>90.272892</y8>
			<x9>283.044307</x9>
			<y9>134.349789</y9>
			<x10>304.757682</x10>
			<y10>181.045469</y10>
			<x11>330.812026</x11>
			<y11>209.627386</y11>
			<x12>343.56228999999996</x12>
			<y12>217.047915</y12>
			<x13>360.658973</x13>
			<y13>221.093857</y13>
			<x14>405.779143</x14>
			<y14>213.831385</y14>
			<x15>416</x15>
			<y15>206.816734</y15>
			<x16>416</x16>
			<y16>14.487528</y16>
		</polygon>
	</object>
</annotation>
