<annotation>
	<folder></folder>
	<filename>image_36_png.rf.21fdd5dfc5fa6de205ae2e5f5950f69d.jpg</filename>
	<path>image_36_png.rf.21fdd5dfc5fa6de205ae2e5f5950f69d.jpg</path>
	<source>
		<database>roboflow.ai</database>
	</source>
	<size>
		<width>416</width>
		<height>416</height>
		<depth>3</depth>
	</size>
	<segmented>0</segmented>
	<object>
		<name>greenapple</name>
		<pose>Unspecified</pose>
		<truncated>0</truncated>
		<difficult>0</difficult>
		<occluded>0</occluded>
		<bndbox>
			<xmin>55</xmin>
			<xmax>226</xmax>
			<ymin>39</ymin>
			<ymax>242</ymax>
		</bndbox>
		<polygon>
			<x1>167.803077</x1>
			<y1>241</y1>
			<x2>183.569968</x2>
			<y2>237.895208</y2>
			<x3>209.005366</x3>
			<y3>219.151443</y3>
			<x4>216.442784</x4>
			<y4>204.472384</y4>
			<x5>222.165171</x5>
			<y5>183.857499</y5>
			<x6>224.918923</x6>
			<y6>123.66314</y6>
			<x7>220.346921</x7>
			<y7>97.734025</y7>
			<x8>214.05778</x8>
			<y8>81.019447</y8>
			<x9>205.175727</x9>
			<y9>64.762071</y9>
			<x10>188.553568</x10>
			<y10>46.30478</y10>
			<x11>157.09731</x11>
			<y11>38.483725</y11>
			<x12>126.3258</x12>
			<y12>42.12722</y12>
			<x13>86.097043</x13>
			<y13>52.785341</y13>
			<x14>71.758775</x14>
			<y14>62.442973</y14>
			<x15>62.376674</x15>
			<y15>77.464932</y15>
			<x16>57.036341</x16>
			<y16>92.665394</y16>
			<x17>53.790981</x17>
			<y17>123.537626</y17>
			<x18>62.555041</x18>
			<y18>165.659914</y18>
			<x19>85.04566</x19>
			<y19>209.817721</y19>
			<x20>111.122955</x20>
			<y20>236.410753</y20>
			<x21>119.715116</x21>
			<y21>241</y21>
			<x22>167.803077</x22>
			<y22>241</y22>
		</polygon>
	</object>
	<object>
		<name>redapple</name>
		<pose>Unspecified</pose>
		<truncated>0</truncated>
		<difficult>0</difficult>
		<occluded>0</occluded>
		<bndbox>
			<xmin>395</xmin>
			<xmax>417</xmax>
			<ymin>128</ymin>
			<ymax>203</ymax>
		</bndbox>
		<polygon>
			<x1>416</x1>
			<y1>127.103723</y1>
			<x2>411.81418099999996</x2>
			<y2>127.570801</y2>
			<x3>401.32665299999996</x3>
			<y3>140.114149</y3>
			<x4>394.307809</x4>
			<y4>160.957635</y4>
			<x5>397.20341099999996</x5>
			<y5>177.379407</y5>
			<x6>408.639747</x6>
			<y6>196.751099</y6>
			<x7>416</x7>
			<y7>202.356203</y7>
			<x8>416</x8>
			<y8>127.103723</y8>
		</polygon>
	</object>
	<object>
		<name>mango</name>
		<pose>Unspecified</pose>
		<truncated>0</truncated>
		<difficult>0</difficult>
		<occluded>0</occluded>
		<bndbox>
			<xmin>1</xmin>
			<xmax>151</xmax>
			<ymin>279</ymin>
			<ymax>417</ymax>
		</bndbox>
		<polygon>
			<x1>0</x1>
			<y1>416</y1>
			<x2>130.114006</x2>
			<y2>416</y2>
			<x3>139.620267</x3>
			<y3>402.257177</y3>
			<x4>147.401112</x4>
			<y4>385.73521</y4>
			<x5>150.18716</x5>
			<y5>367.420433</y5>
			<x6>149.045215</x6>
			<y6>353.362971</y6>
			<x7>141.614129</x7>
			<y7>322.590932</y7>
			<x8>126.327052</x8>
			<y8>300.333526</y8>
			<x9>108.522209</x9>
			<y9>286.540654</y9>
			<x10>79.163036</x10>
			<y10>279.241003</y10>
			<x11>59.602427</x11>
			<y11>278.234186</y11>
			<x12>25.093948</x12>
			<y12>283.42778599999997</y12>
			<x13>2.023917</x13>
			<y13>292.842711</y13>
			<x14>0</x14>
			<y14>294.284404</y14>
			<x15>0</x15>
			<y15>416</y15>
		</polygon>
	</object>
	<object>
		<name>orange</name>
		<pose>Unspecified</pose>
		<truncated>0</truncated>
		<difficult>0</difficult>
		<occluded>0</occluded>
		<bndbox>
			<xmin>338</xmin>
			<xmax>395</xmax>
			<ymin>242</ymin>
			<ymax>284</ymax>
		</bndbox>
		<polygon>
			<x1>337.397778</x1>
			<y1>241</y1>
			<x2>337.23123499999997</x2>
			<y2>243.98763</y2>
			<x3>343.138321</x3>
			<y3>266.116629</y3>
			<x4>347.903461</x4>
			<y4>274.188168</y4>
			<x5>359.455681</x5>
			<y5>282.845313</y5>
			<x6>379.855545</x6>
			<y6>281.030619</y6>
			<x7>388.016335</x7>
			<y7>274.244595</y7>
			<x8>392.32638499999996</x8>
			<y8>264.572855</y8>
			<x9>393.624951</x9>
			<y9>249.193889</y9>
			<x10>392.18014700000003</x10>
			<y10>241</y10>
			<x11>337.397778</x11>
			<y11>241</y11>
		</polygon>
	</object>
</annotation>
