<annotation>
	<folder></folder>
	<filename>image_196_png.rf.a33053f5d4dbf75423b6db2a21e50349.jpg</filename>
	<path>image_196_png.rf.a33053f5d4dbf75423b6db2a21e50349.jpg</path>
	<source>
		<database>roboflow.ai</database>
	</source>
	<size>
		<width>416</width>
		<height>416</height>
		<depth>3</depth>
	</size>
	<segmented>0</segmented>
	<object>
		<name>capsicum</name>
		<pose>Unspecified</pose>
		<truncated>0</truncated>
		<difficult>0</difficult>
		<occluded>0</occluded>
		<bndbox>
			<xmin>31</xmin>
			<xmax>65</xmax>
			<ymin>23</ymin>
			<ymax>77</ymax>
		</bndbox>
		<polygon>
			<x1>35.475631</x1>
			<y1>75.785801</y1>
			<x2>50.592369</x2>
			<y2>74.28887</y2>
			<x3>63.388225</x3>
			<y3>50.737055</y3>
			<x4>64.264756</x4>
			<y4>30.036903</y4>
			<x5>61.566447</x5>
			<y5>25.130867</y5>
			<x6>52.513867</x6>
			<y6>22.047885</y6>
			<x7>37.272353</x7>
			<y7>24.432642</y7>
			<x8>31.373529</x8>
			<y8>32.657244</y8>
			<x9>30.288005</x9>
			<y9>59.665562</y9>
			<x10>35.475631</x10>
			<y10>75.785801</y10>
		</polygon>
	</object>
	<object>
		<name>greenapple</name>
		<pose>Unspecified</pose>
		<truncated>0</truncated>
		<difficult>0</difficult>
		<occluded>0</occluded>
		<bndbox>
			<xmin>166</xmin>
			<xmax>190</xmax>
			<ymin>44</ymin>
			<ymax>76</ymax>
		</bndbox>
		<polygon>
			<x1>186.184467</x1>
			<y1>68.900304</y1>
			<x2>189.135428</x2>
			<y2>57.545321</y2>
			<x3>185.317235</x3>
			<y3>46.144357</y3>
			<x4>178.25797</x4>
			<y4>43.341517</y4>
			<x5>167.957633</x5>
			<y5>49.136799</y5>
			<x6>165.131446</x6>
			<y6>59.603956</y6>
			<x7>169.489301</x7>
			<y7>71.986127</y7>
			<x8>178.54188</x8>
			<y8>75.06911</y8>
			<x9>186.184467</x9>
			<y9>68.900304</y9>
		</polygon>
	</object>
	<object>
		<name>orange</name>
		<pose>Unspecified</pose>
		<truncated>0</truncated>
		<difficult>0</difficult>
		<occluded>0</occluded>
		<bndbox>
			<xmin>113</xmin>
			<xmax>170</xmax>
			<ymin>379</ymin>
			<ymax>417</ymax>
		</bndbox>
		<polygon>
			<x1>167.970613</x1>
			<y1>416</y1>
			<x2>169.108027</x2>
			<y2>409.832287</y2>
			<x3>160.682427</x3>
			<y3>387.82480499999997</y3>
			<x4>154.661928</x4>
			<y4>382.451866</y4>
			<x5>139.089745</x5>
			<y5>377.54724999999996</y5>
			<x6>129.038959</x6>
			<y6>381.56687999999997</y6>
			<x7>119.568393</x7>
			<y7>391.100231</y7>
			<x8>112.796138</x8>
			<y8>405.539617</y8>
			<x9>111.610068</x9>
			<y9>416</y9>
			<x10>167.970613</x10>
			<y10>416</y10>
		</polygon>
	</object>
	<object>
		<name>greenapple</name>
		<pose>Unspecified</pose>
		<truncated>0</truncated>
		<difficult>0</difficult>
		<occluded>0</occluded>
		<bndbox>
			<xmin>105</xmin>
			<xmax>130</xmax>
			<ymin>196</ymin>
			<ymax>228</ymax>
		</bndbox>
		<polygon>
			<x1>127.744187</x1>
			<y1>222.041086</y1>
			<x2>129.491049</x2>
			<y2>209.611514</y2>
			<x3>126.337295</x3>
			<y3>198.303931</y3>
			<x4>117.949153</x4>
			<y4>195.314329</y4>
			<x5>107.773591</x5>
			<y5>200.221786</y5>
			<x6>104.073973</x6>
			<y6>216.903728</y6>
			<x7>110.259807</x7>
			<y7>225.921355</y7>
			<x8>123.008904</x8>
			<y8>226.807761</y8>
			<x9>127.744187</x9>
			<y9>222.041086</y9>
		</polygon>
	</object>
	<object>
		<name>capsicum</name>
		<pose>Unspecified</pose>
		<truncated>0</truncated>
		<difficult>0</difficult>
		<occluded>0</occluded>
		<bndbox>
			<xmin>254</xmin>
			<xmax>360</xmax>
			<ymin>266</ymin>
			<ymax>417</ymax>
		</bndbox>
		<polygon>
			<x1>253</x1>
			<y1>416</y1>
			<x2>352.303993</x2>
			<y2>416</y2>
			<x3>352.44066499999997</x3>
			<y3>415.57428100000004</y3>
			<x4>358.679459</x4>
			<y4>371.182954</y4>
			<x5>358.06178</x5>
			<y5>346.65135399999997</y5>
			<x6>352.833594</x6>
			<y6>325.998602</y6>
			<x7>333.153109</x7>
			<y7>306.93616299999996</y7>
			<x8>313.759632</x8>
			<y8>305.115949</y8>
			<x9>302.548405</x9>
			<y9>298.108138</y9>
			<x10>299.974871</x10>
			<y10>292.314276</y10>
			<x11>300.767185</x11>
			<y11>277.034463</y11>
			<x12>296.574665</x12>
			<y12>268.29697899999996</y12>
			<x13>288.186523</x13>
			<y13>265.307377</y13>
			<x14>285.070227</x14>
			<y14>273.017674</y14>
			<x15>288.223981</x15>
			<y15>284.325258</y15>
			<x16>286.561337</x16>
			<y16>291.334489</y16>
			<x17>269.451285</x17>
			<y17>292.551279</y17>
			<x18>256.66163</x18>
			<y18>287.132359</y18>
			<x19>253</x19>
			<y19>287.107487</y19>
			<x20>253</x20>
			<y20>416</y20>
		</polygon>
	</object>
</annotation>
