<annotation>
	<folder></folder>
	<filename>image_106_png.rf.f65c81d46d870ef62ff98052caaa3cf3.jpg</filename>
	<path>image_106_png.rf.f65c81d46d870ef62ff98052caaa3cf3.jpg</path>
	<source>
		<database>roboflow.ai</database>
	</source>
	<size>
		<width>416</width>
		<height>416</height>
		<depth>3</depth>
	</size>
	<segmented>0</segmented>
	<object>
		<name>mango</name>
		<pose>Unspecified</pose>
		<truncated>0</truncated>
		<difficult>0</difficult>
		<occluded>0</occluded>
		<bndbox>
			<xmin>1</xmin>
			<xmax>25</xmax>
			<ymin>1</ymin>
			<ymax>26</ymax>
		</bndbox>
		<polygon>
			<x1>0</x1>
			<y1>0</y1>
			<x2>0</x2>
			<y2>25.468975</y2>
			<x3>9.921951</x3>
			<y3>25.427721</y3>
			<x4>19.110486</x4>
			<y4>17.64728</y4>
			<x5>23.517155</x5>
			<y5>8.949938</y5>
			<x6>24.41184</x6>
			<y6>0</y6>
			<x7>0</x7>
			<y7>0</y7>
		</polygon>
	</object>
	<object>
		<name>redapple</name>
		<pose>Unspecified</pose>
		<truncated>0</truncated>
		<difficult>0</difficult>
		<occluded>0</occluded>
		<bndbox>
			<xmin>149</xmin>
			<xmax>204</xmax>
			<ymin>52</ymin>
			<ymax>132</ymax>
		</bndbox>
		<polygon>
			<x1>203</x1>
			<y1>66.317524</y1>
			<x2>189.269097</x2>
			<y2>54.350913</y2>
			<x3>175.563625</x3>
			<y3>51.487339</y3>
			<x4>161.480874</x4>
			<y4>53.970508</y4>
			<x5>153.422094</x5>
			<y5>60.671707</y5>
			<x6>148.449505</x6>
			<y6>77.389164</y6>
			<x7>148.332988</x7>
			<y7>102.930764</y7>
			<x8>153.150914</x8>
			<y8>115.281779</y8>
			<x9>162.788851</x9>
			<y9>125.022825</y9>
			<x10>177.736427</x10>
			<y10>131.187528</y10>
			<x11>194.530173</x11>
			<y11>129.106373</y11>
			<x12>203</x12>
			<y12>124.046426</y12>
			<x13>203</x13>
			<y13>66.317524</y13>
		</polygon>
	</object>
	<object>
		<name>redapple</name>
		<pose>Unspecified</pose>
		<truncated>0</truncated>
		<difficult>0</difficult>
		<occluded>0</occluded>
		<bndbox>
			<xmin>158</xmin>
			<xmax>204</xmax>
			<ymin>379</ymin>
			<ymax>417</ymax>
		</bndbox>
		<polygon>
			<x1>203</x1>
			<y1>416</y1>
			<x2>203</x2>
			<y2>402.47592</y2>
			<x3>196.918498</x3>
			<y3>390.383801</y3>
			<x4>190.593537</x4>
			<y4>384.458771</y4>
			<x5>176.699425</x5>
			<y5>384.268569</y5>
			<x6>176.92621</x6>
			<y6>378.068326</y6>
			<x7>175.005835</x7>
			<y7>378.40693999999996</y7>
			<x8>174.77905</x8>
			<y8>384.60718299999996</y8>
			<x9>163.55779</x9>
			<y9>388.345866</y9>
			<x10>157.87087</x10>
			<y10>397.268951</y10>
			<x11>156.815321</x11>
			<y11>406.25543700000003</y11>
			<x12>158.53355</x12>
			<y12>416</y12>
			<x13>203</x13>
			<y13>416</y13>
		</polygon>
	</object>
	<object>
		<name>orange</name>
		<pose>Unspecified</pose>
		<truncated>0</truncated>
		<difficult>0</difficult>
		<occluded>0</occluded>
		<bndbox>
			<xmin>295</xmin>
			<xmax>352</xmax>
			<ymin>289</ymin>
			<ymax>361</ymax>
		</bndbox>
		<polygon>
			<x1>311.211464</x1>
			<y1>288.298385</y1>
			<x2>300.441688</x2>
			<y2>294.597569</y2>
			<x3>295.206254</x3>
			<y3>306.08115399999997</y3>
			<x4>293.773425</x4>
			<y4>320.414383</y4>
			<x5>298.966547</x5>
			<y5>342.379641</y5>
			<x6>304.462744</x6>
			<y6>351.090915</y6>
			<x7>317.301305</x7>
			<y7>360.267602</y7>
			<x8>339.216052</x8>
			<y8>357.283478</y8>
			<x9>348.292236</x9>
			<y9>345.122665</y9>
			<x10>350.967171</x10>
			<y10>334.09056499999997</y10>
			<x11>346.640958</x11>
			<y11>305.812192</y11>
			<x12>340.99426700000004</x12>
			<y12>296.247419</y12>
			<x13>330.226575</x13>
			<y13>287.585617</y13>
			<x14>311.211464</x14>
			<y14>288.298385</y14>
		</polygon>
	</object>
</annotation>
