<annotation>
	<folder></folder>
	<filename>image_1_png.rf.5ba541338547753b714036669fb22b2f.jpg</filename>
	<path>image_1_png.rf.5ba541338547753b714036669fb22b2f.jpg</path>
	<source>
		<database>roboflow.ai</database>
	</source>
	<size>
		<width>416</width>
		<height>416</height>
		<depth>3</depth>
	</size>
	<segmented>0</segmented>
	<object>
		<name>greenapple</name>
		<pose>Unspecified</pose>
		<truncated>0</truncated>
		<difficult>0</difficult>
		<occluded>0</occluded>
		<bndbox>
			<xmin>92</xmin>
			<xmax>250</xmax>
			<ymin>67</ymin>
			<ymax>142</ymax>
		</bndbox>
		<polygon>
			<x1>249</x1>
			<y1>141</y1>
			<x2>249</x2>
			<y2>124.997648</y2>
			<x3>237.530854</x3>
			<y3>104.458009</y3>
			<x4>215.567574</x4>
			<y4>90.797046</y4>
			<x5>173.355506</x5>
			<y5>86.267236</y5>
			<x6>171.932033</x6>
			<y6>80.147687</y6>
			<x7>175.804215</x7>
			<y7>75.691243</y7>
			<x8>175.68168</x8>
			<y8>68.671215</y8>
			<x9>171.028836</x9>
			<y9>66.119119</y9>
			<x10>170.018918</x10>
			<y10>83.692164</y10>
			<x11>166.789548</x11>
			<y11>87.259616</y11>
			<x12>126.705032</x12>
			<y12>91.470377</y12>
			<x13>108.507212</x13>
			<y13>104.954584</y13>
			<x14>98.880368</x14>
			<y14>119.166954</y14>
			<x15>91.304491</x15>
			<y15>137.732378</y15>
			<x16>90.66372</x16>
			<y16>141</y16>
			<x17>249</x17>
			<y17>141</y17>
		</polygon>
	</object>
	<object>
		<name>capsicum</name>
		<pose>Unspecified</pose>
		<truncated>0</truncated>
		<difficult>0</difficult>
		<occluded>0</occluded>
		<bndbox>
			<xmin>318</xmin>
			<xmax>343</xmax>
			<ymin>116</ymin>
			<ymax>142</ymax>
		</bndbox>
		<polygon>
			<x1>338.28686</x1>
			<y1>141</y1>
			<x2>341.29965</x2>
			<y2>134.701966</y2>
			<x3>341.728024</x3>
			<y3>121.527927</y3>
			<x4>336.998596</x4>
			<y4>114.588313</y4>
			<x5>324.494172</x5>
			<y5>114.806578</y5>
			<x6>320.57604000000003</x6>
			<y6>116.630511</y6>
			<x7>317.407937</x7>
			<y7>123.707977</y7>
			<x8>319.659544</x8>
			<y8>141</y8>
			<x9>338.28686</x9>
			<y9>141</y9>
		</polygon>
	</object>
	<object>
		<name>greenapple</name>
		<pose>Unspecified</pose>
		<truncated>0</truncated>
		<difficult>0</difficult>
		<occluded>0</occluded>
		<bndbox>
			<xmin>53</xmin>
			<xmax>223</xmax>
			<ymin>222</ymin>
			<ymax>417</ymax>
		</bndbox>
		<polygon>
			<x1>184.35726</x1>
			<y1>416</y1>
			<x2>192.625399</x2>
			<y2>409.145451</y2>
			<x3>201.609432</x3>
			<y3>395.822072</y3>
			<x4>211.067791</x4>
			<y4>371.95716300000004</y4>
			<x5>218.459865</x5>
			<y5>342.861698</y5>
			<x6>222.010391</x6>
			<y6>319.97768199999996</y6>
			<x7>221.550885</x7>
			<y7>293.652578</y7>
			<x8>211.724423</x8>
			<y8>258.713267</y8>
			<x9>197.536138</x9>
			<y9>237.89442400000001</y9>
			<x10>167.675327</x10>
			<y10>224.371313</y10>
			<x11>134.049552</x11>
			<y11>221.447171</y11>
			<x12>126.213288</x12>
			<y12>225.095036</y12>
			<x13>91.363159</x13>
			<y13>227.458889</y13>
			<x14>71.879718</x14>
			<y14>242.721078</y14>
			<x15>62.252875</x15>
			<y15>256.933448</y15>
			<x16>54.080138</x16>
			<y16>279.020374</y16>
			<x17>52.090936</x17>
			<y17>315.921471</y17>
			<x18>55.810446</x18>
			<y18>340.434129</y18>
			<x19>64.871562</x19>
			<y19>369.24240399999996</y19>
			<x20>73.779509</x20>
			<y20>389.275644</y20>
			<x21>87.952477</x21>
			<y21>409.216983</y21>
			<x22>97.958085</x22>
			<y22>416</y22>
			<x23>184.35726</x23>
			<y23>416</y23>
		</polygon>
	</object>
	<object>
		<name>greenapple</name>
		<pose>Unspecified</pose>
		<truncated>0</truncated>
		<difficult>0</difficult>
		<occluded>0</occluded>
		<bndbox>
			<xmin>250</xmin>
			<xmax>270</xmax>
			<ymin>143</ymin>
			<ymax>173</ymax>
		</bndbox>
		<polygon>
			<x1>249</x1>
			<y1>166.193845</y1>
			<x2>253.719656</x2>
			<y2>172.263086</y2>
			<x3>262.933441</x3>
			<y3>172.102258</y3>
			<x4>268.734055</x4>
			<y4>164.978842</y4>
			<x5>269.147113</x5>
			<y5>150.927299</y5>
			<x6>263.086112</x6>
			<y6>143.133157</y6>
			<x7>253.198882</x7>
			<y7>142.427967</y7>
			<x8>249</x8>
			<y8>147.702408</y8>
			<x9>249</x9>
			<y9>166.193845</y9>
		</polygon>
	</object>
	<object>
		<name>capsicum</name>
		<pose>Unspecified</pose>
		<truncated>0</truncated>
		<difficult>0</difficult>
		<occluded>0</occluded>
		<bndbox>
			<xmin>385</xmin>
			<xmax>408</xmax>
			<ymin>142</ymin>
			<ymax>172</ymax>
		</bndbox>
		<polygon>
			<x1>385.278809</x1>
			<y1>141</y1>
			<x2>384.196907</x2>
			<y2>141.896931</y2>
			<x3>383.722582</x3>
			<y3>152.438459</y3>
			<x4>389.29394</x4>
			<y4>169.896628</y4>
			<x5>398.53836</x5>
			<y5>171.490807</y5>
			<x6>404.981785</x6>
			<y6>163.478399</y6>
			<x7>406.573245</x7>
			<y7>141.50635</y7>
			<x8>406.179489</x8>
			<y8>141</y8>
			<x9>385.278809</x9>
			<y9>141</y9>
		</polygon>
	</object>
	<object>
		<name>redapple</name>
		<pose>Unspecified</pose>
		<truncated>0</truncated>
		<difficult>0</difficult>
		<occluded>0</occluded>
		<bndbox>
			<xmin>399</xmin>
			<xmax>417</xmax>
			<ymin>289</ymin>
			<ymax>365</ymax>
		</bndbox>
		<polygon>
			<x1>416</x1>
			<y1>288.30629</y1>
			<x2>411.809626</x2>
			<y2>290.635988</y2>
			<x3>398.371868</x3>
			<y3>312.814815</y3>
			<x4>398.050712</x4>
			<y4>332.13137900000004</y4>
			<x5>404.28019800000004</x5>
			<y5>349.57806</y5>
			<x6>411.71872099999996</x6>
			<y6>360.85924</y6>
			<x7>416</x7>
			<y7>363.606724</y7>
			<x8>416</x8>
			<y8>288.30629</y8>
		</polygon>
	</object>
</annotation>
