<annotation>
	<folder></folder>
	<filename>image_99_png.rf.5f8ce1f55c76602fc3e48664fb1fc9ac.jpg</filename>
	<path>image_99_png.rf.5f8ce1f55c76602fc3e48664fb1fc9ac.jpg</path>
	<source>
		<database>roboflow.ai</database>
	</source>
	<size>
		<width>416</width>
		<height>416</height>
		<depth>3</depth>
	</size>
	<segmented>0</segmented>
	<object>
		<name>greenapple</name>
		<pose>Unspecified</pose>
		<truncated>0</truncated>
		<difficult>0</difficult>
		<occluded>0</occluded>
		<bndbox>
			<xmin>58</xmin>
			<xmax>83</xmax>
			<ymin>39</ymin>
			<ymax>70</ymax>
		</bndbox>
		<polygon>
			<x1>82.474026</x1>
			<y1>61.010165</y1>
			<x2>81.537983</x2>
			<y2>49.62031</y2>
			<x3>73.309754</x3>
			<y3>38.369041</y3>
			<x4>66.017568</x4>
			<y4>38.507629</y4>
			<x5>57.339529</x5>
			<y5>47.703608</y5>
			<x6>58.397716</x6>
			<y6>59.96256</y6>
			<x7>64.304048</x7>
			<y7>68.881362</y7>
			<x8>76.281132</x8>
			<y8>68.970617</y8>
			<x9>82.474026</x9>
			<y9>61.010165</y9>
		</polygon>
	</object>
	<object>
		<name>redapple</name>
		<pose>Unspecified</pose>
		<truncated>0</truncated>
		<difficult>0</difficult>
		<occluded>0</occluded>
		<bndbox>
			<xmin>84</xmin>
			<xmax>133</xmax>
			<ymin>175</ymin>
			<ymax>230</ymax>
		</bndbox>
		<polygon>
			<x1>83.14655</x1>
			<y1>174</y1>
			<x2>83.62406</x2>
			<y2>193.289619</y2>
			<x3>92.299758</x3>
			<y3>212.454359</y3>
			<x4>102.849884</x4>
			<y4>226.038093</y4>
			<x5>110.630643</x5>
			<y5>229.375889</y5>
			<x6>121.059796</x6>
			<y6>227.910167</y6>
			<x7>126.559764</x7>
			<y7>224.478411</y7>
			<x8>130.716153</x8>
			<y8>211.48659800000001</y8>
			<x9>131.77668</x9>
			<y9>195.384832</y9>
			<x10>129.211667</x10>
			<y10>177.133815</y10>
			<x11>127.569598</x11>
			<y11>174</y11>
			<x12>83.14655</x12>
			<y12>174</y12>
		</polygon>
	</object>
	<object>
		<name>capsicum</name>
		<pose>Unspecified</pose>
		<truncated>0</truncated>
		<difficult>0</difficult>
		<occluded>0</occluded>
		<bndbox>
			<xmin>104</xmin>
			<xmax>136</xmax>
			<ymin>298</ymin>
			<ymax>354</ymax>
		</bndbox>
		<polygon>
			<x1>112.946688</x1>
			<y1>302.61015</y1>
			<x2>102.720719</x2>
			<y2>310.251152</y2>
			<x3>103.982087</x3>
			<y3>328.685384</y3>
			<x4>109.561923</x4>
			<y4>344.74017000000003</y4>
			<x5>115.997935</x5>
			<y5>352.69827</y5>
			<x6>129.034375</x6>
			<y6>350.86611800000003</y6>
			<x7>132.864268</x7>
			<y7>345.010288</y7>
			<x8>134.535513</x8>
			<y8>333.254001</y8>
			<x9>133.193105</x9>
			<y9>309.51358600000003</y9>
			<x10>128.712561</x10>
			<y10>301.280663</y10>
			<x11>115.961511</x11>
			<y11>300.413921</y11>
			<x12>114.169294</x12>
			<y12>297.120751</y12>
			<x13>112.946688</x13>
			<y13>302.61015</y13>
		</polygon>
	</object>
</annotation>
