<annotation>
	<folder></folder>
	<filename>image_171_png.rf.36b4ce3988a9ea8ab21ce80d3036b9a1.jpg</filename>
	<path>image_171_png.rf.36b4ce3988a9ea8ab21ce80d3036b9a1.jpg</path>
	<source>
		<database>roboflow.ai</database>
	</source>
	<size>
		<width>416</width>
		<height>416</height>
		<depth>3</depth>
	</size>
	<segmented>0</segmented>
	<object>
		<name>orange</name>
		<pose>Unspecified</pose>
		<truncated>0</truncated>
		<difficult>0</difficult>
		<occluded>0</occluded>
		<bndbox>
			<xmin>154</xmin>
			<xmax>210</xmax>
			<ymin>268</ymin>
			<ymax>300</ymax>
		</bndbox>
		<polygon>
			<x1>208.450668</x1>
			<y1>299</y1>
			<x2>209.153823</x2>
			<y2>294.403817</y2>
			<x3>202.900984</x3>
			<y3>277.460617</y3>
			<x4>197.892334</x4>
			<y4>272.177276</y4>
			<x5>180.909948</x5>
			<y5>267.42275</y5>
			<x6>168.484726</x6>
			<y6>270.512067</y6>
			<x7>157.75518</x7>
			<y7>282.70074</y7>
			<x8>152.532988</x8>
			<y8>299</y8>
			<x9>208.450668</x9>
			<y9>299</y9>
		</polygon>
	</object>
	<object>
		<name>orange</name>
		<pose>Unspecified</pose>
		<truncated>0</truncated>
		<difficult>0</difficult>
		<occluded>0</occluded>
		<bndbox>
			<xmin>384</xmin>
			<xmax>417</xmax>
			<ymin>57</ymin>
			<ymax>132</ymax>
		</bndbox>
		<polygon>
			<x1>416</x1>
			<y1>56.995984</y1>
			<x2>412.068376</x2>
			<y2>56.302733</y2>
			<x3>399.643154</x3>
			<y3>59.39205</y3>
			<x4>389.704228</x4>
			<y4>70.840095</y4>
			<x5>382.855659</x5>
			<y5>102.193854</y5>
			<x6>385.380098</x6>
			<y6>114.079454</y6>
			<x7>392.68640300000004</x7>
			<y7>125.048153</y7>
			<x8>415.429914</x8>
			<y8>130.81852</y8>
			<x9>416</x9>
			<y9>130.455189</y9>
			<x10>416</x10>
			<y10>56.995984</y10>
		</polygon>
	</object>
	<object>
		<name>redapple</name>
		<pose>Unspecified</pose>
		<truncated>0</truncated>
		<difficult>0</difficult>
		<occluded>0</occluded>
		<bndbox>
			<xmin>350</xmin>
			<xmax>397</xmax>
			<ymin>148</ymin>
			<ymax>220</ymax>
		</bndbox>
		<polygon>
			<x1>362.265559</x1>
			<y1>147.845302</y1>
			<x2>356.881713</x2>
			<y2>152.176203</y2>
			<x3>352.025642</x3>
			<y3>161.000348</y3>
			<x4>348.564255</x4>
			<y4>180.630848</y4>
			<x5>355.12016800000004</x5>
			<y5>210.828034</y5>
			<x6>363.028452</x6>
			<y6>218.382733</y6>
			<x7>376.772069</x7>
			<y7>219.04603</y7>
			<x8>383.88765</x8>
			<y8>212.380371</y8>
			<x9>391.07743700000003</x9>
			<y9>197.80747</y9>
			<x10>395.592289</x10>
			<y10>172.202468</y10>
			<x11>390.43106</x11>
			<y11>152.81164</y11>
			<x12>374.23929499999997</x12>
			<y12>147.316485</y12>
			<x13>362.265559</x13>
			<y13>147.845302</y13>
		</polygon>
	</object>
	<object>
		<name>capsicum</name>
		<pose>Unspecified</pose>
		<truncated>0</truncated>
		<difficult>0</difficult>
		<occluded>0</occluded>
		<bndbox>
			<xmin>236</xmin>
			<xmax>258</xmax>
			<ymin>1</ymin>
			<ymax>18</ymax>
		</bndbox>
		<polygon>
			<x1>235.586927</x1>
			<y1>0</y1>
			<x2>235.241286</x2>
			<y2>11.042764</y2>
			<x3>241.379691</x3>
			<y3>17.405349</y3>
			<x4>250.604287</x4>
			<y4>13.751676</y4>
			<x5>256.966167</x5>
			<y5>0</y5>
			<x6>235.586927</x6>
			<y6>0</y6>
		</polygon>
	</object>
	<object>
		<name>orange</name>
		<pose>Unspecified</pose>
		<truncated>0</truncated>
		<difficult>0</difficult>
		<occluded>0</occluded>
		<bndbox>
			<xmin>149</xmin>
			<xmax>206</xmax>
			<ymin>300</ymin>
			<ymax>364</ymax>
		</bndbox>
		<polygon>
			<x1>156.181628</x1>
			<y1>299</y1>
			<x2>155.795838</x2>
			<y2>299.392466</y2>
			<x3>150.638777</x3>
			<y3>309.92361</y3>
			<x4>147.516524</x4>
			<y4>331.373983</y4>
			<x5>151.058368</x5>
			<y5>348.719197</y5>
			<x6>157.535908</x6>
			<y6>356.901653</y6>
			<x7>180.919544</x7>
			<y7>362.784892</y7>
			<x8>192.816991</x8>
			<y8>355.202333</y8>
			<x9>200.044922</x9>
			<y9>344.156302</y9>
			<x10>205.350395</x10>
			<y10>317.810672</y10>
			<x11>202.976451</x11>
			<y11>305.071572</y11>
			<x12>199.248113</x12>
			<y12>299</y12>
			<x13>156.181628</x13>
			<y13>299</y13>
		</polygon>
	</object>
	<object>
		<name>capsicum</name>
		<pose>Unspecified</pose>
		<truncated>0</truncated>
		<difficult>0</difficult>
		<occluded>0</occluded>
		<bndbox>
			<xmin>113</xmin>
			<xmax>137</xmax>
			<ymin>376</ymin>
			<ymax>409</ymax>
		</bndbox>
		<polygon>
			<x1>125.349351</x1>
			<y1>408.42866100000003</y1>
			<x2>133.819388</x2>
			<y2>394.081501</y2>
			<x3>135.587184</x3>
			<y3>380.312629</y3>
			<x4>130.578534</x4>
			<y4>375.029287</y4>
			<x5>118.604798</x5>
			<y5>375.558104</y5>
			<x6>113.070457</x6>
			<y6>380.742505</y6>
			<x7>111.641796</x7>
			<y7>396.331249</y7>
			<x8>116.237105</x8>
			<y8>407.701963</y8>
			<x9>125.349351</x9>
			<y9>408.42866100000003</y9>
		</polygon>
	</object>
	<object>
		<name>mango</name>
		<pose>Unspecified</pose>
		<truncated>0</truncated>
		<difficult>0</difficult>
		<occluded>0</occluded>
		<bndbox>
			<xmin>225</xmin>
			<xmax>308</xmax>
			<ymin>300</ymin>
			<ymax>417</ymax>
		</bndbox>
		<polygon>
			<x1>224</x1>
			<y1>299</y1>
			<x2>224</x2>
			<y2>416</y2>
			<x3>286.428815</x3>
			<y3>416</y3>
			<x4>292.728394</x4>
			<y4>409.22848899999997</y4>
			<x5>301.762266</x5>
			<y5>387.940457</y5>
			<x6>306.50182</x6>
			<y6>353.574713</y6>
			<x7>299.833556</x7>
			<y7>327.757899</y7>
			<x8>287.970087</x8>
			<y8>308.945357</y8>
			<x9>275.472095</x9>
			<y9>299</y9>
			<x10>224</x10>
			<y10>299</y10>
		</polygon>
	</object>
</annotation>
