<annotation>
	<folder></folder>
	<filename>image_54_png.rf.111cffb2c980c08d4483f4dc7f3a3e69.jpg</filename>
	<path>image_54_png.rf.111cffb2c980c08d4483f4dc7f3a3e69.jpg</path>
	<source>
		<database>roboflow.ai</database>
	</source>
	<size>
		<width>416</width>
		<height>416</height>
		<depth>3</depth>
	</size>
	<segmented>0</segmented>
	<object>
		<name>redapple</name>
		<pose>Unspecified</pose>
		<truncated>0</truncated>
		<difficult>0</difficult>
		<occluded>0</occluded>
		<bndbox>
			<xmin>4</xmin>
			<xmax>76</xmax>
			<ymin>4</ymin>
			<ymax>93</ymax>
		</bndbox>
		<polygon>
			<x1>31.62133</x1>
			<y1>3.405067</y1>
			<x2>19.919531</x2>
			<y2>8.797672</y2>
			<x3>5.241108</x3>
			<y3>28.178413</y3>
			<x4>3.096384</x4>
			<y4>49.322866</y4>
			<x5>8.428984</x5>
			<y5>68.32838</y5>
			<x6>18.109543</x6>
			<y6>82.314325</y6>
			<x7>31.536885</x7>
			<y7>90.351398</y7>
			<x8>50.761506</x8>
			<y8>91.695715</y8>
			<x9>63.06448</x9>
			<y9>87.232417</y9>
			<x10>74.737023</x10>
			<y10>63.205144</y10>
			<x11>75.000233</x11>
			<y11>49.914534</y11>
			<x12>56.194793</x12>
			<y12>13.996088</y12>
			<x13>44.756204</x13>
			<y13>6.098083</y13>
			<x14>31.62133</x14>
			<y14>3.405067</y14>
		</polygon>
	</object>
	<object>
		<name>capsicum</name>
		<pose>Unspecified</pose>
		<truncated>0</truncated>
		<difficult>0</difficult>
		<occluded>0</occluded>
		<bndbox>
			<xmin>203</xmin>
			<xmax>370</xmax>
			<ymin>1</ymin>
			<ymax>173</ymax>
		</bndbox>
		<polygon>
			<x1>204.340332</x1>
			<y1>0</y1>
			<x2>202.405889</x2>
			<y2>19.857836</y2>
			<x3>210.78663799999998</x3>
			<y3>90.538025</y3>
			<x4>224.39597600000002</x4>
			<y4>134.078533</y4>
			<x5>233.413617</x5>
			<y5>148.018124</y5>
			<x6>244.728721</x6>
			<y6>157.68203</y6>
			<x7>291.71791099999996</x7>
			<y7>171.615047</y7>
			<x8>301.846908</x8>
			<y8>169.661532</y8>
			<x9>311.02051700000004</x9>
			<y9>162.317604</y9>
			<x10>331.788686</x10>
			<y10>141.588163</y10>
			<x11>340.793314</x11>
			<y11>127.134277</y11>
			<x12>351.633956</x12>
			<y12>95.95069</y12>
			<x13>365.52920700000004</x13>
			<y13>40.137206</y13>
			<x14>368.918815</x14>
			<y14>0</y14>
			<x15>204.340332</x15>
			<y15>0</y15>
		</polygon>
	</object>
	<object>
		<name>redapple</name>
		<pose>Unspecified</pose>
		<truncated>0</truncated>
		<difficult>0</difficult>
		<occluded>0</occluded>
		<bndbox>
			<xmin>33</xmin>
			<xmax>105</xmax>
			<ymin>200</ymin>
			<ymax>256</ymax>
		</bndbox>
		<polygon>
			<x1>35.533471</x1>
			<y1>199</y1>
			<x2>32.277918</x2>
			<y2>208.989535</y2>
			<x3>33.262558</x3>
			<y3>233.014616</y3>
			<x4>44.870129</x4>
			<y4>248.02258</y4>
			<x5>54.505189</x5>
			<y5>253.132667</y5>
			<x6>74.392727</x6>
			<y6>254.52334</y6>
			<x7>91.459612</x7>
			<y7>248.618631</y7>
			<x8>103.502606</x8>
			<y8>219.293656</y8>
			<x9>101.838805</x9>
			<y9>204.981029</y9>
			<x10>98.359435</x10>
			<y10>199</y10>
			<x11>35.533471</x11>
			<y11>199</y11>
		</polygon>
	</object>
	<object>
		<name>orange</name>
		<pose>Unspecified</pose>
		<truncated>0</truncated>
		<difficult>0</difficult>
		<occluded>0</occluded>
		<bndbox>
			<xmin>40</xmin>
			<xmax>98</xmax>
			<ymin>347</ymin>
			<ymax>417</ymax>
		</bndbox>
		<polygon>
			<x1>81.794351</x1>
			<y1>416</y1>
			<x2>88.902261</x2>
			<y2>409.035261</y2>
			<x3>95.378701</x3>
			<y3>392.630051</y3>
			<x4>97.091232</x4>
			<y4>377.666251</y4>
			<x5>94.101595</x5>
			<y5>363.26091199999996</y5>
			<x6>88.814494</x6>
			<y6>353.131257</y6>
			<x7>83.156941</x7>
			<y7>348.299304</y7>
			<x8>68.69623</x8>
			<y8>345.513577</y8>
			<x9>57.30314</x9>
			<y9>346.49143000000004</y9>
			<x10>44.506231</x10>
			<y10>358.018331</y10>
			<x11>40.450738</x11>
			<y11>368.381956</y11>
			<x12>39.154158</x12>
			<y12>386.923912</y12>
			<x13>41.480878</x13>
			<y13>401.282896</y13>
			<x14>47.369154</x14>
			<y14>412.341857</y14>
			<x15>52.108744</x15>
			<y15>416</y15>
			<x16>81.794351</x16>
			<y16>416</y16>
		</polygon>
	</object>
</annotation>
