<annotation>
	<folder></folder>
	<filename>image_134_png.rf.9822c139d97935d4f99a2315229ddab0.jpg</filename>
	<path>image_134_png.rf.9822c139d97935d4f99a2315229ddab0.jpg</path>
	<source>
		<database>roboflow.ai</database>
	</source>
	<size>
		<width>416</width>
		<height>416</height>
		<depth>3</depth>
	</size>
	<segmented>0</segmented>
	<object>
		<name>mango</name>
		<pose>Unspecified</pose>
		<truncated>0</truncated>
		<difficult>0</difficult>
		<occluded>0</occluded>
		<bndbox>
			<xmin>110</xmin>
			<xmax>161</xmax>
			<ymin>1</ymin>
			<ymax>22</ymax>
		</bndbox>
		<polygon>
			<x1>109.443003</x1>
			<y1>0</y1>
			<x2>111.122743</x2>
			<y2>6.23632</y2>
			<x3>117.217991</x3>
			<y3>13.730605</y3>
			<x4>137.207606</x4>
			<y4>21.312973</y4>
			<x5>149.433249</x5>
			<y5>16.866824</y5>
			<x6>155.133283</x6>
			<y6>11.080852</y6>
			<x7>160.191554</x7>
			<y7>0</y7>
			<x8>109.443003</x8>
			<y8>0</y8>
		</polygon>
	</object>
	<object>
		<name>orange</name>
		<pose>Unspecified</pose>
		<truncated>0</truncated>
		<difficult>0</difficult>
		<occluded>0</occluded>
		<bndbox>
			<xmin>1</xmin>
			<xmax>162</xmax>
			<ymin>268</ymin>
			<ymax>417</ymax>
		</bndbox>
		<polygon>
			<x1>0</x1>
			<y1>416</y1>
			<x2>153.991058</x2>
			<y2>416</y2>
			<x3>159.556647</x3>
			<y3>393.780161</y3>
			<x4>161.462535</x4>
			<y4>366.524682</y4>
			<x5>159.644518</x5>
			<y5>345.19336</y5>
			<x6>149.816606</x6>
			<y6>315.35035700000003</y6>
			<x7>130.643808</x7>
			<y7>286.620913</y7>
			<x8>97.971855</x8>
			<y8>271.083646</y8>
			<x9>61.207114</x9>
			<y9>266.745788</y9>
			<x10>49.824621</x10>
			<y10>268.600371</y10>
			<x11>31.240235</x11>
			<y11>278.78643</y11>
			<x12>16.95941</x12>
			<y12>293.690963</y12>
			<x13>3.565642</x13>
			<y13>314.842082</y13>
			<x14>0</x14>
			<y14>323.75627199999997</y14>
			<x15>0</x15>
			<y15>416</y15>
		</polygon>
	</object>
	<object>
		<name>redapple</name>
		<pose>Unspecified</pose>
		<truncated>0</truncated>
		<difficult>0</difficult>
		<occluded>0</occluded>
		<bndbox>
			<xmin>354</xmin>
			<xmax>417</xmax>
			<ymin>194</ymin>
			<ymax>282</ymax>
		</bndbox>
		<polygon>
			<x1>416</x1>
			<y1>222.61558200000002</y1>
			<x2>406.718744</x2>
			<y2>204.735476</y2>
			<x3>396.01253399999996</x3>
			<y3>196.918759</y3>
			<x4>383.681504</x4>
			<y4>193.405966</y4>
			<x5>369.356774</x5>
			<y5>199.472348</y5>
			<x6>355.365777</x6>
			<y6>219.698196</y6>
			<x7>353.477462</x7>
			<y7>237.236315</y7>
			<x8>357.04326100000003</x8>
			<y8>252.50529799999998</y8>
			<x9>365.220021</x9>
			<y9>268.096711</y9>
			<x10>379.69404399999996</x10>
			<y10>278.827422</y10>
			<x11>398.076415</x11>
			<y11>280.996351</y11>
			<x12>412.278184</x12>
			<y12>276.68838600000004</y12>
			<x13>416</x13>
			<y13>269.439246</y13>
			<x14>416</x14>
			<y14>222.61558200000002</y14>
		</polygon>
	</object>
	<object>
		<name>greenapple</name>
		<pose>Unspecified</pose>
		<truncated>0</truncated>
		<difficult>0</difficult>
		<occluded>0</occluded>
		<bndbox>
			<xmin>337</xmin>
			<xmax>363</xmax>
			<ymin>327</ymin>
			<ymax>361</ymax>
		</bndbox>
		<polygon>
			<x1>359.379394</x1>
			<y1>351.62156500000003</y1>
			<x2>361.557536</x2>
			<y2>339.404762</y2>
			<x3>356.964147</x3>
			<y3>329.36497199999997</y3>
			<x4>347.26795400000003</x4>
			<y4>326.036423</y4>
			<x5>337.492706</x5>
			<y5>333.304445</y5>
			<x6>335.85031200000003</x6>
			<y6>347.32572600000003</y6>
			<x7>340.44370100000003</x7>
			<y7>357.365517</y7>
			<x8>350.201375</x8>
			<y8>359.81485699999996</y8>
			<x9>359.379394</x9>
			<y9>351.62156500000003</y9>
		</polygon>
	</object>
</annotation>
