<annotation>
	<folder></folder>
	<filename>image_63_png.rf.051888001f1bd6898bcf467bf2ef6dfc.jpg</filename>
	<path>image_63_png.rf.051888001f1bd6898bcf467bf2ef6dfc.jpg</path>
	<source>
		<database>roboflow.ai</database>
	</source>
	<size>
		<width>416</width>
		<height>416</height>
		<depth>3</depth>
	</size>
	<segmented>0</segmented>
	<object>
		<name>orange</name>
		<pose>Unspecified</pose>
		<truncated>0</truncated>
		<difficult>0</difficult>
		<occluded>0</occluded>
		<bndbox>
			<xmin>1</xmin>
			<xmax>40</xmax>
			<ymin>1</ymin>
			<ymax>34</ymax>
		</bndbox>
		<polygon>
			<x1>0</x1>
			<y1>0</y1>
			<x2>0</x2>
			<y2>30.003141</y2>
			<x3>0.786943</x3>
			<y3>30.704605</y3>
			<x4>12.279671</x4>
			<y4>33.266175</y4>
			<x5>26.330536</x5>
			<y5>29.762901</y5>
			<x6>33.998078</x6>
			<y6>22.424139</y6>
			<x7>38.263355</x7>
			<y7>9.602124</y7>
			<x8>38.826094</x8>
			<y8>0</y8>
			<x9>0</x9>
			<y9>0</y9>
		</polygon>
	</object>
	<object>
		<name>redapple</name>
		<pose>Unspecified</pose>
		<truncated>0</truncated>
		<difficult>0</difficult>
		<occluded>0</occluded>
		<bndbox>
			<xmin>17</xmin>
			<xmax>63</xmax>
			<ymin>191</ymin>
			<ymax>213</ymax>
		</bndbox>
		<polygon>
			<x1>61.917729</x1>
			<y1>212</y1>
			<x2>49.214705</x2>
			<y2>195.008642</y2>
			<x3>36.656945</x3>
			<y3>193.617119</y3>
			<x4>32.401968</x4>
			<y4>190.155481</y4>
			<x5>30.694827</x5>
			<y5>196.912651</y5>
			<x6>21.327011</x6>
			<y6>200.152816</y6>
			<x7>16.852848</x7>
			<y7>206.695378</y7>
			<x8>16.243206</x8>
			<y8>212</y8>
			<x9>61.917729</x9>
			<y9>212</y9>
		</polygon>
	</object>
	<object>
		<name>orange</name>
		<pose>Unspecified</pose>
		<truncated>0</truncated>
		<difficult>0</difficult>
		<occluded>0</occluded>
		<bndbox>
			<xmin>203</xmin>
			<xmax>379</xmax>
			<ymin>14</ymin>
			<ymax>213</ymax>
		</bndbox>
		<polygon>
			<x1>352.778778</x1>
			<y1>212</y1>
			<x2>359.165642</x2>
			<y2>205.263791</y2>
			<x3>370.461501</x3>
			<y3>182.548311</y3>
			<x4>377.935607</x4>
			<y4>144.504616</y4>
			<x5>375.615542</x5>
			<y5>110.711891</y5>
			<x6>369.033633</x6>
			<y6>84.313297</y6>
			<x7>360.744583</x7>
			<y7>64.671875</y7>
			<x8>342.241873</x8>
			<y8>39.436461</y8>
			<x9>315.222343</x9>
			<y9>18.133538</y9>
			<x10>279.46509000000003</x10>
			<y10>13.48125</y10>
			<x11>243.274612</x11>
			<y11>20.69554</y11>
			<x12>233.054086</x12>
			<y12>25.957318</y12>
			<x13>218.569998</x13>
			<y13>41.327169</y13>
			<x14>209.61823800000002</x14>
			<y14>59.84018</y14>
			<x15>203.430067</x15>
			<y15>83.995683</y15>
			<x16>201.71090800000002</x16>
			<y16>109.750452</y16>
			<x17>203.614918</x17>
			<y17>128.27033</y17>
			<x18>211.258425</x18>
			<y18>158.926761</y18>
			<x19>221.460068</x19>
			<y19>183.51835</y19>
			<x20>244.176678</x20>
			<y20>212</y20>
			<x21>352.778778</x21>
			<y21>212</y21>
		</polygon>
	</object>
	<object>
		<name>redapple</name>
		<pose>Unspecified</pose>
		<truncated>0</truncated>
		<difficult>0</difficult>
		<occluded>0</occluded>
		<bndbox>
			<xmin>112</xmin>
			<xmax>164</xmax>
			<ymin>213</ymin>
			<ymax>280</ymax>
		</bndbox>
		<polygon>
			<x1>118.530214</x1>
			<y1>212</y1>
			<x2>115.503158</x2>
			<y2>213.92362</y2>
			<x3>111.87998999999999</x3>
			<y3>221.158511</y3>
			<x4>111.022127</x4>
			<y4>231.321953</y4>
			<x5>116.968794</x5>
			<y5>252.451902</y5>
			<x6>128.877578</x6>
			<y6>270.286319</y6>
			<x7>136.536536</x7>
			<y7>276.51727</y7>
			<x8>144.62356599999998</x8>
			<y8>279.02347</y8>
			<x9>157.18475999999998</x9>
			<y9>274.987108</y9>
			<x10>161.02024799999998</x10>
			<y10>268.603784</y10>
			<x11>162.73425500000002</x11>
			<y11>250.990844</y11>
			<x12>156.154063</x12>
			<y12>221.878308</y12>
			<x13>147.86834199999998</x13>
			<y13>212</y13>
			<x14>118.530214</x14>
			<y14>212</y14>
		</polygon>
	</object>
</annotation>
