<annotation>
	<folder></folder>
	<filename>image_104_png.rf.a7030aa788d61495c93f5ad01278df01.jpg</filename>
	<path>image_104_png.rf.a7030aa788d61495c93f5ad01278df01.jpg</path>
	<source>
		<database>roboflow.ai</database>
	</source>
	<size>
		<width>416</width>
		<height>416</height>
		<depth>3</depth>
	</size>
	<segmented>0</segmented>
	<object>
		<name>orange</name>
		<pose>Unspecified</pose>
		<truncated>0</truncated>
		<difficult>0</difficult>
		<occluded>0</occluded>
		<bndbox>
			<xmin>329</xmin>
			<xmax>354</xmax>
			<ymin>4</ymin>
			<ymax>36</ymax>
		</bndbox>
		<polygon>
			<x1>335.339966</x1>
			<y1>33.307908</y1>
			<x2>343.82081800000003</x2>
			<y2>34.711536</y2>
			<x3>352.61812599999996</x3>
			<y3>25.077593</y3>
			<x4>351.167428</x4>
			<y4>11.573052</y4>
			<x5>346.537338</x5>
			<y5>4.0658</y5>
			<x6>337.385116</x6>
			<y6>2.768508</y6>
			<x7>330.95436</x7>
			<y7>5.618281</y7>
			<x8>327.774968</x8>
			<y8>11.615571</y8>
			<x9>329.508609</x9>
			<y9>26.90654</y9>
			<x10>335.339966</x10>
			<y10>33.307908</y10>
		</polygon>
	</object>
	<object>
		<name>greenapple</name>
		<pose>Unspecified</pose>
		<truncated>0</truncated>
		<difficult>0</difficult>
		<occluded>0</occluded>
		<bndbox>
			<xmin>354</xmin>
			<xmax>378</xmax>
			<ymin>145</ymin>
			<ymax>159</ymax>
		</bndbox>
		<polygon>
			<x1>376.653613</x1>
			<y1>158</y1>
			<x2>376.488294</x2>
			<y2>154.061922</y2>
			<x3>369.41968099999997</x3>
			<y3>144.194033</y3>
			<x4>361.751671</x4>
			<y4>143.577284</y4>
			<x5>353.484262</x5>
			<y5>152.211679</y5>
			<x6>353.672197</x6>
			<y6>158</y6>
			<x7>376.653613</x7>
			<y7>158</y7>
		</polygon>
	</object>
	<object>
		<name>orange</name>
		<pose>Unspecified</pose>
		<truncated>0</truncated>
		<difficult>0</difficult>
		<occluded>0</occluded>
		<bndbox>
			<xmin>8</xmin>
			<xmax>66</xmax>
			<ymin>241</ymin>
			<ymax>317</ymax>
		</bndbox>
		<polygon>
			<x1>44.383801</x1>
			<y1>240.27684399999998</y1>
			<x2>25.161031</x2>
			<y2>240.574569</y2>
			<x3>14.4551</x3>
			<y3>246.848325</y3>
			<x4>7.849359</x4>
			<y4>261.628882</y4>
			<x5>6.89752</x5>
			<y5>277.345189</y5>
			<x6>10.786741</x6>
			<y6>293.210369</y6>
			<x7>17.608397</x7>
			<y7>305.864234</y7>
			<x8>27.221018</x8>
			<y8>314.413571</y8>
			<x9>37.857451</x9>
			<y9>316.391409</y9>
			<x10>55.030124</x10>
			<y10>311.840283</y10>
			<x11>61.813322</x11>
			<y11>302.525344</y11>
			<x12>65.203685</x12>
			<y12>289.169675</y12>
			<x13>62.019347</x13>
			<y13>260.374163</y13>
			<x14>55.480633</x14>
			<y14>249.50672600000001</y14>
			<x15>44.383801</x15>
			<y15>240.27684399999998</y15>
		</polygon>
	</object>
	<object>
		<name>greenapple</name>
		<pose>Unspecified</pose>
		<truncated>0</truncated>
		<difficult>0</difficult>
		<occluded>0</occluded>
		<bndbox>
			<xmin>131</xmin>
			<xmax>157</xmax>
			<ymin>333</ymin>
			<ymax>364</ymax>
		</bndbox>
		<polygon>
			<x1>155.637535</x1>
			<y1>351.758493</y1>
			<x2>152.314199</x2>
			<y2>339.46616900000004</y2>
			<x3>144.185789</x3>
			<y3>331.597376</y3>
			<x4>137.47209</x4>
			<y4>332.66072099999997</y4>
			<x5>129.876052</x5>
			<y5>341.188781</y5>
			<x6>131.185278</x6>
			<y6>353.800109</y6>
			<x7>139.596631</x7>
			<y7>363.45533</y7>
			<x8>150.338549</x8>
			<y8>361.75397699999996</y8>
			<x9>155.637535</x9>
			<y9>351.758493</y9>
		</polygon>
	</object>
</annotation>
