<annotation>
	<folder></folder>
	<filename>image_1_png.rf.4592f579041f864d7805c0dd63f04f5e.jpg</filename>
	<path>image_1_png.rf.4592f579041f864d7805c0dd63f04f5e.jpg</path>
	<source>
		<database>roboflow.ai</database>
	</source>
	<size>
		<width>416</width>
		<height>416</height>
		<depth>3</depth>
	</size>
	<segmented>0</segmented>
	<object>
		<name>greenapple</name>
		<pose>Unspecified</pose>
		<truncated>0</truncated>
		<difficult>0</difficult>
		<occluded>0</occluded>
		<bndbox>
			<xmin>61</xmin>
			<xmax>235</xmax>
			<ymin>1</ymin>
			<ymax>113</ymax>
		</bndbox>
		<polygon>
			<x1>61.188341</x1>
			<y1>0</y1>
			<x2>60.307159</x2>
			<y2>10.858037</y2>
			<x3>63.119288</x3>
			<y3>42.091335</y3>
			<x4>77.199976</x4>
			<y4>83.829254</y4>
			<x5>92.815576</x5>
			<y5>102.466233</y5>
			<x6>101.12503</x6>
			<y6>107.836646</y6>
			<x7>116.729555</x7>
			<y7>112</y7>
			<x8>171.25508</x8>
			<y8>112</y8>
			<x9>179.346427</x9>
			<y9>108.24429</y9>
			<x10>194.637293</x10>
			<y10>93.473546</y10>
			<x11>220.217035</x11>
			<y11>49.35316</y11>
			<x12>229.223201</x12>
			<y12>26.038193</y12>
			<x13>234.354038</x13>
			<y13>1.8995</y13>
			<x14>234.339888</x14>
			<y14>0</y14>
			<x15>61.188341</x15>
			<y15>0</y15>
		</polygon>
	</object>
	<object>
		<name>capsicum</name>
		<pose>Unspecified</pose>
		<truncated>0</truncated>
		<difficult>0</difficult>
		<occluded>0</occluded>
		<bndbox>
			<xmin>63</xmin>
			<xmax>99</xmax>
			<ymin>290</ymin>
			<ymax>347</ymax>
		</bndbox>
		<polygon>
			<x1>73.418767</x1>
			<y1>293.107179</y1>
			<x2>67.152197</x2>
			<y2>297.181455</y2>
			<x3>61.654871</x3>
			<y3>323.04434100000003</y3>
			<x4>65.094755</x4>
			<y4>341.796429</y4>
			<x5>78.475158</x5>
			<y5>345.541567</y5>
			<x6>84.92497</x6>
			<y6>340.605196</y6>
			<x7>94.123446</x7>
			<y7>322.737381</y7>
			<x8>97.605086</x8>
			<y8>306.357553</y8>
			<x9>95.5622</x9>
			<y9>296.912865</y9>
			<x10>81.806243</x10>
			<y10>288.58267</y10>
			<x11>80.06089</x11>
			<y11>293.61796000000004</y11>
			<x12>73.418767</x12>
			<y12>293.107179</y12>
		</polygon>
	</object>
	<object>
		<name>redapple</name>
		<pose>Unspecified</pose>
		<truncated>0</truncated>
		<difficult>0</difficult>
		<occluded>0</occluded>
		<bndbox>
			<xmin>198</xmin>
			<xmax>246</xmax>
			<ymin>316</ymin>
			<ymax>395</ymax>
		</bndbox>
		<polygon>
			<x1>245</x1>
			<y1>332.108943</y1>
			<x2>244.116426</x2>
			<y2>328.489041</y2>
			<x3>234.052552</x3>
			<y3>321.844668</y3>
			<x4>229.52227</x4>
			<y4>314.574406</y4>
			<x5>224.364233</x5>
			<y5>319.785353</y5>
			<x6>213.663538</x6>
			<y6>319.312942</y6>
			<x7>207.396969</x7>
			<y7>323.38721699999996</y7>
			<x8>201.322712</x8>
			<y8>332.908645</y8>
			<x9>197.378427</x9>
			<y9>348.289089</y9>
			<x10>199.256202</x10>
			<y10>371.214371</y10>
			<x11>204.720838</x11>
			<y11>386.79265</y11>
			<x12>218.660039</x12>
			<y12>394.260749</y12>
			<x13>226.960428</x13>
			<y13>393.321913</y13>
			<x14>234.605861</x14>
			<y14>385.936541</y14>
			<x15>241.413096</x15>
			<y15>372.966728</y15>
			<x16>245</x16>
			<y16>360.22934799999996</y16>
			<x17>245</x17>
			<y17>332.108943</y17>
		</polygon>
	</object>
	<object>
		<name>greenapple</name>
		<pose>Unspecified</pose>
		<truncated>0</truncated>
		<difficult>0</difficult>
		<occluded>0</occluded>
		<bndbox>
			<xmin>224</xmin>
			<xmax>246</xmax>
			<ymin>186</ymin>
			<ymax>218</ymax>
		</bndbox>
		<polygon>
			<x1>245</x1>
			<y1>193.049172</y1>
			<x2>243.45432</x2>
			<y2>188.686184</y2>
			<x3>235.424266</x3>
			<y3>185.177252</y3>
			<x4>226.853544</x4>
			<y4>190.563856</y4>
			<x5>222.813106</x5>
			<y5>203.22072300000002</y5>
			<x6>226.147767</x6>
			<y6>212.939987</y6>
			<x7>235.469598</x7>
			<y7>216.723495</y7>
			<x8>243.211187</x8>
			<y8>212.061699</y8>
			<x9>245</x9>
			<y9>206.458157</y9>
			<x10>245</x10>
			<y10>193.049172</y10>
		</polygon>
	</object>
	<object>
		<name>redapple</name>
		<pose>Unspecified</pose>
		<truncated>0</truncated>
		<difficult>0</difficult>
		<occluded>0</occluded>
		<bndbox>
			<xmin>354</xmin>
			<xmax>403</xmax>
			<ymin>113</ymin>
			<ymax>158</ymax>
		</bndbox>
		<polygon>
			<x1>353.829995</x1>
			<y1>112</y1>
			<x2>353.367729</x2>
			<y2>114.174791</y2>
			<x3>357.375478</x3>
			<y3>142.959089</y3>
			<x4>364.585466</x4>
			<y4>153.50208</y4>
			<x5>372.615521</x5>
			<y5>157.011011</y5>
			<x6>381.561797</x6>
			<y6>156.209464</y6>
			<x7>391.231983</x7>
			<y7>145.650282</y7>
			<x8>397.210086</x8>
			<y8>133.405278</y8>
			<x9>401.75991899999997</x9>
			<y9>112</y9>
			<x10>353.829995</x10>
			<y10>112</y10>
		</polygon>
	</object>
	<object>
		<name>capsicum</name>
		<pose>Unspecified</pose>
		<truncated>0</truncated>
		<difficult>0</difficult>
		<occluded>0</occluded>
		<bndbox>
			<xmin>297</xmin>
			<xmax>332</xmax>
			<ymin>359</ymin>
			<ymax>416</ymax>
		</bndbox>
		<polygon>
			<x1>306.589634</x1>
			<y1>362.831988</y1>
			<x2>300.968953</x2>
			<y2>367.04355</y2>
			<x3>296.204604</x3>
			<y3>389.458052</y3>
			<x4>296.781536</x4>
			<y4>405.799509</y4>
			<x5>299.557399</x5>
			<y5>411.795813</y5>
			<x6>312.47515799999996</x6>
			<y6>414.541567</y6>
			<x7>323.15772</x7>
			<y7>402.395481</y7>
			<x8>331.238598</x8>
			<y8>377.081746</y8>
			<x9>330.02484400000003</x9>
			<y9>366.91225</y9>
			<x10>316.452131</x10>
			<y10>357.719958</y10>
			<x11>314.06089</x11>
			<y11>362.61796000000004</y11>
			<x12>306.589634</x12>
			<y12>362.831988</y12>
		</polygon>
	</object>
</annotation>
