<annotation>
	<folder></folder>
	<filename>image_166_png.rf.85a1676310ca1ffae179d1658e46b319.jpg</filename>
	<path>image_166_png.rf.85a1676310ca1ffae179d1658e46b319.jpg</path>
	<source>
		<database>roboflow.ai</database>
	</source>
	<size>
		<width>416</width>
		<height>416</height>
		<depth>3</depth>
	</size>
	<segmented>0</segmented>
	<object>
		<name>redapple</name>
		<pose>Unspecified</pose>
		<truncated>0</truncated>
		<difficult>0</difficult>
		<occluded>0</occluded>
		<bndbox>
			<xmin>11</xmin>
			<xmax>62</xmax>
			<ymin>1</ymin>
			<ymax>68</ymax>
		</bndbox>
		<polygon>
			<x1>19.695583</x1>
			<y1>0</y1>
			<x2>15.021252</x2>
			<y2>2.551386</y2>
			<x3>9.730129</x3>
			<y3>12.941532</y3>
			<x4>13.050778</x4>
			<y4>35.37999</y4>
			<x5>23.86057</x5>
			<y5>53.120019</y5>
			<x6>35.835911</x6>
			<y6>65.164306</y6>
			<x7>43.86383</x7>
			<y7>67.499428</y7>
			<x8>53.909458</x8>
			<y8>64.80771</y8>
			<x9>58.887195</x9>
			<y9>60.782212</y9>
			<x10>61.397523</x10>
			<y10>47.548221</y10>
			<x11>60.499205</x11>
			<y11>31.638616</y11>
			<x12>55.788698</x12>
			<y12>14.058766</y12>
			<x13>46.070701</x13>
			<y13>0</y13>
			<x14>19.695583</x14>
			<y14>0</y14>
		</polygon>
	</object>
	<object>
		<name>capsicum</name>
		<pose>Unspecified</pose>
		<truncated>0</truncated>
		<difficult>0</difficult>
		<occluded>0</occluded>
		<bndbox>
			<xmin>47</xmin>
			<xmax>81</xmax>
			<ymin>134</ymin>
			<ymax>189</ymax>
		</bndbox>
		<polygon>
			<x1>54.947325</x1>
			<y1>139.000481</y1>
			<x2>45.844013</x2>
			<y2>147.720382</y2>
			<x3>49.298816</x3>
			<y3>165.636697</y3>
			<x4>56.699962</x4>
			<y4>180.701114</y4>
			<x5>63.965875</x5>
			<y5>187.726611</y5>
			<x6>76.522911</x6>
			<y6>184.361963</y6>
			<x7>79.572014</x7>
			<y7>178.161522</y7>
			<x8>79.795245</x8>
			<y8>166.437597</y8>
			<x9>75.622435</x9>
			<y9>143.330235</y9>
			<x10>70.240077</x10>
			<y10>135.80004</y10>
			<x11>57.637964</x11>
			<y11>136.485048</y11>
			<x12>55.485021</x12>
			<y12>133.472969</y12>
			<x13>54.947325</x13>
			<y13>139.000481</y13>
		</polygon>
	</object>
	<object>
		<name>mango</name>
		<pose>Unspecified</pose>
		<truncated>0</truncated>
		<difficult>0</difficult>
		<occluded>0</occluded>
		<bndbox>
			<xmin>179</xmin>
			<xmax>219</xmax>
			<ymin>192</ymin>
			<ymax>225</ymax>
		</bndbox>
		<polygon>
			<x1>178</x1>
			<y1>224</y1>
			<x2>218.170496</x2>
			<y2>224</y2>
			<x3>218.216984</x3>
			<y3>222.869153</y3>
			<x4>214.403717</x4>
			<y4>208.637845</y4>
			<x5>197.539717</x5>
			<y5>193.417275</y5>
			<x6>189.511798</x6>
			<y6>191.082152</y6>
			<x7>178</x7>
			<y7>194.166729</y7>
			<x8>178</x8>
			<y8>224</y8>
		</polygon>
	</object>
	<object>
		<name>redapple</name>
		<pose>Unspecified</pose>
		<truncated>0</truncated>
		<difficult>0</difficult>
		<occluded>0</occluded>
		<bndbox>
			<xmin>312</xmin>
			<xmax>388</xmax>
			<ymin>127</ymin>
			<ymax>209</ymax>
		</bndbox>
		<polygon>
			<x1>328.040575</x1>
			<y1>127.943537</y1>
			<x2>318.937264</x2>
			<y2>136.663438</y2>
			<x3>311.360122</x3>
			<y3>161.12471</y3>
			<x4>313.469066</x4>
			<y4>174.018211</y4>
			<x5>324.50316799999996</x5>
			<y5>192.595377</y5>
			<x6>336.882051</x6>
			<y6>203.634295</y6>
			<x7>352.93788900000004</x7>
			<y7>208.30454</y7>
			<x8>372.625604</x8>
			<y8>203.926472</y8>
			<x9>383.83678</x9>
			<y9>195.53901</y9>
			<x10>387.15311399999996</x10>
			<y10>167.73322</y10>
			<x11>381.90491099999997</x11>
			<y11>155.680881</y11>
			<x12>353.28988000000004</x12>
			<y12>129.253161</y12>
			<x13>338.310514</x13>
			<y13>126.088955</y13>
			<x14>328.040575</x14>
			<y14>127.943537</y14>
		</polygon>
	</object>
	<object>
		<name>greenapple</name>
		<pose>Unspecified</pose>
		<truncated>0</truncated>
		<difficult>0</difficult>
		<occluded>0</occluded>
		<bndbox>
			<xmin>1</xmin>
			<xmax>18</xmax>
			<ymin>274</ymin>
			<ymax>329</ymax>
		</bndbox>
		<polygon>
			<x1>0</x1>
			<y1>328.083698</y1>
			<x2>13.499692</x2>
			<y2>323.102381</y2>
			<x3>17.041414</x3>
			<y3>308.694789</y3>
			<x4>16.143096</x4>
			<y4>292.785184</y4>
			<x5>12.599216</x5>
			<y5>282.070652</y5>
			<x6>4.481142</x6>
			<y6>274.37625</y6>
			<x7>0</x7>
			<y7>272.538039</y7>
			<x8>0</x8>
			<y8>328.083698</y8>
		</polygon>
	</object>
	<object>
		<name>orange</name>
		<pose>Unspecified</pose>
		<truncated>0</truncated>
		<difficult>0</difficult>
		<occluded>0</occluded>
		<bndbox>
			<xmin>179</xmin>
			<xmax>213</xmax>
			<ymin>281</ymin>
			<ymax>354</ymax>
		</bndbox>
		<polygon>
			<x1>178</x1>
			<y1>351.485032</y1>
			<x2>184.147764</x2>
			<y2>353.31863699999997</y2>
			<x3>204.418254</x3>
			<y3>346.092697</y3>
			<x4>211.144312</x4>
			<y4>333.52358300000003</y4>
			<x5>212.264783</x5>
			<y5>325.148199</y5>
			<x6>211.45662</x6>
			<y6>314.597874</y6>
			<x7>204.81748</x7>
			<y7>294.843081</y7>
			<x8>198.80727100000001</x8>
			<y8>287.481118</y8>
			<x9>186.697776</x9>
			<y9>279.958975</y9>
			<x10>178</x10>
			<y10>281.55219</y10>
			<x11>178</x11>
			<y11>351.485032</y11>
		</polygon>
	</object>
	<object>
		<name>capsicum</name>
		<pose>Unspecified</pose>
		<truncated>0</truncated>
		<difficult>0</difficult>
		<occluded>0</occluded>
		<bndbox>
			<xmin>258</xmin>
			<xmax>293</xmax>
			<ymin>225</ymin>
			<ymax>267</ymax>
		</bndbox>
		<polygon>
			<x1>258.712104</x1>
			<y1>224</y1>
			<x2>257.46256</x2>
			<y2>225.108035</y2>
			<x3>263.115383</x3>
			<y3>248.716067</y3>
			<x4>275.18088</x4>
			<y4>266.119633</y4>
			<x5>288.99361899999997</x5>
			<y5>262.41852</y5>
			<x6>292.042722</x6>
			<y6>256.218079</y6>
			<x7>291.727178</x7>
			<y7>237.460603</y7>
			<x8>288.12041999999997</x8>
			<y8>224</y8>
			<x9>258.712104</x9>
			<y9>224</y9>
		</polygon>
	</object>
	<object>
		<name>redapple</name>
		<pose>Unspecified</pose>
		<truncated>0</truncated>
		<difficult>0</difficult>
		<occluded>0</occluded>
		<bndbox>
			<xmin>303</xmin>
			<xmax>378</xmax>
			<ymin>355</ymin>
			<ymax>417</ymax>
		</bndbox>
		<polygon>
			<x1>374.89045999999996</x1>
			<y1>416</y1>
			<x2>376.59242800000004</x2>
			<y2>395.96337700000004</y2>
			<x3>374.57364</x3>
			<y3>388.42915500000004</y3>
			<x4>368.339121</x4>
			<y4>380.230057</y4>
			<x5>343.35704599999997</x5>
			<y5>357.315085</y5>
			<x6>326.89766599999996</x6>
			<y6>353.650208</y6>
			<x7>315.596334</x7>
			<y7>356.67839100000003</y7>
			<x8>304.744701</x8>
			<y8>373.941908</y8>
			<x9>301.875908</x9>
			<y9>390.860907</y9>
			<x10>307.214266</x10>
			<y10>408.272524</y10>
			<x11>312.964921</x11>
			<y11>416</y11>
			<x12>374.89045999999996</x12>
			<y12>416</y12>
		</polygon>
	</object>
</annotation>
