<annotation>
	<folder></folder>
	<filename>image_24_png.rf.a99d0903af637d0b10fc8a0213ae9ddf.jpg</filename>
	<path>image_24_png.rf.a99d0903af637d0b10fc8a0213ae9ddf.jpg</path>
	<source>
		<database>roboflow.ai</database>
	</source>
	<size>
		<width>416</width>
		<height>416</height>
		<depth>3</depth>
	</size>
	<segmented>0</segmented>
	<object>
		<name>capsicum</name>
		<pose>Unspecified</pose>
		<truncated>0</truncated>
		<difficult>0</difficult>
		<occluded>0</occluded>
		<bndbox>
			<xmin>1</xmin>
			<xmax>143</xmax>
			<ymin>1</ymin>
			<ymax>233</ymax>
		</bndbox>
		<polygon>
			<x1>0</x1>
			<y1>0</y1>
			<x2>0</x2>
			<y2>200.338209</y2>
			<x3>5.017737</x3>
			<y3>208.613143</y3>
			<x4>15.851502</x4>
			<y4>216.987464</y4>
			<x5>58.177161</x5>
			<y5>231.870042</y5>
			<x6>70.395524</x6>
			<y6>228.967706</y6>
			<x7>90.267433</x7>
			<y7>212.036388</y7>
			<x8>106.457081</x8>
			<y8>192.891919</y8>
			<x9>127.449741</x9>
			<y9>139.997188</y9>
			<x10>137.010255</x10>
			<y10>105.070048</y10>
			<x11>142.46248</x11>
			<y11>71.399498</y11>
			<x12>140.869706</x12>
			<y12>30.700341</y12>
			<x13>134.34708</x13>
			<y13>14.050233</y13>
			<x14>118.516823</x14>
			<y14>0</y14>
			<x15>0</x15>
			<y15>0</y15>
		</polygon>
	</object>
	<object>
		<name>mango</name>
		<pose>Unspecified</pose>
		<truncated>0</truncated>
		<difficult>0</difficult>
		<occluded>0</occluded>
		<bndbox>
			<xmin>296</xmin>
			<xmax>349</xmax>
			<ymin>41</ymin>
			<ymax>101</ymax>
		</bndbox>
		<polygon>
			<x1>300.70025699999997</x1>
			<y1>52.807481</y1>
			<x2>295.750071</x2>
			<y2>66.287879</y2>
			<x3>295.450882</x3>
			<y3>79.458836</y3>
			<x4>302.399538</x4>
			<y4>92.639202</y4>
			<x5>312.041385</x5>
			<y5>99.986662</y5>
			<x6>330.43235200000004</x6>
			<y6>100.483763</y6>
			<x7>344.57802200000003</x7>
			<y7>87.251915</y7>
			<x8>347.56023600000003</x8>
			<y8>62.963727</y8>
			<x9>336.706138</x9>
			<y9>44.020755</y9>
			<x10>319.39041399999996</x10>
			<y10>40.133626</y10>
			<x11>308.363967</x11>
			<y11>44.062826</y11>
			<x12>300.70025699999997</x12>
			<y12>52.807481</y12>
		</polygon>
	</object>
	<object>
		<name>greenapple</name>
		<pose>Unspecified</pose>
		<truncated>0</truncated>
		<difficult>0</difficult>
		<occluded>0</occluded>
		<bndbox>
			<xmin>151</xmin>
			<xmax>175</xmax>
			<ymin>130</ymin>
			<ymax>163</ymax>
		</bndbox>
		<polygon>
			<x1>171.953801</x1>
			<y1>156.749144</y1>
			<x2>174.094121</x2>
			<y2>144.684763</y2>
			<x3>169.19961</x3>
			<y3>130.8761</y3>
			<x4>162.813992</x4>
			<y4>129.211533</y4>
			<x5>152.010727</x5>
			<y5>136.690186</y5>
			<x6>149.657391</x6>
			<y6>150.489438</y6>
			<x7>155.084441</x7>
			<y7>159.960923</y7>
			<x8>165.365334</x8>
			<y8>162.103771</y8>
			<x9>171.953801</x9>
			<y9>156.749144</y9>
		</polygon>
	</object>
	<object>
		<name>mango</name>
		<pose>Unspecified</pose>
		<truncated>0</truncated>
		<difficult>0</difficult>
		<occluded>0</occluded>
		<bndbox>
			<xmin>34</xmin>
			<xmax>64</xmax>
			<ymin>308</ymin>
			<ymax>346</ymax>
		</bndbox>
		<polygon>
			<x1>59.238279</x1>
			<y1>337.908817</y1>
			<x2>62.677024</x2>
			<y2>326.00386100000003</y2>
			<x3>57.782513</x3>
			<y3>312.1952</y3>
			<x4>47.17193</x4>
			<y4>307.370332</y4>
			<x5>38.84884</x5>
			<y5>310.75095</y5>
			<x6>33.339388</x6>
			<y6>320.971205</y6>
			<x7>37.165051</x7>
			<y7>335.19856500000003</y7>
			<x8>49.190733</x8>
			<y8>344.599748</y8>
			<x9>59.238279</x9>
			<y9>337.908817</y9>
		</polygon>
	</object>
	<object>
		<name>orange</name>
		<pose>Unspecified</pose>
		<truncated>0</truncated>
		<difficult>0</difficult>
		<occluded>0</occluded>
		<bndbox>
			<xmin>247</xmin>
			<xmax>417</xmax>
			<ymin>246</ymin>
			<ymax>402</ymax>
		</bndbox>
		<polygon>
			<x1>255.194843</x1>
			<y1>245</y1>
			<x2>253.83953400000001</x2>
			<y2>247.964351</y2>
			<x3>248.793007</x3>
			<y3>267.59651</y3>
			<x4>245.75511799999998</x4>
			<y4>319.173758</y4>
			<x5>248.818665</x5>
			<y5>337.160171</y5>
			<x6>257.628785</x6>
			<y6>362.015762</y6>
			<x7>267.61048900000003</x7>
			<y7>377.329567</y7>
			<x8>277.688534</x8>
			<y8>386.49161000000004</y8>
			<x9>309.520283</x9>
			<y9>400.966211</y9>
			<x10>344.461088</x10>
			<y10>400.853838</y10>
			<x11>363.91713200000004</x11>
			<y11>392.676586</y11>
			<x12>374.177692</x12>
			<y12>384.250783</y12>
			<x13>388.749392</x13>
			<y13>367.549195</y13>
			<x14>402.119008</x14>
			<y14>344.536419</y14>
			<x15>414.159699</x15>
			<y15>305.511242</y15>
			<x16>416</x16>
			<y16>266.772335</y16>
			<x17>416</x17>
			<y17>260.861595</y17>
			<x18>411.688444</x18>
			<y18>245</y18>
			<x19>255.194843</x19>
			<y19>245</y19>
		</polygon>
	</object>
</annotation>
