<annotation>
	<folder></folder>
	<filename>image_127_png.rf.4a8b86facc247751995015c8628dfabc.jpg</filename>
	<path>image_127_png.rf.4a8b86facc247751995015c8628dfabc.jpg</path>
	<source>
		<database>roboflow.ai</database>
	</source>
	<size>
		<width>416</width>
		<height>416</height>
		<depth>3</depth>
	</size>
	<segmented>0</segmented>
	<object>
		<name>capsicum</name>
		<pose>Unspecified</pose>
		<truncated>0</truncated>
		<difficult>0</difficult>
		<occluded>0</occluded>
		<bndbox>
			<xmin>71</xmin>
			<xmax>96</xmax>
			<ymin>24</ymin>
			<ymax>63</ymax>
		</bndbox>
		<polygon>
			<x1>95.205826</x1>
			<y1>50.109528</y1>
			<x2>95.023807</x2>
			<y2>32.372383</y2>
			<x3>90.887547</x3>
			<y3>25.776453</y3>
			<x4>81.174958</x4>
			<y4>22.529135</y4>
			<x5>69.796545</x5>
			<y5>32.805976</y5>
			<x6>71.407699</x6>
			<y6>45.927773</y6>
			<x7>79.132234</x7>
			<y7>60.074891</y7>
			<x8>87.319212</x8>
			<y8>61.73358</y8>
			<x9>95.205826</x9>
			<y9>50.109528</y9>
		</polygon>
	</object>
	<object>
		<name>capsicum</name>
		<pose>Unspecified</pose>
		<truncated>0</truncated>
		<difficult>0</difficult>
		<occluded>0</occluded>
		<bndbox>
			<xmin>220</xmin>
			<xmax>387</xmax>
			<ymin>1</ymin>
			<ymax>154</ymax>
		</bndbox>
		<polygon>
			<x1>221.87967600000002</x1>
			<y1>0</y1>
			<x2>218.61108000000002</x2>
			<y2>16.892042</y2>
			<x3>223.959726</x3>
			<y3>71.289746</y3>
			<x4>245.76786800000002</x4>
			<y4>140.537998</y4>
			<x5>251.431862</x5>
			<y5>153</y5>
			<x6>377.998082</x6>
			<y6>153</y6>
			<x7>379.199071</x7>
			<y7>149.017999</y7>
			<x8>385.583871</x8>
			<y8>70.98024</y8>
			<x9>381.320262</x9>
			<y9>20.00121</y9>
			<x10>376.374094</x10>
			<y10>0</y10>
			<x11>221.87967600000002</x11>
			<y11>0</y11>
		</polygon>
	</object>
	<object>
		<name>mango</name>
		<pose>Unspecified</pose>
		<truncated>0</truncated>
		<difficult>0</difficult>
		<occluded>0</occluded>
		<bndbox>
			<xmin>1</xmin>
			<xmax>35</xmax>
			<ymin>305</ymin>
			<ymax>374</ymax>
		</bndbox>
		<polygon>
			<x1>0</x1>
			<y1>373.034021</y1>
			<x2>15.386406</x2>
			<y2>365.331674</y2>
			<x3>29.62309</x3>
			<y3>345.824135</y3>
			<x4>33.577331</x4>
			<y4>334.682917</y4>
			<x5>28.377902</x5>
			<y5>314.009933</y5>
			<x6>13.873658</x6>
			<y6>304.247158</y6>
			<x7>0</x7>
			<y7>305.347464</y7>
			<x8>0</x8>
			<y8>373.034021</y8>
		</polygon>
	</object>
	<object>
		<name>orange</name>
		<pose>Unspecified</pose>
		<truncated>0</truncated>
		<difficult>0</difficult>
		<occluded>0</occluded>
		<bndbox>
			<xmin>1</xmin>
			<xmax>27</xmax>
			<ymin>188</ymin>
			<ymax>261</ymax>
		</bndbox>
		<polygon>
			<x1>0</x1>
			<y1>259.712124</y1>
			<x2>11.457891</x2>
			<y2>257.481114</y2>
			<x3>17.582205</x3>
			<y3>253.177245</y3>
			<x4>24.491193</x4>
			<y4>239.00930599999998</y4>
			<x5>25.823853</x5>
			<y5>228.189979</y5>
			<x6>23.568237</x6>
			<y6>209.819464</y6>
			<x7>18.787516</x7>
			<y7>197.974816</y7>
			<x8>10.289241</x8>
			<y8>188.362576</y8>
			<x9>0</x9>
			<y9>186.74002000000002</y9>
			<x10>0</x10>
			<y10>259.712124</y10>
		</polygon>
	</object>
	<object>
		<name>capsicum</name>
		<pose>Unspecified</pose>
		<truncated>0</truncated>
		<difficult>0</difficult>
		<occluded>0</occluded>
		<bndbox>
			<xmin>73</xmin>
			<xmax>97</xmax>
			<ymin>154</ymin>
			<ymax>171</ymax>
		</bndbox>
		<polygon>
			<x1>71.809619</x1>
			<y1>153</y1>
			<x2>71.951093</x2>
			<y2>154.152209</y2>
			<x3>79.127642</x3>
			<y3>169.254586</y3>
			<x4>90.484187</x4>
			<y4>169.636126</y4>
			<x5>95.85663</x5>
			<y5>159.208751</y5>
			<x6>95.938671</x6>
			<y6>153</y6>
			<x7>71.809619</x7>
			<y7>153</y7>
		</polygon>
	</object>
	<object>
		<name>greenapple</name>
		<pose>Unspecified</pose>
		<truncated>0</truncated>
		<difficult>0</difficult>
		<occluded>0</occluded>
		<bndbox>
			<xmin>95</xmin>
			<xmax>118</xmax>
			<ymin>280</ymin>
			<ymax>309</ymax>
		</bndbox>
		<polygon>
			<x1>116.652415</x1>
			<y1>296.067388</y1>
			<x2>115.578312</x2>
			<y2>287.319523</y2>
			<x3>110.023851</x3>
			<y3>280.009752</y3>
			<x4>99.215292</x4>
			<y4>278.672952</y4>
			<x5>93.520618</x5>
			<y5>286.47596799999997</y5>
			<x6>93.820981</x6>
			<y6>299.758709</y6>
			<x7>100.793644</x7>
			<y7>307.782322</y7>
			<x8>111.387383</x8>
			<y8>307.369549</y8>
			<x9>116.652415</x9>
			<y9>296.067388</y9>
		</polygon>
	</object>
	<object>
		<name>mango</name>
		<pose>Unspecified</pose>
		<truncated>0</truncated>
		<difficult>0</difficult>
		<occluded>0</occluded>
		<bndbox>
			<xmin>395</xmin>
			<xmax>417</xmax>
			<ymin>167</ymin>
			<ymax>202</ymax>
		</bndbox>
		<polygon>
			<x1>416</x1>
			<y1>171.84136</y1>
			<x2>413.334142</x2>
			<y2>168.333043</y2>
			<x3>401.107381</x3>
			<y3>166.282401</y3>
			<x4>393.553931</x4>
			<y4>175.201621</y4>
			<x5>395.272496</x5>
			<y5>189.198204</y5>
			<x6>405.188971</x6>
			<y6>199.524285</y6>
			<x7>414.686739</x7>
			<y7>201.022031</y7>
			<x8>416</x8>
			<y8>198.941417</y8>
			<x9>416</x9>
			<y9>171.84136</y9>
		</polygon>
	</object>
	<object>
		<name>greenapple</name>
		<pose>Unspecified</pose>
		<truncated>0</truncated>
		<difficult>0</difficult>
		<occluded>0</occluded>
		<bndbox>
			<xmin>287</xmin>
			<xmax>309</xmax>
			<ymin>323</ymin>
			<ymax>353</ymax>
		</bndbox>
		<polygon>
			<x1>308.024491</x1>
			<y1>345.538773</y1>
			<x2>308.16470200000003</x2>
			<y2>330.42598599999997</y2>
			<x3>301.847436</x3>
			<y3>322.321901</y3>
			<x4>293.112473</x4>
			<y4>321.61847</y4>
			<x5>285.999598</x5>
			<y5>328.707645</y5>
			<x6>286.407371</x6>
			<y6>342.865173</y6>
			<x7>291.96183199999996</x7>
			<y7>350.174944</y7>
			<x8>302.114996</x8>
			<y8>351.592216</y8>
			<x9>308.024491</x9>
			<y9>345.538773</y9>
		</polygon>
	</object>
</annotation>
