<annotation>
	<folder></folder>
	<filename>image_163_png.rf.63c2c815fbd4161faeb773065abbee11.jpg</filename>
	<path>image_163_png.rf.63c2c815fbd4161faeb773065abbee11.jpg</path>
	<source>
		<database>roboflow.ai</database>
	</source>
	<size>
		<width>416</width>
		<height>416</height>
		<depth>3</depth>
	</size>
	<segmented>0</segmented>
	<object>
		<name>greenapple</name>
		<pose>Unspecified</pose>
		<truncated>0</truncated>
		<difficult>0</difficult>
		<occluded>0</occluded>
		<bndbox>
			<xmin>34</xmin>
			<xmax>59</xmax>
			<ymin>1</ymin>
			<ymax>12</ymax>
		</bndbox>
		<polygon>
			<x1>33.436299</x1>
			<y1>0</y1>
			<x2>38.120626</x2>
			<y2>8.688543</y2>
			<x3>49.070469</x3>
			<y3>10.712552</y3>
			<x4>58.153118</x4>
			<y4>1.706699</y4>
			<x5>58.182909</x5>
			<y5>0</y5>
			<x6>33.436299</x6>
			<y6>0</y6>
		</polygon>
	</object>
	<object>
		<name>mango</name>
		<pose>Unspecified</pose>
		<truncated>0</truncated>
		<difficult>0</difficult>
		<occluded>0</occluded>
		<bndbox>
			<xmin>17</xmin>
			<xmax>44</xmax>
			<ymin>125</ymin>
			<ymax>163</ymax>
		</bndbox>
		<polygon>
			<x1>43.143953</x1>
			<y1>153.57361</y1>
			<x2>43.431802</x2>
			<y2>137.08273</y2>
			<x3>37.430434</x3>
			<y3>126.897144</y3>
			<x4>25.123855</x4>
			<y4>123.933016</y4>
			<x5>16.041206</x5>
			<y5>132.938868</y5>
			<x6>15.801332</x6>
			<y6>146.681269</y6>
			<x7>25.872909</x7>
			<y7>159.687217</y7>
			<x8>35.450023</x8>
			<y8>161.687264</y8>
			<x9>43.143953</x9>
			<y9>153.57361</y9>
		</polygon>
	</object>
	<object>
		<name>redapple</name>
		<pose>Unspecified</pose>
		<truncated>0</truncated>
		<difficult>0</difficult>
		<occluded>0</occluded>
		<bndbox>
			<xmin>167</xmin>
			<xmax>240</xmax>
			<ymin>66</ymin>
			<ymax>154</ymax>
		</bndbox>
		<polygon>
			<x1>166</x1>
			<y1>114.897195</y1>
			<x2>173.836783</x2>
			<y2>136.100461</y2>
			<x3>184.610717</x3>
			<y3>148.20223</y3>
			<x4>194.826221</x4>
			<y4>152.962738</y4>
			<x5>217.476236</x5>
			<y5>153.358095</y5>
			<x6>230.629095</x6>
			<y6>147.172605</y6>
			<x7>239.281246</x7>
			<y7>123.496211</y7>
			<x8>239.425171</x8>
			<y8>115.250771</y8>
			<x9>235.482894</x9>
			<y9>105.101128</y9>
			<x10>217.462797</x10>
			<y10>75.460534</y10>
			<x11>202.522702</x11>
			<y11>66.035363</y11>
			<x12>190.870504</x12>
			<y12>64.915533</y12>
			<x13>177.66967</x13>
			<y13>73.849503</y13>
			<x14>166</x14>
			<y14>93.219837</y14>
			<x15>166</x15>
			<y15>114.897195</y15>
		</polygon>
	</object>
	<object>
		<name>greenapple</name>
		<pose>Unspecified</pose>
		<truncated>0</truncated>
		<difficult>0</difficult>
		<occluded>0</occluded>
		<bndbox>
			<xmin>324</xmin>
			<xmax>370</xmax>
			<ymin>82</ymin>
			<ymax>145</ymax>
		</bndbox>
		<polygon>
			<x1>326.833285</x1>
			<y1>103.029899</y1>
			<x2>322.667126</x2>
			<y2>105.706496</y2>
			<x3>326.050971</x3>
			<y3>108.514878</y3>
			<x4>324.294444</x4>
			<y4>130.478758</y4>
			<x5>337.095487</x5>
			<y5>144.448787</y5>
			<x6>358.404758</x6>
			<y6>142.987864</y6>
			<x7>367.679307</x7>
			<y7>122.988091</y7>
			<x8>369.435834</x8>
			<y8>101.024211</y8>
			<x9>354.63966500000004</x9>
			<y9>83.3536</y9>
			<x10>339.571639</x10>
			<y10>81.257709</y10>
			<x11>331.191345</x11>
			<y11>89.359382</y11>
			<x12>326.833285</x12>
			<y12>103.029899</y12>
		</polygon>
	</object>
	<object>
		<name>redapple</name>
		<pose>Unspecified</pose>
		<truncated>0</truncated>
		<difficult>0</difficult>
		<occluded>0</occluded>
		<bndbox>
			<xmin>24</xmin>
			<xmax>75</xmax>
			<ymin>351</ymin>
			<ymax>417</ymax>
		</bndbox>
		<polygon>
			<x1>68.595326</x1>
			<y1>416</y1>
			<x2>73.177</x2>
			<y2>401.238463</y2>
			<x3>74.279147</x3>
			<y3>377.43028300000003</y3>
			<x4>65.724221</x4>
			<y4>356.202856</y4>
			<x5>50.049789</x5>
			<y5>349.514185</y5>
			<x6>33.497092</x6>
			<y6>353.807451</y6>
			<x7>27.191882</x7>
			<y7>361.028907</y7>
			<x8>23.344279</x8>
			<y8>384.789164</y8>
			<x9>26.504242</x9>
			<y9>400.423787</y9>
			<x10>33.40039</x10>
			<y10>416</y10>
			<x11>68.595326</x11>
			<y11>416</y11>
		</polygon>
	</object>
	<object>
		<name>capsicum</name>
		<pose>Unspecified</pose>
		<truncated>0</truncated>
		<difficult>0</difficult>
		<occluded>0</occluded>
		<bndbox>
			<xmin>23</xmin>
			<xmax>48</xmax>
			<ymin>205</ymin>
			<ymax>241</ymax>
		</bndbox>
		<polygon>
			<x1>42.423654</x1>
			<y1>235.742616</y1>
			<x2>46.829687</x2>
			<y2>219.32362</y2>
			<x3>43.653733</x3>
			<y3>204.605157</y3>
			<x4>34.060627</x4>
			<y4>203.52127</y4>
			<x5>25.776283</x5>
			<y5>206.125983</y5>
			<x6>22.232521</x6>
			<y6>212.4792</y6>
			<x7>23.971781</x7>
			<y7>230.838342</y7>
			<x8>30.675506</x8>
			<y8>240.11974800000002</y8>
			<x9>42.423654</x9>
			<y9>235.742616</y9>
		</polygon>
	</object>
	<object>
		<name>capsicum</name>
		<pose>Unspecified</pose>
		<truncated>0</truncated>
		<difficult>0</difficult>
		<occluded>0</occluded>
		<bndbox>
			<xmin>242</xmin>
			<xmax>268</xmax>
			<ymin>212</ymin>
			<ymax>251</ymax>
		</bndbox>
		<polygon>
			<x1>264.332578</x1>
			<y1>240.538995</y1>
			<x2>267.397867</x2>
			<y2>222.26371699999999</y2>
			<x3>263.423607</x3>
			<y3>213.946394</y3>
			<x4>253.862484</x4>
			<y4>211.03018600000001</y4>
			<x5>244.18942099999998</x5>
			<y5>214.527099</y5>
			<x6>240.533718</x6>
			<y6>227.29343599999999</y6>
			<x7>243.69368</x7>
			<y7>242.928059</y7>
			<x8>255.233937</x8>
			<y8>250.461008</y8>
			<x9>264.332578</x9>
			<y9>240.538995</y9>
		</polygon>
	</object>
</annotation>
