<annotation>
	<folder></folder>
	<filename>image_61_png.rf.615550f1d223ec658c2902ead7deb23c.jpg</filename>
	<path>image_61_png.rf.615550f1d223ec658c2902ead7deb23c.jpg</path>
	<source>
		<database>roboflow.ai</database>
	</source>
	<size>
		<width>416</width>
		<height>416</height>
		<depth>3</depth>
	</size>
	<segmented>0</segmented>
	<object>
		<name>capsicum</name>
		<pose>Unspecified</pose>
		<truncated>0</truncated>
		<difficult>0</difficult>
		<occluded>0</occluded>
		<bndbox>
			<xmin>83</xmin>
			<xmax>106</xmax>
			<ymin>95</ymin>
			<ymax>129</ymax>
		</bndbox>
		<polygon>
			<x1>102.909435</x1>
			<y1>120.314337</y1>
			<x2>104.516212</x2>
			<y2>99.219791</y2>
			<x3>100.475545</x3>
			<y3>94.023696</y3>
			<x4>87.312993</x4>
			<y4>94.25345</y4>
			<x5>82.155192</x5>
			<y5>100.487875</y5>
			<x6>84.497179</x6>
			<y6>121.513495</y6>
			<x7>89.21129</x7>
			<y7>127.575606</y7>
			<x8>96.46601</x8>
			<y8>128.326745</y8>
			<x9>102.909435</x9>
			<y9>120.314337</y9>
		</polygon>
	</object>
	<object>
		<name>greenapple</name>
		<pose>Unspecified</pose>
		<truncated>0</truncated>
		<difficult>0</difficult>
		<occluded>0</occluded>
		<bndbox>
			<xmin>333</xmin>
			<xmax>417</xmax>
			<ymin>1</ymin>
			<ymax>192</ymax>
		</bndbox>
		<polygon>
			<x1>416</x1>
			<y1>191</y1>
			<x2>416</x2>
			<y2>0</y2>
			<x3>414.888573</x3>
			<y3>0</y3>
			<x4>414.677046</x4>
			<y4>3.680676</y4>
			<x5>411.447676</x5>
			<y5>7.248128</y5>
			<x6>371.363159</x6>
			<y6>11.458889</y6>
			<x7>353.16534</x7>
			<y7>24.943096</y7>
			<x8>343.538496</x8>
			<y8>39.155466</y8>
			<x9>335.962619</x9>
			<y9>57.72089</y9>
			<x10>332.335508</x10>
			<y10>76.217389</y10>
			<x11>332.10625300000004</x11>
			<y11>100.798974</y11>
			<x12>335.84108000000003</x12>
			<y12>126.189136</y12>
			<x13>345.575641</x13>
			<y13>155.863426</y13>
			<x14>367.250115</x14>
			<y14>191</y14>
			<x15>416</x15>
			<y15>191</y15>
		</polygon>
	</object>
	<object>
		<name>orange</name>
		<pose>Unspecified</pose>
		<truncated>0</truncated>
		<difficult>0</difficult>
		<occluded>0</occluded>
		<bndbox>
			<xmin>1</xmin>
			<xmax>27</xmax>
			<ymin>192</ymin>
			<ymax>250</ymax>
		</bndbox>
		<polygon>
			<x1>0</x1>
			<y1>191</y1>
			<x2>0</x2>
			<y2>249.11067500000001</y2>
			<x3>12.418785</x3>
			<y3>246.995893</y3>
			<x4>20.790641</x4>
			<y4>236.316513</y4>
			<x5>23.912793</x5>
			<y5>226.606536</y5>
			<x6>25.580839</x6>
			<y6>209.022004</y6>
			<x7>23.407336</x7>
			<y7>197.648922</y7>
			<x8>20.550868</x8>
			<y8>191</y8>
			<x9>0</x9>
			<y9>191</y9>
		</polygon>
	</object>
	<object>
		<name>capsicum</name>
		<pose>Unspecified</pose>
		<truncated>0</truncated>
		<difficult>0</difficult>
		<occluded>0</occluded>
		<bndbox>
			<xmin>95</xmin>
			<xmax>127</xmax>
			<ymin>273</ymin>
			<ymax>329</ymax>
		</bndbox>
		<polygon>
			<x1>105.766184</x1>
			<y1>276.966258</y1>
			<x2>99.200225</x2>
			<y2>277.958638</y2>
			<x3>94.027105</x3>
			<y3>283.31556</y3>
			<x4>93.767216</x4>
			<y4>306.142138</y4>
			<x5>97.302925</x5>
			<y5>320.124755</y5>
			<x6>102.032353</x6>
			<y6>327.064369</y6>
			<x7>115.868349</x7>
			<y7>327.70063200000004</y7>
			<x8>121.026151</x8>
			<y8>321.466207</y8>
			<x9>125.357341</x9>
			<y9>305.59073</y9>
			<x10>125.66318</x10>
			<y10>285.396663</y10>
			<x11>121.561246</x11>
			<y11>276.690554</y11>
			<x12>106.33241</x12>
			<y12>271.68975</y12>
			<x13>105.766184</x13>
			<y13>276.966258</y13>
		</polygon>
	</object>
	<object>
		<name>greenapple</name>
		<pose>Unspecified</pose>
		<truncated>0</truncated>
		<difficult>0</difficult>
		<occluded>0</occluded>
		<bndbox>
			<xmin>204</xmin>
			<xmax>227</xmax>
			<ymin>192</ymin>
			<ymax>209</ymax>
		</bndbox>
		<polygon>
			<x1>202.835046</x1>
			<y1>191</y1>
			<x2>202.969894</x2>
			<y2>198.725424</y2>
			<x3>210.377783</x3>
			<y3>208.251598</y3>
			<x4>219.591569</x4>
			<y4>208.090771</y4>
			<x5>226.00436</x5>
			<y5>198.323355</y5>
			<x6>225.483721</x6>
			<y6>191</y6>
			<x7>202.835046</x7>
			<y7>191</y7>
		</polygon>
	</object>
	<object>
		<name>mango</name>
		<pose>Unspecified</pose>
		<truncated>0</truncated>
		<difficult>0</difficult>
		<occluded>0</occluded>
		<bndbox>
			<xmin>330</xmin>
			<xmax>356</xmax>
			<ymin>192</ymin>
			<ymax>212</ymax>
		</bndbox>
		<polygon>
			<x1>328.871848</x1>
			<y1>191</y1>
			<x2>328.67226500000004</x2>
			<y2>196.53128</y2>
			<x3>338.78924900000004</x3>
			<y3>210.399022</y3>
			<x4>349.334607</x4>
			<y4>211.092723</y4>
			<x5>355.10458700000004</x5>
			<y5>202.21429799999999</y5>
			<x6>354.41355999999996</x6>
			<y6>191</y6>
			<x7>328.871848</x7>
			<y7>191</y7>
		</polygon>
	</object>
</annotation>
