<annotation>
	<folder></folder>
	<filename>image_52_png.rf.1fa5d8ecb4717f13188fd1184ca3b0f0.jpg</filename>
	<path>image_52_png.rf.1fa5d8ecb4717f13188fd1184ca3b0f0.jpg</path>
	<source>
		<database>roboflow.ai</database>
	</source>
	<size>
		<width>416</width>
		<height>416</height>
		<depth>3</depth>
	</size>
	<segmented>0</segmented>
	<object>
		<name>redapple</name>
		<pose>Unspecified</pose>
		<truncated>0</truncated>
		<difficult>0</difficult>
		<occluded>0</occluded>
		<bndbox>
			<xmin>38</xmin>
			<xmax>108</xmax>
			<ymin>30</ymin>
			<ymax>118</ymax>
		</bndbox>
		<polygon>
			<x1>66.908211</x1>
			<y1>28.841442</y1>
			<x2>48.773963</x2>
			<y2>42.031417</y2>
			<x3>39.908218</x3>
			<y3>55.797038</y3>
			<x4>37.426478</x4>
			<y4>71.466128</y4>
			<x5>41.943746</x5>
			<y5>93.597804</y5>
			<x6>50.586384</x6>
			<y6>106.567111</y6>
			<x7>62.66502</x7>
			<y7>114.726574</y7>
			<x8>78.317529</x8>
			<y8>117.205688</y8>
			<x9>93.492908</x9>
			<y9>114.255179</y9>
			<x10>107.274085</x10>
			<y10>90.559981</y10>
			<x11>107.009199</x11>
			<y11>75.34821</y11>
			<x12>93.059231</x12>
			<y12>41.014436</y12>
			<x13>81.118469</x13>
			<y13>31.984467</y13>
			<x14>66.908211</x14>
			<y14>28.841442</y14>
		</polygon>
	</object>
	<object>
		<name>mango</name>
		<pose>Unspecified</pose>
		<truncated>0</truncated>
		<difficult>0</difficult>
		<occluded>0</occluded>
		<bndbox>
			<xmin>6</xmin>
			<xmax>87</xmax>
			<ymin>178</ymin>
			<ymax>209</ymax>
		</bndbox>
		<polygon>
			<x1>84.662123</x1>
			<y1>208</y1>
			<x2>85.575154</x2>
			<y2>202.235345</y2>
			<x3>83.69296</x3>
			<y3>193.013813</y3>
			<x4>74.774573</x4>
			<y4>181.785516</y4>
			<x5>56.789061</x5>
			<y5>177.152206</y5>
			<x6>45.940433</x6>
			<y6>178.110979</y6>
			<x7>35.054619</x7>
			<y7>183.525572</y7>
			<x8>5.345185</x8>
			<y8>206.482666</y8>
			<x9>4.726679</x9>
			<y9>208</y9>
			<x10>84.662123</x10>
			<y10>208</y10>
		</polygon>
	</object>
	<object>
		<name>greenapple</name>
		<pose>Unspecified</pose>
		<truncated>0</truncated>
		<difficult>0</difficult>
		<occluded>0</occluded>
		<bndbox>
			<xmin>173</xmin>
			<xmax>199</xmax>
			<ymin>42</ymin>
			<ymax>74</ymax>
		</bndbox>
		<polygon>
			<x1>195.654105</x1>
			<y1>64.402604</y1>
			<x2>197.584347</x2>
			<y2>52.215535</y2>
			<x3>191.789025</x3>
			<y3>42.374225</y3>
			<x4>183.310583</x4>
			<y4>41.031371</y4>
			<x5>175.685709</x5>
			<y5>46.962446</y5>
			<x6>172.451091</x6>
			<y6>58.942924</y6>
			<x7>176.804162</x7>
			<y7>69.448146</y7>
			<x8>186.96342</x8>
			<y8>72.841899</y8>
			<x9>195.654105</x9>
			<y9>64.402604</y9>
		</polygon>
	</object>
	<object>
		<name>redapple</name>
		<pose>Unspecified</pose>
		<truncated>0</truncated>
		<difficult>0</difficult>
		<occluded>0</occluded>
		<bndbox>
			<xmin>284</xmin>
			<xmax>330</xmax>
			<ymin>1</ymin>
			<ymax>43</ymax>
		</bndbox>
		<polygon>
			<x1>282.520499</x1>
			<y1>0</y1>
			<x2>287.49732</x2>
			<y2>30.00807</y2>
			<x3>297.067895</x3>
			<y3>41.339663</y3>
			<x4>303.589774</x4>
			<y4>42.372627</y4>
			<x5>312.619714</x5>
			<y5>40.233461</y5>
			<x6>319.21596</x6>
			<y6>32.354782</y6>
			<x7>325.335079</x7>
			<y7>19.046481</y7>
			<x8>328.991031</x8>
			<y8>0</y8>
			<x9>282.520499</x9>
			<y9>0</y9>
		</polygon>
	</object>
	<object>
		<name>mango</name>
		<pose>Unspecified</pose>
		<truncated>0</truncated>
		<difficult>0</difficult>
		<occluded>0</occluded>
		<bndbox>
			<xmin>379</xmin>
			<xmax>407</xmax>
			<ymin>133</ymin>
			<ymax>171</ymax>
		</bndbox>
		<polygon>
			<x1>402.75784</x1>
			<y1>163.375679</y1>
			<x2>406.26820599999996</x2>
			<y2>149.654192</y2>
			<x3>401.538696</x3>
			<y3>137.304664</y3>
			<x4>392.307376</x4>
			<y4>132.273197</y4>
			<x5>381.283688</x5>
			<y5>138.558296</y5>
			<x6>378.04907000000003</x6>
			<y6>150.538772</y6>
			<x7>385.625897</x7>
			<y7>166.016298</y7>
			<x8>393.690716</x8>
			<y8>169.970667</y8>
			<x9>402.75784</x9>
			<y9>163.375679</y9>
		</polygon>
	</object>
	<object>
		<name>capsicum</name>
		<pose>Unspecified</pose>
		<truncated>0</truncated>
		<difficult>0</difficult>
		<occluded>0</occluded>
		<bndbox>
			<xmin>279</xmin>
			<xmax>297</xmax>
			<ymin>112</ymin>
			<ymax>165</ymax>
		</bndbox>
		<polygon>
			<x1>278</x1>
			<y1>163.663002</y1>
			<x2>287.384095</x2>
			<y2>153.133352</y2>
			<x3>294.054711</x3>
			<y3>136.343032</y3>
			<x4>296.122828</x4>
			<y4>123.285457</y4>
			<x5>292.798382</x5>
			<y5>114.727837</y5>
			<x6>278.725999</x6>
			<y6>110.714305</y6>
			<x7>278</x7>
			<y7>111.007488</y7>
			<x8>278</x8>
			<y8>163.663002</y8>
		</polygon>
	</object>
	<object>
		<name>capsicum</name>
		<pose>Unspecified</pose>
		<truncated>0</truncated>
		<difficult>0</difficult>
		<occluded>0</occluded>
		<bndbox>
			<xmin>112</xmin>
			<xmax>279</xmax>
			<ymin>296</ymin>
			<ymax>417</ymax>
		</bndbox>
		<polygon>
			<x1>278</x1>
			<y1>373.983659</y1>
			<x2>270.465573</x2>
			<y2>351.354018</y2>
			<x3>254.786742</x3>
			<y3>336.377945</y3>
			<x4>233.916731</x4>
			<y4>333.07246</y4>
			<x5>224.308972</x5>
			<y5>326.196687</y5>
			<x6>222.914769</x6>
			<y6>305.451999</y6>
			<x7>217.119447</x7>
			<y7>295.610689</y7>
			<x8>211.249757</x8>
			<y8>294.681021</y8>
			<x9>207.914448</x9>
			<y9>303.076181</y9>
			<x10>210.82527</x10>
			<y10>314.245316</y10>
			<x11>208.555773</x11>
			<y11>320.132258</y11>
			<x12>192.351767</x12>
			<y12>321.13516300000003</y12>
			<x13>182.982573</x13>
			<y13>316.974203</y13>
			<x14>157.271497</x14>
			<y14>314.686652</y14>
			<x15>138.246496</x15>
			<y15>325.05852</y15>
			<x16>128.177067</x16>
			<y16>342.202865</y16>
			<x17>120.027016</x17>
			<y17>364.11291900000003</y17>
			<x18>111.139546</x18>
			<y18>411.78410099999996</y18>
			<x19>111.267606</x19>
			<y19>416</y19>
			<x20>276.047408</x20>
			<y20>416</y20>
			<x21>278</x21>
			<y21>404.72556</y21>
			<x22>278</x22>
			<y22>373.983659</y22>
		</polygon>
	</object>
	<object>
		<name>orange</name>
		<pose>Unspecified</pose>
		<truncated>0</truncated>
		<difficult>0</difficult>
		<occluded>0</occluded>
		<bndbox>
			<xmin>314</xmin>
			<xmax>417</xmax>
			<ymin>209</ymin>
			<ymax>417</ymax>
		</bndbox>
		<polygon>
			<x1>416</x1>
			<y1>416</y1>
			<x2>416</x2>
			<y2>208</y2>
			<x3>372.0645</x3>
			<y3>208</y3>
			<x4>360.352774</x4>
			<y4>214.58377</y4>
			<x5>344.551528</x5>
			<y5>229.927941</y5>
			<x6>332.525535</x6>
			<y6>246.762396</y6>
			<x7>323.760481</x7>
			<y7>264.113333</y7>
			<x8>316.639057</x8>
			<y8>287.97099000000003</y8>
			<x9>312.555467</x9>
			<y9>339.080057</y9>
			<x10>321.865751</x10>
			<y10>381.6024</y10>
			<x11>341.759778</x11>
			<y11>407.9542</y11>
			<x12>358.004839</x12>
			<y12>416</y12>
			<x13>416</x13>
			<y13>416</y13>
		</polygon>
	</object>
</annotation>
