<annotation>
	<folder></folder>
	<filename>image_23_png.rf.8069ae227f98f7d1d7aba992f7678079.jpg</filename>
	<path>image_23_png.rf.8069ae227f98f7d1d7aba992f7678079.jpg</path>
	<source>
		<database>roboflow.ai</database>
	</source>
	<size>
		<width>416</width>
		<height>416</height>
		<depth>3</depth>
	</size>
	<segmented>0</segmented>
	<object>
		<name>mango</name>
		<pose>Unspecified</pose>
		<truncated>0</truncated>
		<difficult>0</difficult>
		<occluded>0</occluded>
		<bndbox>
			<xmin>22</xmin>
			<xmax>279</xmax>
			<ymin>23</ymin>
			<ymax>225</ymax>
		</bndbox>
		<polygon>
			<x1>278</x1>
			<y1>63.876578</y1>
			<x2>265.736181</x2>
			<y2>44.698184</y2>
			<x3>252.93878</x3>
			<y3>34.364948</y3>
			<x4>224.327535</x4>
			<y4>24.534254</y4>
			<x5>201.650494</x5>
			<y5>22.11329</y5>
			<x6>169.520062</x6>
			<y6>24.924338</y6>
			<x7>154.012182</x7>
			<y7>28.92407</y7>
			<x8>128.777643</x8>
			<y8>42.584671</y8>
			<x9>41.019342</x9>
			<y9>111.931797</y9>
			<x10>28.549506</x10>
			<y10>127.999589</y10>
			<x11>21.28166</x11>
			<y11>150.660182</y11>
			<x12>22.538215</x12>
			<y12>172.574987</y12>
			<x13>29.390314</x13>
			<y13>190.476287</y13>
			<x14>50.548034</x14>
			<y14>213.292933</y14>
			<x15>68.59122</x15>
			<y15>223.167223</y15>
			<x16>74.681152</x16>
			<y16>224</y16>
			<x17>148.60723</x17>
			<y17>224</y17>
			<x18>154.523641</x18>
			<y18>223.578017</y18>
			<x19>197.84516</x19>
			<y19>212.739958</y19>
			<x20>223.811913</x20>
			<y20>199.896288</y20>
			<x21>249.243228</x21>
			<y21>180.932534</y21>
			<x22>272.095446</x22>
			<y22>155.146506</y22>
			<x23>278</x23>
			<y23>144.755008</y23>
			<x24>278</x24>
			<y24>63.876578</y24>
		</polygon>
	</object>
	<object>
		<name>redapple</name>
		<pose>Unspecified</pose>
		<truncated>0</truncated>
		<difficult>0</difficult>
		<occluded>0</occluded>
		<bndbox>
			<xmin>291</xmin>
			<xmax>364</xmax>
			<ymin>1</ymin>
			<ymax>80</ymax>
		</bndbox>
		<polygon>
			<x1>303.515762</x1>
			<y1>0</y1>
			<x2>300.24338</x2>
			<y2>2.812349</y2>
			<x3>289.620428</x3>
			<y3>24.885488</y3>
			<x4>289.685821</x4>
			<y4>40.737578</y4>
			<x5>295.652723</x5>
			<y5>56.073354</y5>
			<x6>305.477472</x6>
			<y6>70.190623</y6>
			<x7>320.08906</x7>
			<y7>78.603159</y7>
			<x8>342.536627</x8>
			<y8>78.40123</y8>
			<x9>353.957187</x9>
			<y9>72.997114</y9>
			<x10>357.50907</x10>
			<y10>68.281416</y10>
			<x11>362.886238</x11>
			<y11>46.667226</y11>
			<x12>361.083148</x12>
			<y12>33.610132</y12>
			<x13>337.849069</x13>
			<y13>2.165247</y13>
			<x14>333.402518</x14>
			<y14>0</y14>
			<x15>303.515762</x15>
			<y15>0</y15>
		</polygon>
	</object>
	<object>
		<name>orange</name>
		<pose>Unspecified</pose>
		<truncated>0</truncated>
		<difficult>0</difficult>
		<occluded>0</occluded>
		<bndbox>
			<xmin>181</xmin>
			<xmax>236</xmax>
			<ymin>225</ymin>
			<ymax>293</ymax>
		</bndbox>
		<polygon>
			<x1>188.975651</x1>
			<y1>224</y1>
			<x2>186.895344</x2>
			<y2>225.354712</y2>
			<x3>179.671293</x3>
			<y3>240.963557</y3>
			<x4>179.660195</x4>
			<y4>255.94135</y4>
			<x5>183.965893</x5>
			<y5>274.946421</y5>
			<x6>192.249722</x6>
			<y6>286.555534</y6>
			<x7>199.921623</x7>
			<y7>291.17026699999997</y7>
			<x8>212.533344</x8>
			<y8>291.828863</y8>
			<x9>225.26535</x9>
			<y9>286.310009</y9>
			<x10>231.789885</x10>
			<y10>277.81028</y10>
			<x11>234.80633</x11>
			<y11>266.974501</y11>
			<x12>233.670059</x12>
			<y12>238.882245</y12>
			<x13>228.894319</x13>
			<y13>229.609184</y13>
			<x14>222.631271</x14>
			<y14>224</y14>
			<x15>188.975651</x15>
			<y15>224</y15>
		</polygon>
	</object>
	<object>
		<name>mango</name>
		<pose>Unspecified</pose>
		<truncated>0</truncated>
		<difficult>0</difficult>
		<occluded>0</occluded>
		<bndbox>
			<xmin>149</xmin>
			<xmax>177</xmax>
			<ymin>329</ymin>
			<ymax>364</ymax>
		</bndbox>
		<polygon>
			<x1>159.178608</x1>
			<y1>361.690026</y1>
			<x2>169.82316</x2>
			<y2>362.52072699999997</y2>
			<x3>176.118221</x3>
			<y3>351.398105</y3>
			<x4>175.123836</x4>
			<y4>340.032239</y4>
			<x5>168.960158</x5>
			<y5>329.999616</y5>
			<x6>156.927669</x6>
			<y6>328.409354</y6>
			<x7>148.938707</x7>
			<y7>335.275225</y7>
			<x8>147.506975</x8>
			<y8>341.567412</y8>
			<x9>149.736315</x9>
			<y9>351.944244</y9>
			<x10>159.178608</x10>
			<y10>361.690026</y10>
		</polygon>
	</object>
	<object>
		<name>capsicum</name>
		<pose>Unspecified</pose>
		<truncated>0</truncated>
		<difficult>0</difficult>
		<occluded>0</occluded>
		<bndbox>
			<xmin>410</xmin>
			<xmax>417</xmax>
			<ymin>256</ymin>
			<ymax>287</ymax>
		</bndbox>
		<polygon>
			<x1>416</x1>
			<y1>255.132431</y1>
			<x2>411.040006</x2>
			<y2>257.536004</y2>
			<x3>408.832267</x3>
			<y3>270.06301</y3>
			<x4>413.411231</x4>
			<y4>284.639225</y4>
			<x5>416</x5>
			<y5>285.964322</y5>
			<x6>416</x6>
			<y6>255.132431</y6>
		</polygon>
	</object>
	<object>
		<name>redapple</name>
		<pose>Unspecified</pose>
		<truncated>0</truncated>
		<difficult>0</difficult>
		<occluded>0</occluded>
		<bndbox>
			<xmin>281</xmin>
			<xmax>329</xmax>
			<ymin>262</ymin>
			<ymax>335</ymax>
		</bndbox>
		<polygon>
			<x1>295.753028</x1>
			<y1>261.455381</y1>
			<x2>288.693055</x2>
			<y2>263.835028</y2>
			<x3>282.09203</x3>
			<y3>271.460459</y3>
			<x4>279.731309</x4>
			<y4>282.23887</y4>
			<x5>281.337622</x5>
			<y5>300.599117</y5>
			<x6>287.228033</x6>
			<y6>315.06059500000003</y6>
			<x7>297.052782</x7>
			<y7>329.177864</y7>
			<x8>306.036129</x8>
			<y8>333.67786</y8>
			<x9>318.418376</x9>
			<y9>331.713564</y9>
			<x10>323.205214</x10>
			<y10>326.008832</y10>
			<x11>327.653391</x11>
			<y11>308.88086599999997</y11>
			<x12>325.708416</x12>
			<y12>279.09738500000003</y12>
			<x13>315.654193</x13>
			<y13>262.357224</y13>
			<x14>295.753028</x14>
			<y14>261.455381</y14>
		</polygon>
	</object>
</annotation>
