<annotation>
	<folder></folder>
	<filename>image_49_png.rf.735e75a34f90ad3a138481dc92d504c2.jpg</filename>
	<path>image_49_png.rf.735e75a34f90ad3a138481dc92d504c2.jpg</path>
	<source>
		<database>roboflow.ai</database>
	</source>
	<size>
		<width>416</width>
		<height>416</height>
		<depth>3</depth>
	</size>
	<segmented>0</segmented>
	<object>
		<name>redapple</name>
		<pose>Unspecified</pose>
		<truncated>0</truncated>
		<difficult>0</difficult>
		<occluded>0</occluded>
		<bndbox>
			<xmin>306</xmin>
			<xmax>377</xmax>
			<ymin>1</ymin>
			<ymax>47</ymax>
		</bndbox>
		<polygon>
			<x1>305.429116</x1>
			<y1>0</y1>
			<x2>305.377075</x2>
			<y2>0.167265</y2>
			<x3>305.82705599999997</x3>
			<y3>23.061441</y3>
			<x4>314.460415</x4>
			<y4>36.468262</y4>
			<x5>326.133185</x5>
			<y5>45.515077</y5>
			<x6>347.28630699999997</x6>
			<y6>46.079739</y6>
			<x7>363.31516999999997</x7>
			<y7>41.713536</y7>
			<x8>375.492521</x8>
			<y8>14.2153</y8>
			<x9>376.48655199999996</x9>
			<y9>0</y9>
			<x10>305.429116</x10>
			<y10>0</y10>
		</polygon>
	</object>
	<object>
		<name>mango</name>
		<pose>Unspecified</pose>
		<truncated>0</truncated>
		<difficult>0</difficult>
		<occluded>0</occluded>
		<bndbox>
			<xmin>13</xmin>
			<xmax>86</xmax>
			<ymin>150</ymin>
			<ymax>168</ymax>
		</bndbox>
		<polygon>
			<x1>11.587466</x1>
			<y1>149</y1>
			<x2>15.176559</x2>
			<y2>157.669177</y2>
			<x3>31.611471</x3>
			<y3>167.048993</y3>
			<x4>59.07826</x4>
			<y4>165.311625</y4>
			<x5>76.722284</x5>
			<y5>157.400332</y5>
			<x6>84.753479</x6>
			<y6>149</y6>
			<x7>11.587466</x7>
			<y7>149</y7>
		</polygon>
	</object>
	<object>
		<name>redapple</name>
		<pose>Unspecified</pose>
		<truncated>0</truncated>
		<difficult>0</difficult>
		<occluded>0</occluded>
		<bndbox>
			<xmin>159</xmin>
			<xmax>230</xmax>
			<ymin>244</ymin>
			<ymax>327</ymax>
		</bndbox>
		<polygon>
			<x1>163.668024</x1>
			<y1>263.161585</y1>
			<x2>158.313437</x2>
			<y2>281.077324</y2>
			<x3>159.380087</x3>
			<y3>304.929129</y3>
			<x4>178.452879</x4>
			<y4>325.46750499999996</y4>
			<x5>200.286307</x5>
			<y5>326.079739</y5>
			<x6>216.31517</x6>
			<y6>321.713536</y6>
			<x7>229.491015</x7>
			<y7>289.712579</y7>
			<x8>227.787991</x8>
			<y8>274.961357</y8>
			<x9>209.650055</x9>
			<y9>250.830319</y9>
			<x10>185.604502</x10>
			<y10>242.747331</y10>
			<x11>172.233226</x11>
			<y11>248.21387900000002</y11>
			<x12>163.668024</x12>
			<y12>263.161585</y12>
		</polygon>
	</object>
	<object>
		<name>greenapple</name>
		<pose>Unspecified</pose>
		<truncated>0</truncated>
		<difficult>0</difficult>
		<occluded>0</occluded>
		<bndbox>
			<xmin>11</xmin>
			<xmax>33</xmax>
			<ymin>226</ymin>
			<ymax>257</ymax>
		</bndbox>
		<polygon>
			<x1>32.325039</x1>
			<y1>244.832105</y1>
			<x2>32.344745</x2>
			<y2>234.77389</y2>
			<x3>26.114423</x3>
			<y3>226.10764799999998</y3>
			<x4>17.270445</x4>
			<y4>225.489217</y4>
			<x5>9.894648</x5>
			<y5>233.204026</y5>
			<x6>9.556754</x6>
			<y6>247.812534</y6>
			<x7>15.170408</x7>
			<y7>255.521145</y7>
			<x8>26.118942</x8>
			<y8>255.372234</y8>
			<x9>32.325039</x9>
			<y9>244.832105</y9>
		</polygon>
	</object>
</annotation>
