<annotation>
	<folder></folder>
	<filename>image_12_png.rf.38d9a8682cbe1ab3aedd61bcee53dc77.jpg</filename>
	<path>image_12_png.rf.38d9a8682cbe1ab3aedd61bcee53dc77.jpg</path>
	<source>
		<database>roboflow.ai</database>
	</source>
	<size>
		<width>416</width>
		<height>416</height>
		<depth>3</depth>
	</size>
	<segmented>0</segmented>
	<object>
		<name>orange</name>
		<pose>Unspecified</pose>
		<truncated>0</truncated>
		<difficult>0</difficult>
		<occluded>0</occluded>
		<bndbox>
			<xmin>1</xmin>
			<xmax>147</xmax>
			<ymin>117</ymin>
			<ymax>213</ymax>
		</bndbox>
		<polygon>
			<x1>0</x1>
			<y1>212</y1>
			<x2>146.370173</x2>
			<y2>212</y2>
			<x3>137.234127</x3>
			<y3>178.252648</y3>
			<x4>115.374521</x4>
			<y4>144.067889</y4>
			<x5>88.457477</x5>
			<y5>122.052738</y5>
			<x6>53.057763</x6>
			<y6>115.708907</y6>
			<x7>15.260149</x7>
			<y7>120.969383</y7>
			<x8>0</x8>
			<y8>132.81381</y8>
			<x9>0</x9>
			<y9>212</y9>
		</polygon>
	</object>
	<object>
		<name>capsicum</name>
		<pose>Unspecified</pose>
		<truncated>0</truncated>
		<difficult>0</difficult>
		<occluded>0</occluded>
		<bndbox>
			<xmin>345</xmin>
			<xmax>381</xmax>
			<ymin>124</ymin>
			<ymax>181</ymax>
		</bndbox>
		<polygon>
			<x1>347.772971</x1>
			<y1>131.529315</y1>
			<x2>344.24692600000003</x2>
			<y2>137.826107</y2>
			<x3>349.135563</x3>
			<y3>160.825335</y3>
			<x4>356.509311</x4>
			<y4>175.899924</y4>
			<x5>361.626765</x5>
			<y5>180.359484</y5>
			<x6>374.924459</x6>
			<y6>177.532972</y6>
			<x7>379.894682</x7>
			<y7>161.683694</y7>
			<x8>376.91348700000003</x8>
			<y8>134.580822</y8>
			<x9>371.520794</x9>
			<y9>125.557008</y9>
			<x10>354.912276</x10>
			<y10>122.615397</y10>
			<x11>354.710654</x11>
			<y11>128.205562</y11>
			<x12>347.772971</x12>
			<y12>131.529315</y12>
		</polygon>
	</object>
	<object>
		<name>capsicum</name>
		<pose>Unspecified</pose>
		<truncated>0</truncated>
		<difficult>0</difficult>
		<occluded>0</occluded>
		<bndbox>
			<xmin>1</xmin>
			<xmax>21</xmax>
			<ymin>232</ymin>
			<ymax>286</ymax>
		</bndbox>
		<polygon>
			<x1>0</x1>
			<y1>283.46252200000004</y1>
			<x2>1.06951</x2>
			<y2>285.18487</y2>
			<x3>15.220112</x3>
			<y3>283.101619</y3>
			<x4>19.511853</x4>
			<y4>273.868417</y4>
			<x5>18.814146</x5>
			<y5>244.431072</y5>
			<x6>11.151562</x6>
			<y6>231.26698</y6>
			<x7>0</x7>
			<y7>231.405959</y7>
			<x8>0</x8>
			<y8>283.46252200000004</y8>
		</polygon>
	</object>
	<object>
		<name>greenapple</name>
		<pose>Unspecified</pose>
		<truncated>0</truncated>
		<difficult>0</difficult>
		<occluded>0</occluded>
		<bndbox>
			<xmin>120</xmin>
			<xmax>146</xmax>
			<ymin>213</ymin>
			<ymax>241</ymax>
		</bndbox>
		<polygon>
			<x1>123.411889</x1>
			<y1>212</y1>
			<x2>119.124515</x2>
			<y2>219.411238</y2>
			<x3>121.756858</x3>
			<y3>231.795438</y3>
			<x4>131.803743</x4>
			<y4>239.829973</y4>
			<x5>139.782358</x5>
			<y5>238.134066</y5>
			<x6>144.738984</x6>
			<y6>228.759539</y6>
			<x7>141.542568</x7>
			<y7>213.721583</y7>
			<x8>139.56701</x8>
			<y8>212</y8>
			<x9>123.411889</x9>
			<y9>212</y9>
		</polygon>
	</object>
	<object>
		<name>redapple</name>
		<pose>Unspecified</pose>
		<truncated>0</truncated>
		<difficult>0</difficult>
		<occluded>0</occluded>
		<bndbox>
			<xmin>218</xmin>
			<xmax>417</xmax>
			<ymin>213</ymin>
			<ymax>417</ymax>
		</bndbox>
		<polygon>
			<x1>221.755079</x1>
			<y1>212</y1>
			<x2>220.116141</x2>
			<y2>218.073698</y2>
			<x3>216.636515</x3>
			<y3>247.474413</y3>
			<x4>217.710271</x4>
			<y4>278.680929</y4>
			<x5>233.880377</x5>
			<y5>354.755296</y5>
			<x6>247.486129</x6>
			<y6>386.071709</y6>
			<x7>264.008463</x7>
			<y7>416</y7>
			<x8>413.15099399999997</x8>
			<y8>416</y8>
			<x9>416</x9>
			<y9>407.173715</y9>
			<x10>416</x10>
			<y10>213.588813</y10>
			<x11>415.59132999999997</x11>
			<y11>212</y11>
			<x12>221.755079</x12>
			<y12>212</y12>
		</polygon>
	</object>
</annotation>
