<annotation>
	<folder></folder>
	<filename>image_105_png.rf.3463618e0fa5b00900915c968a0f28ef.jpg</filename>
	<path>image_105_png.rf.3463618e0fa5b00900915c968a0f28ef.jpg</path>
	<source>
		<database>roboflow.ai</database>
	</source>
	<size>
		<width>416</width>
		<height>416</height>
		<depth>3</depth>
	</size>
	<segmented>0</segmented>
	<object>
		<name>capsicum</name>
		<pose>Unspecified</pose>
		<truncated>0</truncated>
		<difficult>0</difficult>
		<occluded>0</occluded>
		<bndbox>
			<xmin>54</xmin>
			<xmax>87</xmax>
			<ymin>30</ymin>
			<ymax>89</ymax>
		</bndbox>
		<polygon>
			<x1>53.855738</x1>
			<y1>41.087719</y1>
			<x2>53.17377</x2>
			<y2>63.894737</y2>
			<x3>56.583607</x3>
			<y3>79.403509</y3>
			<x4>61.357377</x4>
			<y4>86.701754</y4>
			<x5>75.678689</x5>
			<y5>87.614035</y5>
			<x6>83.862295</x6>
			<y6>71.192982</y6>
			<x7>85.908197</x7>
			<y7>43.824561</y7>
			<x8>82.498361</x8>
			<y8>35.614035</y8>
			<x9>70.222951</x9>
			<y9>32.877193</y9>
			<x10>67.495082</x10>
			<y10>29.22807</y10>
			<x11>65.44918</x11>
			<y11>34.701754</y11>
			<x12>53.855738</x12>
			<y12>41.087719</y12>
		</polygon>
	</object>
	<object>
		<name>redapple</name>
		<pose>Unspecified</pose>
		<truncated>0</truncated>
		<difficult>0</difficult>
		<occluded>0</occluded>
		<bndbox>
			<xmin>55</xmin>
			<xmax>120</xmax>
			<ymin>190</ymin>
			<ymax>217</ymax>
		</bndbox>
		<polygon>
			<x1>118.642623</x1>
			<y1>216</y1>
			<x2>105.685246</x2>
			<y2>198</y2>
			<x3>89.318033</x3>
			<y3>189.789474</y3>
			<x4>76.360656</x4>
			<y4>188.877193</y4>
			<x5>64.767213</x5>
			<y5>193.438596</y5>
			<x6>55.219672</x6>
			<y6>211.684211</y6>
			<x7>54.383242</x7>
			<y7>216</y7>
			<x8>118.642623</x8>
			<y8>216</y8>
		</polygon>
	</object>
	<object>
		<name>orange</name>
		<pose>Unspecified</pose>
		<truncated>0</truncated>
		<difficult>0</difficult>
		<occluded>0</occluded>
		<bndbox>
			<xmin>258</xmin>
			<xmax>417</xmax>
			<ymin>76</ymin>
			<ymax>217</ymax>
		</bndbox>
		<polygon>
			<x1>416</x1>
			<y1>216</y1>
			<x2>416</x2>
			<y2>115.825127</y2>
			<x3>396.288525</x3>
			<y3>91.157895</y3>
			<x4>369.009836</x4>
			<y4>79.298246</y4>
			<x5>323.318033</x5>
			<y5>74.736842</y5>
			<x6>308.996721</x6>
			<y6>79.298246</y6>
			<x7>291.265574</x7>
			<y7>92.070175</y7>
			<x8>274.216393</x8>
			<y8>115.789474</y8>
			<x9>267.396721</x9>
			<y9>130.385965</y9>
			<x10>259.895082</x10>
			<y10>154.105263</y10>
			<x11>257.167213</x11>
			<y11>175.087719</y11>
			<x12>259.759044</x12>
			<y12>216</y12>
			<x13>416</x13>
			<y13>216</y13>
		</polygon>
	</object>
	<object>
		<name>orange</name>
		<pose>Unspecified</pose>
		<truncated>0</truncated>
		<difficult>0</difficult>
		<occluded>0</occluded>
		<bndbox>
			<xmin>27</xmin>
			<xmax>51</xmax>
			<ymin>244</ymin>
			<ymax>276</ymax>
		</bndbox>
		<polygon>
			<x1>49.131148</x1>
			<y1>266.982456</y1>
			<x2>49.813115</x2>
			<y2>254.21052600000002</y2>
			<x3>46.403279</x3>
			<y3>246</y3>
			<x4>36.855738</x4>
			<y4>243.263158</y4>
			<x5>26.62623</x5>
			<y5>250.561404</y5>
			<x6>25.944262</x6>
			<y6>264.245614</y6>
			<x7>30.036066</x7>
			<y7>272.45614</y7>
			<x8>41.629508</x8>
			<y8>275.19298200000003</y8>
			<x9>49.131148</x9>
			<y9>266.982456</y9>
		</polygon>
	</object>
	<object>
		<name>mango</name>
		<pose>Unspecified</pose>
		<truncated>0</truncated>
		<difficult>0</difficult>
		<occluded>0</occluded>
		<bndbox>
			<xmin>167</xmin>
			<xmax>231</xmax>
			<ymin>217</ymin>
			<ymax>268</ymax>
		</bndbox>
		<polygon>
			<x1>166</x1>
			<y1>216</y1>
			<x2>166</x2>
			<y2>265.676023</y2>
			<x3>182.419672</x3>
			<y3>267.140351</y3>
			<x4>204.242623</x4>
			<y4>261.666667</y4>
			<x5>218.56393400000002</x5>
			<y5>250.719298</y5>
			<x6>230.157377</x6>
			<y6>233.385965</y6>
			<x7>230.157377</x7>
			<y7>216</y7>
			<x8>166</x8>
			<y8>216</y8>
		</polygon>
	</object>
	<object>
		<name>redapple</name>
		<pose>Unspecified</pose>
		<truncated>0</truncated>
		<difficult>0</difficult>
		<occluded>0</occluded>
		<bndbox>
			<xmin>307</xmin>
			<xmax>353</xmax>
			<ymin>217</ymin>
			<ymax>249</ymax>
		</bndbox>
		<polygon>
			<x1>306.121212</x1>
			<y1>216</y1>
			<x2>318.131148</x2>
			<y2>242.508772</y2>
			<x3>326.996721</x3>
			<y3>247.982456</y3>
			<x4>340.636066</x4>
			<y4>247.070175</y4>
			<x5>345.40983600000004</x5>
			<y5>242.508772</y5>
			<x6>351.547541</x6>
			<y6>225.175439</y6>
			<x7>351.738069</x7>
			<y7>216</y7>
			<x8>306.121212</x8>
			<y8>216</y8>
		</polygon>
	</object>
</annotation>
