<annotation>
	<folder></folder>
	<filename>image_164_png.rf.2424d177b0b96b45c1323506defa3c8f.jpg</filename>
	<path>image_164_png.rf.2424d177b0b96b45c1323506defa3c8f.jpg</path>
	<source>
		<database>roboflow.ai</database>
	</source>
	<size>
		<width>416</width>
		<height>416</height>
		<depth>3</depth>
	</size>
	<segmented>0</segmented>
	<object>
		<name>capsicum</name>
		<pose>Unspecified</pose>
		<truncated>0</truncated>
		<difficult>0</difficult>
		<occluded>0</occluded>
		<bndbox>
			<xmin>135</xmin>
			<xmax>153</xmax>
			<ymin>1</ymin>
			<ymax>11</ymax>
		</bndbox>
		<polygon>
			<x1>133.677883</x1>
			<y1>0</y1>
			<x2>133.626314</x2>
			<y2>1.572339</y2>
			<x3>137.655379</x3>
			<y3>9.534574</y3>
			<x4>147.186505</x4>
			<y4>9.402218</y4>
			<x5>151.82188</x5>
			<y5>0</y5>
			<x6>133.677883</x6>
			<y6>0</y6>
		</polygon>
	</object>
	<object>
		<name>greenapple</name>
		<pose>Unspecified</pose>
		<truncated>0</truncated>
		<difficult>0</difficult>
		<occluded>0</occluded>
		<bndbox>
			<xmin>199</xmin>
			<xmax>247</xmax>
			<ymin>158</ymin>
			<ymax>221</ymax>
		</bndbox>
		<polygon>
			<x1>207.004158</x1>
			<y1>169.801641</y1>
			<x2>197.781703</x2>
			<y2>198.995633</y2>
			<x3>205.181185</x3>
			<y3>214.803964</y3>
			<x4>211.96128099999999</x4>
			<y4>218.718904</y4>
			<x5>226.761603</x5>
			<y5>219.51565</y5>
			<x6>236.680612</x6>
			<y6>209.48046</y6>
			<x7>243.57782</x7>
			<y7>193.473595</y7>
			<x8>245.903066</x8>
			<y8>180.286469</y8>
			<x9>236.17902</x9>
			<y9>162.255303</y9>
			<x10>220.83648</x10>
			<y10>156.830574</y10>
			<x11>210.878888</x11>
			<y11>163.233058</y11>
			<x12>207.004158</x12>
			<y12>169.801641</y12>
		</polygon>
	</object>
	<object>
		<name>orange</name>
		<pose>Unspecified</pose>
		<truncated>0</truncated>
		<difficult>0</difficult>
		<occluded>0</occluded>
		<bndbox>
			<xmin>323</xmin>
			<xmax>348</xmax>
			<ymin>161</ymin>
			<ymax>192</ymax>
		</bndbox>
		<polygon>
			<x1>343.73249799999996</x1>
			<y1>183.939309</y1>
			<x2>346.561378</x2>
			<y2>171.747463</y2>
			<x3>344.004628</x3>
			<y3>163.138362</y3>
			<x4>335.752216</x4>
			<y4>159.870288</y4>
			<x5>325.601024</x5>
			<y5>163.51921</y5>
			<x6>321.958479</x6>
			<y6>176.47406</y6>
			<x7>324.360212</x7>
			<y7>185.962304</y7>
			<x8>335.09220500000004</x8>
			<y8>190.574069</y8>
			<x9>343.73249799999996</x9>
			<y9>183.939309</y9>
		</polygon>
	</object>
	<object>
		<name>mango</name>
		<pose>Unspecified</pose>
		<truncated>0</truncated>
		<difficult>0</difficult>
		<occluded>0</occluded>
		<bndbox>
			<xmin>125</xmin>
			<xmax>178</xmax>
			<ymin>391</ymin>
			<ymax>417</ymax>
		</bndbox>
		<polygon>
			<x1>177.040686</x1>
			<y1>416</y1>
			<x2>168.882118</x2>
			<y2>396.856984</y2>
			<x3>162.915688</x3>
			<y3>392.179041</y3>
			<x4>147.766748</x4>
			<y4>389.507874</y4>
			<x5>135.329574</x5>
			<y5>394.566667</y5>
			<x6>129.32388</x6>
			<y6>401.665978</y6>
			<x7>125.139118</x7>
			<y7>409.992844</y7>
			<x8>124.299487</x8>
			<y8>416</y8>
			<x9>177.040686</x9>
			<y9>416</y9>
		</polygon>
	</object>
</annotation>
