<annotation>
	<folder></folder>
	<filename>image_124_png.rf.a06e2263fe11ae0ca995ce8335186570.jpg</filename>
	<path>image_124_png.rf.a06e2263fe11ae0ca995ce8335186570.jpg</path>
	<source>
		<database>roboflow.ai</database>
	</source>
	<size>
		<width>416</width>
		<height>416</height>
		<depth>3</depth>
	</size>
	<segmented>0</segmented>
	<object>
		<name>greenapple</name>
		<pose>Unspecified</pose>
		<truncated>0</truncated>
		<difficult>0</difficult>
		<occluded>0</occluded>
		<bndbox>
			<xmin>145</xmin>
			<xmax>172</xmax>
			<ymin>22</ymin>
			<ymax>55</ymax>
		</bndbox>
		<polygon>
			<x1>171.23536</x1>
			<y1>44.751932</y1>
			<x2>170.818762</x2>
			<y2>31.990906</y2>
			<x3>164.356328</x3>
			<y3>21.65787</y3>
			<x4>153.733124</x4>
			<y4>20.785737</y4>
			<x5>143.934132</x5>
			<y5>31.713032</y5>
			<x6>145.848375</x6>
			<y6>45.100232</y6>
			<x7>153.704547</x7>
			<y7>53.663293</y7>
			<x8>165.980676</x8>
			<y8>53.111628</y8>
			<x9>171.23536</x9>
			<y9>44.751932</y9>
		</polygon>
	</object>
	<object>
		<name>redapple</name>
		<pose>Unspecified</pose>
		<truncated>0</truncated>
		<difficult>0</difficult>
		<occluded>0</occluded>
		<bndbox>
			<xmin>325</xmin>
			<xmax>403</xmax>
			<ymin>168</ymin>
			<ymax>242</ymax>
		</bndbox>
		<polygon>
			<x1>396.527353</x1>
			<y1>241</y1>
			<x2>401.904678</x2>
			<y2>214.520957</y2>
			<x3>396.160417</x3>
			<y3>199.126379</y3>
			<x4>370.25953100000004</x4>
			<y4>172.055991</y4>
			<x5>353.466143</x5>
			<y5>167.064721</y5>
			<x6>340.69890799999996</x6>
			<y6>168.629134</y6>
			<x7>330.165212</x7>
			<y7>181.684109</y7>
			<x8>324.148776</x8>
			<y8>200.282021</y8>
			<x9>331.97909100000004</x9>
			<y9>229.947686</y9>
			<x10>341.500654</x10>
			<y10>241</y10>
			<x11>396.527353</x11>
			<y11>241</y11>
		</polygon>
	</object>
	<object>
		<name>greenapple</name>
		<pose>Unspecified</pose>
		<truncated>0</truncated>
		<difficult>0</difficult>
		<occluded>0</occluded>
		<bndbox>
			<xmin>114</xmin>
			<xmax>140</xmax>
			<ymin>388</ymin>
			<ymax>417</ymax>
		</bndbox>
		<polygon>
			<x1>133.920016</x1>
			<y1>416</y1>
			<x2>139.385675</x2>
			<y2>407.89683</y2>
			<x3>137.152136</x3>
			<y3>396.406267</y3>
			<x4>129.78707</x4>
			<y4>386.830459</y4>
			<x5>120.16261</x5>
			<y5>386.866692</y5>
			<x6>112.919174</x6>
			<y6>395.61296100000004</y6>
			<x7>115.52066</x7>
			<y7>412.535719</y7>
			<x8>119.769132</x8>
			<y8>416</y8>
			<x9>133.920016</x9>
			<y9>416</y9>
		</polygon>
	</object>
	<object>
		<name>greenapple</name>
		<pose>Unspecified</pose>
		<truncated>0</truncated>
		<difficult>0</difficult>
		<occluded>0</occluded>
		<bndbox>
			<xmin>366</xmin>
			<xmax>411</xmax>
			<ymin>364</ymin>
			<ymax>417</ymax>
		</bndbox>
		<polygon>
			<x1>406.438045</x1>
			<y1>416</y1>
			<x2>410.249364</x2>
			<y2>405.24327500000004</y2>
			<x3>408.066007</x3>
			<y3>376.314524</y3>
			<x4>392.37799</x4>
			<y4>362.852817</y4>
			<x5>375.952549</x5>
			<y5>363.293741</y5>
			<x6>368.880923</x6>
			<y6>372.9239</y6>
			<x7>367.48058100000003</x7>
			<y7>386.95538999999997</y7>
			<x8>364.681428</x8>
			<y8>390.251347</y8>
			<x9>367.013801</x9>
			<y9>391.63255200000003</y9>
			<x10>370.64615100000003</x10>
			<y10>413.858646</y10>
			<x11>372.809056</x11>
			<y11>416</y11>
			<x12>406.438045</x12>
			<y12>416</y12>
		</polygon>
	</object>
</annotation>
