<annotation>
	<folder></folder>
	<filename>image_8_png.rf.8635b2febb6cdaf4dbde47b0d12e6dd0.jpg</filename>
	<path>image_8_png.rf.8635b2febb6cdaf4dbde47b0d12e6dd0.jpg</path>
	<source>
		<database>roboflow.ai</database>
	</source>
	<size>
		<width>416</width>
		<height>416</height>
		<depth>3</depth>
	</size>
	<segmented>0</segmented>
	<object>
		<name>mango</name>
		<pose>Unspecified</pose>
		<truncated>0</truncated>
		<difficult>0</difficult>
		<occluded>0</occluded>
		<bndbox>
			<xmin>1</xmin>
			<xmax>142</xmax>
			<ymin>9</ymin>
			<ymax>167</ymax>
		</bndbox>
		<polygon>
			<x1>0</x1>
			<y1>166</y1>
			<x2>141</x2>
			<y2>166</y2>
			<x3>141</x3>
			<y3>7.797094</y3>
			<x4>133.219587</x4>
			<y4>8.00862</y4>
			<x5>108.142789</x5>
			<y5>14.828181</y5>
			<x6>70.712336</x6>
			<y6>35.140969</y6>
			<x7>0</x7>
			<y7>91.866403</y7>
			<x8>0</x8>
			<y8>166</y8>
		</polygon>
	</object>
	<object>
		<name>mango</name>
		<pose>Unspecified</pose>
		<truncated>0</truncated>
		<difficult>0</difficult>
		<occluded>0</occluded>
		<bndbox>
			<xmin>1</xmin>
			<xmax>142</xmax>
			<ymin>193</ymin>
			<ymax>397</ymax>
		</bndbox>
		<polygon>
			<x1>141</x1>
			<y1>192.077487</y1>
			<x2>134.142789</x2>
			<y2>193.828181</y2>
			<x3>107.39305</x3>
			<y3>208.075874</y3>
			<x4>14.919893</x4>
			<y4>279.90385100000003</y4>
			<x5>2.120489</x5>
			<y5>298.008222</y5>
			<x6>0</x6>
			<y6>305.898914</y6>
			<x7>0</x7>
			<y7>343.045893</y7>
			<x8>7.438041</x8>
			<y8>360.123421</y8>
			<x9>27.098223</x9>
			<y9>381.114443</y9>
			<x10>45.497413</x10>
			<y10>391.160867</y10>
			<x11>71.197632</x11>
			<y11>396.236875</y11>
			<x12>135.733161</x12>
			<y12>394.68982500000004</y12>
			<x13>141</x13>
			<y13>393.63885200000004</y13>
			<x14>141</x14>
			<y14>192.077487</y14>
		</polygon>
	</object>
	<object>
		<name>orange</name>
		<pose>Unspecified</pose>
		<truncated>0</truncated>
		<difficult>0</difficult>
		<occluded>0</occluded>
		<bndbox>
			<xmin>372</xmin>
			<xmax>417</xmax>
			<ymin>240</ymin>
			<ymax>318</ymax>
		</bndbox>
		<polygon>
			<x1>416</x1>
			<y1>243.611753</y1>
			<x2>408.956038</x2>
			<y2>239.426164</y2>
			<x3>393.140941</x3>
			<y3>239.337441</y3>
			<x4>380.403644</x4>
			<y4>245.510316</y4>
			<x5>374.665492</x5>
			<y5>254.069053</y5>
			<x6>370.63408300000003</x6>
			<y6>268.96124299999997</y6>
			<x7>371.641147</x7>
			<y7>288.177163</y7>
			<x8>377.255085</x8>
			<y8>303.48141899999996</y8>
			<x9>388.161422</x9>
			<y9>314.838084</y9>
			<x10>398.588207</x10>
			<y10>317.04431</y10>
			<x11>414.259437</x11>
			<y11>314.387902</y11>
			<x12>416</x12>
			<y12>312.495864</y12>
			<x13>416</x13>
			<y13>243.611753</y13>
		</polygon>
	</object>
	<object>
		<name>mango</name>
		<pose>Unspecified</pose>
		<truncated>0</truncated>
		<difficult>0</difficult>
		<occluded>0</occluded>
		<bndbox>
			<xmin>340</xmin>
			<xmax>393</xmax>
			<ymin>384</ymin>
			<ymax>417</ymax>
		</bndbox>
		<polygon>
			<x1>392.34660099999996</x1>
			<y1>416</y1>
			<x2>392.415303</x2>
			<y2>409.123523</y2>
			<x3>389.14568099999997</x3>
			<y3>399.201748</y3>
			<x4>374.57192599999996</x4>
			<y4>383.449499</y4>
			<x5>356.652291</x5>
			<y5>382.553514</y5>
			<x6>346.657106</x6>
			<y6>388.582682</y6>
			<x7>339.73971900000004</x7>
			<y7>400.873448</y7>
			<x8>339.118961</x8>
			<y8>416</y8>
			<x9>392.34660099999996</x9>
			<y9>416</y9>
		</polygon>
	</object>
	<object>
		<name>capsicum</name>
		<pose>Unspecified</pose>
		<truncated>0</truncated>
		<difficult>0</difficult>
		<occluded>0</occluded>
		<bndbox>
			<xmin>203</xmin>
			<xmax>235</xmax>
			<ymin>204</ymin>
			<ymax>262</ymax>
		</bndbox>
		<polygon>
			<x1>213.479185</x1>
			<y1>208.380604</y1>
			<x2>202.1609</x2>
			<y2>215.39667</y2>
			<x3>201.796908</x3>
			<y3>234.68444399999998</y3>
			<x4>206.13569999999999</x4>
			<y4>251.890642</y4>
			<x5>212.09947699999998</x5>
			<y5>260.753663</y5>
			<x6>225.810034</x6>
			<y6>260.035123</y6>
			<x7>230.320997</x7>
			<y7>254.293372</y7>
			<x8>233.125216</x8>
			<y8>242.218168</y8>
			<x9>233.887003</x9>
			<y9>217.404204</y9>
			<x10>229.97981</x10>
			<y10>208.433401</y10>
			<x11>216.810914</x11>
			<y11>206.370882</y11>
			<x12>215.248037</x12>
			<y12>202.782561</y12>
			<x13>213.479185</x13>
			<y13>208.380604</y13>
		</polygon>
	</object>
	<object>
		<name>greenapple</name>
		<pose>Unspecified</pose>
		<truncated>0</truncated>
		<difficult>0</difficult>
		<occluded>0</occluded>
		<bndbox>
			<xmin>196</xmin>
			<xmax>220</xmax>
			<ymin>358</ymin>
			<ymax>391</ymax>
		</bndbox>
		<polygon>
			<x1>218.52550200000002</x1>
			<y1>383.369533</y1>
			<x2>218.77943199999999</x2>
			<y2>375.098211</y2>
			<x3>214.680417</x3>
			<y3>362.46723299999996</y3>
			<x4>205.432866</x4>
			<y4>356.528978</y4>
			<x5>195.677458</x5>
			<y5>367.133365</y5>
			<x6>194.738001</x6>
			<y6>375.440613</y6>
			<x7>200.941555</x7>
			<y7>388.878854</y7>
			<x8>208.578273</x8>
			<y8>390.31374400000004</y8>
			<x9>218.52550200000002</x9>
			<y9>383.369533</y9>
		</polygon>
	</object>
</annotation>
