<annotation>
	<folder></folder>
	<filename>image_187_png.rf.b2b9a5e47f648a017ab3510b2e23848c.jpg</filename>
	<path>image_187_png.rf.b2b9a5e47f648a017ab3510b2e23848c.jpg</path>
	<source>
		<database>roboflow.ai</database>
	</source>
	<size>
		<width>416</width>
		<height>416</height>
		<depth>3</depth>
	</size>
	<segmented>0</segmented>
	<object>
		<name>orange</name>
		<pose>Unspecified</pose>
		<truncated>0</truncated>
		<difficult>0</difficult>
		<occluded>0</occluded>
		<bndbox>
			<xmin>1</xmin>
			<xmax>50</xmax>
			<ymin>1</ymin>
			<ymax>69</ymax>
		</bndbox>
		<polygon>
			<x1>1.76708</x1>
			<y1>0</y1>
			<x2>0</x2>
			<y2>1.390658</y2>
			<x3>0</x3>
			<y3>59.016755</y3>
			<x4>6.742599</x4>
			<y4>66.648754</y4>
			<x5>22.994246</x5>
			<y5>68.070589</y5>
			<x6>32.868468</x6>
			<y6>64.39546</y6>
			<x7>42.774912</x7>
			<y7>52.552929</y7>
			<x8>47.342958</x8>
			<y8>39.335547</y8>
			<x9>48.761702</x9>
			<y9>23.11923</y9>
			<x10>46.400591</x10>
			<y10>11.11123</y10>
			<x11>38.557406</x11>
			<y11>0</y11>
			<x12>1.76708</x12>
			<y12>0</y12>
		</polygon>
	</object>
	<object>
		<name>redapple</name>
		<pose>Unspecified</pose>
		<truncated>0</truncated>
		<difficult>0</difficult>
		<occluded>0</occluded>
		<bndbox>
			<xmin>23</xmin>
			<xmax>71</xmax>
			<ymin>216</ymin>
			<ymax>291</ymax>
		</bndbox>
		<polygon>
			<x1>34.383491</x1>
			<y1>216.300127</y1>
			<x2>26.981418</x2>
			<y2>222.91494699999998</y2>
			<x3>22.334553</x3>
			<y3>237.03323699999999</y3>
			<x4>22.112475</x4>
			<y4>255.169852</y4>
			<x5>31.259485</x5>
			<y5>283.204181</y5>
			<x6>40.187878</x6>
			<y6>290.33993</y6>
			<x7>54.565708</x7>
			<y7>289.782223</y7>
			<x8>61.369447</x8>
			<y8>282.20725200000004</y8>
			<x9>67.449436</x9>
			<y9>267.30654400000003</y9>
			<x10>69.971647</x10>
			<y10>238.477535</y10>
			<x11>62.745054</x11>
			<y11>219.689245</y11>
			<x12>45.37556</x12>
			<y12>215.446203</y12>
			<x13>34.383491</x13>
			<y13>216.300127</y13>
		</polygon>
	</object>
	<object>
		<name>greenapple</name>
		<pose>Unspecified</pose>
		<truncated>0</truncated>
		<difficult>0</difficult>
		<occluded>0</occluded>
		<bndbox>
			<xmin>23</xmin>
			<xmax>69</xmax>
			<ymin>389</ymin>
			<ymax>417</ymax>
		</bndbox>
		<polygon>
			<x1>67.40481</x1>
			<y1>416</y1>
			<x2>67.783085</x2>
			<y2>411.676298</y2>
			<x3>56.414761</x3>
			<y3>393.433454</y3>
			<x4>41.155542</x4>
			<y4>388.467237</y4>
			<x5>34.824717</x5>
			<y5>390.636768</y5>
			<x6>26.94973</x6>
			<y6>402.657028</y6>
			<x7>22.618142</x7>
			<y7>413.171691</y7>
			<x8>22.183354</x8>
			<y8>416</y8>
			<x9>67.40481</x9>
			<y9>416</y9>
		</polygon>
	</object>
	<object>
		<name>capsicum</name>
		<pose>Unspecified</pose>
		<truncated>0</truncated>
		<difficult>0</difficult>
		<occluded>0</occluded>
		<bndbox>
			<xmin>152</xmin>
			<xmax>159</xmax>
			<ymin>373</ymin>
			<ymax>406</ymax>
		</bndbox>
		<polygon>
			<x1>158</x1>
			<y1>371.542092</y1>
			<x2>155.171369</x2>
			<y2>372.116063</y2>
			<x3>150.556723</x3>
			<y3>378.06695</y3>
			<x4>151.452492</x4>
			<y4>399.024772</y4>
			<x5>155.719641</x5>
			<y5>404.844913</y5>
			<x6>158</x6>
			<y6>405.044419</y6>
			<x7>158</x7>
			<y7>371.542092</y7>
		</polygon>
	</object>
	<object>
		<name>mango</name>
		<pose>Unspecified</pose>
		<truncated>0</truncated>
		<difficult>0</difficult>
		<occluded>0</occluded>
		<bndbox>
			<xmin>310</xmin>
			<xmax>388</xmax>
			<ymin>388</ymin>
			<ymax>417</ymax>
		</bndbox>
		<polygon>
			<x1>387.00663299999997</x1>
			<y1>416</y1>
			<x2>387.197614</x2>
			<y2>413.817076</y2>
			<x3>382.96268499999996</x3>
			<y3>399.829532</y3>
			<x4>372.239293</x4>
			<y4>389.813334</y4>
			<x5>352.680706</x5>
			<y5>387.194377</y5>
			<x6>331.420318</x6>
			<y6>396.227962</y6>
			<x7>308.834526</x7>
			<y7>416</y7>
			<x8>387.00663299999997</x8>
			<y8>416</y8>
		</polygon>
	</object>
</annotation>
