<annotation>
	<folder></folder>
	<filename>image_221_png.rf.c64f1368d5ac8e4523376ec1a0e583a5.jpg</filename>
	<path>image_221_png.rf.c64f1368d5ac8e4523376ec1a0e583a5.jpg</path>
	<source>
		<database>roboflow.ai</database>
	</source>
	<size>
		<width>416</width>
		<height>416</height>
		<depth>3</depth>
	</size>
	<segmented>0</segmented>
	<object>
		<name>orange</name>
		<pose>Unspecified</pose>
		<truncated>0</truncated>
		<difficult>0</difficult>
		<occluded>0</occluded>
		<bndbox>
			<xmin>77</xmin>
			<xmax>135</xmax>
			<ymin>106</ymin>
			<ymax>159</ymax>
		</bndbox>
		<polygon>
			<x1>133.014698</x1>
			<y1>158</y1>
			<x2>134.376845</x2>
			<y2>146.34372</y2>
			<x3>128.07339</x3>
			<y3>118.32295</y3>
			<x4>112.716358</x4>
			<y4>104.643924</y4>
			<x5>90.599438</x5>
			<y5>106.722968</y5>
			<x6>82.282707</x6>
			<y6>113.651728</y6>
			<x7>76.494964</x7>
			<y7>131.059148</y7>
			<x8>79.570619</x8>
			<y8>152.366006</y8>
			<x9>81.765663</x9>
			<y9>158</y9>
			<x10>133.014698</x10>
			<y10>158</y10>
		</polygon>
	</object>
	<object>
		<name>capsicum</name>
		<pose>Unspecified</pose>
		<truncated>0</truncated>
		<difficult>0</difficult>
		<occluded>0</occluded>
		<bndbox>
			<xmin>198</xmin>
			<xmax>223</xmax>
			<ymin>1</ymin>
			<ymax>34</ymax>
		</bndbox>
		<polygon>
			<x1>202.712975</x1>
			<y1>0</y1>
			<x2>197.024786</x2>
			<y2>4.059032</y2>
			<x3>198.543596</x3>
			<y3>16.53658</y3>
			<x4>204.182736</x4>
			<y4>29.197984</y4>
			<x5>215.028457</x5>
			<y5>32.747887</y5>
			<x6>221.905992</x6>
			<y6>21.520984</y6>
			<x7>219.49111</x7>
			<y7>0.097613</y7>
			<x8>219.387124</x8>
			<y8>0</y8>
			<x9>202.712975</x9>
			<y9>0</y9>
		</polygon>
	</object>
	<object>
		<name>orange</name>
		<pose>Unspecified</pose>
		<truncated>0</truncated>
		<difficult>0</difficult>
		<occluded>0</occluded>
		<bndbox>
			<xmin>225</xmin>
			<xmax>248</xmax>
			<ymin>145</ymin>
			<ymax>159</ymax>
		</bndbox>
		<polygon>
			<x1>247.44448599999998</x1>
			<y1>158</y1>
			<x2>247.085316</x2>
			<y2>152.72818</y2>
			<x3>240.747366</x3>
			<y3>143.831524</y3>
			<x4>231.845931</x4>
			<y4>143.580322</y4>
			<x5>224.539379</x5>
			<y5>148.510194</y5>
			<x6>224.139375</x6>
			<y6>158</y6>
			<x7>247.44448599999998</x7>
			<y7>158</y7>
		</polygon>
	</object>
	<object>
		<name>redapple</name>
		<pose>Unspecified</pose>
		<truncated>0</truncated>
		<difficult>0</difficult>
		<occluded>0</occluded>
		<bndbox>
			<xmin>380</xmin>
			<xmax>417</xmax>
			<ymin>117</ymin>
			<ymax>159</ymax>
		</bndbox>
		<polygon>
			<x1>416</x1>
			<y1>158</y1>
			<x2>416</x2>
			<y2>118.638889</y2>
			<x3>407.573842</x3>
			<y3>116.23628</y3>
			<x4>397.00145399999997</x4>
			<y4>118.100477</y4>
			<x5>387.169453</x5>
			<y5>128.027567</y5>
			<x6>379.205668</x6>
			<y6>148.549829</y6>
			<x7>380.556741</x7>
			<y7>158</y7>
			<x8>416</x8>
			<y8>158</y8>
		</polygon>
	</object>
	<object>
		<name>capsicum</name>
		<pose>Unspecified</pose>
		<truncated>0</truncated>
		<difficult>0</difficult>
		<occluded>0</occluded>
		<bndbox>
			<xmin>18</xmin>
			<xmax>167</xmax>
			<ymin>221</ymin>
			<ymax>417</ymax>
		</bndbox>
		<polygon>
			<x1>166</x1>
			<y1>416</y1>
			<x2>166</x2>
			<y2>263.660519</y2>
			<x3>161.67509</x3>
			<y3>257.365655</y3>
			<x4>136.911532</x4>
			<y4>244.434871</y4>
			<x5>115.766758</x5>
			<y5>248.163265</y5>
			<x6>107.214728</x6>
			<y6>246.02968900000002</y6>
			<x7>102.47166</x7>
			<y7>242.314108</y7>
			<x8>97.842699</x8>
			<y8>227.653816</y8>
			<x9>91.155344</x9>
			<y9>220.639535</y9>
			<x10>84.897007</x10>
			<y10>219.922283</y10>
			<x11>82.565279</x11>
			<y11>222.15419500000002</y11>
			<x12>83.96644</x12>
			<y12>230.100575</y12>
			<x13>88.515788</x13>
			<y13>236.581462</y13>
			<x14>88.595401</x14>
			<y14>244.76086700000002</y14>
			<x15>66.59613</x15>
			<y15>251.371079</y15>
			<x16>54.740231</x16>
			<y16>249.820064</y16>
			<x17>48.094453</x17>
			<y17>254.633424</y17>
			<x18>34.218193</x18>
			<y18>257.08018300000003</y18>
			<x19>22.172113</x19>
			<y19>273.770351</y19>
			<x20>17.360055</x20>
			<y20>308.302999</y20>
			<x21>25.690949</x21>
			<y21>363.27775099999997</y21>
			<x22>45.370918</x22>
			<y22>416</y22>
			<x23>166</x23>
			<y23>416</y23>
		</polygon>
	</object>
	<object>
		<name>greenapple</name>
		<pose>Unspecified</pose>
		<truncated>0</truncated>
		<difficult>0</difficult>
		<occluded>0</occluded>
		<bndbox>
			<xmin>183</xmin>
			<xmax>207</xmax>
			<ymin>208</ymin>
			<ymax>238</ymax>
		</bndbox>
		<polygon>
			<x1>205.704773</x1>
			<y1>228.937865</y1>
			<x2>205.002422</x2>
			<y2>217.226737</y2>
			<x3>197.848013</x3>
			<y3>207.563662</y3>
			<x4>190.268128</x4>
			<y4>207.079436</y4>
			<x5>182.262765</x5>
			<y5>215.774058</y5>
			<x6>182.809431</x6>
			<y6>226.602255</y6>
			<x7>190.780299</x7>
			<y7>237.031748</y7>
			<x8>200.342507</x8>
			<y8>237.166438</y8>
			<x9>205.704773</x9>
			<y9>228.937865</y9>
		</polygon>
	</object>
	<object>
		<name>mango</name>
		<pose>Unspecified</pose>
		<truncated>0</truncated>
		<difficult>0</difficult>
		<occluded>0</occluded>
		<bndbox>
			<xmin>194</xmin>
			<xmax>222</xmax>
			<ymin>353</ymin>
			<ymax>388</ymax>
		</bndbox>
		<polygon>
			<x1>221.32542899999999</x1>
			<y1>375.486249</y1>
			<x2>217.862333</x2>
			<y2>359.71000200000003</y2>
			<x3>210.358519</x3>
			<y3>351.929302</y3>
			<x4>198.813987</x4>
			<y4>352.14414899999997</y4>
			<x5>192.79094800000001</x5>
			<y5>360.489234</y5>
			<x6>194.465443</x6>
			<y6>373.849712</y6>
			<x7>206.868009</x7>
			<y7>386.228925</y7>
			<x8>215.108669</x8>
			<y8>386.596639</y8>
			<x9>221.32542899999999</x9>
			<y9>375.486249</y9>
		</polygon>
	</object>
</annotation>
