<annotation>
	<folder></folder>
	<filename>image_148_png.rf.8d9f1f4aaf5425d29a02b8e780780aaf.jpg</filename>
	<path>image_148_png.rf.8d9f1f4aaf5425d29a02b8e780780aaf.jpg</path>
	<source>
		<database>roboflow.ai</database>
	</source>
	<size>
		<width>416</width>
		<height>416</height>
		<depth>3</depth>
	</size>
	<segmented>0</segmented>
	<object>
		<name>capsicum</name>
		<pose>Unspecified</pose>
		<truncated>0</truncated>
		<difficult>0</difficult>
		<occluded>0</occluded>
		<bndbox>
			<xmin>82</xmin>
			<xmax>113</xmax>
			<ymin>1</ymin>
			<ymax>38</ymax>
		</bndbox>
		<polygon>
			<x1>112</x1>
			<y1>0</y1>
			<x2>82.824509</x2>
			<y2>0</y2>
			<x3>81.332064</x3>
			<y3>12.068684</y3>
			<x4>85.335019</x4>
			<y4>33.226559</y4>
			<x5>98.755214</x5>
			<y5>37.136793</y5>
			<x6>107.583775</x6>
			<y6>27.826994</y6>
			<x7>112</x7>
			<y7>14.479346</y7>
			<x8>112</x8>
			<y8>0</y8>
		</polygon>
	</object>
	<object>
		<name>redapple</name>
		<pose>Unspecified</pose>
		<truncated>0</truncated>
		<difficult>0</difficult>
		<occluded>0</occluded>
		<bndbox>
			<xmin>248</xmin>
			<xmax>317</xmax>
			<ymin>108</ymin>
			<ymax>196</ymax>
		</bndbox>
		<polygon>
			<x1>290.63235</x1>
			<y1>195</y1>
			<x2>301.584689</x2>
			<y2>192.870565</y2>
			<x3>316.018053</x3>
			<y3>169.278663</y3>
			<x4>315.89104199999997</x4>
			<y4>153.196388</y4>
			<x5>301.15101200000004</x5>
			<y5>119.629822</y5>
			<x6>287.391561</x6>
			<y6>109.419459</y6>
			<x7>275.13786600000003</x7>
			<y7>106.586323</y7>
			<x8>261.091804</x8>
			<y8>115.069751</y8>
			<x9>249.341559</x9>
			<y9>130.163195</y9>
			<x10>246.610392</x10>
			<y10>160.070254</y10>
			<x11>254.150034</x11>
			<y11>180.003602</y11>
			<x12>265.815047</x12>
			<y12>190.774579</y12>
			<x13>283.058581</x13>
			<y13>195</y13>
			<x14>290.63235</x14>
			<y14>195</y14>
		</polygon>
	</object>
	<object>
		<name>capsicum</name>
		<pose>Unspecified</pose>
		<truncated>0</truncated>
		<difficult>0</difficult>
		<occluded>0</occluded>
		<bndbox>
			<xmin>380</xmin>
			<xmax>405</xmax>
			<ymin>115</ymin>
			<ymax>154</ymax>
		</bndbox>
		<polygon>
			<x1>394.403012</x1>
			<y1>151.353989</y1>
			<x2>403.268756</x2>
			<y2>137.588368</y2>
			<x3>404.446121</x3>
			<y3>121.712686</y3>
			<x4>394.976236</x4>
			<y4>113.966408</y4>
			<x5>382.923922</x5>
			<y5>118.303904</y5>
			<x6>379.212174</x6>
			<y6>124.854758</y6>
			<x7>379.439876</x7>
			<y7>144.52235</y7>
			<x8>386.163135</x8>
			<y8>152.725946</y8>
			<x9>394.403012</x9>
			<y9>151.353989</y9>
		</polygon>
	</object>
	<object>
		<name>redapple</name>
		<pose>Unspecified</pose>
		<truncated>0</truncated>
		<difficult>0</difficult>
		<occluded>0</occluded>
		<bndbox>
			<xmin>113</xmin>
			<xmax>154</xmax>
			<ymin>196</ymin>
			<ymax>259</ymax>
		</bndbox>
		<polygon>
			<x1>112</x1>
			<y1>195</y1>
			<x2>112</x2>
			<y2>249.359473</y2>
			<x3>116.384423</x3>
			<y3>254.464766</y3>
			<x4>125.891492</x4>
			<y4>257.755222</y4>
			<x5>135.57362</x5>
			<y5>255.71935200000001</y5>
			<x6>142.031993</x6>
			<y6>248.71117900000002</y6>
			<x7>149.354796</x7>
			<y7>232.024154</y7>
			<x8>153.17809599999998</x8>
			<y8>212.105835</y8>
			<x9>148.988922</x9>
			<y9>195</y9>
			<x10>112</x10>
			<y10>195</y10>
		</polygon>
	</object>
	<object>
		<name>greenapple</name>
		<pose>Unspecified</pose>
		<truncated>0</truncated>
		<difficult>0</difficult>
		<occluded>0</occluded>
		<bndbox>
			<xmin>232</xmin>
			<xmax>257</xmax>
			<ymin>210</ymin>
			<ymax>242</ymax>
		</bndbox>
		<polygon>
			<x1>254.606469</x1>
			<y1>234.416907</y1>
			<x2>256.123088</x2>
			<y2>224.841352</y2>
			<x3>252.835827</x3>
			<y3>211.827911</y3>
			<x4>244.633134</x4>
			<y4>208.744048</y4>
			<x5>234.399509</x5>
			<y5>214.261937</y5>
			<x6>231.403455</x6>
			<y6>228.957226</y6>
			<x7>236.408715</x7>
			<y7>239.565744</y7>
			<x8>246.191533</x8>
			<y8>241.11518999999998</y8>
			<x9>254.606469</x9>
			<y9>234.416907</y9>
		</polygon>
	</object>
	<object>
		<name>mango</name>
		<pose>Unspecified</pose>
		<truncated>0</truncated>
		<difficult>0</difficult>
		<occluded>0</occluded>
		<bndbox>
			<xmin>202</xmin>
			<xmax>230</xmax>
			<ymin>348</ymin>
			<ymax>386</ymax>
		</bndbox>
		<polygon>
			<x1>227.429745</x1>
			<y1>376.456648</y1>
			<x2>229.497861</x2>
			<y2>363.399073</y2>
			<x3>224.116163</x3>
			<y3>350.94624799999997</y3>
			<x4>214.74696799999998</x4>
			<y4>346.78528700000004</y4>
			<x5>204.375469</x5>
			<y5>353.173682</y5>
			<x6>201.002976</x6>
			<y6>366.02466400000003</y6>
			<x7>209.23199</x7>
			<y7>381.60548600000004</y7>
			<x8>218.086872</x8>
			<y8>384.792646</y8>
			<x9>227.429745</x9>
			<y9>376.456648</y9>
		</polygon>
	</object>
</annotation>
