<annotation>
	<folder></folder>
	<filename>image_197_png.rf.da3adefccae0d57ffa6996c80f3e4f9a.jpg</filename>
	<path>image_197_png.rf.da3adefccae0d57ffa6996c80f3e4f9a.jpg</path>
	<source>
		<database>roboflow.ai</database>
	</source>
	<size>
		<width>416</width>
		<height>416</height>
		<depth>3</depth>
	</size>
	<segmented>0</segmented>
	<object>
		<name>orange</name>
		<pose>Unspecified</pose>
		<truncated>0</truncated>
		<difficult>0</difficult>
		<occluded>0</occluded>
		<bndbox>
			<xmin>1</xmin>
			<xmax>50</xmax>
			<ymin>141</ymin>
			<ymax>217</ymax>
		</bndbox>
		<polygon>
			<x1>0</x1>
			<y1>206.02969</y1>
			<x2>3.2976</x2>
			<y2>210.708048</y2>
			<x3>12.109237</x3>
			<y3>215.976479</y3>
			<x4>31.767144</x4>
			<y4>215.377182</y4>
			<x5>38.140848</x5>
			<y5>211.873004</y5>
			<x6>44.636166</x6>
			<y6>203.81792</y6>
			<x7>48.913022</x7>
			<y7>188.777668</y7>
			<x8>43.621974</x8>
			<y8>156.768307</y8>
			<x9>33.822721</x9>
			<y9>143.456384</y9>
			<x10>27.241427</x10>
			<y10>139.72849</y10>
			<x11>7.693255</x11>
			<y11>141.221509</y11>
			<x12>0</x12>
			<y12>146.874835</y12>
			<x13>0</x13>
			<y13>206.02969</y13>
		</polygon>
	</object>
	<object>
		<name>capsicum</name>
		<pose>Unspecified</pose>
		<truncated>0</truncated>
		<difficult>0</difficult>
		<occluded>0</occluded>
		<bndbox>
			<xmin>254</xmin>
			<xmax>416</xmax>
			<ymin>1</ymin>
			<ymax>245</ymax>
		</bndbox>
		<polygon>
			<x1>280.132307</x1>
			<y1>0</y1>
			<x2>263.214847</x2>
			<y2>2.919934</y2>
			<x3>253</x3>
			<y3>15.587743</y3>
			<x4>253</x4>
			<y4>124.294986</y4>
			<x5>271.207386</x5>
			<y5>178.841598</y5>
			<x6>291.891365</x6>
			<y6>219.847284</y6>
			<x7>318.204662</x7>
			<y7>240.203487</y7>
			<x8>367.672693</x8>
			<y8>244.108722</y8>
			<x9>379.189254</x9>
			<y9>238.158691</y9>
			<x10>394.31237899999996</x10>
			<y10>217.25071</y10>
			<x11>403.84182599999997</x11>
			<y11>200.658325</y11>
			<x12>407.558127</x12>
			<y12>186.594097</y12>
			<x13>411.980357</x13>
			<y13>156.11368</y13>
			<x14>415.01167</x14>
			<y14>97.681003</y14>
			<x15>410.963349</x15>
			<y15>59.168689</y15>
			<x16>402.10137599999996</x16>
			<y16>25.783393</y16>
			<x17>388.852812</x17>
			<y17>6.544627</y17>
			<x18>376.329992</x18>
			<y18>0</y18>
			<x19>280.132307</x19>
			<y19>0</y19>
		</polygon>
	</object>
	<object>
		<name>mango</name>
		<pose>Unspecified</pose>
		<truncated>0</truncated>
		<difficult>0</difficult>
		<occluded>0</occluded>
		<bndbox>
			<xmin>1</xmin>
			<xmax>195</xmax>
			<ymin>287</ymin>
			<ymax>417</ymax>
		</bndbox>
		<polygon>
			<x1>0</x1>
			<y1>416</y1>
			<x2>181.596468</x2>
			<y2>416</y2>
			<x3>188.806392</x3>
			<y3>404.50365899999997</y3>
			<x4>194.325975</x4>
			<y4>382.960455</y4>
			<x5>188.948952</x5>
			<y5>339.168115</y5>
			<x6>175.712268</x6>
			<y6>314.484721</y6>
			<x7>162.451825</x7>
			<y7>300.690584</y7>
			<x8>141.586831</x8>
			<y8>291.458948</y8>
			<x9>110.99668</x9>
			<y9>286.142996</y9>
			<x10>79.383272</x10>
			<y10>289.11744</y10>
			<x11>54.911714</x11>
			<y11>294.843755</y11>
			<x12>21.922085</x12>
			<y12>314.316686</y12>
			<x13>0</x13>
			<y13>333.298449</y13>
			<x14>0</x14>
			<y14>416</y14>
		</polygon>
	</object>
	<object>
		<name>orange</name>
		<pose>Unspecified</pose>
		<truncated>0</truncated>
		<difficult>0</difficult>
		<occluded>0</occluded>
		<bndbox>
			<xmin>362</xmin>
			<xmax>387</xmax>
			<ymin>250</ymin>
			<ymax>281</ymax>
		</bndbox>
		<polygon>
			<x1>369.604515</x1>
			<y1>249</y1>
			<x2>360.673428</x2>
			<y2>258.139191</y2>
			<x3>362.429191</x3>
			<y3>272.438731</y3>
			<x4>370.899742</x4>
			<y4>280.470628</y4>
			<x5>380.283815</x5>
			<y5>279.318408</y5>
			<x6>386.340193</x6>
			<y6>267.688438</y6>
			<x7>385.133106</x7>
			<y7>257.857505</y7>
			<x8>380.123744</x8>
			<y8>250.307823</y8>
			<x9>370.73659</x9>
			<y9>249</y9>
			<x10>369.604515</x10>
			<y10>249</y10>
		</polygon>
	</object>
</annotation>
