<annotation>
	<folder></folder>
	<filename>image_174_png.rf.1908202761fbe09066d0a52595df9e9d.jpg</filename>
	<path>image_174_png.rf.1908202761fbe09066d0a52595df9e9d.jpg</path>
	<source>
		<database>roboflow.ai</database>
	</source>
	<size>
		<width>416</width>
		<height>416</height>
		<depth>3</depth>
	</size>
	<segmented>0</segmented>
	<object>
		<name>mango</name>
		<pose>Unspecified</pose>
		<truncated>0</truncated>
		<difficult>0</difficult>
		<occluded>0</occluded>
		<bndbox>
			<xmin>251</xmin>
			<xmax>307</xmax>
			<ymin>45</ymin>
			<ymax>110</ymax>
		</bndbox>
		<polygon>
			<x1>296.518647</x1>
			<y1>51.649385</y1>
			<x2>279.590713</x2>
			<y2>43.792267</y2>
			<x3>269.02683</x3>
			<y3>45.392185</y3>
			<x4>259.412447</x4>
			<y4>52.65666</y4>
			<x5>252.064844</x5>
			<y5>65.841746</y5>
			<x6>249.669862</x6>
			<y6>78.16286</y6>
			<x7>251.081291</x7>
			<y7>88.483868</y7>
			<x8>256.615632</x8>
			<y8>98.692957</y8>
			<x9>268.59094500000003</x9>
			<y9>107.414047</y9>
			<x10>279.300257</x10>
			<y10>108.582395</y10>
			<x11>296.014253</x11>
			<y11>99.957948</y11>
			<x12>303.361856</x12>
			<y12>86.772862</y12>
			<x13>305.58576800000003</x13>
			<y13>75.331828</y13>
			<x14>304.003268</x14>
			<y14>65.890899</y14>
			<x15>296.518647</x15>
			<y15>51.649385</y15>
		</polygon>
	</object>
	<object>
		<name>orange</name>
		<pose>Unspecified</pose>
		<truncated>0</truncated>
		<difficult>0</difficult>
		<occluded>0</occluded>
		<bndbox>
			<xmin>101</xmin>
			<xmax>126</xmax>
			<ymin>130</ymin>
			<ymax>161</ymax>
		</bndbox>
		<polygon>
			<x1>123.17729800000001</x1>
			<y1>152.215075</y1>
			<x2>125.23014</x2>
			<y2>141.65412</y2>
			<x3>122.33036</x3>
			<y3>131.957138</y3>
			<x4>110.645907</x4>
			<y4>128.772579</y4>
			<x5>102.177734</x5>
			<y5>137.173186</y5>
			<x6>100.124892</x6>
			<y6>147.734141</y6>
			<x7>104.341953</x7>
			<y7>157.687176</y7>
			<x8>114.050485</x8>
			<y8>160.487656</y8>
			<x9>123.17729800000001</x9>
			<y9>152.215075</y9>
		</polygon>
	</object>
	<object>
		<name>greenapple</name>
		<pose>Unspecified</pose>
		<truncated>0</truncated>
		<difficult>0</difficult>
		<occluded>0</occluded>
		<bndbox>
			<xmin>406</xmin>
			<xmax>417</xmax>
			<ymin>42</ymin>
			<ymax>71</ymax>
		</bndbox>
		<polygon>
			<x1>416</x1>
			<y1>40.877402</y1>
			<x2>406.691039</x2>
			<y2>47.491426</y2>
			<x3>404.954698</x3>
			<y3>59.940568</y3>
			<x4>408.684188</x4>
			<y4>68.885496</y4>
			<x5>416</x5>
			<y5>70.307546</y5>
			<x6>416</x6>
			<y6>40.877402</y6>
		</polygon>
	</object>
	<object>
		<name>capsicum</name>
		<pose>Unspecified</pose>
		<truncated>0</truncated>
		<difficult>0</difficult>
		<occluded>0</occluded>
		<bndbox>
			<xmin>1</xmin>
			<xmax>68</xmax>
			<ymin>175</ymin>
			<ymax>403</ymax>
		</bndbox>
		<polygon>
			<x1>0</x1>
			<y1>174</y1>
			<x2>0</x2>
			<y2>401.5686</y2>
			<x3>6.15317</x3>
			<y3>397.184035</y3>
			<x4>18.940965</x4>
			<y4>384.143083</y4>
			<x5>36.176583</x5>
			<y5>348.220063</y5>
			<x6>57.004674</x6>
			<y6>293.815372</y6>
			<x7>65.532541</x7>
			<y7>253.459739</y7>
			<x8>67.200373</x8>
			<y8>227.297299</y8>
			<x9>61.109954</x9>
			<y9>202.366805</y9>
			<x10>42.283021</x10>
			<y10>183.180572</y10>
			<x11>23.011385</x11>
			<y11>180.347878</y11>
			<x12>15.018994</x12>
			<y12>174</y12>
			<x13>0</x13>
			<y13>174</y13>
		</polygon>
	</object>
	<object>
		<name>greenapple</name>
		<pose>Unspecified</pose>
		<truncated>0</truncated>
		<difficult>0</difficult>
		<occluded>0</occluded>
		<bndbox>
			<xmin>157</xmin>
			<xmax>333</xmax>
			<ymin>275</ymin>
			<ymax>417</ymax>
		</bndbox>
		<polygon>
			<x1>318.533407</x1>
			<y1>416</y1>
			<x2>324.377976</x2>
			<y2>402.898844</y2>
			<x3>332.05049099999997</x3>
			<y3>366.94360900000004</y3>
			<x4>329.672335</x4>
			<y4>329.948054</y4>
			<x5>319.63007500000003</x5>
			<y5>304.24939900000004</y5>
			<x6>292.386248</x6>
			<y6>286.167084</y6>
			<x7>257.991529</x7>
			<y7>276.74143200000003</y7>
			<x8>213.494857</x8>
			<y8>273.57214799999997</y8>
			<x9>189.655609</x9>
			<y9>287.204912</y9>
			<x10>172.52255200000002</x10>
			<y10>308.53455199999996</y10>
			<x11>165.662519</x11>
			<y11>322.727745</y11>
			<x12>156.621442</x12>
			<y12>365.723616</y12>
			<x13>156.15109999999999</x13>
			<y13>385.725499</y13>
			<x14>160.737679</x14>
			<y14>416</y14>
			<x15>318.533407</x15>
			<y15>416</y15>
		</polygon>
	</object>
</annotation>
