<annotation>
	<folder></folder>
	<filename>image_39_png.rf.11593b5d9f44d18412a85ab16e7e9e3c.jpg</filename>
	<path>image_39_png.rf.11593b5d9f44d18412a85ab16e7e9e3c.jpg</path>
	<source>
		<database>roboflow.ai</database>
	</source>
	<size>
		<width>416</width>
		<height>416</height>
		<depth>3</depth>
	</size>
	<segmented>0</segmented>
	<object>
		<name>capsicum</name>
		<pose>Unspecified</pose>
		<truncated>0</truncated>
		<difficult>0</difficult>
		<occluded>0</occluded>
		<bndbox>
			<xmin>1</xmin>
			<xmax>161</xmax>
			<ymin>1</ymin>
			<ymax>255</ymax>
		</bndbox>
		<polygon>
			<x1>46.698868</x1>
			<y1>0</y1>
			<x2>50.898391</x2>
			<y2>7.207425</y2>
			<x3>50.897263</x3>
			<y3>15.314046</y3>
			<x4>35.876502</x4>
			<y4>22.66196</y4>
			<x5>25.510909</x5>
			<y5>21.643574</y5>
			<x6>1.393497</x6>
			<y6>30.358834</y6>
			<x7>0</x7>
			<y7>32.102061</y7>
			<x8>0</x8>
			<y8>138.120165</y8>
			<x9>30.774024</x9>
			<y9>204.975724</y9>
			<x10>53.616475</x10>
			<y10>237.110044</y10>
			<x11>71.384289</x11>
			<y11>251.594822</y11>
			<x12>81.326651</x12>
			<y12>253.619435</y12>
			<x13>128.290277</x13>
			<y13>250.016427</y13>
			<x14>138.022339</x14>
			<y14>243.086429</y14>
			<x15>153.468964</x15>
			<y15>215.81684</y15>
			<x16>159.394579</x16>
			<y16>199.027444</y16>
			<x17>159.823078</x17>
			<y17>160.19032</y17>
			<x18>155.811598</x18>
			<y18>103.545416</y18>
			<x19>146.72059</x19>
			<y19>64.379659</y19>
			<x20>137.415896</x20>
			<y20>40.579153</y20>
			<x21>121.764239</x21>
			<y21>21.063237</y21>
			<x22>97.22623</x22>
			<y22>11.869277</y22>
			<x23>79.03255</x23>
			<y23>17.306174</y23>
			<x24>66.128698</x24>
			<y24>14.218535</y24>
			<x25>60.235366</x25>
			<y25>0</y25>
			<x26>46.698868</x26>
			<y26>0</y26>
		</polygon>
	</object>
	<object>
		<name>redapple</name>
		<pose>Unspecified</pose>
		<truncated>0</truncated>
		<difficult>0</difficult>
		<occluded>0</occluded>
		<bndbox>
			<xmin>200</xmin>
			<xmax>266</xmax>
			<ymin>157</ymin>
			<ymax>238</ymax>
		</bndbox>
		<polygon>
			<x1>199</x1>
			<y1>213.135997</y1>
			<x2>204.159362</x2>
			<y2>221.266194</y2>
			<x3>216.216</x3>
			<y3>231.770702</y3>
			<x4>232.927428</x4>
			<y4>236.611119</y4>
			<x5>250.697875</x5>
			<y5>232.180449</y5>
			<x6>261.911059</x6>
			<y6>223.079758</y6>
			<x7>264.664509</x7>
			<y7>198.974933</y7>
			<x8>262.338806</x8>
			<y8>189.647047</y8>
			<x9>257.051235</x9>
			<y9>181.958343</y9>
			<x10>229.976848</x10>
			<y10>157.184094</y10>
			<x11>206.707027</x11>
			<y11>155.780277</y11>
			<x12>199</x12>
			<y12>164.68253</y12>
			<x13>199</x13>
			<y13>213.135997</y13>
		</polygon>
	</object>
	<object>
		<name>capsicum</name>
		<pose>Unspecified</pose>
		<truncated>0</truncated>
		<difficult>0</difficult>
		<occluded>0</occluded>
		<bndbox>
			<xmin>281</xmin>
			<xmax>300</xmax>
			<ymin>1</ymin>
			<ymax>9</ymax>
		</bndbox>
		<polygon>
			<x1>280.06363699999997</x1>
			<y1>0</y1>
			<x2>285.210978</x2>
			<y2>8.307026</y2>
			<x3>295.999803</x3>
			<y3>8.319183</y3>
			<x4>299.173849</x4>
			<y4>2.123578</y4>
			<x5>298.982918</x5>
			<y5>0</y5>
			<x6>280.06363699999997</x6>
			<y6>0</y6>
		</polygon>
	</object>
	<object>
		<name>mango</name>
		<pose>Unspecified</pose>
		<truncated>0</truncated>
		<difficult>0</difficult>
		<occluded>0</occluded>
		<bndbox>
			<xmin>298</xmin>
			<xmax>327</xmax>
			<ymin>126</ymin>
			<ymax>160</ymax>
		</bndbox>
		<polygon>
			<x1>325.59702400000003</x1>
			<y1>145.953167</y1>
			<x2>320.733438</x2>
			<y2>131.853821</y2>
			<x3>311.637916</x3>
			<y3>125.114547</y3>
			<x4>301.906606</x4>
			<y4>126.64013</y4>
			<x5>296.616402</x5>
			<y5>137.866874</y5>
			<x6>299.788191</x6>
			<y6>147.88451</y6>
			<x7>313.960232</x7>
			<y7>158.762294</y7>
			<x8>321.576139</x8>
			<y8>156.863435</y8>
			<x9>325.59702400000003</x9>
			<y9>145.953167</y9>
		</polygon>
	</object>
	<object>
		<name>orange</name>
		<pose>Unspecified</pose>
		<truncated>0</truncated>
		<difficult>0</difficult>
		<occluded>0</occluded>
		<bndbox>
			<xmin>20</xmin>
			<xmax>76</xmax>
			<ymin>375</ymin>
			<ymax>417</ymax>
		</bndbox>
		<polygon>
			<x1>75.330392</x1>
			<y1>416</y1>
			<x2>75.220267</x2>
			<y2>408.453781</y2>
			<x3>70.14563</x3>
			<y3>390.804238</y3>
			<x4>53.858937</x4>
			<y4>374.148767</y4>
			<x5>33.762034</x5>
			<y5>374.65596600000003</y5>
			<x6>24.453203</x6>
			<y6>380.579735</y6>
			<x7>18.527965</x7>
			<y7>394.666925</y7>
			<x8>18.737135</x8>
			<y8>411.728155</y8>
			<x9>20.187539</x9>
			<y9>416</y9>
			<x10>75.330392</x10>
			<y10>416</y10>
		</polygon>
	</object>
	<object>
		<name>greenapple</name>
		<pose>Unspecified</pose>
		<truncated>0</truncated>
		<difficult>0</difficult>
		<occluded>0</occluded>
		<bndbox>
			<xmin>200</xmin>
			<xmax>237</xmax>
			<ymin>398</ymin>
			<ymax>417</ymax>
		</bndbox>
		<polygon>
			<x1>199</x1>
			<y1>416</y1>
			<x2>235.528702</x2>
			<y2>416</y2>
			<x3>235.033304</x3>
			<y3>411.086772</y3>
			<x4>218.111577</x4>
			<y4>397.291746</y4>
			<x5>202.245481</x5>
			<y5>398.54549399999996</y5>
			<x6>199</x6>
			<y6>403.499319</y6>
			<x7>199</x7>
			<y7>416</y7>
		</polygon>
	</object>
</annotation>
