<annotation>
	<folder></folder>
	<filename>image_127_png.rf.cee7d16e6cd1363e2d142c006275cb75.jpg</filename>
	<path>image_127_png.rf.cee7d16e6cd1363e2d142c006275cb75.jpg</path>
	<source>
		<database>roboflow.ai</database>
	</source>
	<size>
		<width>416</width>
		<height>416</height>
		<depth>3</depth>
	</size>
	<segmented>0</segmented>
	<object>
		<name>orange</name>
		<pose>Unspecified</pose>
		<truncated>0</truncated>
		<difficult>0</difficult>
		<occluded>0</occluded>
		<bndbox>
			<xmin>158</xmin>
			<xmax>212</xmax>
			<ymin>136</ymin>
			<ymax>192</ymax>
		</bndbox>
		<polygon>
			<x1>207.786868</x1>
			<y1>191</y1>
			<x2>208.88992</x2>
			<y2>188.585833</y2>
			<x3>211.093872</x3>
			<y3>157.06786</y3>
			<x4>201.094453</x4>
			<y4>139.652807</y4>
			<x5>176.983012</x5>
			<y5>135.327431</y5>
			<x6>168.797413</x6>
			<y6>139.15394</y6>
			<x7>158.441476</x7>
			<y7>155.145606</y7>
			<x8>156.955369</x8>
			<y8>185.833996</y8>
			<x9>159.503682</x9>
			<y9>191</y9>
			<x10>207.786868</x10>
			<y10>191</y10>
		</polygon>
	</object>
	<object>
		<name>redapple</name>
		<pose>Unspecified</pose>
		<truncated>0</truncated>
		<difficult>0</difficult>
		<occluded>0</occluded>
		<bndbox>
			<xmin>217</xmin>
			<xmax>269</xmax>
			<ymin>116</ymin>
			<ymax>192</ymax>
		</bndbox>
		<polygon>
			<x1>216</x1>
			<y1>191</y1>
			<x2>259.158369</x2>
			<y2>191</y2>
			<x3>266.851968</x3>
			<y3>175.649532</y3>
			<x4>267.70906</x4>
			<y4>163.392543</y4>
			<x5>249.145912</x5>
			<y5>126.903272</y5>
			<x6>238.473064</x6>
			<y6>119.118712</y6>
			<x7>223.554365</x7>
			<y7>115.436154</y7>
			<x8>216</x8>
			<y8>119.499619</y8>
			<x9>216</x9>
			<y9>191</y9>
		</polygon>
	</object>
	<object>
		<name>greenapple</name>
		<pose>Unspecified</pose>
		<truncated>0</truncated>
		<difficult>0</difficult>
		<occluded>0</occluded>
		<bndbox>
			<xmin>335</xmin>
			<xmax>357</xmax>
			<ymin>1</ymin>
			<ymax>10</ymax>
		</bndbox>
		<polygon>
			<x1>334.02533900000003</x1>
			<y1>0</y1>
			<x2>337.352054</x2>
			<y2>7.262673</y2>
			<x3>348.453449</x3>
			<y3>8.918738</y3>
			<x4>355.50946</x4>
			<y4>2.373901</y4>
			<x5>355.675459</x5>
			<y5>0</y5>
			<x6>334.02533900000003</x6>
			<y6>0</y6>
		</polygon>
	</object>
	<object>
		<name>orange</name>
		<pose>Unspecified</pose>
		<truncated>0</truncated>
		<difficult>0</difficult>
		<occluded>0</occluded>
		<bndbox>
			<xmin>160</xmin>
			<xmax>217</xmax>
			<ymin>354</ymin>
			<ymax>417</ymax>
		</bndbox>
		<polygon>
			<x1>216</x1>
			<y1>378.196092</y1>
			<x2>206.455349</x2>
			<y2>358.977852</y2>
			<x3>200.790613</x3>
			<y3>355.062613</y3>
			<x4>185.092847</x4>
			<y4>353.08513800000003</y4>
			<x5>170.096122</x5>
			<y5>359.954487</y5>
			<x6>162.611564</x6>
			<y6>372.627819</y6>
			<x7>159.294832</x7>
			<y7>391.751056</y7>
			<x8>160.880574</x8>
			<y8>406.81820600000003</y8>
			<x9>163.612708</x9>
			<y9>414.927277</y9>
			<x10>164.502281</x10>
			<y10>416</y10>
			<x11>210.294881</x11>
			<y11>416</y11>
			<x12>215.029883</x12>
			<y12>406.20579399999997</y12>
			<x13>216</x13>
			<y13>392.332473</y13>
			<x14>216</x14>
			<y14>378.196092</y14>
		</polygon>
	</object>
	<object>
		<name>greenapple</name>
		<pose>Unspecified</pose>
		<truncated>0</truncated>
		<difficult>0</difficult>
		<occluded>0</occluded>
		<bndbox>
			<xmin>217</xmin>
			<xmax>238</xmax>
			<ymin>360</ymin>
			<ymax>417</ymax>
		</bndbox>
		<polygon>
			<x1>216</x1>
			<y1>416</y1>
			<x2>224.515853</x2>
			<y2>416</y2>
			<x3>231.242318</x3>
			<y3>408.22650699999997</y3>
			<x4>236.284041</x4>
			<y4>392.743015</y4>
			<x5>237.202354</x5>
			<y5>379.610526</y5>
			<x6>225.889686</x6>
			<y6>362.10364300000003</y6>
			<x7>216</x7>
			<y7>359.069632</y7>
			<x8>216</x8>
			<y8>416</y8>
		</polygon>
	</object>
	<object>
		<name>mango</name>
		<pose>Unspecified</pose>
		<truncated>0</truncated>
		<difficult>0</difficult>
		<occluded>0</occluded>
		<bndbox>
			<xmin>310</xmin>
			<xmax>337</xmax>
			<ymin>207</ymin>
			<ymax>243</ymax>
		</bndbox>
		<polygon>
			<x1>316.967209</x1>
			<y1>239.14471</y1>
			<x2>327.350758</x2>
			<y2>241.630358</y2>
			<x3>335.308278</x3>
			<y3>231.62944</y3>
			<x4>336.104149</x4>
			<y4>220.24795</y4>
			<x5>331.585804</x5>
			<y5>209.374633</y5>
			<x6>319.950226</x6>
			<y6>205.921654</y6>
			<x7>310.985562</x7>
			<y7>211.453245</y7>
			<x8>308.58714299999997</x8>
			<y8>217.443993</y8>
			<x9>309.165742</x9>
			<y9>228.04181499999999</y9>
			<x10>316.967209</x10>
			<y10>239.14471</y10>
		</polygon>
	</object>
	<object>
		<name>capsicum</name>
		<pose>Unspecified</pose>
		<truncated>0</truncated>
		<difficult>0</difficult>
		<occluded>0</occluded>
		<bndbox>
			<xmin>312</xmin>
			<xmax>336</xmax>
			<ymin>342</ymin>
			<ymax>380</ymax>
		</bndbox>
		<polygon>
			<x1>311.267668</x1>
			<y1>358.396271</y1>
			<x2>313.571256</x2>
			<y2>372.63383699999997</y2>
			<x3>323.053297</x3>
			<y3>378.575567</y3>
			<x4>332.324066</x4>
			<y4>368.666479</y4>
			<x5>335.045395</x5>
			<y5>348.621828</y5>
			<x6>332.068376</x6>
			<y6>344.01475300000004</y6>
			<x7>323.532259</x7>
			<y7>343.41785</y7>
			<x8>323.059298</x8>
			<y8>340.74543700000004</y8>
			<x9>322.875635</x9>
			<y9>343.371934</y9>
			<x10>312.720164</x10>
			<y10>347.060696</y10>
			<x11>311.267668</x11>
			<y11>358.396271</y11>
		</polygon>
	</object>
</annotation>
