<annotation>
	<folder></folder>
	<filename>image_21_png.rf.cb9cfedce832fe1ebe06a6844b98315a.jpg</filename>
	<path>image_21_png.rf.cb9cfedce832fe1ebe06a6844b98315a.jpg</path>
	<source>
		<database>roboflow.ai</database>
	</source>
	<size>
		<width>416</width>
		<height>416</height>
		<depth>3</depth>
	</size>
	<segmented>0</segmented>
	<object>
		<name>greenapple</name>
		<pose>Unspecified</pose>
		<truncated>0</truncated>
		<difficult>0</difficult>
		<occluded>0</occluded>
		<bndbox>
			<xmin>80</xmin>
			<xmax>229</xmax>
			<ymin>100</ymin>
			<ymax>221</ymax>
		</bndbox>
		<polygon>
			<x1>228</x1>
			<y1>220</y1>
			<x2>228</x2>
			<y2>120.129443</y2>
			<x3>223.969863</x3>
			<y3>117.042165</y3>
			<x4>190.002351</x4>
			<y4>106.692696</y4>
			<x5>144.784987</x5>
			<y5>99.179577</y5>
			<x6>121.402479</x6>
			<y6>108.393005</y6>
			<x7>102.650765</x7>
			<y7>127.222902</y7>
			<x8>93.163773</x8>
			<y8>142.721498</y8>
			<x9>80.584619</x9>
			<y9>187.535818</y9>
			<x10>78.596745</x10>
			<y10>206.784572</y10>
			<x11>79.546424</x11>
			<y11>220</y11>
			<x12>228</x12>
			<y12>220</y12>
		</polygon>
	</object>
	<object>
		<name>mango</name>
		<pose>Unspecified</pose>
		<truncated>0</truncated>
		<difficult>0</difficult>
		<occluded>0</occluded>
		<bndbox>
			<xmin>255</xmin>
			<xmax>344</xmax>
			<ymin>1</ymin>
			<ymax>53</ymax>
		</bndbox>
		<polygon>
			<x1>275.847557</x1>
			<y1>0</y1>
			<x2>259.63577</x2>
			<y2>11.102262</y2>
			<x3>254.340522</x3>
			<y3>21.064516</y3>
			<x4>257.867419</x4>
			<y4>37.927422</y4>
			<x5>270.218422</x5>
			<y5>47.588335</y5>
			<x6>298.010629</x6>
			<y6>51.697083</y6>
			<x7>315.877972</x7>
			<y7>47.690032</y7>
			<x8>333.084781</x8>
			<y8>35.056411</y8>
			<x9>340.365158</x9>
			<y9>25.589106</y9>
			<x10>343.015135</x10>
			<y10>3.684805</y10>
			<x11>341.46772699999997</x11>
			<y11>0</y11>
			<x12>275.847557</x12>
			<y12>0</y12>
		</polygon>
	</object>
	<object>
		<name>mango</name>
		<pose>Unspecified</pose>
		<truncated>0</truncated>
		<difficult>0</difficult>
		<occluded>0</occluded>
		<bndbox>
			<xmin>68</xmin>
			<xmax>124</xmax>
			<ymin>221</ymin>
			<ymax>262</ymax>
		</bndbox>
		<polygon>
			<x1>69.205127</x1>
			<y1>220</y1>
			<x2>67.785215</x2>
			<y2>223.276223</y2>
			<x3>66.901628</x3>
			<y3>232.458009</y3>
			<x4>69.546899</x4>
			<y4>244.400057</y4>
			<x5>78.147952</x5>
			<y5>255.00642</y5>
			<x6>90.720047</x6>
			<y6>260.961622</y6>
			<x7>103.072617</x7>
			<y7>259.34042</y7>
			<x8>116.308776</x8>
			<y8>248.537431</y8>
			<x9>120.280211</x9>
			<y9>241.065741</y9>
			<x10>123.370806</x10>
			<y10>223.032134</y10>
			<x11>121.929078</x11>
			<y11>220</y11>
			<x12>69.205127</x12>
			<y12>220</y12>
		</polygon>
	</object>
	<object>
		<name>mango</name>
		<pose>Unspecified</pose>
		<truncated>0</truncated>
		<difficult>0</difficult>
		<occluded>0</occluded>
		<bndbox>
			<xmin>229</xmin>
			<xmax>409</xmax>
			<ymin>239</ymin>
			<ymax>417</ymax>
		</bndbox>
		<polygon>
			<x1>228</x1>
			<y1>416</y1>
			<x2>345.159218</x2>
			<y2>416</y2>
			<x3>350.39205</x3>
			<y3>413.861853</y3>
			<x4>376.863583</x4>
			<y4>397.896933</y4>
			<x5>388.997022</x5>
			<y5>385.87879599999997</y5>
			<x6>400.028527</x6>
			<y6>367.004453</y6>
			<x7>407.533526</x7>
			<y7>328.446676</y7>
			<x8>403.56758</x8>
			<y8>296.430961</y8>
			<x9>390.115428</x9>
			<y9>274.272784</y9>
			<x10>370.706709</x10>
			<y10>259.091348</y10>
			<x11>345.78321900000003</x11>
			<y11>246.295762</y11>
			<x12>312.036015</x12>
			<y12>237.881639</y12>
			<x13>292.404635</x13>
			<y13>237.688031</y13>
			<x14>250.714168</x14>
			<y14>247.03781800000002</y14>
			<x15>228</x15>
			<y15>255.585733</y15>
			<x16>228</x16>
			<y16>416</y16>
		</polygon>
	</object>
</annotation>
