<annotation>
	<folder></folder>
	<filename>image_127_png.rf.9da233a1a6cb54e0bcbff084cbfbe9ff.jpg</filename>
	<path>image_127_png.rf.9da233a1a6cb54e0bcbff084cbfbe9ff.jpg</path>
	<source>
		<database>roboflow.ai</database>
	</source>
	<size>
		<width>416</width>
		<height>416</height>
		<depth>3</depth>
	</size>
	<segmented>0</segmented>
	<object>
		<name>mango</name>
		<pose>Unspecified</pose>
		<truncated>0</truncated>
		<difficult>0</difficult>
		<occluded>0</occluded>
		<bndbox>
			<xmin>3</xmin>
			<xmax>58</xmax>
			<ymin>1</ymin>
			<ymax>56</ymax>
		</bndbox>
		<polygon>
			<x1>11.34042</x1>
			<y1>0</y1>
			<x2>6.881564</x2>
			<y2>5.615409</y2>
			<x3>2.346632</x3>
			<y3>22.374375</y3>
			<x4>3.479068</x4>
			<y4>35.035937</y4>
			<x5>8.815124</x5>
			<y5>45.295221</y5>
			<x6>24.253721</x6>
			<y6>55.362203</y6>
			<x7>35.694928</x7>
			<y7>55.263509</y7>
			<x8>46.110169</x8>
			<y8>50.599368</y8>
			<x9>52.697031</x9>
			<y9>42.971297</y9>
			<x10>56.856721</x10>
			<y10>31.578537</y10>
			<x11>56.76886</x11>
			<y11>13.597574</y11>
			<x12>49.241672</x12>
			<y12>0</y12>
			<x13>11.34042</x13>
			<y13>0</y13>
		</polygon>
	</object>
	<object>
		<name>capsicum</name>
		<pose>Unspecified</pose>
		<truncated>0</truncated>
		<difficult>0</difficult>
		<occluded>0</occluded>
		<bndbox>
			<xmin>6</xmin>
			<xmax>32</xmax>
			<ymin>98</ymin>
			<ymax>139</ymax>
		</bndbox>
		<polygon>
			<x1>27.951831</x1>
			<y1>127.520081</y1>
			<x2>31.210636</x2>
			<y2>109.773139</y2>
			<x3>28.364292</x3>
			<y3>102.384175</y3>
			<x4>19.306328</x4>
			<y4>97.257075</y4>
			<x5>5.963592</x5>
			<y5>105.31147</y5>
			<x6>5.025488</x6>
			<y6>118.726987</y6>
			<x7>9.986303</x7>
			<y7>134.352479</y7>
			<x8>17.830681</x8>
			<y8>137.597234</y8>
			<x9>27.951831</x9>
			<y9>127.520081</y9>
		</polygon>
	</object>
	<object>
		<name>greenapple</name>
		<pose>Unspecified</pose>
		<truncated>0</truncated>
		<difficult>0</difficult>
		<occluded>0</occluded>
		<bndbox>
			<xmin>168</xmin>
			<xmax>192</xmax>
			<ymin>278</ymin>
			<ymax>310</ymax>
		</bndbox>
		<polygon>
			<x1>188.402743</x1>
			<y1>303.41855499999997</y1>
			<x2>190.679514</x2>
			<y2>290.09664699999996</y2>
			<x3>185.343457</x3>
			<y3>279.837363</y3>
			<x4>176.767205</x4>
			<y4>277.44016999999997</y4>
			<x5>168.904216</x5>
			<y5>284.080265</y5>
			<x6>166.627446</x6>
			<y6>297.402173</y6>
			<x7>171.356709</x7>
			<y7>306.720285</y7>
			<x8>181.271628</x8>
			<y8>309.211086</y8>
			<x9>188.402743</x9>
			<y9>303.41855499999997</y9>
		</polygon>
	</object>
</annotation>
