<annotation>
	<folder></folder>
	<filename>image_163_png.rf.e16123a711aa6712d8fbc4ffdbba8e63.jpg</filename>
	<path>image_163_png.rf.e16123a711aa6712d8fbc4ffdbba8e63.jpg</path>
	<source>
		<database>roboflow.ai</database>
	</source>
	<size>
		<width>416</width>
		<height>416</height>
		<depth>3</depth>
	</size>
	<segmented>0</segmented>
	<object>
		<name>orange</name>
		<pose>Unspecified</pose>
		<truncated>0</truncated>
		<difficult>0</difficult>
		<occluded>0</occluded>
		<bndbox>
			<xmin>22</xmin>
			<xmax>81</xmax>
			<ymin>87</ymin>
			<ymax>142</ymax>
		</bndbox>
		<polygon>
			<x1>76.661636</x1>
			<y1>141</y1>
			<x2>80.123515</x2>
			<y2>126.157719</y2>
			<x3>78.715622</x3>
			<y3>107.851819</y3>
			<x4>67.11629</x4>
			<y4>88.27719</y4>
			<x5>41.280999</x5>
			<y5>85.549328</y5>
			<x6>27.981296</x6>
			<y6>95.126097</y6>
			<x7>22.860215</x7>
			<y7>104.988469</y7>
			<x8>21.051377</x8>
			<y8>117.705017</y8>
			<x9>23.574071</x9>
			<y9>141</y9>
			<x10>76.661636</x10>
			<y10>141</y10>
		</polygon>
	</object>
	<object>
		<name>greenapple</name>
		<pose>Unspecified</pose>
		<truncated>0</truncated>
		<difficult>0</difficult>
		<occluded>0</occluded>
		<bndbox>
			<xmin>143</xmin>
			<xmax>169</xmax>
			<ymin>52</ymin>
			<ymax>85</ymax>
		</bndbox>
		<polygon>
			<x1>167.877489</x1>
			<y1>75.364786</y1>
			<x2>168.355061</x2>
			<y2>61.688911</y2>
			<x3>161.176372</x3>
			<y3>52.309858</y3>
			<x4>153.029589</x4>
			<y4>51.11253</y4>
			<x5>143.914711</x5>
			<y5>58.096925</y5>
			<x6>142.105873</x6>
			<y6>70.813474</y6>
			<x7>147.857781</x7>
			<y7>81.968377</y7>
			<x8>158.698934</x8>
			<y8>84.172632</y8>
			<x9>167.877489</x9>
			<y9>75.364786</y9>
		</polygon>
	</object>
	<object>
		<name>mango</name>
		<pose>Unspecified</pose>
		<truncated>0</truncated>
		<difficult>0</difficult>
		<occluded>0</occluded>
		<bndbox>
			<xmin>74</xmin>
			<xmax>101</xmax>
			<ymin>153</ymin>
			<ymax>190</ymax>
		</bndbox>
		<polygon>
			<x1>100.450366</x1>
			<y1>180.495005</y1>
			<x2>100.373739</x2>
			<y2>163.148431</y2>
			<x3>93.876602</x3>
			<y3>153.793178</y3>
			<x4>83.03545</x4>
			<y4>151.588923</y4>
			<x5>73.856895</x5>
			<y5>160.396769</y5>
			<x6>73.411161</x6>
			<y6>173.160918</y6>
			<x7>83.156866</x7>
			<y7>187.19379700000002</y7>
			<x8>92.634914</x8>
			<y8>189.350451</y8>
			<x9>100.450366</x9>
			<y9>180.495005</y9>
		</polygon>
	</object>
	<object>
		<name>capsicum</name>
		<pose>Unspecified</pose>
		<truncated>0</truncated>
		<difficult>0</difficult>
		<occluded>0</occluded>
		<bndbox>
			<xmin>82</xmin>
			<xmax>107</xmax>
			<ymin>293</ymin>
			<ymax>333</ymax>
		</bndbox>
		<polygon>
			<x1>93.802131</x1>
			<y1>331.793749</y1>
			<x2>103.044362</x2>
			<y2>321.162454</y2>
			<x3>105.725781</x3>
			<y3>302.99935500000004</y3>
			<x4>102.572727</x4>
			<y4>295.586554</y4>
			<x5>93.712553</x5>
			<y5>295.27715</y5>
			<x6>92.444964</x6>
			<y6>292.494374</y6>
			<x7>81.966982</x7>
			<y7>299.431169</y7>
			<x8>80.839697</x8>
			<y8>312.171518</y8>
			<x9>83.769883</x9>
			<y9>325.96639500000003</y9>
			<x10>93.802131</x10>
			<y10>331.793749</y10>
		</polygon>
	</object>
	<object>
		<name>mango</name>
		<pose>Unspecified</pose>
		<truncated>0</truncated>
		<difficult>0</difficult>
		<occluded>0</occluded>
		<bndbox>
			<xmin>298</xmin>
			<xmax>382</xmax>
			<ymin>142</ymin>
			<ymax>184</ymax>
		</bndbox>
		<polygon>
			<x1>307.688016</x1>
			<y1>141</y1>
			<x2>302.3645</x2>
			<y2>146.165271</y2>
			<x3>297.243419</x3>
			<y3>156.027644</y3>
			<x4>296.925037</x4>
			<y4>165.144894</y4>
			<x5>303.326659</x5>
			<y5>177.235321</y5>
			<x6>314.040459</x6>
			<y6>183.086476</y6>
			<x7>345.487355</x7>
			<y7>181.446115</y7>
			<x8>364.921024</x8>
			<y8>172.083549</y8>
			<x9>375.621874</x9>
			<y9>158.76468</y9>
			<x10>380.83847000000003</x10>
			<y10>146.167132</y10>
			<x11>381.01891</x11>
			<y11>141</y11>
			<x12>307.688016</x12>
			<y12>141</y12>
		</polygon>
	</object>
</annotation>
