<annotation>
	<folder></folder>
	<filename>image_75_png.rf.8dfd0eec8e2fb6b760cc66323985e06b.jpg</filename>
	<path>image_75_png.rf.8dfd0eec8e2fb6b760cc66323985e06b.jpg</path>
	<source>
		<database>roboflow.ai</database>
	</source>
	<size>
		<width>416</width>
		<height>416</height>
		<depth>3</depth>
	</size>
	<segmented>0</segmented>
	<object>
		<name>orange</name>
		<pose>Unspecified</pose>
		<truncated>0</truncated>
		<difficult>0</difficult>
		<occluded>0</occluded>
		<bndbox>
			<xmin>1</xmin>
			<xmax>21</xmax>
			<ymin>55</ymin>
			<ymax>127</ymax>
		</bndbox>
		<polygon>
			<x1>0</x1>
			<y1>125.616861</y1>
			<x2>6.251039</x2>
			<y2>125.0307</y2>
			<x3>14.196554</x3>
			<y3>115.88631</y3>
			<x4>18.075023</x4>
			<y4>105.912341</y4>
			<x5>19.912112</x5>
			<y5>95.073433</y5>
			<x6>18.184515</x6>
			<y6>73.489908</y6>
			<x7>12.578449</x7>
			<y7>61.880351</y7>
			<x8>5.025291</x8>
			<y8>54.807631</y8>
			<x9>0</x9>
			<y9>54.477054</y9>
			<x10>0</x10>
			<y10>125.616861</y10>
		</polygon>
	</object>
	<object>
		<name>mango</name>
		<pose>Unspecified</pose>
		<truncated>0</truncated>
		<difficult>0</difficult>
		<occluded>0</occluded>
		<bndbox>
			<xmin>71</xmin>
			<xmax>124</xmax>
			<ymin>47</ymin>
			<ymax>110</ymax>
		</bndbox>
		<polygon>
			<x1>89.977523</x1>
			<y1>46.120223</y1>
			<x2>78.59304</x2>
			<y2>51.722361</y2>
			<x3>72.673191</x3>
			<y3>60.831393</y3>
			<x4>69.501373</x4>
			<y4>72.594168</y4>
			<x5>71.134682</x5>
			<y5>88.77592</y5>
			<x6>78.782128</x6>
			<y6>101.250413</y6>
			<x7>86.303856</x7>
			<y7>106.522542</y7>
			<x8>97.154549</x8>
			<y8>109.034853</y8>
			<x9>109.261398</x9>
			<y9>106.121817</y9>
			<x10>119.87637</x10>
			<y10>95.129691</y10>
			<x11>123.111048</x11>
			<y11>86.968099</y11>
			<x12>122.749609</x12>
			<y12>66.261296</y12>
			<x13>108.915163</x13>
			<y13>47.590806</y13>
			<x14>89.977523</x14>
			<y14>46.120223</y14>
		</polygon>
	</object>
	<object>
		<name>redapple</name>
		<pose>Unspecified</pose>
		<truncated>0</truncated>
		<difficult>0</difficult>
		<occluded>0</occluded>
		<bndbox>
			<xmin>235</xmin>
			<xmax>258</xmax>
			<ymin>163</ymin>
			<ymax>242</ymax>
		</bndbox>
		<polygon>
			<x1>257</x1>
			<y1>161.965598</y1>
			<x2>248.07525</x2>
			<y2>164.937576</y2>
			<x3>241.480179</x3>
			<y3>174.058394</y3>
			<x4>233.864674</x4>
			<y4>202.108995</y4>
			<x5>236.236063</x5>
			<y5>221.880144</y5>
			<x6>246.600112</x6>
			<y6>235.207789</y6>
			<x7>257</x7>
			<y7>240.809895</y7>
			<x8>257</x8>
			<y8>161.965598</y8>
		</polygon>
	</object>
	<object>
		<name>greenapple</name>
		<pose>Unspecified</pose>
		<truncated>0</truncated>
		<difficult>0</difficult>
		<occluded>0</occluded>
		<bndbox>
			<xmin>258</xmin>
			<xmax>274</xmax>
			<ymin>47</ymin>
			<ymax>107</ymax>
		</bndbox>
		<polygon>
			<x1>257</x1>
			<y1>105.516517</y1>
			<x2>262.416423</x2>
			<y2>104.922958</y2>
			<x3>269.639572</x3>
			<y3>93.089466</y3>
			<x4>273.360893</x4>
			<y4>74.11254</y4>
			<x5>272.497096</x5>
			<y5>63.320777</y5>
			<x6>260.751174</x6>
			<y6>48.216111</y6>
			<x7>257</x7>
			<y7>46.216988</y7>
			<x8>257</x8>
			<y8>105.516517</y8>
		</polygon>
	</object>
	<object>
		<name>orange</name>
		<pose>Unspecified</pose>
		<truncated>0</truncated>
		<difficult>0</difficult>
		<occluded>0</occluded>
		<bndbox>
			<xmin>379</xmin>
			<xmax>417</xmax>
			<ymin>59</ymin>
			<ymax>137</ymax>
		</bndbox>
		<polygon>
			<x1>416</x1>
			<y1>60.287103</y1>
			<x2>398.041209</x2>
			<y2>58.427686</y2>
			<x3>386.01293499999997</x3>
			<y3>65.8422</y3>
			<x4>379.496437</x4>
			<y4>79.464497</y4>
			<x5>377.83221000000003</x5>
			<y5>100.206657</y5>
			<x6>380.077882</x6>
			<y6>112.77544</y6>
			<x7>385.699663</x7>
			<y7>125.285293</y7>
			<x8>393.928042</x8>
			<y8>132.346226</y8>
			<x9>406.820116</x9>
			<y9>135.723474</y9>
			<x10>416</x10>
			<y10>134.118864</y10>
			<x11>416</x11>
			<y11>60.287103</y11>
		</polygon>
	</object>
	<object>
		<name>mango</name>
		<pose>Unspecified</pose>
		<truncated>0</truncated>
		<difficult>0</difficult>
		<occluded>0</occluded>
		<bndbox>
			<xmin>338</xmin>
			<xmax>366</xmax>
			<ymin>168</ymin>
			<ymax>203</ymax>
		</bndbox>
		<polygon>
			<x1>364.627376</x1>
			<y1>194.997006</y1>
			<x2>364.344511</x2>
			<y2>178.791682</y2>
			<x3>358.094652</x3>
			<y3>168.994503</y3>
			<x4>345.893516</x4>
			<y4>166.505764</y4>
			<x5>337.916572</x5>
			<y5>173.849562</y5>
			<x6>336.786134</x6>
			<y6>186.477276</y6>
			<x7>347.856834</x7>
			<y7>201.593727</y7>
			<x8>358.676097</x8>
			<y8>202.305446</y8>
			<x9>364.627376</x9>
			<y9>194.997006</y9>
		</polygon>
	</object>
	<object>
		<name>mango</name>
		<pose>Unspecified</pose>
		<truncated>0</truncated>
		<difficult>0</difficult>
		<occluded>0</occluded>
		<bndbox>
			<xmin>81</xmin>
			<xmax>164</xmax>
			<ymin>254</ymin>
			<ymax>297</ymax>
		</bndbox>
		<polygon>
			<x1>91.620977</x1>
			<y1>253</y1>
			<x2>82.330121</x2>
			<y2>263.079771</y2>
			<x3>79.880669</x3>
			<y3>277.531648</y3>
			<x4>86.161956</x4>
			<y4>289.129418</y4>
			<x5>99.792111</x5>
			<y5>296.096064</y5>
			<x6>129.454726</x6>
			<y6>292.876591</y6>
			<x7>145.518618</x7>
			<y7>284.491064</y7>
			<x8>158.080682</x8>
			<y8>268.962101</y8>
			<x9>163.246736</x9>
			<y9>255.363376</y9>
			<x10>162.80131</x10>
			<y10>253</y10>
			<x11>91.620977</x11>
			<y11>253</y11>
		</polygon>
	</object>
	<object>
		<name>redapple</name>
		<pose>Unspecified</pose>
		<truncated>0</truncated>
		<difficult>0</difficult>
		<occluded>0</occluded>
		<bndbox>
			<xmin>97</xmin>
			<xmax>171</xmax>
			<ymin>361</ymin>
			<ymax>417</ymax>
		</bndbox>
		<polygon>
			<x1>169.849867</x1>
			<y1>416</y1>
			<x2>170.095287</x2>
			<y2>415.545305</y2>
			<x3>167.802471</x3>
			<y3>400.27563599999996</y3>
			<x4>146.304865</x4>
			<y4>368.23035500000003</y4>
			<x5>130.63333</x5>
			<y5>360.398772</y5>
			<x6>118.479338</x6>
			<y6>360.610921</y6>
			<x7>109.136236</x7>
			<y7>367.077997</y7>
			<x8>96.684174</x8>
			<y8>388.90902900000003</y8>
			<x9>96.323246</x9>
			<y9>406.92673</y9>
			<x10>99.218764</x10>
			<y10>416</y10>
			<x11>169.849867</x11>
			<y11>416</y11>
		</polygon>
	</object>
	<object>
		<name>greenapple</name>
		<pose>Unspecified</pose>
		<truncated>0</truncated>
		<difficult>0</difficult>
		<occluded>0</occluded>
		<bndbox>
			<xmin>225</xmin>
			<xmax>248</xmax>
			<ymin>353</ymin>
			<ymax>385</ymax>
		</bndbox>
		<polygon>
			<x1>241.794006</x1>
			<y1>382.773848</y1>
			<x2>247.085777</x2>
			<y2>376.37748799999997</y2>
			<x3>244.054882</x3>
			<y3>357.518422</y3>
			<x4>235.857932</x4>
			<y4>352.25808</y4>
			<x5>228.49335</x5>
			<y5>355.98891000000003</y5>
			<x6>223.90823</x6>
			<y6>364.174074</y6>
			<x7>226.185331</x7>
			<y7>378.543447</y7>
			<x8>232.356616</x8>
			<y8>383.839148</y8>
			<x9>241.794006</x9>
			<y9>382.773848</y9>
		</polygon>
	</object>
	<object>
		<name>redapple</name>
		<pose>Unspecified</pose>
		<truncated>0</truncated>
		<difficult>0</difficult>
		<occluded>0</occluded>
		<bndbox>
			<xmin>258</xmin>
			<xmax>417</xmax>
			<ymin>254</ymin>
			<ymax>417</ymax>
		</bndbox>
		<polygon>
			<x1>358.236949</x1>
			<y1>253</y1>
			<x2>357.846039</x2>
			<y2>254.993452</y2>
			<x3>313.972335</x3>
			<y3>256.65984100000003</y3>
			<x4>301.268839</x4>
			<y4>264.086142</y4>
			<x5>291.344803</x5>
			<y5>275.966777</y5>
			<x6>274.982843</x6>
			<y6>305.971189</y6>
			<x7>262.044136</x7>
			<y7>338.617556</y7>
			<x8>257</x8>
			<y8>356.855538</y8>
			<x9>257</x9>
			<y9>416</y9>
			<x10>416</x10>
			<y10>416</y10>
			<x11>416</x11>
			<y11>266.485154</y11>
			<x12>367.314859</x12>
			<y12>255.728744</y12>
			<x13>366.719401</x13>
			<y13>253</y13>
			<x14>358.236949</x14>
			<y14>253</y14>
		</polygon>
	</object>
</annotation>
