<annotation>
	<folder></folder>
	<filename>image_52_png.rf.a4fd909d62a32341ff42bdcede5396b2.jpg</filename>
	<path>image_52_png.rf.a4fd909d62a32341ff42bdcede5396b2.jpg</path>
	<source>
		<database>roboflow.ai</database>
	</source>
	<size>
		<width>416</width>
		<height>416</height>
		<depth>3</depth>
	</size>
	<segmented>0</segmented>
	<object>
		<name>redapple</name>
		<pose>Unspecified</pose>
		<truncated>0</truncated>
		<difficult>0</difficult>
		<occluded>0</occluded>
		<bndbox>
			<xmin>4</xmin>
			<xmax>78</xmax>
			<ymin>27</ymin>
			<ymax>114</ymax>
		</bndbox>
		<polygon>
			<x1>24.744483</x1>
			<y1>25.994299</y1>
			<x2>9.112208</x2>
			<y2>42.757863</y2>
			<x3>2.897294</x3>
			<y3>58.291582</y3>
			<x4>3.462938</x4>
			<y4>74.4895</y4>
			<x5>12.316089</x5>
			<y5>95.803904</y5>
			<x6>23.523222</x6>
			<y6>107.125304</y6>
			<x7>37.241461</x7>
			<y7>112.953126</y7>
			<x8>53.43938</x8>
			<y8>112.387482</y8>
			<x9>68.098924</x9>
			<y9>106.469668</y9>
			<x10>77.311308</x10>
			<y10>80.019494</y10>
			<x11>74.077436</x11>
			<y11>64.815734</y11>
			<x12>53.373662</x12>
			<y12>33.103382</y12>
			<x13>39.624</x13>
			<y13>26.375677</y13>
			<x14>24.744483</x14>
			<y14>25.994299</y14>
		</polygon>
	</object>
	<object>
		<name>greenapple</name>
		<pose>Unspecified</pose>
		<truncated>0</truncated>
		<difficult>0</difficult>
		<occluded>0</occluded>
		<bndbox>
			<xmin>138</xmin>
			<xmax>162</xmax>
			<ymin>16</ymin>
			<ymax>48</ymax>
		</bndbox>
		<polygon>
			<x1>160.936273</x1>
			<y1>36.555068</y1>
			<x2>160.496328</x2>
			<y2>23.956686</y2>
			<x3>152.758034</x3>
			<y3>15.217095</y3>
			<x4>143.984162</x4>
			<y4>15.523486</y4>
			<x5>137.486427</x5>
			<y5>22.958246</y5>
			<x6>136.576545</x6>
			<y6>35.603764</y6>
			<x7>142.996436</x7>
			<y7>45.290376</y7>
			<x8>153.857897</x8>
			<y8>46.713049</y8>
			<x9>160.936273</x9>
			<y9>36.555068</y9>
		</polygon>
	</object>
	<object>
		<name>orange</name>
		<pose>Unspecified</pose>
		<truncated>0</truncated>
		<difficult>0</difficult>
		<occluded>0</occluded>
		<bndbox>
			<xmin>186</xmin>
			<xmax>244</xmax>
			<ymin>1</ymin>
			<ymax>55</ymax>
		</bndbox>
		<polygon>
			<x1>187.251731</x1>
			<y1>0</y1>
			<x2>185.278218</x2>
			<y2>6.690352</y2>
			<x3>185.749588</x3>
			<y3>20.188617</y3>
			<x4>191.133898</x4>
			<y4>38.921209</y4>
			<x5>197.553789</x5>
			<y5>48.607821</y5>
			<x6>205.134959</x6>
			<y6>52.84799</y6>
			<x7>224.09538</x7>
			<y7>53.98784</y7>
			<x8>234.642595</x8>
			<y8>46.41167</y8>
			<x9>240.339719</x9>
			<y9>35.400941</y9>
			<x10>243.305765</x10>
			<y10>23.584602</y10>
			<x11>242.614423</x11>
			<y11>3.787145</y11>
			<x12>240.850643</x12>
			<y12>0</y12>
			<x13>187.251731</x13>
			<y13>0</y13>
		</polygon>
	</object>
	<object>
		<name>mango</name>
		<pose>Unspecified</pose>
		<truncated>0</truncated>
		<difficult>0</difficult>
		<occluded>0</occluded>
		<bndbox>
			<xmin>296</xmin>
			<xmax>349</xmax>
			<ymin>115</ymin>
			<ymax>159</ymax>
		</bndbox>
		<polygon>
			<x1>347.82824600000004</x1>
			<y1>158</y1>
			<x2>348.000904</x2>
			<y2>157.778776</y2>
			<x3>347.121013</x3>
			<y3>132.582012</y3>
			<x4>332.994254</x4>
			<y4>115.055694</y4>
			<x5>314.708746</x5>
			<y5>113.892275</y5>
			<x6>304.098681</x6>
			<y6>119.668678</y6>
			<x7>297.69522</x7>
			<y7>129.803091</y7>
			<x8>294.823448</x8>
			<y8>144.319083</y8>
			<x9>296.64464499999997</x9>
			<y9>157.770212</y9>
			<x10>296.816889</x10>
			<y10>158</y10>
			<x11>347.82824600000004</x11>
			<y11>158</y11>
		</polygon>
	</object>
	<object>
		<name>orange</name>
		<pose>Unspecified</pose>
		<truncated>0</truncated>
		<difficult>0</difficult>
		<occluded>0</occluded>
		<bndbox>
			<xmin>3</xmin>
			<xmax>60</xmax>
			<ymin>159</ymin>
			<ymax>212</ymax>
		</bndbox>
		<polygon>
			<x1>2.722502</x1>
			<y1>158</y1>
			<x2>2.250565</x2>
			<y2>180.915319</y2>
			<x3>6.096501</x3>
			<y3>194.295742</y3>
			<x4>13.254154</x4>
			<y4>205.758554</y4>
			<x5>22.216575</x5>
			<y5>210.85147</y5>
			<x6>44.425864</x6>
			<y6>208.273941</y6>
			<x7>54.172467</x7>
			<y7>197.121801</y7>
			<x8>57.264213</x8>
			<y8>188.904999</y8>
			<x9>58.943281</x9>
			<y9>178.935565</y9>
			<x10>56.951889</x10>
			<y10>158</y10>
			<x11>2.722502</x11>
			<y11>158</y11>
		</polygon>
	</object>
	<object>
		<name>capsicum</name>
		<pose>Unspecified</pose>
		<truncated>0</truncated>
		<difficult>0</difficult>
		<occluded>0</occluded>
		<bndbox>
			<xmin>232</xmin>
			<xmax>265</xmax>
			<ymin>262</ymin>
			<ymax>316</ymax>
		</bndbox>
		<polygon>
			<x1>254.934465</x1>
			<y1>315.135772</y1>
			<x2>259.470309</x2>
			<y2>309.571485</y2>
			<x3>264.27254800000003</x3>
			<y3>292.28513399999997</y3>
			<x4>264.287543</x4>
			<y4>273.363994</y4>
			<x5>259.186054</x5>
			<y5>262.73036</y5>
			<x6>246.299852</x6>
			<y6>261.378393</y6>
			<x7>231.028244</x7>
			<y7>269.119544</y7>
			<x8>231.264646</x8>
			<y8>295.239759</y8>
			<x9>239.380034</x9>
			<y9>314.777962</y9>
			<x10>254.934465</x10>
			<y10>315.135772</y10>
		</polygon>
	</object>
	<object>
		<name>orange</name>
		<pose>Unspecified</pose>
		<truncated>0</truncated>
		<difficult>0</difficult>
		<occluded>0</occluded>
		<bndbox>
			<xmin>392</xmin>
			<xmax>417</xmax>
			<ymin>159</ymin>
			<ymax>228</ymax>
		</bndbox>
		<polygon>
			<x1>416</x1>
			<y1>158</y1>
			<x2>400.66271900000004</x2>
			<y2>158</y2>
			<x3>394.400812</x3>
			<y3>167.910382</y3>
			<x4>391.01125</x4>
			<y4>186.949365</y4>
			<x5>393.69590800000003</x5>
			<y5>205.776231</y5>
			<x6>399.53516</x6>
			<y6>218.18606499999999</y6>
			<x7>407.916941</x7>
			<y7>226.002202</y7>
			<x8>416</x8>
			<y8>226.759498</y8>
			<x9>416</x9>
			<y9>158</y9>
		</polygon>
	</object>
</annotation>
