<annotation>
	<folder></folder>
	<filename>image_154_png.rf.a810cb6a99e328c93636b5d7291c4c53.jpg</filename>
	<path>image_154_png.rf.a810cb6a99e328c93636b5d7291c4c53.jpg</path>
	<source>
		<database>roboflow.ai</database>
	</source>
	<size>
		<width>416</width>
		<height>416</height>
		<depth>3</depth>
	</size>
	<segmented>0</segmented>
	<object>
		<name>greenapple</name>
		<pose>Unspecified</pose>
		<truncated>0</truncated>
		<difficult>0</difficult>
		<occluded>0</occluded>
		<bndbox>
			<xmin>26</xmin>
			<xmax>52</xmax>
			<ymin>49</ymin>
			<ymax>81</ymax>
		</bndbox>
		<polygon>
			<x1>47.898479</x1>
			<y1>73.937254</y1>
			<x2>50.531672</x2>
			<y2>62.531642</y2>
			<x3>47.040167</x3>
			<y3>50.636148</y3>
			<x4>39.346526</x4>
			<y4>47.935813</y4>
			<x5>27.906213</x5>
			<y5>55.459907</y5>
			<x6>25.27302</x6>
			<y6>66.865521</y6>
			<x7>28.511616</x7>
			<y7>76.854389</y7>
			<x8>39.495337</x8>
			<y8>80.314299</y8>
			<x9>47.898479</x9>
			<y9>73.937254</y9>
		</polygon>
	</object>
	<object>
		<name>redapple</name>
		<pose>Unspecified</pose>
		<truncated>0</truncated>
		<difficult>0</difficult>
		<occluded>0</occluded>
		<bndbox>
			<xmin>178</xmin>
			<xmax>213</xmax>
			<ymin>79</ymin>
			<ymax>154</ymax>
		</bndbox>
		<polygon>
			<x1>212</x1>
			<y1>79.625734</y1>
			<x2>207.850145</x2>
			<y2>77.596759</y2>
			<x3>189.323852</x3>
			<y3>79.788453</y3>
			<x4>182.489652</x4>
			<y4>88.375952</y4>
			<x5>177.932766</x5>
			<y5>102.1098</y5>
			<x6>176.716318</x6>
			<y6>119.387202</y6>
			<x7>181.72528</x7>
			<y7>142.722443</y7>
			<x8>195.239224</x8>
			<y8>153.235328</y8>
			<x9>205.059111</x9>
			<y9>152.730073</y9>
			<x10>211.943666</x10>
			<y10>146.926554</y10>
			<x11>212</x11>
			<y11>146.824696</y11>
			<x12>212</x12>
			<y12>79.625734</y12>
		</polygon>
	</object>
	<object>
		<name>redapple</name>
		<pose>Unspecified</pose>
		<truncated>0</truncated>
		<difficult>0</difficult>
		<occluded>0</occluded>
		<bndbox>
			<xmin>213</xmin>
			<xmax>266</xmax>
			<ymin>75</ymin>
			<ymax>159</ymax>
		</bndbox>
		<polygon>
			<x1>212</x1>
			<y1>154.800799</y1>
			<x2>229.076015</x2>
			<y2>157.977115</y2>
			<x3>245.425707</x3>
			<y3>156.207031</y3>
			<x4>261.575102</x4>
			<y4>131.287755</y4>
			<x5>264.815956</x5>
			<y5>117.250078</y5>
			<x6>252.062997</x6>
			<y6>88.430521</y6>
			<x7>239.207068</x7>
			<y7>78.069552</y7>
			<x8>227.56533100000001</x8>
			<y8>74.457727</y8>
			<x9>212.784582</x9>
			<y9>78.438267</y9>
			<x10>212</x10>
			<y10>79.438348</y10>
			<x11>212</x11>
			<y11>154.800799</y11>
		</polygon>
	</object>
	<object>
		<name>mango</name>
		<pose>Unspecified</pose>
		<truncated>0</truncated>
		<difficult>0</difficult>
		<occluded>0</occluded>
		<bndbox>
			<xmin>166</xmin>
			<xmax>194</xmax>
			<ymin>372</ymin>
			<ymax>409</ymax>
		</bndbox>
		<polygon>
			<x1>190.500161</x1>
			<y1>400.015724</y1>
			<x2>193.133355</x2>
			<y2>388.61011</y2>
			<x3>189.186386</x3>
			<y3>375.685348</y3>
			<x4>179.265788</x4>
			<y4>370.622643</y4>
			<x5>167.775119</x5>
			<y5>375.362757</y5>
			<x6>164.534266</x6>
			<y6>389.400435</y6>
			<x7>172.93515</x7>
			<y7>407.049937</y7>
			<x8>182.349929</x8>
			<y8>408.299393</y8>
			<x9>190.500161</x9>
			<y9>400.015724</y9>
		</polygon>
	</object>
</annotation>
