<annotation>
	<folder></folder>
	<filename>image_32_png.rf.6b2d82721fb1b263f2b9eb6d57d792f8.jpg</filename>
	<path>image_32_png.rf.6b2d82721fb1b263f2b9eb6d57d792f8.jpg</path>
	<source>
		<database>roboflow.ai</database>
	</source>
	<size>
		<width>416</width>
		<height>416</height>
		<depth>3</depth>
	</size>
	<segmented>0</segmented>
	<object>
		<name>mango</name>
		<pose>Unspecified</pose>
		<truncated>0</truncated>
		<difficult>0</difficult>
		<occluded>0</occluded>
		<bndbox>
			<xmin>232</xmin>
			<xmax>286</xmax>
			<ymin>111</ymin>
			<ymax>150</ymax>
		</bndbox>
		<polygon>
			<x1>284.97609</x1>
			<y1>149</y1>
			<x2>285.384666</x2>
			<y2>141.8161</y2>
			<x3>281.638814</x3>
			<y3>127.359156</y3>
			<x4>265.573887</x4>
			<y4>111.931737</y4>
			<x5>257.76171899999997</x5>
			<y5>110.003288</y5>
			<x6>245.528683</x6>
			<y6>112.6035</y6>
			<x7>235.678162</x7>
			<y7>120.080758</y7>
			<x8>230.96800100000002</x8>
			<y8>132.746105</y8>
			<x9>230.678708</x9>
			<y9>140.882794</y9>
			<x10>232.991031</x10>
			<y10>149</y10>
			<x11>284.97609</x11>
			<y11>149</y11>
		</polygon>
	</object>
	<object>
		<name>mango</name>
		<pose>Unspecified</pose>
		<truncated>0</truncated>
		<difficult>0</difficult>
		<occluded>0</occluded>
		<bndbox>
			<xmin>1</xmin>
			<xmax>21</xmax>
			<ymin>150</ymin>
			<ymax>197</ymax>
		</bndbox>
		<polygon>
			<x1>0</x1>
			<y1>149</y1>
			<x2>0</x2>
			<y2>196.464529</y2>
			<x3>6.627015</x3>
			<y3>194.468303</y3>
			<x4>15.189849</x4>
			<y4>187.264751</y4>
			<x5>19.342205</x5>
			<y5>178.306944</y5>
			<x6>20.189303</x6>
			<y6>166.462716</y6>
			<x7>14.569358</x7>
			<y7>149</y7>
			<x8>0</x8>
			<y8>149</y8>
		</polygon>
	</object>
	<object>
		<name>orange</name>
		<pose>Unspecified</pose>
		<truncated>0</truncated>
		<difficult>0</difficult>
		<occluded>0</occluded>
		<bndbox>
			<xmin>172</xmin>
			<xmax>213</xmax>
			<ymin>240</ymin>
			<ymax>316</ymax>
		</bndbox>
		<polygon>
			<x1>212</x1>
			<y1>244.223532</y1>
			<x2>204.603022</x2>
			<y2>239.41987799999998</y2>
			<x3>183.817542</x3>
			<y3>242.940724</y3>
			<x4>176.359925</x4>
			<y4>249.012109</y4>
			<x5>170.630589</x5>
			<y5>266.380311</y5>
			<x6>172.348477</x6>
			<y6>283.96004300000004</y6>
			<x7>178.390802</x7>
			<y7>299.723345</y7>
			<x8>188.210152</x8>
			<y8>311.094839</y8>
			<x9>199.145108</x9>
			<y9>315.051251</y9>
			<x10>211.099243</x10>
			<y10>314.304809</y10>
			<x11>212</x11>
			<y11>313.815649</y11>
			<x12>212</x12>
			<y12>244.223532</y12>
		</polygon>
	</object>
	<object>
		<name>redapple</name>
		<pose>Unspecified</pose>
		<truncated>0</truncated>
		<difficult>0</difficult>
		<occluded>0</occluded>
		<bndbox>
			<xmin>244</xmin>
			<xmax>319</xmax>
			<ymin>288</ymin>
			<ymax>371</ymax>
		</bndbox>
		<polygon>
			<x1>258.954034</x1>
			<y1>288.776793</y1>
			<x2>248.910651</x2>
			<y2>301.67850899999996</y2>
			<x3>242.623509</x3>
			<y3>322.754252</y3>
			<x4>246.090458</x4>
			<y4>339.064966</y4>
			<x5>258.19589</x5>
			<y5>358.025735</y5>
			<x6>270.86951799999997</x6>
			<y6>366.996045</y6>
			<x7>285.023695</x7>
			<y7>370.26819</y7>
			<x8>300.47595</x8>
			<y8>366.98371199999997</y8>
			<x9>313.54569200000003</x9>
			<y9>358.822188</y9>
			<x10>317.911693</x10>
			<y10>331.87408800000003</y10>
			<x11>312.234309</x11>
			<y11>317.82770400000004</y11>
			<x12>286.993877</x12>
			<y12>290.891938</y12>
			<x13>272.65722900000003</x13>
			<y13>286.76133300000004</y13>
			<x14>258.954034</x14>
			<y14>288.776793</y14>
		</polygon>
	</object>
	<object>
		<name>orange</name>
		<pose>Unspecified</pose>
		<truncated>0</truncated>
		<difficult>0</difficult>
		<occluded>0</occluded>
		<bndbox>
			<xmin>365</xmin>
			<xmax>390</xmax>
			<ymin>261</ymin>
			<ymax>292</ymax>
		</bndbox>
		<polygon>
			<x1>388.796877</x1>
			<y1>279.122727</y1>
			<x2>386.05981099999997</x2>
			<y2>266.245847</y2>
			<x3>380.736979</x3>
			<y3>260.199297</y3>
			<x4>371.35822099999996</x4>
			<y4>260.398326</y4>
			<x5>364.083075</x5>
			<y5>267.32817</y5>
			<x6>365.07108</x6>
			<y6>281.474069</y6>
			<x7>375.169331</x7>
			<y7>290.99179100000003</y7>
			<x8>384.18314699999996</x8>
			<y8>289.075846</y8>
			<x9>388.796877</x9>
			<y9>279.122727</y9>
		</polygon>
	</object>
	<object>
		<name>capsicum</name>
		<pose>Unspecified</pose>
		<truncated>0</truncated>
		<difficult>0</difficult>
		<occluded>0</occluded>
		<bndbox>
			<xmin>396</xmin>
			<xmax>417</xmax>
			<ymin>386</ymin>
			<ymax>417</ymax>
		</bndbox>
		<polygon>
			<x1>416</x1>
			<y1>416</y1>
			<x2>416</x2>
			<y2>394.439753</y2>
			<x3>414.728544</x3>
			<y3>388.458022</y3>
			<x4>407.19527700000003</x4>
			<y4>384.675802</y4>
			<x5>397.441187</x5>
			<y5>389.44083</y5>
			<x6>395.134321</x6>
			<y6>394.41739</y6>
			<x7>398.053858</x7>
			<y7>408.152728</y7>
			<x8>404.31042</x8>
			<y8>416</y8>
			<x9>416</x9>
			<y9>416</y9>
		</polygon>
	</object>
</annotation>
