<annotation>
	<folder></folder>
	<filename>image_66_png.rf.3244b46fa383b01872e551cdf47f79a1.jpg</filename>
	<path>image_66_png.rf.3244b46fa383b01872e551cdf47f79a1.jpg</path>
	<source>
		<database>roboflow.ai</database>
	</source>
	<size>
		<width>416</width>
		<height>416</height>
		<depth>3</depth>
	</size>
	<segmented>0</segmented>
	<object>
		<name>mango</name>
		<pose>Unspecified</pose>
		<truncated>0</truncated>
		<difficult>0</difficult>
		<occluded>0</occluded>
		<bndbox>
			<xmin>1</xmin>
			<xmax>27</xmax>
			<ymin>47</ymin>
			<ymax>108</ymax>
		</bndbox>
		<polygon>
			<x1>0</x1>
			<y1>106.994481</y1>
			<x2>14.811092</x2>
			<y2>97.843611</y2>
			<x3>25.913925</x3>
			<y3>82.120511</y3>
			<x4>26.032475</x4>
			<y4>64.262282</y4>
			<x5>22.203089</x5>
			<y5>56.365416</y5>
			<x6>12.391032</x6>
			<y6>48.199701</y6>
			<x7>0</x7>
			<y7>45.791128</y7>
			<x8>0</x8>
			<y8>106.994481</y8>
		</polygon>
	</object>
	<object>
		<name>greenapple</name>
		<pose>Unspecified</pose>
		<truncated>0</truncated>
		<difficult>0</difficult>
		<occluded>0</occluded>
		<bndbox>
			<xmin>87</xmin>
			<xmax>111</xmax>
			<ymin>53</ymin>
			<ymax>84</ymax>
		</bndbox>
		<polygon>
			<x1>106.320595</x1>
			<y1>78.974648</y1>
			<x2>109.957319</x2>
			<y2>67.164666</y2>
			<x3>106.965238</x3>
			<y3>54.960238</y3>
			<x4>100.192682</x4>
			<y4>51.855659</y4>
			<x5>88.347383</x5>
			<y5>57.599738</y5>
			<x6>85.859177</x6>
			<y6>66.950779</y6>
			<x7>89.329931</x7>
			<y7>80.142316</y7>
			<x8>99.50062</x8>
			<y8>83.013361</y8>
			<x9>106.320595</x9>
			<y9>78.974648</y9>
		</polygon>
	</object>
	<object>
		<name>capsicum</name>
		<pose>Unspecified</pose>
		<truncated>0</truncated>
		<difficult>0</difficult>
		<occluded>0</occluded>
		<bndbox>
			<xmin>72</xmin>
			<xmax>109</xmax>
			<ymin>189</ymin>
			<ymax>225</ymax>
		</bndbox>
		<polygon>
			<x1>99.899816</x1>
			<y1>224</y1>
			<x2>106.256924</x2>
			<y2>210.389622</y2>
			<x3>108.410209</x3>
			<y3>202.761604</y3>
			<x4>107.16536</x4>
			<y4>195.367122</y4>
			<x5>93.787709</x5>
			<y5>188.296452</y5>
			<x6>79.692795</x6>
			<y6>191.815124</y6>
			<x7>75.289896</x7>
			<y7>197.217732</y7>
			<x8>71.414582</x8>
			<y8>220.604164</y8>
			<x9>71.753486</x9>
			<y9>224</y9>
			<x10>99.899816</x10>
			<y10>224</y10>
		</polygon>
	</object>
	<object>
		<name>capsicum</name>
		<pose>Unspecified</pose>
		<truncated>0</truncated>
		<difficult>0</difficult>
		<occluded>0</occluded>
		<bndbox>
			<xmin>225</xmin>
			<xmax>246</xmax>
			<ymin>127</ymin>
			<ymax>161</ymax>
		</bndbox>
		<polygon>
			<x1>224</x1>
			<y1>153.808235</y1>
			<x2>225.879078</x2>
			<y2>158.824768</y2>
			<x3>235.092419</x3>
			<y3>159.721597</y3>
			<x4>243.443254</x4>
			<y4>144.357627</y4>
			<x5>244.830362</x5>
			<y5>130.322235</y5>
			<x6>237.579134</x6>
			<y6>126.230549</y6>
			<x7>229.490599</x7>
			<y7>126.446424</y7>
			<x8>224</x8>
			<y8>131.412803</y8>
			<x9>224</x9>
			<y9>153.808235</y9>
		</polygon>
	</object>
	<object>
		<name>orange</name>
		<pose>Unspecified</pose>
		<truncated>0</truncated>
		<difficult>0</difficult>
		<occluded>0</occluded>
		<bndbox>
			<xmin>374</xmin>
			<xmax>417</xmax>
			<ymin>204</ymin>
			<ymax>225</ymax>
		</bndbox>
		<polygon>
			<x1>416</x1>
			<y1>224</y1>
			<x2>416</x2>
			<y2>209.88683</y2>
			<x3>394.927686</x3>
			<y3>203.307316</y3>
			<x4>384.87703899999997</x4>
			<y4>206.71805</y4>
			<x5>373.462993</x5>
			<y5>220.592529</y5>
			<x6>372.693939</x6>
			<y6>224</y6>
			<x7>416</x7>
			<y7>224</y7>
		</polygon>
	</object>
	<object>
		<name>mango</name>
		<pose>Unspecified</pose>
		<truncated>0</truncated>
		<difficult>0</difficult>
		<occluded>0</occluded>
		<bndbox>
			<xmin>21</xmin>
			<xmax>109</xmax>
			<ymin>344</ymin>
			<ymax>412</ymax>
		</bndbox>
		<polygon>
			<x1>76.716655</x1>
			<y1>342.77930000000003</y1>
			<x2>58.888685</x2>
			<y2>348.25453</y2>
			<x3>26.224827</x3>
			<y3>371.40941799999996</y3>
			<x4>20.147318</x4>
			<y4>385.427151</y4>
			<x5>24.431667</x5>
			<y5>397.882771</y5>
			<x6>40.370145</x6>
			<y6>409.027469</y6>
			<x7>59.442964</x7>
			<y7>410.946723</y7>
			<x8>84.067199</x8>
			<y8>405.00442599999997</y8>
			<x9>95.936207</x9>
			<y9>395.68870100000004</y9>
			<x10>105.890524</x10>
			<y10>382.424542</y10>
			<x11>107.900056</x11>
			<y11>372.086393</y11>
			<x12>106.511456</x12>
			<y12>361.98177599999997</y12>
			<x13>95.28709</x13>
			<y13>347.283091</y13>
			<x14>76.716655</x14>
			<y14>342.77930000000003</y14>
		</polygon>
	</object>
	<object>
		<name>capsicum</name>
		<pose>Unspecified</pose>
		<truncated>0</truncated>
		<difficult>0</difficult>
		<occluded>0</occluded>
		<bndbox>
			<xmin>177</xmin>
			<xmax>202</xmax>
			<ymin>343</ymin>
			<ymax>378</ymax>
		</bndbox>
		<polygon>
			<x1>188.091845</x1>
			<y1>376.945334</y1>
			<x2>192.638495</x2>
			<y2>374.25286</y2>
			<x3>200.175735</x3>
			<y3>359.62480500000004</y3>
			<x4>200.892999</x4>
			<y4>349.035465</y4>
			<x5>198.499632</x5>
			<y5>344.099923</y5>
			<x6>188.161483</x6>
			<y6>342.09039</y6>
			<x7>178.75697</x7>
			<y7>345.62672</y7>
			<x8>175.742671</x8>
			<y8>361.13394400000004</y8>
			<x9>178.088618</x9>
			<y9>373.21277699999996</y9>
			<x10>188.091845</x10>
			<y10>376.945334</y10>
		</polygon>
	</object>
</annotation>
