<annotation>
	<folder></folder>
	<filename>image_164_png.rf.699b4aaae994136402e3234e1762aeaa.jpg</filename>
	<path>image_164_png.rf.699b4aaae994136402e3234e1762aeaa.jpg</path>
	<source>
		<database>roboflow.ai</database>
	</source>
	<size>
		<width>416</width>
		<height>416</height>
		<depth>3</depth>
	</size>
	<segmented>0</segmented>
	<object>
		<name>redapple</name>
		<pose>Unspecified</pose>
		<truncated>0</truncated>
		<difficult>0</difficult>
		<occluded>0</occluded>
		<bndbox>
			<xmin>156</xmin>
			<xmax>209</xmax>
			<ymin>1</ymin>
			<ymax>40</ymax>
		</bndbox>
		<polygon>
			<x1>208</x1>
			<y1>0</y1>
			<x2>155.979733</x2>
			<y2>0</y2>
			<x3>154.872211</x3>
			<y3>10.46129</y3>
			<x4>159.151882</x4>
			<y4>20.505917</y4>
			<x5>171.760686</x5>
			<y5>34.01211</y5>
			<x6>190.938375</x6>
			<y6>38.661149</y6>
			<x7>208</x7>
			<y7>36.100981</y7>
			<x8>208</x8>
			<y8>0</y8>
		</polygon>
	</object>
	<object>
		<name>greenapple</name>
		<pose>Unspecified</pose>
		<truncated>0</truncated>
		<difficult>0</difficult>
		<occluded>0</occluded>
		<bndbox>
			<xmin>130</xmin>
			<xmax>155</xmax>
			<ymin>87</ymin>
			<ymax>120</ymax>
		</bndbox>
		<polygon>
			<x1>151.23761</x1>
			<y1>111.09496</y1>
			<x2>153.998534</x2>
			<y2>96.891242</y2>
			<x3>150.040996</x3>
			<y3>88.75178</y3>
			<x4>140.204806</x4>
			<y4>85.918545</y4>
			<x5>132.151846</x5>
			<y5>91.723402</y5>
			<x6>128.896231</x6>
			<y6>104.909688</y6>
			<x7>132.013961</x7>
			<y7>113.807181</y7>
			<x8>142.172285</x8>
			<y8>118.545582</y8>
			<x9>151.23761</x9>
			<y9>111.09496</y9>
		</polygon>
	</object>
	<object>
		<name>capsicum</name>
		<pose>Unspecified</pose>
		<truncated>0</truncated>
		<difficult>0</difficult>
		<occluded>0</occluded>
		<bndbox>
			<xmin>1</xmin>
			<xmax>16</xmax>
			<ymin>51</ymin>
			<ymax>85</ymax>
		</bndbox>
		<polygon>
			<x1>0</x1>
			<y1>83.684703</y1>
			<x2>5.604585</x2>
			<y2>83.708042</y2>
			<x3>13.381372</x3>
			<y3>68.63676</y3>
			<x4>14.807796</x4>
			<y4>54.173642</y4>
			<x5>7.318471</x5>
			<y5>49.954041</y5>
			<x6>0</x6>
			<y6>50.90423</y6>
			<x7>0</x7>
			<y7>83.684703</y7>
		</polygon>
	</object>
	<object>
		<name>orange</name>
		<pose>Unspecified</pose>
		<truncated>0</truncated>
		<difficult>0</difficult>
		<occluded>0</occluded>
		<bndbox>
			<xmin>236</xmin>
			<xmax>261</xmax>
			<ymin>11</ymin>
			<ymax>43</ymax>
		</bndbox>
		<polygon>
			<x1>256.086912</x1>
			<y1>36.371239</y1>
			<x2>260.009777</x2>
			<y2>23.314654</y2>
			<x3>258.226548</x3>
			<y3>14.676561</y3>
			<x4>249.402723</x4>
			<y4>10.19756</y4>
			<x5>238.013513</x5>
			<y5>15.353916</y5>
			<x6>234.757898</x6>
			<y6>28.540202</y6>
			<x7>237.20837699999998</x7>
			<y7>37.307996</y7>
			<x8>248.033952</x8>
			<y8>42.176096</y8>
			<x9>256.086912</x9>
			<y9>36.371239</y9>
		</polygon>
	</object>
	<object>
		<name>capsicum</name>
		<pose>Unspecified</pose>
		<truncated>0</truncated>
		<difficult>0</difficult>
		<occluded>0</occluded>
		<bndbox>
			<xmin>8</xmin>
			<xmax>181</xmax>
			<ymin>213</ymin>
			<ymax>403</ymax>
		</bndbox>
		<polygon>
			<x1>12.885685</x1>
			<y1>212</y1>
			<x2>6.737186</x2>
			<y2>241.674447</y2>
			<x3>7.312913</x3>
			<y3>309.96065</y3>
			<x4>14.37689</x4>
			<y4>355.554911</y4>
			<x5>33.244135</x5>
			<y5>383.17546100000004</y5>
			<x6>79.387989</x6>
			<y6>402.278934</y6>
			<x7>92.261275</x7>
			<y7>400.17487700000004</y7>
			<x8>113.233482</x8>
			<y8>384.904702</y8>
			<x9>127.510211</x9>
			<y9>372.018155</y9>
			<x10>135.436575</x10>
			<y10>359.739771</y10>
			<x11>149.137978</x11>
			<y11>332.00100399999997</y11>
			<x12>170.190418</x12>
			<y12>277.13163299999997</y12>
			<x13>178.277649</x13>
			<y13>239.08884</y13>
			<x14>179.752794</x14>
			<y14>212</y14>
			<x15>12.885685</x15>
			<y15>212</y15>
		</polygon>
	</object>
	<object>
		<name>greenapple</name>
		<pose>Unspecified</pose>
		<truncated>0</truncated>
		<difficult>0</difficult>
		<occluded>0</occluded>
		<bndbox>
			<xmin>281</xmin>
			<xmax>314</xmax>
			<ymin>246</ymin>
			<ymax>283</ymax>
		</bndbox>
	</object>
</annotation>
