<annotation>
	<folder></folder>
	<filename>image_15_png.rf.ba957ebf5312ffe2a41ea78c1994b660.jpg</filename>
	<path>image_15_png.rf.ba957ebf5312ffe2a41ea78c1994b660.jpg</path>
	<source>
		<database>roboflow.ai</database>
	</source>
	<size>
		<width>416</width>
		<height>416</height>
		<depth>3</depth>
	</size>
	<segmented>0</segmented>
	<object>
		<name>redapple</name>
		<pose>Unspecified</pose>
		<truncated>0</truncated>
		<difficult>0</difficult>
		<occluded>0</occluded>
		<bndbox>
			<xmin>1</xmin>
			<xmax>103</xmax>
			<ymin>1</ymin>
			<ymax>292</ymax>
		</bndbox>
		<polygon>
			<x1>0</x1>
			<y1>0</y1>
			<x2>0</x2>
			<y2>291</y2>
			<x3>68.438749</x3>
			<y3>291</y3>
			<x4>86.469599</x4>
			<y4>248.208039</y4>
			<x5>93.581404</x5>
			<y5>223.233716</y5>
			<x6>100.172693</x6>
			<y6>181.071225</y6>
			<x7>102.143571</x7>
			<y7>141.044938</y7>
			<x8>95.504183</x8>
			<y8>75.33061</y8>
			<x9>85.521908</x9>
			<y9>39.766393</y9>
			<x10>76.864399</x10>
			<y10>23.147218</y10>
			<x11>68.64848</x11>
			<y11>12.843057</y11>
			<x12>54.519068</x12>
			<y12>5.672076</y12>
			<x13>17.96703</x13>
			<y13>0</y13>
			<x14>0</x14>
			<y14>0</y14>
		</polygon>
	</object>
	<object>
		<name>mango</name>
		<pose>Unspecified</pose>
		<truncated>0</truncated>
		<difficult>0</difficult>
		<occluded>0</occluded>
		<bndbox>
			<xmin>208</xmin>
			<xmax>262</xmax>
			<ymin>164</ymin>
			<ymax>228</ymax>
		</bndbox>
		<polygon>
			<x1>223.024049</x1>
			<y1>163.014685</y1>
			<x2>211.938231</x2>
			<y2>170.135773</y2>
			<x3>206.529412</x3>
			<y3>180.486112</y3>
			<x4>207.065769</x4>
			<y4>207.645291</y4>
			<x5>214.66669</x5>
			<y5>218.899013</y5>
			<x6>221.826023</x6>
			<y6>223.837721</y6>
			<x7>230.893435</x7>
			<y7>226.82989</y7>
			<x8>247.656251</x8>
			<y8>222.938052</y8>
			<x9>259.467394</x9>
			<y9>206.700682</y9>
			<x10>261.296547</x10>
			<y10>193.880988</y10>
			<x11>259.120288</x11>
			<y11>182.247937</y11>
			<x12>250.037033</x12>
			<y12>169.284758</y12>
			<x13>242.13653399999998</x13>
			<y13>163.491322</y13>
			<x14>223.024049</x14>
			<y14>163.014685</y14>
		</polygon>
	</object>
	<object>
		<name>capsicum</name>
		<pose>Unspecified</pose>
		<truncated>0</truncated>
		<difficult>0</difficult>
		<occluded>0</occluded>
		<bndbox>
			<xmin>367</xmin>
			<xmax>401</xmax>
			<ymin>118</ymin>
			<ymax>171</ymax>
		</bndbox>
		<polygon>
			<x1>391.83525499999996</x1>
			<y1>170.247934</y1>
			<x2>396.20333</x2>
			<y2>164.503152</y2>
			<x3>400.429393</x3>
			<y3>146.98307</y3>
			<x4>399.78271</x4>
			<y4>127.990611</y4>
			<x5>394.27912100000003</x5>
			<y5>117.496786</y5>
			<x6>381.269381</x6>
			<y6>116.593403</y6>
			<x7>366.17814999999996</x7>
			<y7>124.901134</y7>
			<x8>367.32950700000004</x8>
			<y8>151.110752</y8>
			<x9>376.176268</x9>
			<y9>170.436361</y9>
			<x10>391.83525499999996</x10>
			<y10>170.247934</y10>
		</polygon>
	</object>
	<object>
		<name>greenapple</name>
		<pose>Unspecified</pose>
		<truncated>0</truncated>
		<difficult>0</difficult>
		<occluded>0</occluded>
		<bndbox>
			<xmin>230</xmin>
			<xmax>274</xmax>
			<ymin>6</ymin>
			<ymax>69</ymax>
		</bndbox>
		<polygon>
			<x1>229.646166</x1>
			<y1>23.84853</y1>
			<x2>229.01561</x2>
			<y2>53.808975</y2>
			<x3>236.553447</x3>
			<y3>64.160552</y3>
			<x4>244.327778</x4>
			<y4>68.149699</y4>
			<x5>262.572928</x5>
			<y5>65.967318</y5>
			<x6>269.52716599999997</x6>
			<y6>58.228581</y6>
			<x7>272.712484</x7>
			<y7>45.314055</y7>
			<x8>272.365379</x8>
			<y8>20.861311</y8>
			<x9>258.47246</x9>
			<y9>7.327901</y9>
			<x10>241.946138</x10>
			<y10>4.857309</y10>
			<x11>234.865733</x11>
			<y11>10.791757</y11>
			<x12>229.646166</x12>
			<y12>23.84853</y12>
		</polygon>
	</object>
	<object>
		<name>greenapple</name>
		<pose>Unspecified</pose>
		<truncated>0</truncated>
		<difficult>0</difficult>
		<occluded>0</occluded>
		<bndbox>
			<xmin>221</xmin>
			<xmax>245</xmax>
			<ymin>303</ymin>
			<ymax>334</ymax>
		</bndbox>
		<polygon>
			<x1>244.444161</x1>
			<y1>325.034056</y1>
			<x2>243.560984</x2>
			<y2>312.404027</y2>
			<x3>236.701229</x3>
			<y3>302.005034</y3>
			<x4>229.179235</x4>
			<y4>301.624468</y4>
			<x5>220.931916</x5>
			<y5>310.360182</y5>
			<x6>220.45892800000001</x6>
			<y6>323.085043</y6>
			<x7>226.577516</x7>
			<y7>332.629307</y7>
			<x8>238.168006</x8>
			<y8>332.725377</y8>
			<x9>244.444161</x9>
			<y9>325.034056</y9>
		</polygon>
	</object>
</annotation>
