<annotation>
	<folder></folder>
	<filename>image_40_png.rf.5ccfe5cb31d11b5c191f7171d71bfd83.jpg</filename>
	<path>image_40_png.rf.5ccfe5cb31d11b5c191f7171d71bfd83.jpg</path>
	<source>
		<database>roboflow.ai</database>
	</source>
	<size>
		<width>416</width>
		<height>416</height>
		<depth>3</depth>
	</size>
	<segmented>0</segmented>
	<object>
		<name>redapple</name>
		<pose>Unspecified</pose>
		<truncated>0</truncated>
		<difficult>0</difficult>
		<occluded>0</occluded>
		<bndbox>
			<xmin>94</xmin>
			<xmax>209</xmax>
			<ymin>1</ymin>
			<ymax>196</ymax>
		</bndbox>
		<polygon>
			<x1>208</x1>
			<y1>0</y1>
			<x2>104.706943</x2>
			<y2>0</y2>
			<x3>93.204009</x3>
			<y3>46.135747</y3>
			<x4>93.276528</x4>
			<y4>128.252071</y4>
			<x5>102.972658</x5>
			<y5>158.035669</y5>
			<x6>134.891951</x6>
			<y6>195</y6>
			<x7>202.665119</x7>
			<y7>195</y7>
			<x8>208</x8>
			<y8>191.086121</y8>
			<x9>208</x9>
			<y9>0</y9>
		</polygon>
	</object>
	<object>
		<name>mango</name>
		<pose>Unspecified</pose>
		<truncated>0</truncated>
		<difficult>0</difficult>
		<occluded>0</occluded>
		<bndbox>
			<xmin>212</xmin>
			<xmax>266</xmax>
			<ymin>1</ymin>
			<ymax>57</ymax>
		</bndbox>
		<polygon>
			<x1>223.864021</x1>
			<y1>0</y1>
			<x2>218.329856</x2>
			<y2>6.010753</y2>
			<x3>211.039881</x3>
			<y3>24.261618</y3>
			<x4>211.910892</x4>
			<y4>37.249623</y4>
			<x5>217.507192</x5>
			<y5>47.766964</y5>
			<x6>229.118376</x6>
			<y6>56.135174</y6>
			<x7>249.31637899999998</x7>
			<y7>54.785683</y7>
			<x8>261.981275</x8>
			<y8>39.699342</y8>
			<x9>265.402465</x9>
			<y9>20.483882</y9>
			<x10>255.051752</x10>
			<y10>0</y10>
			<x11>223.864021</x11>
			<y11>0</y11>
		</polygon>
	</object>
	<object>
		<name>greenapple</name>
		<pose>Unspecified</pose>
		<truncated>0</truncated>
		<difficult>0</difficult>
		<occluded>0</occluded>
		<bndbox>
			<xmin>209</xmin>
			<xmax>219</xmax>
			<ymin>103</ymin>
			<ymax>133</ymax>
		</bndbox>
		<polygon>
			<x1>208</x1>
			<y1>131.763867</y1>
			<x2>213.925055</x2>
			<y2>128.059878</y2>
			<x3>218.426549</x3>
			<y3>115.499185</y3>
			<x4>213.903299</x4>
			<y4>103.424981</y4>
			<x5>208</x5>
			<y5>101.953123</y5>
			<x6>208</x6>
			<y6>131.763867</y6>
		</polygon>
	</object>
	<object>
		<name>capsicum</name>
		<pose>Unspecified</pose>
		<truncated>0</truncated>
		<difficult>0</difficult>
		<occluded>0</occluded>
		<bndbox>
			<xmin>378</xmin>
			<xmax>414</xmax>
			<ymin>1</ymin>
			<ymax>52</ymax>
		</bndbox>
		<polygon>
			<x1>391.866809</x1>
			<y1>0</y1>
			<x2>382.92858</x2>
			<y2>2.351893</y2>
			<x3>376.721326</x3>
			<y3>29.994737</y3>
			<x4>378.884349</x4>
			<y4>46.041484</y4>
			<x5>393.50055699999996</x5>
			<y5>50.597917</y5>
			<x6>400.586074</x6>
			<y6>44.15471</y6>
			<x7>408.523262</x7>
			<y7>28.801822</y7>
			<x8>412.59166700000003</x8>
			<y8>12.484339</y8>
			<x9>410.864151</x9>
			<y9>2.931593</y9>
			<x10>403.92598899999996</x10>
			<y10>0</y10>
			<x11>391.866809</x11>
			<y11>0</y11>
		</polygon>
	</object>
	<object>
		<name>mango</name>
		<pose>Unspecified</pose>
		<truncated>0</truncated>
		<difficult>0</difficult>
		<occluded>0</occluded>
		<bndbox>
			<xmin>126</xmin>
			<xmax>209</xmax>
			<ymin>220</ymin>
			<ymax>288</ymax>
		</bndbox>
		<polygon>
			<x1>208</x1>
			<y1>232.133342</y1>
			<x2>202.929426</x2>
			<y2>224.922872</y2>
			<x3>183.799638</x3>
			<y3>219.24107800000002</y3>
			<x4>161.672078</x4>
			<y4>225.582692</y4>
			<x5>131.390785</x5>
			<y5>245.398799</y5>
			<x6>124.9549</x6>
			<y6>257.477193</y6>
			<x7>128.190972</x7>
			<y7>271.967077</y7>
			<x8>138.729105</x8>
			<y8>281.89215</y8>
			<x9>168.387357</x9>
			<y9>286.55017499999997</y9>
			<x10>188.79707</x10>
			<y10>281.60465899999997</y10>
			<x11>204.043572</x11>
			<y11>269.898592</y11>
			<x12>208</x12>
			<y12>264.158302</y12>
			<x13>208</x13>
			<y13>232.133342</y13>
		</polygon>
	</object>
	<object>
		<name>capsicum</name>
		<pose>Unspecified</pose>
		<truncated>0</truncated>
		<difficult>0</difficult>
		<occluded>0</occluded>
		<bndbox>
			<xmin>113</xmin>
			<xmax>137</xmax>
			<ymin>329</ymin>
			<ymax>362</ymax>
		</bndbox>
		<polygon>
			<x1>124.40196</x1>
			<y1>361.33043799999996</y1>
			<x2>133.20049</x2>
			<y2>348.016711</y2>
			<x3>135.548631</x3>
			<y3>330.358115</y3>
			<x4>128.669989</x4>
			<y4>327.730874</y4>
			<x5>120.50417</x5>
			<y5>327.519312</y5>
			<x6>114.491703</x6>
			<y6>332.405655</y6>
			<x7>111.710474</x7>
			<y7>346.30746</y7>
			<x8>115.160674</x8>
			<y8>359.938529</y8>
			<x9>124.40196</x9>
			<y9>361.33043799999996</y9>
		</polygon>
	</object>
	<object>
		<name>redapple</name>
		<pose>Unspecified</pose>
		<truncated>0</truncated>
		<difficult>0</difficult>
		<occluded>0</occluded>
		<bndbox>
			<xmin>209</xmin>
			<xmax>255</xmax>
			<ymin>348</ymin>
			<ymax>417</ymax>
		</bndbox>
		<polygon>
			<x1>208</x1>
			<y1>416</y1>
			<x2>249.28230200000002</x2>
			<y2>416</y2>
			<x3>251.463654</x3>
			<y3>413.128327</y3>
			<x4>254.030756</x4>
			<y4>400.085337</y4>
			<x5>242.178855</x5>
			<y5>362.466624</y5>
			<x6>232.930317</x6>
			<y6>352.86308299999996</y6>
			<x7>221.321551</x7>
			<y7>347.232085</y7>
			<x8>208</x8>
			<y8>350.28387599999996</y8>
			<x9>208</x9>
			<y9>416</y9>
		</polygon>
	</object>
	<object>
		<name>orange</name>
		<pose>Unspecified</pose>
		<truncated>0</truncated>
		<difficult>0</difficult>
		<occluded>0</occluded>
		<bndbox>
			<xmin>353</xmin>
			<xmax>378</xmax>
			<ymin>235</ymin>
			<ymax>266</ymax>
		</bndbox>
		<polygon>
			<x1>373.810736</x1>
			<y1>257.54353</y1>
			<x2>376.591966</x2>
			<y2>243.641725</y2>
			<x3>372.28767700000003</x3>
			<y3>236.183127</y3>
			<x4>363.260517</x4>
			<y4>233.932403</y4>
			<x5>355.099532</x5>
			<y5>239.195262</y5>
			<x6>351.673506</x6>
			<y6>252.93630100000001</y6>
			<x7>355.549542</x7>
			<y7>262.11253</y7>
			<x8>365.86629600000003</x8>
			<y8>264.68478600000003</y8>
			<x9>373.810736</x9>
			<y9>257.54353</y9>
		</polygon>
	</object>
	<object>
		<name>capsicum</name>
		<pose>Unspecified</pose>
		<truncated>0</truncated>
		<difficult>0</difficult>
		<occluded>0</occluded>
		<bndbox>
			<xmin>216</xmin>
			<xmax>243</xmax>
			<ymin>196</ymin>
			<ymax>232</ymax>
		</bndbox>
		<polygon>
			<x1>227.000603</x1>
			<y1>195</y1>
			<x2>218.825954</x2>
			<y2>197.920821</y2>
			<x3>214.75513</x3>
			<y3>211.501094</y3>
			<x4>217.132279</x4>
			<y4>226.689028</y4>
			<x5>225.731186</x5>
			<y5>230.657381</y5>
			<x6>237.325448</x6>
			<y6>219.865116</y6>
			<x7>242.469321</x7>
			<y7>204.727978</y7>
			<x8>240.099425</x8>
			<y8>197.751678</y8>
			<x9>233.939347</x9>
			<y9>195</y9>
			<x10>227.000603</x10>
			<y10>195</y10>
		</polygon>
	</object>
</annotation>
