<annotation>
	<folder></folder>
	<filename>image_90_png.rf.0404247369cd3f60acd3da5e0289e2fb.jpg</filename>
	<path>image_90_png.rf.0404247369cd3f60acd3da5e0289e2fb.jpg</path>
	<source>
		<database>roboflow.ai</database>
	</source>
	<size>
		<width>416</width>
		<height>416</height>
		<depth>3</depth>
	</size>
	<segmented>0</segmented>
	<object>
		<name>redapple</name>
		<pose>Unspecified</pose>
		<truncated>0</truncated>
		<difficult>0</difficult>
		<occluded>0</occluded>
		<bndbox>
			<xmin>92</xmin>
			<xmax>166</xmax>
			<ymin>13</ymin>
			<ymax>103</ymax>
		</bndbox>
		<polygon>
			<x1>120.215322</x1>
			<y1>12.311662</y1>
			<x2>107.586601</x2>
			<y2>18.649628</y2>
			<x3>93.404845</x3>
			<y3>37.51584</y3>
			<x4>90.926888</x4>
			<y4>53.589934</y4>
			<x5>94.934482</x5>
			<y5>73.72807</y5>
			<x6>103.971889</x6>
			<y6>89.704765</y6>
			<x7>120.122958</x7>
			<y7>100.763106</y7>
			<x8>138.312308</x8>
			<y8>102.035029</y8>
			<x9>152.899257</x9>
			<y9>96.736627</y9>
			<x10>164.825971</x10>
			<y10>71.394305</y10>
			<x11>164.295156</x11>
			<y11>59.622975</y11>
			<x12>145.797906</x12>
			<y12>24.029519</y12>
			<x13>135.52152</x13>
			<y13>16.08987</y13>
			<x14>120.215322</x14>
			<y14>12.311662</y14>
		</polygon>
	</object>
	<object>
		<name>capsicum</name>
		<pose>Unspecified</pose>
		<truncated>0</truncated>
		<difficult>0</difficult>
		<occluded>0</occluded>
		<bndbox>
			<xmin>226</xmin>
			<xmax>253</xmax>
			<ymin>11</ymin>
			<ymax>50</ymax>
		</bndbox>
		<polygon>
			<x1>232.793715</x1>
			<y1>48.165491</y1>
			<x2>238.794021</x2>
			<y2>49.487704</y2>
			<x3>246.706985</x3>
			<y3>42.81998</y3>
			<x4>252.068094</x4>
			<y4>24.2396</y4>
			<x5>250.001486</x5>
			<y5>15.068772</y5>
			<x6>238.862987</x6>
			<y6>9.776734</y6>
			<x7>229.117418</x7>
			<y7>13.608416</y7>
			<x8>224.932477</x8>
			<y8>25.049988</y8>
			<x9>227.170276</x9>
			<y9>41.45384</y9>
			<x10>232.793715</x10>
			<y10>48.165491</y10>
		</polygon>
	</object>
	<object>
		<name>greenapple</name>
		<pose>Unspecified</pose>
		<truncated>0</truncated>
		<difficult>0</difficult>
		<occluded>0</occluded>
		<bndbox>
			<xmin>219</xmin>
			<xmax>244</xmax>
			<ymin>160</ymin>
			<ymax>191</ymax>
		</bndbox>
		<polygon>
			<x1>241.749844</x1>
			<y1>181.478619</y1>
			<x2>242.629199</x2>
			<y2>168.903266</y2>
			<x3>235.846833</x3>
			<y3>159.40268</y3>
			<x4>227.088998</x4>
			<y4>158.790273</y4>
			<x5>219.849713</x5>
			<y5>165.505107</y5>
			<x6>217.623</x6>
			<y6>177.986243</y6>
			<x7>225.564292</x7>
			<y7>190.275764</y7>
			<x8>235.058617</x8>
			<y8>190.03704</y8>
			<x9>241.749844</x9>
			<y9>181.478619</y9>
		</polygon>
	</object>
	<object>
		<name>redapple</name>
		<pose>Unspecified</pose>
		<truncated>0</truncated>
		<difficult>0</difficult>
		<occluded>0</occluded>
		<bndbox>
			<xmin>286</xmin>
			<xmax>359</xmax>
			<ymin>163</ymin>
			<ymax>238</ymax>
		</bndbox>
		<polygon>
			<x1>350.674998</x1>
			<y1>237</y1>
			<x2>358.08948</x2>
			<y2>221.245436</y2>
			<x3>356.46254899999997</x3>
			<y3>205.786932</y3>
			<x4>339.18703700000003</x4>
			<y4>172.084171</y4>
			<x5>326.215933</x5>
			<y5>163.956089</y5>
			<x6>311.457793</x6>
			<y6>162.021468</y6>
			<x7>294.158883</x7>
			<y7>177.05918</y7>
			<x8>286.3543</x8>
			<y8>191.858169</y8>
			<x9>285.223702</x9>
			<y9>208.026479</y9>
			<x10>291.800392</x10>
			<y10>230.149527</y10>
			<x11>297.290499</x11>
			<y11>237</y11>
			<x12>350.674998</x12>
			<y12>237</y12>
		</polygon>
	</object>
	<object>
		<name>redapple</name>
		<pose>Unspecified</pose>
		<truncated>0</truncated>
		<difficult>0</difficult>
		<occluded>0</occluded>
		<bndbox>
			<xmin>19</xmin>
			<xmax>70</xmax>
			<ymin>305</ymin>
			<ymax>387</ymax>
		</bndbox>
		<polygon>
			<x1>60.815274</x1>
			<y1>313.91612499999997</y1>
			<x2>49.003096</x2>
			<y2>308.576978</y2>
			<x3>45.948753</x3>
			<y3>303.85024</y3>
			<x4>42.140678</x4>
			<y4>309.902375</y4>
			<x5>31.972673</x5>
			<y5>310.09399</y5>
			<x6>25.53269</x6>
			<y6>315.05945199999996</y6>
			<x7>20.73688</x7>
			<y7>325.555677</y7>
			<x8>18.258922</x8>
			<y8>341.629771</y8>
			<x9>26.83941</x9>
			<y9>373.821886</y9>
			<x10>36.927363</x10>
			<y10>384.456253</y10>
			<x11>44.948707</x11>
			<y11>385.91979200000003</y11>
			<x12>53.894976</x12>
			<y12>383.83748</y12>
			<x13>60.586202</x13>
			<y13>375.27905999999996</y13>
			<x14>67.545914</x14>
			<y14>353.199939</y14>
			<x15>68.676513</x15>
			<y15>337.031628</y15>
			<x16>60.815274</x16>
			<y16>313.91612499999997</y16>
		</polygon>
	</object>
	<object>
		<name>greenapple</name>
		<pose>Unspecified</pose>
		<truncated>0</truncated>
		<difficult>0</difficult>
		<occluded>0</occluded>
		<bndbox>
			<xmin>151</xmin>
			<xmax>176</xmax>
			<ymin>326</ymin>
			<ymax>359</ymax>
		</bndbox>
		<polygon>
			<x1>174.004536</x1>
			<y1>350.715303</y1>
			<x2>174.821079</x2>
			<y2>339.038189</y2>
			<x3>170.185375</x3>
			<y3>327.882449</y3>
			<x4>160.879483</x4>
			<y4>325.42645400000004</y4>
			<x5>151.619159</x5>
			<y5>331.999963</y5>
			<x6>149.75207</x6>
			<y6>349.019405</y6>
			<x7>155.923567</x7>
			<y7>357.574643</y7>
			<x8>165.355081</x8>
			<y8>358.234159</y8>
			<x9>174.004536</x9>
			<y9>350.715303</y9>
		</polygon>
	</object>
	<object>
		<name>orange</name>
		<pose>Unspecified</pose>
		<truncated>0</truncated>
		<difficult>0</difficult>
		<occluded>0</occluded>
		<bndbox>
			<xmin>275</xmin>
			<xmax>314</xmax>
			<ymin>274</ymin>
			<ymax>348</ymax>
		</bndbox>
		<polygon>
			<x1>274</x1>
			<y1>345.462419</y1>
			<x2>293.231779</x2>
			<y2>346.807235</y2>
			<x3>301.019121</x3>
			<y3>341.93599</y3>
			<x4>308.635271</x4>
			<y4>329.831719</y4>
			<x5>312.146534</x5>
			<y5>318.343038</y5>
			<x6>312.854696</x6>
			<y6>298.534661</y6>
			<x7>307.796556</x7>
			<y7>283.738855</y7>
			<x8>302.173117</x8>
			<y8>277.027205</y8>
			<x9>278.109083</x9>
			<y9>272.636588</y9>
			<x10>274</x10>
			<y10>274.81139</y10>
			<x11>274</x11>
			<y11>345.462419</y11>
		</polygon>
	</object>
	<object>
		<name>capsicum</name>
		<pose>Unspecified</pose>
		<truncated>0</truncated>
		<difficult>0</difficult>
		<occluded>0</occluded>
		<bndbox>
			<xmin>367</xmin>
			<xmax>392</xmax>
			<ymin>384</ymin>
			<ymax>417</ymax>
		</bndbox>
		<polygon>
			<x1>382.847351</x1>
			<y1>416</y1>
			<x2>389.356134</x2>
			<y2>404.97891000000004</y2>
			<x3>390.97197900000003</x3>
			<y3>391.55242599999997</y3>
			<x4>386.75871</x4>
			<y4>384.036752</y4>
			<x5>373.958797</x5>
			<y5>383.141695</y5>
			<x6>369.79109800000003</x6>
			<y6>384.655524</y6>
			<x7>365.920211</x7>
			<y7>391.605899</y7>
			<x8>366.685029</x8>
			<y8>409.712014</y8>
			<x9>369.297966</x9>
			<y9>416</y9>
			<x10>382.847351</x10>
			<y10>416</y10>
		</polygon>
	</object>
</annotation>
