<annotation>
	<folder></folder>
	<filename>image_50_png.rf.fce576dbfd181520a4456e90da03d05a.jpg</filename>
	<path>image_50_png.rf.fce576dbfd181520a4456e90da03d05a.jpg</path>
	<source>
		<database>roboflow.ai</database>
	</source>
	<size>
		<width>416</width>
		<height>416</height>
		<depth>3</depth>
	</size>
	<segmented>0</segmented>
	<object>
		<name>redapple</name>
		<pose>Unspecified</pose>
		<truncated>0</truncated>
		<difficult>0</difficult>
		<occluded>0</occluded>
		<bndbox>
			<xmin>150</xmin>
			<xmax>217</xmax>
			<ymin>62</ymin>
			<ymax>144</ymax>
		</bndbox>
		<polygon>
			<x1>216</x1>
			<y1>84.572084</y1>
			<x2>192.986074</x2>
			<y2>65.195273</y2>
			<x3>175.583803</x3>
			<y3>61.324322</y3>
			<x4>166.342516</x4>
			<y4>62.716231</y4>
			<x5>154.086536</x5>
			<y5>71.245207</y5>
			<x6>150.424627</x6>
			<y6>81.28025</y6>
			<x7>149.327403</x7>
			<y7>107.095494</y7>
			<x8>154.682986</x8>
			<y8>125.828657</y8>
			<x9>165.632451</x9>
			<y9>136.781689</y9>
			<x10>182.173382</x10>
			<y10>142.691802</y10>
			<x11>199.152234</x11>
			<y11>139.370701</y11>
			<x12>215.491124</x12>
			<y12>130.735944</y12>
			<x13>216</x13>
			<y13>129.934938</y13>
			<x14>216</x14>
			<y14>84.572084</y14>
		</polygon>
	</object>
	<object>
		<name>greenapple</name>
		<pose>Unspecified</pose>
		<truncated>0</truncated>
		<difficult>0</difficult>
		<occluded>0</occluded>
		<bndbox>
			<xmin>376</xmin>
			<xmax>417</xmax>
			<ymin>185</ymin>
			<ymax>204</ymax>
		</bndbox>
		<polygon>
			<x1>416</x1>
			<y1>203</y1>
			<x2>416</x2>
			<y2>197.431639</y2>
			<x3>399.486091</x3>
			<y3>184.010754</y3>
			<x4>382.509656</x4>
			<y4>184.594645</y4>
			<x5>377.132317</x5>
			<y5>190.496379</y5>
			<x6>375.232052</x6>
			<y6>203</y6>
			<x7>416</x7>
			<y7>203</y7>
		</polygon>
	</object>
	<object>
		<name>orange</name>
		<pose>Unspecified</pose>
		<truncated>0</truncated>
		<difficult>0</difficult>
		<occluded>0</occluded>
		<bndbox>
			<xmin>1</xmin>
			<xmax>36</xmax>
			<ymin>241</ymin>
			<ymax>315</ymax>
		</bndbox>
		<polygon>
			<x1>0</x1>
			<y1>312.811394</y1>
			<x2>1.692768</x2>
			<y2>313.88159</y2>
			<x3>12.651903</x3>
			<y3>313.88578</y3>
			<x4>27.053984</x4>
			<y4>308.470532</y4>
			<x5>32.864411</x5>
			<y5>298.812005</y5>
			<x6>35.025015</x6>
			<y6>285.502469</y6>
			<x7>29.248431</x7>
			<y7>256.840043</y7>
			<x8>20.878155</x8>
			<y8>245.243948</y8>
			<x9>12.71717</x9>
			<y9>239.981087</y9>
			<x10>0</x10>
			<y10>240.698079</y10>
			<x11>0</x11>
			<y11>312.811394</y11>
		</polygon>
	</object>
	<object>
		<name>redapple</name>
		<pose>Unspecified</pose>
		<truncated>0</truncated>
		<difficult>0</difficult>
		<occluded>0</occluded>
		<bndbox>
			<xmin>1</xmin>
			<xmax>63</xmax>
			<ymin>353</ymin>
			<ymax>417</ymax>
		</bndbox>
		<polygon>
			<x1>0</x1>
			<y1>416</y1>
			<x2>60.306401</x2>
			<y2>416</y2>
			<x3>59.201984</x3>
			<y3>404.446243</y3>
			<x4>61.576715</x4>
			<y4>391.995521</y4>
			<x5>55.14083</x5>
			<y5>379.917127</y5>
			<x6>26.798763</x6>
			<y6>354.14430100000004</y6>
			<x7>11.114339</x7>
			<y7>351.669448</y7>
			<x8>1.442382</x8>
			<y8>354.080938</y8>
			<x9>0</x9>
			<y9>355.751297</y9>
			<x10>0</x10>
			<y10>416</y10>
		</polygon>
	</object>
	<object>
		<name>greenapple</name>
		<pose>Unspecified</pose>
		<truncated>0</truncated>
		<difficult>0</difficult>
		<occluded>0</occluded>
		<bndbox>
			<xmin>110</xmin>
			<xmax>134</xmax>
			<ymin>320</ymin>
			<ymax>349</ymax>
		</bndbox>
		<polygon>
			<x1>133.178208</x1>
			<y1>341.303967</y1>
			<x2>131.472447</x2>
			<y2>326.221815</y2>
			<x3>125.676524</x3>
			<y3>319.457077</y3>
			<x4>115.362187</x4>
			<y4>319.292122</y4>
			<x5>109.123507</x5>
			<y5>327.233018</y5>
			<x6>111.259939</x6>
			<y6>341.295589</y6>
			<x7>117.700659</x7>
			<y7>347.899562</y7>
			<x8>128.014996</x8>
			<y8>348.064517</y8>
			<x9>133.178208</x9>
			<y9>341.303967</y9>
		</polygon>
	</object>
</annotation>
