<annotation>
	<folder></folder>
	<filename>image_48_png.rf.da28154b589152c137d8c5552950e3f5.jpg</filename>
	<path>image_48_png.rf.da28154b589152c137d8c5552950e3f5.jpg</path>
	<source>
		<database>roboflow.ai</database>
	</source>
	<size>
		<width>416</width>
		<height>416</height>
		<depth>3</depth>
	</size>
	<segmented>0</segmented>
	<object>
		<name>greenapple</name>
		<pose>Unspecified</pose>
		<truncated>0</truncated>
		<difficult>0</difficult>
		<occluded>0</occluded>
		<bndbox>
			<xmin>228</xmin>
			<xmax>254</xmax>
			<ymin>23</ymin>
			<ymax>56</ymax>
		</bndbox>
		<polygon>
			<x1>252.97028899999998</x1>
			<y1>42.904985</y1>
			<x2>250.955076</x2>
			<y2>31.476142</y2>
			<x3>242.508384</x3>
			<y3>22.087819</y3>
			<x4>235.108222</x4>
			<y4>22.486192</y4>
			<x5>226.623627</x5>
			<y5>32.140533</y5>
			<x6>230.072571</x6>
			<y6>47.848946</y6>
			<x7>238.054214</x7>
			<y7>54.599843</y7>
			<x8>248.437591</x8>
			<y8>51.862498</y8>
			<x9>252.97028899999998</x9>
			<y9>42.904985</y9>
		</polygon>
	</object>
	<object>
		<name>mango</name>
		<pose>Unspecified</pose>
		<truncated>0</truncated>
		<difficult>0</difficult>
		<occluded>0</occluded>
		<bndbox>
			<xmin>361</xmin>
			<xmax>390</xmax>
			<ymin>1</ymin>
			<ymax>35</ymax>
		</bndbox>
		<polygon>
			<x1>366.70645</x1>
			<y1>0</y1>
			<x2>359.51581999999996</x2>
			<y2>7.801578</y2>
			<x3>360.523768</x3>
			<y3>21.220978</y3>
			<x4>372.883773</x4>
			<y4>33.54518</y4>
			<x5>383.228566</x5>
			<y5>34.440539</y5>
			<x6>389.272164</x6>
			<y6>22.497187</y6>
			<x7>386.946918</x7>
			<y7>9.310062</y7>
			<x8>377.744644</x8>
			<y8>0</y8>
			<x9>366.70645</x9>
			<y9>0</y9>
		</polygon>
	</object>
	<object>
		<name>capsicum</name>
		<pose>Unspecified</pose>
		<truncated>0</truncated>
		<difficult>0</difficult>
		<occluded>0</occluded>
		<bndbox>
			<xmin>124</xmin>
			<xmax>149</xmax>
			<ymin>261</ymin>
			<ymax>299</ymax>
		</bndbox>
		<polygon>
			<x1>124.463263</x1>
			<y1>282.26036799999997</y1>
			<x2>132.522754</x2>
			<y2>297.155817</y2>
			<x3>141.550248</x3>
			<y3>298.283452</y3>
			<x4>147.748862</x4>
			<y4>287.219241</y4>
			<x5>146.469466</x5>
			<y5>268.408853</y5>
			<x6>141.936088</x6>
			<y6>261.956408</y6>
			<x7>134.845959</x7>
			<y7>264.113064</y7>
			<x8>132.094928</x8>
			<y8>260.065768</y8>
			<x9>131.397694</x9>
			<y9>263.814611</y9>
			<x10>122.951682</x10>
			<y10>269.836247</y10>
			<x11>124.463263</x11>
			<y11>282.26036799999997</y11>
		</polygon>
	</object>
	<object>
		<name>redapple</name>
		<pose>Unspecified</pose>
		<truncated>0</truncated>
		<difficult>0</difficult>
		<occluded>0</occluded>
		<bndbox>
			<xmin>370</xmin>
			<xmax>417</xmax>
			<ymin>254</ymin>
			<ymax>318</ymax>
		</bndbox>
		<polygon>
			<x1>416</x1>
			<y1>253</y1>
			<x2>373.365382</x2>
			<y2>253</y2>
			<x3>369.37028799999996</x3>
			<y3>262.899258</y3>
			<x4>372.587049</x4>
			<y4>284.993938</y4>
			<x5>380.491524</x5>
			<y5>299.010245</y5>
			<x6>391.379214</x6>
			<y6>310.68758</y6>
			<x7>404.630054</x7>
			<y7>316.509377</y7>
			<x8>416</x8>
			<y8>315.386856</y8>
			<x9>416</x9>
			<y9>253</y9>
		</polygon>
	</object>
</annotation>
