<annotation>
	<folder></folder>
	<filename>image_155_png.rf.516cfb449c54037cf035054b29c9f393.jpg</filename>
	<path>image_155_png.rf.516cfb449c54037cf035054b29c9f393.jpg</path>
	<source>
		<database>roboflow.ai</database>
	</source>
	<size>
		<width>416</width>
		<height>416</height>
		<depth>3</depth>
	</size>
	<segmented>0</segmented>
	<object>
		<name>mango</name>
		<pose>Unspecified</pose>
		<truncated>0</truncated>
		<difficult>0</difficult>
		<occluded>0</occluded>
		<bndbox>
			<xmin>1</xmin>
			<xmax>20</xmax>
			<ymin>55</ymin>
			<ymax>116</ymax>
		</bndbox>
		<polygon>
			<x1>0</x1>
			<y1>114.506175</y1>
			<x2>2.522959</x2>
			<y2>114.015762</y2>
			<x3>16.740392</x3>
			<y3>101.458795</y3>
			<x4>18.658647</x4>
			<y4>77.047634</y4>
			<x5>13.113689</x5>
			<y5>65.661166</y5>
			<x6>0</x6>
			<y6>54.457799</y6>
			<x7>0</x7>
			<y7>114.506175</y7>
		</polygon>
	</object>
	<object>
		<name>orange</name>
		<pose>Unspecified</pose>
		<truncated>0</truncated>
		<difficult>0</difficult>
		<occluded>0</occluded>
		<bndbox>
			<xmin>277</xmin>
			<xmax>417</xmax>
			<ymin>117</ymin>
			<ymax>196</ymax>
		</bndbox>
		<polygon>
			<x1>416</x1>
			<y1>195</y1>
			<x2>416</x2>
			<y2>145.693501</y2>
			<x3>396.03234699999996</x3>
			<y3>124.624776</y3>
			<x4>367.681403</x4>
			<y4>115.890728</y4>
			<x5>333.293187</x5>
			<y5>117.233278</y5>
			<x6>318.05025</x6>
			<y6>121.086513</y6>
			<x7>304.925241</x7>
			<y7>128.979598</y7>
			<x8>290.732767</x8>
			<y8>145.092941</y8>
			<x9>280.609392</x9>
			<y9>168.428094</y9>
			<x10>275.912977</x10>
			<y10>195</y10>
			<x11>416</x11>
			<y11>195</y11>
		</polygon>
	</object>
	<object>
		<name>mango</name>
		<pose>Unspecified</pose>
		<truncated>0</truncated>
		<difficult>0</difficult>
		<occluded>0</occluded>
		<bndbox>
			<xmin>120</xmin>
			<xmax>174</xmax>
			<ymin>289</ymin>
			<ymax>348</ymax>
		</bndbox>
		<polygon>
			<x1>135.778493</x1>
			<y1>288.407031</y1>
			<x2>123.937625</x2>
			<y2>296.050506</y2>
			<x3>120.13512</x3>
			<y3>303.912093</y3>
			<x4>118.784058</x4>
			<y4>317.529319</y4>
			<x5>120.951904</x5>
			<y5>328.681924</y5>
			<x6>127.947761</x6>
			<y6>340.676672</y6>
			<x7>136.344597</x7>
			<y7>346.166949</y7>
			<x8>157.24933</x8>
			<y8>347.44532200000003</y8>
			<x9>170.966491</x9>
			<y9>332.31467799999996</y9>
			<x10>172.959624</x10>
			<y10>318.572648</y10>
			<x11>170.625019</x11>
			<y11>306.562149</y11>
			<x12>165.747092</x12>
			<y12>298.607253</y12>
			<x13>153.781429</x13>
			<y13>288.468844</y13>
			<x14>135.778493</x14>
			<y14>288.407031</y14>
		</polygon>
	</object>
	<object>
		<name>redapple</name>
		<pose>Unspecified</pose>
		<truncated>0</truncated>
		<difficult>0</difficult>
		<occluded>0</occluded>
		<bndbox>
			<xmin>1</xmin>
			<xmax>47</xmax>
			<ymin>196</ymin>
			<ymax>232</ymax>
		</bndbox>
		<polygon>
			<x1>0</x1>
			<y1>195</y1>
			<x2>0</x2>
			<y2>226.99213</y2>
			<x3>10.000663</x3>
			<y3>230.947519</y3>
			<x4>28.145398</x4>
			<y4>228.310846</y4>
			<x5>40.153023</x5>
			<y5>221.525266</y5>
			<x6>43.646972</x6>
			<y6>215.504268</y6>
			<x7>46.173685</x7>
			<y7>195</y7>
			<x8>0</x8>
			<y8>195</y8>
		</polygon>
	</object>
	<object>
		<name>orange</name>
		<pose>Unspecified</pose>
		<truncated>0</truncated>
		<difficult>0</difficult>
		<occluded>0</occluded>
		<bndbox>
			<xmin>135</xmin>
			<xmax>190</xmax>
			<ymin>196</ymin>
			<ymax>223</ymax>
		</bndbox>
		<polygon>
			<x1>133.659981</x1>
			<y1>195</y1>
			<x2>135.654786</x2>
			<y2>202.071296</y2>
			<x3>141.5083</x3>
			<y3>211.617173</y3>
			<x4>153.949275</x4>
			<y4>220.772883</y4>
			<x5>166.815647</x5>
			<y5>221.833142</y5>
			<x6>178.039403</x6>
			<y6>217.870851</y6>
			<x7>184.101635</x7>
			<y7>211.35063</y7>
			<x8>188.354494</x8>
			<y8>198.949967</y8>
			<x9>188.503746</x9>
			<y9>195</y9>
			<x10>133.659981</x10>
			<y10>195</y10>
		</polygon>
	</object>
	<object>
		<name>orange</name>
		<pose>Unspecified</pose>
		<truncated>0</truncated>
		<difficult>0</difficult>
		<occluded>0</occluded>
		<bndbox>
			<xmin>242</xmin>
			<xmax>266</xmax>
			<ymin>211</ymin>
			<ymax>285</ymax>
		</bndbox>
		<polygon>
			<x1>241</x1>
			<y1>283.537498</y1>
			<x2>251.473727</x2>
			<y2>282.520079</y2>
			<x3>260.412797</x3>
			<y3>273.66004499999997</y3>
			<x4>264.190344</x4>
			<y4>262.242079</y4>
			<x5>265.23285</x5>
			<y5>250.465445</y5>
			<x6>261.564186</x6>
			<y6>231.591806</y6>
			<x7>249.381847</x7>
			<y7>213.482752</y7>
			<x8>241</x8>
			<y8>209.621613</y8>
			<x9>241</x9>
			<y9>283.537498</y9>
		</polygon>
	</object>
	<object>
		<name>mango</name>
		<pose>Unspecified</pose>
		<truncated>0</truncated>
		<difficult>0</difficult>
		<occluded>0</occluded>
		<bndbox>
			<xmin>334</xmin>
			<xmax>387</xmax>
			<ymin>326</ymin>
			<ymax>386</ymax>
		</bndbox>
		<polygon>
			<x1>333.399039</x1>
			<y1>344.052124</y1>
			<x2>332.856805</x2>
			<y2>358.40243599999997</y2>
			<x3>336.642308</x3>
			<y3>371.021214</y3>
			<x4>347.32383</x4>
			<y4>381.40923499999997</y4>
			<x5>358.76426200000003</x5>
			<y5>385.417589</y5>
			<x6>376.408724</x6>
			<y6>380.20723899999996</y6>
			<x7>385.773189</x7>
			<y7>363.251752</y7>
			<x8>381.10398</x8>
			<y8>339.23075800000004</y8>
			<x9>364.927419</x9>
			<y9>324.569022</y9>
			<x10>347.257998</x10>
			<y10>326.22299499999997</y10>
			<x11>337.985413</x11>
			<y11>333.367245</y11>
			<x12>333.399039</x12>
			<y12>344.052124</y12>
		</polygon>
	</object>
</annotation>
