<annotation>
	<folder></folder>
	<filename>image_168_png.rf.334a47e6dde1b7e0b0b7ef358979aa20.jpg</filename>
	<path>image_168_png.rf.334a47e6dde1b7e0b0b7ef358979aa20.jpg</path>
	<source>
		<database>roboflow.ai</database>
	</source>
	<size>
		<width>416</width>
		<height>416</height>
		<depth>3</depth>
	</size>
	<segmented>0</segmented>
	<object>
		<name>orange</name>
		<pose>Unspecified</pose>
		<truncated>0</truncated>
		<difficult>0</difficult>
		<occluded>0</occluded>
		<bndbox>
			<xmin>1</xmin>
			<xmax>57</xmax>
			<ymin>104</ymin>
			<ymax>180</ymax>
		</bndbox>
		<polygon>
			<x1>0</x1>
			<y1>150.566504</y1>
			<x2>2.588128</x2>
			<y2>160.973956</y2>
			<x3>10.876442</x3>
			<y3>173.355787</y3>
			<x4>24.518684</x4>
			<y4>178.83841</y4>
			<x5>34.997752</x5>
			<y5>178.147239</y5>
			<x6>45.568333</x6>
			<y6>172.213171</y6>
			<x7>50.937514</x7>
			<y7>164.440146</y7>
			<x8>55.789978</x8>
			<y8>148.791357</y8>
			<x9>55.50205</x9>
			<y9>127.808346</y9>
			<x10>44.735055</x10>
			<y10>107.516505</y10>
			<x11>36.309469</x11>
			<y11>102.999023</y11>
			<x12>24.537677</x12>
			<y12>102.793545</y12>
			<x13>12.704875</x13>
			<y13>106.083333</y13>
			<x14>4.689236</x14>
			<y14>115.55833</y14>
			<x15>0</x15>
			<y15>128.267295</y15>
			<x16>0</x16>
			<y16>150.566504</y16>
		</polygon>
	</object>
	<object>
		<name>redapple</name>
		<pose>Unspecified</pose>
		<truncated>0</truncated>
		<difficult>0</difficult>
		<occluded>0</occluded>
		<bndbox>
			<xmin>132</xmin>
			<xmax>193</xmax>
			<ymin>1</ymin>
			<ymax>22</ymax>
		</bndbox>
		<polygon>
			<x1>130.72704</x1>
			<y1>0</y1>
			<x2>131.614359</x2>
			<y2>2.394899</y2>
			<x3>139.933178</x3>
			<y3>13.029097</y3>
			<x4>154.198903</x4>
			<y4>20.270768</y4>
			<x5>173.818556</x5>
			<y5>20.61323</y5>
			<x6>186.351104</x6>
			<y6>14.713408</y6>
			<x7>191.574898</x7>
			<y7>0</y7>
			<x8>130.72704</x8>
			<y8>0</y8>
		</polygon>
	</object>
	<object>
		<name>mango</name>
		<pose>Unspecified</pose>
		<truncated>0</truncated>
		<difficult>0</difficult>
		<occluded>0</occluded>
		<bndbox>
			<xmin>100</xmin>
			<xmax>127</xmax>
			<ymin>71</ymin>
			<ymax>106</ymax>
		</bndbox>
		<polygon>
			<x1>126.058408</x1>
			<y1>95.824769</y1>
			<x2>125.64846</x2>
			<y2>81.83229</y2>
			<x3>118.637618</x3>
			<y3>71.220923</y3>
			<x4>107.535067</x4>
			<y4>70.153045</y4>
			<x5>100.203921</x5>
			<y5>77.891824</y5>
			<x6>99.336397</x6>
			<y6>90.113839</y6>
			<x7>108.917436</x7>
			<y7>103.392317</y7>
			<x8>118.042769</x8>
			<y8>105.299766</y8>
			<x9>126.058408</x9>
			<y9>95.824769</y9>
		</polygon>
	</object>
	<object>
		<name>capsicum</name>
		<pose>Unspecified</pose>
		<truncated>0</truncated>
		<difficult>0</difficult>
		<occluded>0</occluded>
		<bndbox>
			<xmin>252</xmin>
			<xmax>263</xmax>
			<ymin>70</ymin>
			<ymax>105</ymax>
		</bndbox>
		<polygon>
			<x1>262</x1>
			<y1>69.352909</y1>
			<x2>259.321393</x2>
			<y2>69.306154</y2>
			<x3>252.051257</x3>
			<y3>73.549667</y3>
			<x4>251.122723</x4>
			<y4>89.266948</y4>
			<x5>255.487107</x5>
			<y5>101.580287</y5>
			<x6>262</x6>
			<y6>104.083189</y6>
			<x7>262</x7>
			<y7>69.352909</y7>
		</polygon>
	</object>
	<object>
		<name>capsicum</name>
		<pose>Unspecified</pose>
		<truncated>0</truncated>
		<difficult>0</difficult>
		<occluded>0</occluded>
		<bndbox>
			<xmin>346</xmin>
			<xmax>378</xmax>
			<ymin>1</ymin>
			<ymax>47</ymax>
		</bndbox>
		<polygon>
			<x1>346.781523</x1>
			<y1>0</y1>
			<x2>345.601742</x2>
			<y2>1.520296</y2>
			<x3>344.551188</x3>
			<y3>24.228109</y3>
			<x4>350.755516</x4>
			<y4>43.566226</y4>
			<x5>366.420733</x5>
			<y5>45.587828</y5>
			<x6>370.420927</x6>
			<y6>41.287238</y6>
			<x7>375.973137</x7>
			<y7>23.028416</y7>
			<x8>376.932176</x8>
			<y8>5.563502</y8>
			<x9>373.935737</x9>
			<y9>0</y9>
			<x10>346.781523</x10>
			<y10>0</y10>
		</polygon>
	</object>
	<object>
		<name>orange</name>
		<pose>Unspecified</pose>
		<truncated>0</truncated>
		<difficult>0</difficult>
		<occluded>0</occluded>
		<bndbox>
			<xmin>52</xmin>
			<xmax>224</xmax>
			<ymin>303</ymin>
			<ymax>417</ymax>
		</bndbox>
		<polygon>
			<x1>222.390034</x1>
			<y1>416</y1>
			<x2>222.501739</x2>
			<y2>415.076088</y2>
			<x3>219.902908</x3>
			<y3>376.57108600000004</y3>
			<x4>209.288438</x4>
			<y4>347.54107999999997</y4>
			<x5>195.920742</x5>
			<y5>326.329761</y5>
			<x6>187.556165</x6>
			<y6>318.317013</y6>
			<x7>153.777554</x7>
			<y7>304.616164</y7>
			<x8>118.492684</x8>
			<y8>302.252099</y8>
			<x9>101.397469</x9>
			<y9>307.198197</y9>
			<x10>86.826694</x10>
			<y10>317.432856</y10>
			<x11>75.480102</x11>
			<y11>330.346041</y11>
			<x12>62.642505</x12>
			<y12>353.722193</y12>
			<x13>52.161567</x13>
			<y13>391.99888699999997</y13>
			<x14>51.229047</x14>
			<y14>416</y14>
			<x15>222.390034</x15>
			<y15>416</y15>
		</polygon>
	</object>
	<object>
		<name>redapple</name>
		<pose>Unspecified</pose>
		<truncated>0</truncated>
		<difficult>0</difficult>
		<occluded>0</occluded>
		<bndbox>
			<xmin>376</xmin>
			<xmax>417</xmax>
			<ymin>226</ymin>
			<ymax>300</ymax>
		</bndbox>
		<polygon>
			<x1>416</x1>
			<y1>232.090868</y1>
			<x2>413.29848000000004</x2>
			<y2>228.346798</y2>
			<x3>398.31775500000003</x3>
			<y3>224.588978</y3>
			<x4>381.207288</x4>
			<y4>230.408892</y4>
			<x5>376.461592</x5>
			<y5>239.940966</y5>
			<x6>374.909575</x6>
			<y6>253.899199</y6>
			<x7>377.23573</x7>
			<y7>270.547374</y7>
			<x8>386.67949699999997</x8>
			<y8>291.6902</y8>
			<x9>401.59920999999997</x9>
			<y9>298.943286</y9>
			<x10>410.80080499999997</x10>
			<y10>296.481653</y10>
			<x11>416</x11>
			<y11>289.781837</y11>
			<x12>416</x12>
			<y12>232.090868</y12>
		</polygon>
	</object>
</annotation>
