<annotation>
	<folder></folder>
	<filename>image_222_png.rf.6e9a6f9f0a2dc01592d8687ddf79794b.jpg</filename>
	<path>image_222_png.rf.6e9a6f9f0a2dc01592d8687ddf79794b.jpg</path>
	<source>
		<database>roboflow.ai</database>
	</source>
	<size>
		<width>416</width>
		<height>416</height>
		<depth>3</depth>
	</size>
	<segmented>0</segmented>
	<object>
		<name>redapple</name>
		<pose>Unspecified</pose>
		<truncated>0</truncated>
		<difficult>0</difficult>
		<occluded>0</occluded>
		<bndbox>
			<xmin>1</xmin>
			<xmax>67</xmax>
			<ymin>109</ymin>
			<ymax>195</ymax>
		</bndbox>
		<polygon>
			<x1>0</x1>
			<y1>180.454456</y1>
			<x2>11.254849</x2>
			<y2>190.333608</y2>
			<x3>35.267219</x3>
			<y3>194.136794</y3>
			<x4>52.684054</x4>
			<y4>187.77878</y4>
			<x5>65.054799</x5>
			<y5>161.476749</y5>
			<x6>66.322527</x6>
			<y6>153.472626</y6>
			<x7>63.869912</x7>
			<y7>143.055944</y7>
			<x8>51.627567</x8>
			<y8>121.060495</y8>
			<x9>34.886017</x9>
			<y9>110.203981</y9>
			<x10>20.878801</x10>
			<y10>107.985456</y10>
			<x11>7.18231</x11>
			<y11>116.756028</y11>
			<x12>0</x12>
			<y12>129.952187</y12>
			<x13>0</x13>
			<y13>180.454456</y13>
		</polygon>
	</object>
	<object>
		<name>orange</name>
		<pose>Unspecified</pose>
		<truncated>0</truncated>
		<difficult>0</difficult>
		<occluded>0</occluded>
		<bndbox>
			<xmin>238</xmin>
			<xmax>416</xmax>
			<ymin>1</ymin>
			<ymax>208</ymax>
		</bndbox>
		<polygon>
			<x1>278.918626</x1>
			<y1>0</y1>
			<x2>258.928696</x2>
			<y2>23.093619</y2>
			<x3>248.737125</x3>
			<y3>44.270854</y3>
			<x4>241.843321</x4>
			<y4>70.52869</y4>
			<x5>237.29028399999999</x5>
			<y5>120.860347</y5>
			<x6>244.892565</x6>
			<y6>154.884079</y6>
			<x7>253.170131</x7>
			<y7>171.693284</y7>
			<x8>264.679174</x8>
			<y8>185.367677</y8>
			<x9>298.725707</x9>
			<y9>203.523315</y9>
			<x10>319.403027</x10>
			<y10>206.79828</y10>
			<x11>340.925499</x11>
			<y11>204.737164</y11>
			<x12>357.008313</x12>
			<y12>198.167862</y12>
			<x13>371.79439</x13>
			<y13>186.834894</y13>
			<x14>395.96416999999997</x14>
			<y14>155.108391</y14>
			<x15>404.399144</x15>
			<y15>136.387908</y15>
			<x16>411.433807</x16>
			<y16>109.240725</y16>
			<x17>415.207984</x17>
			<y17>72.460562</y17>
			<x18>407.11683500000004</x18>
			<y18>32.88946</y18>
			<x19>389.998267</x19>
			<y19>2.828438</y19>
			<x20>385.328601</x20>
			<y20>0</y20>
			<x21>278.918626</x21>
			<y21>0</y21>
		</polygon>
	</object>
	<object>
		<name>mango</name>
		<pose>Unspecified</pose>
		<truncated>0</truncated>
		<difficult>0</difficult>
		<occluded>0</occluded>
		<bndbox>
			<xmin>76</xmin>
			<xmax>132</xmax>
			<ymin>227</ymin>
			<ymax>291</ymax>
		</bndbox>
		<polygon>
			<x1>102.480686</x1>
			<y1>225.659375</y1>
			<x2>91.104227</x2>
			<y2>228.415805</y2>
			<x3>82.217668</x3>
			<y3>237.036539</y3>
			<x4>76.910594</x4>
			<y4>248.959178</y4>
			<x5>75.42744</x5>
			<y5>266.957408</y5>
			<x6>79.881087</x6>
			<y6>277.691022</y6>
			<x7>91.953564</x7>
			<y7>287.808027</y7>
			<x8>103.151881</x8>
			<y8>290.49332300000003</y8>
			<x9>112.38645</x9>
			<y9>288.309307</y9>
			<x10>125.171495</x10>
			<y10>276.659406</y10>
			<x11>129.529841</x11>
			<y11>266.409817</y11>
			<x12>130.59042</x12>
			<y12>251.079629</y12>
			<x13>118.207216</x13>
			<y13>229.973527</y13>
			<x14>102.480686</x14>
			<y14>225.659375</y14>
		</polygon>
	</object>
</annotation>
