<annotation>
	<folder></folder>
	<filename>image_138_png.rf.ab0efc524c52ea5cd9e2f82af0244cd9.jpg</filename>
	<path>image_138_png.rf.ab0efc524c52ea5cd9e2f82af0244cd9.jpg</path>
	<source>
		<database>roboflow.ai</database>
	</source>
	<size>
		<width>416</width>
		<height>416</height>
		<depth>3</depth>
	</size>
	<segmented>0</segmented>
	<object>
		<name>redapple</name>
		<pose>Unspecified</pose>
		<truncated>0</truncated>
		<difficult>0</difficult>
		<occluded>0</occluded>
		<bndbox>
			<xmin>121</xmin>
			<xmax>179</xmax>
			<ymin>142</ymin>
			<ymax>234</ymax>
		</bndbox>
		<polygon>
			<x1>178</x1>
			<y1>160.935812</y1>
			<x2>174.423832</x2>
			<y2>153.052134</y2>
			<x3>160.839122</x3>
			<y3>142.95939</y3>
			<x4>150.139082</x4>
			<y4>141.455598</y4>
			<x5>142.950293</x5>
			<y5>144.082408</y5>
			<x6>123.266069</x6>
			<y6>167.685147</y6>
			<x7>120.216311</x7>
			<y7>184.532889</y7>
			<x8>123.310643</x8>
			<y8>201.334844</y8>
			<x9>130.542804</x9>
			<y9>217.809053</y9>
			<x10>143.333445</x10>
			<y10>228.69948</y10>
			<x11>163.939456</x11>
			<y11>232.504748</y11>
			<x12>178</x12>
			<y12>228.482912</y12>
			<x13>178</x13>
			<y13>160.935812</y13>
		</polygon>
	</object>
	<object>
		<name>capsicum</name>
		<pose>Unspecified</pose>
		<truncated>0</truncated>
		<difficult>0</difficult>
		<occluded>0</occluded>
		<bndbox>
			<xmin>1</xmin>
			<xmax>33</xmax>
			<ymin>1</ymin>
			<ymax>24</ymax>
		</bndbox>
		<polygon>
			<x1>0.060022</x1>
			<y1>0</y1>
			<x2>4.217324</x2>
			<y2>20.017333</y2>
			<x3>18.804563</x3>
			<y3>22.976718</y3>
			<x4>25.031794</x4>
			<y4>17.486925</y4>
			<x5>30.92405</x5>
			<y5>4.675797</y5>
			<x6>32.015822</x6>
			<y6>0</y6>
			<x7>0.060022</x7>
			<y7>0</y7>
		</polygon>
	</object>
	<object>
		<name>mango</name>
		<pose>Unspecified</pose>
		<truncated>0</truncated>
		<difficult>0</difficult>
		<occluded>0</occluded>
		<bndbox>
			<xmin>121</xmin>
			<xmax>151</xmax>
			<ymin>1</ymin>
			<ymax>28</ymax>
		</bndbox>
		<polygon>
			<x1>121.802772</x1>
			<y1>0</y1>
			<x2>120.285046</x2>
			<y2>4.504719</y2>
			<x3>126.848456</x3>
			<y3>20.88494</y3>
			<x4>137.590668</x4>
			<y4>26.941069</y4>
			<x5>147.788241</x5>
			<y5>17.462861</y5>
			<x6>149.793298</x6>
			<y6>3.196141</y6>
			<x7>148.214578</x7>
			<y7>0</y7>
			<x8>121.802772</x8>
			<y8>0</y8>
		</polygon>
	</object>
	<object>
		<name>capsicum</name>
		<pose>Unspecified</pose>
		<truncated>0</truncated>
		<difficult>0</difficult>
		<occluded>0</occluded>
		<bndbox>
			<xmin>237</xmin>
			<xmax>261</xmax>
			<ymin>92</ymin>
			<ymax>126</ymax>
		</bndbox>
		<polygon>
			<x1>252.819695</x1>
			<y1>123.67198</y1>
			<x2>259.88196700000003</x2>
			<y2>107.38816</y2>
			<x3>259.086698</x3>
			<y3>93.637163</y3>
			<x4>250.643548</x4>
			<y4>90.631992</y4>
			<x5>240.236313</x5>
			<y5>91.897197</y5>
			<x6>236.809407</x6>
			<y6>96.871268</y6>
			<x7>236.18402700000001</x7>
			<y7>115.878298</y7>
			<x8>241.074955</x8>
			<y8>124.749211</y8>
			<x9>252.819695</x9>
			<y9>123.67198</y9>
		</polygon>
	</object>
	<object>
		<name>redapple</name>
		<pose>Unspecified</pose>
		<truncated>0</truncated>
		<difficult>0</difficult>
		<occluded>0</occluded>
		<bndbox>
			<xmin>1</xmin>
			<xmax>21</xmax>
			<ymin>304</ymin>
			<ymax>377</ymax>
		</bndbox>
		<polygon>
			<x1>0</x1>
			<y1>375.998719</y1>
			<x2>4.14932</x2>
			<y2>375.02164500000003</y2>
			<x3>9.958431</x3>
			<y3>367.65452500000004</y3>
			<x4>19.23542</x4>
			<y4>345.316989</y4>
			<x5>19.945145</x5>
			<y5>335.414632</y5>
			<x6>4.310804</x6>
			<y6>305.93891</y6>
			<x7>0</x7>
			<y7>303.045843</y7>
			<x8>0</x8>
			<y8>375.998719</y8>
		</polygon>
	</object>
</annotation>
