<annotation>
	<folder></folder>
	<filename>image_129_png.rf.ebf536f64118f8ca70b53dc91f26ba51.jpg</filename>
	<path>image_129_png.rf.ebf536f64118f8ca70b53dc91f26ba51.jpg</path>
	<source>
		<database>roboflow.ai</database>
	</source>
	<size>
		<width>416</width>
		<height>416</height>
		<depth>3</depth>
	</size>
	<segmented>0</segmented>
	<object>
		<name>orange</name>
		<pose>Unspecified</pose>
		<truncated>0</truncated>
		<difficult>0</difficult>
		<occluded>0</occluded>
		<bndbox>
			<xmin>153</xmin>
			<xmax>177</xmax>
			<ymin>1</ymin>
			<ymax>13</ymax>
		</bndbox>
		<polygon>
			<x1>152.364051</x1>
			<y1>0</y1>
			<x2>153.085959</x2>
			<y2>4.326067</y2>
			<x3>162.224304</x3>
			<y3>11.589143</y3>
			<x4>171.472245</x4>
			<y4>9.623433</y4>
			<x5>175.93315</x5>
			<y5>0</y5>
			<x6>152.364051</x6>
			<y6>0</y6>
		</polygon>
	</object>
	<object>
		<name>mango</name>
		<pose>Unspecified</pose>
		<truncated>0</truncated>
		<difficult>0</difficult>
		<occluded>0</occluded>
		<bndbox>
			<xmin>243</xmin>
			<xmax>298</xmax>
			<ymin>2</ymin>
			<ymax>64</ymax>
		</bndbox>
		<polygon>
			<x1>242.261196</x1>
			<y1>21.317289</y1>
			<x2>241.953729</x2>
			<y2>36.111428</y2>
			<x3>246.083021</x3>
			<y3>49.041957</y3>
			<x4>257.291342</x4>
			<y4>59.547242</y4>
			<x5>269.170891</x5>
			<y5>63.466009</y5>
			<x6>287.292352</x6>
			<y6>57.773076</y6>
			<x7>296.660551</x7>
			<y7>40.132469</y7>
			<x8>291.418656</x8>
			<y8>15.471293</y8>
			<x9>274.463101</x9>
			<y9>0.664326</y9>
			<x10>256.25336500000003</x10>
			<y10>2.693826</y10>
			<x11>246.80755299999998</x11>
			<y11>10.224891</y11>
			<x12>242.261196</x12>
			<y12>21.317289</y12>
		</polygon>
	</object>
	<object>
		<name>mango</name>
		<pose>Unspecified</pose>
		<truncated>0</truncated>
		<difficult>0</difficult>
		<occluded>0</occluded>
		<bndbox>
			<xmin>221</xmin>
			<xmax>417</xmax>
			<ymin>205</ymin>
			<ymax>417</ymax>
		</bndbox>
		<polygon>
			<x1>416</x1>
			<y1>264.667668</y1>
			<x2>411.034801</x2>
			<y2>246.855921</y2>
			<x3>394.563264</x3>
			<y3>224.58168</y3>
			<x4>375.813218</x4>
			<y4>211.076692</y4>
			<x5>345.448448</x5>
			<y5>204.643236</y5>
			<x6>325.355945</x6>
			<y6>204.311283</y6>
			<x7>290.158674</x7>
			<y7>210.872146</y7>
			<x8>266.84095</x8>
			<y8>221.351775</y8>
			<x9>233.593397</x9>
			<y9>246.829743</y9>
			<x10>220</x10>
			<y10>261.772196</y10>
			<x11>220</x11>
			<y11>416</y11>
			<x12>296.22004200000003</x12>
			<y12>416</y12>
			<x13>307.652845</x13>
			<y13>413.35664399999996</y13>
			<x14>343.146924</x14>
			<y14>398.44775200000004</y14>
			<x15>372.045993</x15>
			<y15>378.496829</y15>
			<x16>396.805107</x16>
			<y16>352.061487</y16>
			<x17>411.84292500000004</x17>
			<y17>328.61302</y17>
			<x18>416</x18>
			<y18>318.922056</y18>
			<x19>416</x19>
			<y19>264.667668</y19>
		</polygon>
	</object>
</annotation>
