<annotation>
	<folder></folder>
	<filename>image_63_png.rf.14d46ac6580595f4eb7fbbf3b40d5a46.jpg</filename>
	<path>image_63_png.rf.14d46ac6580595f4eb7fbbf3b40d5a46.jpg</path>
	<source>
		<database>roboflow.ai</database>
	</source>
	<size>
		<width>416</width>
		<height>416</height>
		<depth>3</depth>
	</size>
	<segmented>0</segmented>
	<object>
		<name>orange</name>
		<pose>Unspecified</pose>
		<truncated>0</truncated>
		<difficult>0</difficult>
		<occluded>0</occluded>
		<bndbox>
			<xmin>226</xmin>
			<xmax>251</xmax>
			<ymin>9</ymin>
			<ymax>41</ymax>
		</bndbox>
		<polygon>
			<x1>247.830736</x1>
			<y1>32.024235</y1>
			<x2>249.94828</x2>
			<y2>21.686691</y2>
			<x3>247.258783</x3>
			<y3>12.446084</y3>
			<x4>237.847883</x4>
			<y4>8.464682</y4>
			<x5>227.745227</x5>
			<y5>14.134944</y5>
			<x6>225.13911000000002</x6>
			<y6>27.948873</y6>
			<x7>230.43589500000002</x7>
			<y7>37.555909</y7>
			<x8>238.787437</x8>
			<y8>39.615904</y8>
			<x9>247.830736</x9>
			<y9>32.024235</y9>
		</polygon>
	</object>
	<object>
		<name>mango</name>
		<pose>Unspecified</pose>
		<truncated>0</truncated>
		<difficult>0</difficult>
		<occluded>0</occluded>
		<bndbox>
			<xmin>358</xmin>
			<xmax>417</xmax>
			<ymin>46</ymin>
			<ymax>112</ymax>
		</bndbox>
		<polygon>
			<x1>416</x1>
			<y1>46.226663</y1>
			<x2>409.522532</x2>
			<y2>44.999652</y2>
			<x3>390.57975899999997</x3>
			<y3>52.086302</y3>
			<x4>363.69414900000004</x4>
			<y4>73.123117</y4>
			<x5>357.787817</x5>
			<y5>82.04192</y5>
			<x6>356.566382</x6>
			<y6>90.732881</y6>
			<x7>361.496736</x7>
			<y7>102.947204</y7>
			<x8>371.193028</x8>
			<y8>109.627502</y8>
			<x9>401.543271</x9>
			<y9>111.234165</y9>
			<x10>416</x10>
			<y10>106.07328</y10>
			<x11>416</x11>
			<y11>46.226663</y11>
		</polygon>
	</object>
	<object>
		<name>greenapple</name>
		<pose>Unspecified</pose>
		<truncated>0</truncated>
		<difficult>0</difficult>
		<occluded>0</occluded>
		<bndbox>
			<xmin>287</xmin>
			<xmax>311</xmax>
			<ymin>351</ymin>
			<ymax>383</ymax>
		</bndbox>
		<polygon>
			<x1>308.498991</x1>
			<y1>374.660858</y1>
			<x2>310.086856</x2>
			<y2>363.362609</y2>
			<x3>305.68618000000004</x3>
			<y3>352.108989</y3>
			<x4>297.98645899999997</x4>
			<y4>350.140602</y4>
			<x5>287.517373</x5>
			<y5>358.41815099999997</y5>
			<x6>285.929508</x6>
			<y6>369.7164</y6>
			<x7>289.922648</x7>
			<y7>379.140221</y7>
			<x8>300.88148</x8>
			<y8>381.566646</y8>
			<x9>308.498991</x9>
			<y9>374.660858</y9>
		</polygon>
	</object>
</annotation>
