<annotation>
	<folder></folder>
	<filename>image_220_png.rf.4a01f71c948d99a3298e848423730597.jpg</filename>
	<path>image_220_png.rf.4a01f71c948d99a3298e848423730597.jpg</path>
	<source>
		<database>roboflow.ai</database>
	</source>
	<size>
		<width>416</width>
		<height>416</height>
		<depth>3</depth>
	</size>
	<segmented>0</segmented>
	<object>
		<name>redapple</name>
		<pose>Unspecified</pose>
		<truncated>0</truncated>
		<difficult>0</difficult>
		<occluded>0</occluded>
		<bndbox>
			<xmin>1</xmin>
			<xmax>66</xmax>
			<ymin>1</ymin>
			<ymax>62</ymax>
		</bndbox>
		<polygon>
			<x1>0.59395</x1>
			<y1>0</y1>
			<x2>0</x2>
			<y2>1.311967</y2>
			<x3>0</x3>
			<y3>40.766996</y3>
			<x4>3.026172</x4>
			<y4>47.45241</y4>
			<x5>15.472489</x5>
			<y5>58.148646</y5>
			<x6>22.991674</x6>
			<y6>60.718108</y6>
			<x7>42.451944</x7>
			<y7>59.201862</y7>
			<x8>57.301944</x8>
			<y8>52.139461</y8>
			<x9>61.078688</x9>
			<y9>45.563508</y9>
			<x10>64.678495</x10>
			<y10>21.545778</y10>
			<x11>60.841868</x11>
			<y11>6.299703</y11>
			<x12>55.462329</x12>
			<y12>0</y12>
			<x13>0.59395</x13>
			<y13>0</y13>
		</polygon>
	</object>
	<object>
		<name>greenapple</name>
		<pose>Unspecified</pose>
		<truncated>0</truncated>
		<difficult>0</difficult>
		<occluded>0</occluded>
		<bndbox>
			<xmin>142</xmin>
			<xmax>165</xmax>
			<ymin>101</ymin>
			<ymax>131</ymax>
		</bndbox>
		<polygon>
			<x1>163.897862</x1>
			<y1>120.25642</y1>
			<x2>163.275576</x2>
			<y2>109.854724</y2>
			<x3>157.70329</x3>
			<y3>101.807163</y3>
			<x4>148.35426</x4>
			<y4>100.335554</y4>
			<x5>141.457361</x5>
			<y5>108.167788</y5>
			<x6>141.751352</x6>
			<y6>121.229318</y6>
			<x7>150.009878</x7>
			<y7>129.820226</y7>
			<x8>159.042048</x8>
			<y8>128.711215</y8>
			<x9>163.897862</x9>
			<y9>120.25642</y9>
		</polygon>
	</object>
	<object>
		<name>greenapple</name>
		<pose>Unspecified</pose>
		<truncated>0</truncated>
		<difficult>0</difficult>
		<occluded>0</occluded>
		<bndbox>
			<xmin>150</xmin>
			<xmax>175</xmax>
			<ymin>233</ymin>
			<ymax>263</ymax>
		</bndbox>
		<polygon>
			<x1>174.466662</x1>
			<y1>253.10467599999998</y1>
			<x2>173.093601</x2>
			<y2>241.92199</y2>
			<x3>166.664919</x3>
			<y3>232.23323</y3>
			<x4>156.776354</x4>
			<y4>231.701043</y4>
			<x5>149.33992</x5>
			<y5>240.472699</y5>
			<x6>150.279066</x6>
			<y6>253.455014</y6>
			<x7>157.247283</x7>
			<y7>262.204352</y7>
			<x8>169.505228</x8>
			<y8>260.69926499999997</y8>
			<x9>174.466662</x9>
			<y9>253.10467599999998</y9>
		</polygon>
	</object>
	<object>
		<name>redapple</name>
		<pose>Unspecified</pose>
		<truncated>0</truncated>
		<difficult>0</difficult>
		<occluded>0</occluded>
		<bndbox>
			<xmin>49</xmin>
			<xmax>113</xmax>
			<ymin>388</ymin>
			<ymax>417</ymax>
		</bndbox>
		<polygon>
			<x1>111.998683</x1>
			<y1>416</y1>
			<x2>92.680031</x2>
			<y2>392.376739</y2>
			<x3>78.286816</x3>
			<y3>387.158602</y3>
			<x4>67.858716</x4>
			<y4>387.565836</y4>
			<x5>57.630421</x5>
			<y5>394.93394</y5>
			<x6>47.712578</x6>
			<y6>416</y6>
			<x7>111.998683</x7>
			<y7>416</y7>
		</polygon>
	</object>
	<object>
		<name>capsicum</name>
		<pose>Unspecified</pose>
		<truncated>0</truncated>
		<difficult>0</difficult>
		<occluded>0</occluded>
		<bndbox>
			<xmin>279</xmin>
			<xmax>302</xmax>
			<ymin>204</ymin>
			<ymax>234</ymax>
		</bndbox>
		<polygon>
			<x1>279.859842</x1>
			<y1>203</y1>
			<x2>278.147099</x2>
			<y2>206.85344</y2>
			<x3>281.761051</x3>
			<y3>225.619557</y3>
			<x4>289.268802</x4>
			<y4>233.429472</y4>
			<x5>298.089732</x5>
			<y5>230.60004800000002</y5>
			<x6>301.455431</x6>
			<y6>215.342815</y6>
			<x7>299.939924</x7>
			<y7>203</y7>
			<x8>279.859842</x8>
			<y8>203</y8>
		</polygon>
	</object>
	<object>
		<name>greenapple</name>
		<pose>Unspecified</pose>
		<truncated>0</truncated>
		<difficult>0</difficult>
		<occluded>0</occluded>
		<bndbox>
			<xmin>289</xmin>
			<xmax>313</xmax>
			<ymin>346</ymin>
			<ymax>377</ymax>
		</bndbox>
		<polygon>
			<x1>312.302708</x1>
			<y1>367.68976799999996</y1>
			<x2>311.469181</x2>
			<y2>355.56766</y2>
			<x3>302.999415</x3>
			<y3>345.256339</y3>
			<x4>295.257555</x4>
			<y4>346.20691999999997</y4>
			<x5>287.598446</x5>
			<y5>358.49861799999996</y5>
			<x6>290.261818</x6>
			<y6>369.522874</y6>
			<x7>296.268018</x7>
			<y7>375.770807</y7>
			<x8>306.696118</x8>
			<y8>375.363572</y8>
			<x9>312.302708</x9>
			<y9>367.68976799999996</y9>
		</polygon>
	</object>
</annotation>
