<annotation>
	<folder></folder>
	<filename>image_111_png.rf.083c94b82befcc71c02688a471d25869.jpg</filename>
	<path>image_111_png.rf.083c94b82befcc71c02688a471d25869.jpg</path>
	<source>
		<database>roboflow.ai</database>
	</source>
	<size>
		<width>416</width>
		<height>416</height>
		<depth>3</depth>
	</size>
	<segmented>0</segmented>
	<object>
		<name>mango</name>
		<pose>Unspecified</pose>
		<truncated>0</truncated>
		<difficult>0</difficult>
		<occluded>0</occluded>
		<bndbox>
			<xmin>1</xmin>
			<xmax>42</xmax>
			<ymin>1</ymin>
			<ymax>74</ymax>
		</bndbox>
		<polygon>
			<x1>9.580942</x1>
			<y1>0</y1>
			<x2>0</x2>
			<y2>1.346514</y2>
			<x3>0</x3>
			<y3>72.541246</y3>
			<x4>11.698311</x4>
			<y4>69.717134</y4>
			<x5>27.289279</x5>
			<y5>59.342429</y5>
			<x6>39.370195</x6>
			<y6>38.549646</y6>
			<x7>41.001705</x7>
			<y7>21.043995</y7>
			<x8>31.139108</x8>
			<y8>4.244453</y8>
			<x9>20.967826</x9>
			<y9>0</y9>
			<x10>9.580942</x10>
			<y10>0</y10>
		</polygon>
	</object>
	<object>
		<name>capsicum</name>
		<pose>Unspecified</pose>
		<truncated>0</truncated>
		<difficult>0</difficult>
		<occluded>0</occluded>
		<bndbox>
			<xmin>256</xmin>
			<xmax>279</xmax>
			<ymin>29</ymin>
			<ymax>64</ymax>
		</bndbox>
		<polygon>
			<x1>277.79663800000003</x1>
			<y1>54.231214</y1>
			<x2>276.79531099999997</x2>
			<y2>32.549174</y2>
			<x3>272.0309</x3>
			<y3>27.763077</y3>
			<x4>261.999613</x4>
			<y4>29.172882</y4>
			<x5>254.60116299999999</x5>
			<y5>34.759076</y5>
			<x6>255.812151</x6>
			<y6>48.228113</y6>
			<x7>261.829723</x7>
			<y7>61.930909</y7>
			<x8>272.236958</x8>
			<y8>63.196114</y8>
			<x9>277.79663800000003</x9>
			<y9>54.231214</y9>
		</polygon>
	</object>
	<object>
		<name>orange</name>
		<pose>Unspecified</pose>
		<truncated>0</truncated>
		<difficult>0</difficult>
		<occluded>0</occluded>
		<bndbox>
			<xmin>83</xmin>
			<xmax>242</xmax>
			<ymin>214</ymin>
			<ymax>417</ymax>
		</bndbox>
		<polygon>
			<x1>241</x1>
			<y1>262.998634</y1>
			<x2>229.286211</x2>
			<y2>243.45118</y2>
			<x3>205.840103</x3>
			<y3>222.195703</y3>
			<x4>169.059918</x4>
			<y4>212.81631</y4>
			<x5>134.034158</x5>
			<y5>215.920295</y5>
			<x6>118.735996</x6>
			<y6>223.526003</y6>
			<x7>102.684736</x7>
			<y7>240.330373</y7>
			<x8>91.816007</x8>
			<y8>260.043512</y8>
			<x9>85.08511</x9>
			<y9>280.0844</y9>
			<x10>81.697975</x10>
			<y10>299.655352</y10>
			<x11>81.863061</x11>
			<y11>325.092045</y11>
			<x12>93.143906</x12>
			<y12>376.24498</y12>
			<x13>114.958504</x13>
			<y13>415.00610900000004</y13>
			<x14>116.330549</x14>
			<y14>416</y14>
			<x15>231.798841</x15>
			<y15>416</y15>
			<x16>241</x16>
			<y16>401.710422</y16>
			<x17>241</x17>
			<y17>262.998634</y17>
		</polygon>
	</object>
</annotation>
