<annotation>
	<folder></folder>
	<filename>image_221_png.rf.d7769a5c246353c0742702abb2b28853.jpg</filename>
	<path>image_221_png.rf.d7769a5c246353c0742702abb2b28853.jpg</path>
	<source>
		<database>roboflow.ai</database>
	</source>
	<size>
		<width>416</width>
		<height>416</height>
		<depth>3</depth>
	</size>
	<segmented>0</segmented>
	<object>
		<name>mango</name>
		<pose>Unspecified</pose>
		<truncated>0</truncated>
		<difficult>0</difficult>
		<occluded>0</occluded>
		<bndbox>
			<xmin>1</xmin>
			<xmax>27</xmax>
			<ymin>158</ymin>
			<ymax>193</ymax>
		</bndbox>
		<polygon>
			<x1>0</x1>
			<y1>181.11759</y1>
			<x2>10.038525</x2>
			<y2>191.5709</y2>
			<x3>20.76852</x3>
			<y3>191.152831</y3>
			<x4>26.101251</x4>
			<y4>179.705159</y4>
			<x5>23.03291</x5>
			<y5>165.691377</y5>
			<x6>15.306726</x6>
			<y6>157.645954</y6>
			<x7>5.131764</x7>
			<y7>157.096467</y7>
			<x8>0</x8>
			<y8>163.351432</y8>
			<x9>0</x9>
			<y9>181.11759</y9>
		</polygon>
	</object>
	<object>
		<name>capsicum</name>
		<pose>Unspecified</pose>
		<truncated>0</truncated>
		<difficult>0</difficult>
		<occluded>0</occluded>
		<bndbox>
			<xmin>138</xmin>
			<xmax>159</xmax>
			<ymin>1</ymin>
			<ymax>20</ymax>
		</bndbox>
		<polygon>
			<x1>137.455154</x1>
			<y1>0</y1>
			<x2>138.173422</x2>
			<y2>5.849818</y2>
			<x3>144.560889</x3>
			<y3>19.456062</y3>
			<x4>155.290883</x4>
			<y4>19.037993</y4>
			<x5>158.414553</x5>
			<y5>6.062743</y5>
			<x6>157.975646</x6>
			<y6>0</y6>
			<x7>137.455154</x7>
			<y7>0</y7>
		</polygon>
	</object>
	<object>
		<name>greenapple</name>
		<pose>Unspecified</pose>
		<truncated>0</truncated>
		<difficult>0</difficult>
		<occluded>0</occluded>
		<bndbox>
			<xmin>87</xmin>
			<xmax>112</xmax>
			<ymin>348</ymin>
			<ymax>379</ymax>
		</bndbox>
		<polygon>
			<x1>110.52917</x1>
			<y1>371.183671</y1>
			<x2>110.224921</x2>
			<y2>357.72991</y2>
			<x3>103.608802</x3>
			<y3>347.749371</y3>
			<x4>94.097665</x4>
			<y4>347.118377</y4>
			<x5>85.783253</x5>
			<y5>356.233929</y5>
			<x6>86.642533</x6>
			<y6>368.72013300000003</y6>
			<x7>91.713415</x7>
			<y7>377.091587</y7>
			<x8>103.988647</x8>
			<y8>378.282602</y8>
			<x9>110.52917</x9>
			<y9>371.183671</y9>
		</polygon>
	</object>
	<object>
		<name>capsicum</name>
		<pose>Unspecified</pose>
		<truncated>0</truncated>
		<difficult>0</difficult>
		<occluded>0</occluded>
		<bndbox>
			<xmin>75</xmin>
			<xmax>97</xmax>
			<ymin>225</ymin>
			<ymax>239</ymax>
		</bndbox>
		<polygon>
			<x1>74.161049</x1>
			<y1>224</y1>
			<x2>76.526626</x2>
			<y2>231.453393</y2>
			<x3>84.699048</x3>
			<y3>237.645208</y3>
			<x4>93.111187</x4>
			<y4>234.813512</y4>
			<x5>95.911779</x5>
			<y5>224</y5>
			<x6>74.161049</x6>
			<y6>224</y6>
		</polygon>
	</object>
	<object>
		<name>redapple</name>
		<pose>Unspecified</pose>
		<truncated>0</truncated>
		<difficult>0</difficult>
		<occluded>0</occluded>
		<bndbox>
			<xmin>258</xmin>
			<xmax>303</xmax>
			<ymin>225</ymin>
			<ymax>285</ymax>
		</bndbox>
		<polygon>
			<x1>257</x1>
			<y1>224</y1>
			<x2>257</x2>
			<y2>283.184594</y2>
			<x3>258.312405</x3>
			<y3>283.690956</y3>
			<x4>280.882457</x4>
			<y4>280.919703</y4>
			<x5>293.506199</x5>
			<y5>273.973255</y5>
			<x6>297.391422</x6>
			<y6>267.200354</y6>
			<x7>301.647287</x7>
			<y7>241.494378</y7>
			<x8>296.369884</x8>
			<y8>225.953019</y8>
			<x9>294.141047</x9>
			<y9>224</y9>
			<x10>257</x10>
			<y10>224</y10>
		</polygon>
	</object>
	<object>
		<name>mango</name>
		<pose>Unspecified</pose>
		<truncated>0</truncated>
		<difficult>0</difficult>
		<occluded>0</occluded>
		<bndbox>
			<xmin>364</xmin>
			<xmax>417</xmax>
			<ymin>225</ymin>
			<ymax>267</ymax>
		</bndbox>
		<polygon>
			<x1>416</x1>
			<y1>224</y1>
			<x2>371.483717</x2>
			<y2>224</y2>
			<x3>363.491813</x3>
			<y3>234.800233</y3>
			<x4>362.685998</x4>
			<y4>250.189109</y4>
			<x5>370.738561</x5>
			<y5>260.892681</y5>
			<x6>388.868359</x6>
			<y6>265.86188500000003</y6>
			<x7>412.994713</x7>
			<y7>259.30191</y7>
			<x8>416</x8>
			<y8>257.305985</y8>
			<x9>416</x9>
			<y9>224</y9>
		</polygon>
	</object>
</annotation>
