<annotation>
	<folder></folder>
	<filename>image_89_png.rf.73c2c446704e77626a595f001677c7f2.jpg</filename>
	<path>image_89_png.rf.73c2c446704e77626a595f001677c7f2.jpg</path>
	<source>
		<database>roboflow.ai</database>
	</source>
	<size>
		<width>416</width>
		<height>416</height>
		<depth>3</depth>
	</size>
	<segmented>0</segmented>
	<object>
		<name>orange</name>
		<pose>Unspecified</pose>
		<truncated>0</truncated>
		<difficult>0</difficult>
		<occluded>0</occluded>
		<bndbox>
			<xmin>147</xmin>
			<xmax>173</xmax>
			<ymin>108</ymin>
			<ymax>141</ymax>
		</bndbox>
		<polygon>
			<x1>169.640371</x1>
			<y1>132.26595</y1>
			<x2>172.098142</x2>
			<y2>119.771744</y2>
			<x3>168.225088</x3>
			<y3>109.447071</y3>
			<x4>159.579751</x4>
			<y4>106.875097</y4>
			<x5>150.382681</x5>
			<y5>110.609469</y5>
			<x6>146.334148</x6>
			<y6>125.687907</y6>
			<x7>150.884353</x7>
			<y7>136.071823</y7>
			<x8>159.450871</x8>
			<y8>139.544704</y8>
			<x9>169.640371</x9>
			<y9>132.26595</y9>
		</polygon>
	</object>
	<object>
		<name>orange</name>
		<pose>Unspecified</pose>
		<truncated>0</truncated>
		<difficult>0</difficult>
		<occluded>0</occluded>
		<bndbox>
			<xmin>42</xmin>
			<xmax>66</xmax>
			<ymin>367</ymin>
			<ymax>398</ymax>
		</bndbox>
		<polygon>
			<x1>64.55398</x1>
			<y1>387.622473</y1>
			<x2>65.059114</x2>
			<y2>374.049632</y2>
			<x3>60.272452</x3>
			<y3>366.368435</y3>
			<x4>50.792325</x4>
			<y4>365.539031</y4>
			<x5>42.713101</x5>
			<y5>372.094609</y5>
			<x6>40.932481</x6>
			<y6>384.648057</y6>
			<x7>45.561505</x7>
			<y7>394.13106700000003</y7>
			<x8>56.238298</x8>
			<y8>396.88077</y8>
			<x9>64.55398</x9>
			<y9>387.622473</y9>
		</polygon>
	</object>
	<object>
		<name>greenapple</name>
		<pose>Unspecified</pose>
		<truncated>0</truncated>
		<difficult>0</difficult>
		<occluded>0</occluded>
		<bndbox>
			<xmin>189</xmin>
			<xmax>214</xmax>
			<ymin>377</ymin>
			<ymax>408</ymax>
		</bndbox>
		<polygon>
			<x1>211.653592</x1>
			<y1>398.676416</y1>
			<x2>212.67824</x2>
			<y2>386.964632</y2>
			<x3>207.372064</x3>
			<y3>377.422378</y3>
			<x4>197.293603</x4>
			<y4>375.632826</y4>
			<x5>189.056741</x5>
			<y5>383.99021600000003</y5>
			<x6>187.953273</x6>
			<y6>396.60290699999996</y6>
			<x7>193.936602</x7>
			<y7>406.204404</y7>
			<x8>204.771033</x8>
			<y8>407.152294</y8>
			<x9>211.653592</x9>
			<y9>398.676416</y9>
		</polygon>
	</object>
	<object>
		<name>greenapple</name>
		<pose>Unspecified</pose>
		<truncated>0</truncated>
		<difficult>0</difficult>
		<occluded>0</occluded>
		<bndbox>
			<xmin>258</xmin>
			<xmax>417</xmax>
			<ymin>233</ymin>
			<ymax>411</ymax>
		</bndbox>
		<polygon>
			<x1>416</x1>
			<y1>232</y1>
			<x2>271.730091</x2>
			<y2>232</y2>
			<x3>267.299589</x3>
			<y3>238.854913</y3>
			<x4>261.896753</x4>
			<y4>253.814865</y4>
			<x5>257.357464</x5>
			<y5>297.900042</y5>
			<x6>259.009204</x6>
			<y6>318.0162</y6>
			<x7>269.24184</x7>
			<y7>357.039136</y7>
			<x8>287.632521</x8>
			<y8>388.605588</y8>
			<x9>302.859519</x9>
			<y9>401.73920699999996</y9>
			<x10>320.669707</x10>
			<y10>408.744211</y10>
			<x11>359.425006</x11>
			<y11>410.319255</y11>
			<x12>388.370523</x12>
			<y12>399.234626</y12>
			<x13>408.183409</x13>
			<y13>375.54956400000003</y13>
			<x14>416</x14>
			<y14>359.232942</y14>
			<x15>416</x15>
			<y15>232</y15>
		</polygon>
	</object>
</annotation>
