<annotation>
	<folder></folder>
	<filename>image_199_png.rf.f820c47ec8ef8e824d15a76f9450f39f.jpg</filename>
	<path>image_199_png.rf.f820c47ec8ef8e824d15a76f9450f39f.jpg</path>
	<source>
		<database>roboflow.ai</database>
	</source>
	<size>
		<width>416</width>
		<height>416</height>
		<depth>3</depth>
	</size>
	<segmented>0</segmented>
	<object>
		<name>orange</name>
		<pose>Unspecified</pose>
		<truncated>0</truncated>
		<difficult>0</difficult>
		<occluded>0</occluded>
		<bndbox>
			<xmin>78</xmin>
			<xmax>137</xmax>
			<ymin>47</ymin>
			<ymax>121</ymax>
		</bndbox>
		<polygon>
			<x1>125.970122</x1>
			<y1>56.393749</y1>
			<x2>113.461327</x2>
			<y2>45.827561</y2>
			<x3>92.280581</x3>
			<y3>47.12977</y3>
			<x4>80.910276</x4>
			<y4>56.033378</y4>
			<x5>77.777645</x5>
			<y5>65.725983</y5>
			<x6>76.706043</x6>
			<y6>78.530514</y6>
			<x7>82.258264</x7>
			<y7>99.672134</y7>
			<x8>92.366824</x8>
			<y8>114.380212</y8>
			<x9>98.64499</x9>
			<y9>118.312412</y9>
			<x10>109.187827</x10>
			<y10>120.363096</y10>
			<x11>124.287002</x11>
			<y11>115.980239</y11>
			<x12>132.71482</x12>
			<y12>105.962081</y12>
			<x13>135.210128</x13>
			<y13>96.416613</y13>
			<x14>135.841002</x14>
			<y14>84.610771</y14>
			<x15>131.515892</x15>
			<y15>65.876664</y15>
			<x16>125.970122</x16>
			<y16>56.393749</y16>
		</polygon>
	</object>
	<object>
		<name>capsicum</name>
		<pose>Unspecified</pose>
		<truncated>0</truncated>
		<difficult>0</difficult>
		<occluded>0</occluded>
		<bndbox>
			<xmin>183</xmin>
			<xmax>217</xmax>
			<ymin>1</ymin>
			<ymax>37</ymax>
		</bndbox>
		<polygon>
			<x1>182.393122</x1>
			<y1>0</y1>
			<x2>184.88268</x2>
			<y2>14.987634</y2>
			<x3>191.411428</x3>
			<y3>28.728301</y3>
			<x4>198.475977</x4>
			<y4>36.066701</y4>
			<x5>212.693697</x5>
			<y5>33.68122</y5>
			<x6>216.314593</x6>
			<y6>20.288138</y6>
			<x7>216.403214</x7>
			<y7>3.225855</y7>
			<x8>215.658467</x8>
			<y8>0</y8>
			<x9>182.393122</x9>
			<y9>0</y9>
		</polygon>
	</object>
	<object>
		<name>redapple</name>
		<pose>Unspecified</pose>
		<truncated>0</truncated>
		<difficult>0</difficult>
		<occluded>0</occluded>
		<bndbox>
			<xmin>220</xmin>
			<xmax>291</xmax>
			<ymin>128</ymin>
			<ymax>207</ymax>
		</bndbox>
		<polygon>
			<x1>256.333909</x1>
			<y1>126.753958</y1>
			<x2>232.407272</x2>
			<y2>127.793167</y2>
			<x3>222.508211</x3>
			<y3>137.25405</y3>
			<x4>219.477103</x4>
			<y4>153.201783</y4>
			<x5>220.52052</x5>
			<y5>178.075157</y5>
			<x6>228.079786</x6>
			<y6>193.371786</y6>
			<x7>241.666633</x7>
			<y7>202.792147</y7>
			<x8>251.768741</x8>
			<y8>205.84152</y8>
			<x9>274.075075</x9>
			<y9>200.691697</y9>
			<x10>286.082704</x10>
			<y10>191.640951</y10>
			<x11>289.792221</x11>
			<y11>161.185586</y11>
			<x12>287.629666</x12>
			<y12>151.818533</y12>
			<x13>282.673684</x13>
			<y13>144.890269</y13>
			<x14>268.300454</x14>
			<y14>132.063706</y14>
			<x15>256.333909</x15>
			<y15>126.753958</y15>
		</polygon>
	</object>
	<object>
		<name>greenapple</name>
		<pose>Unspecified</pose>
		<truncated>0</truncated>
		<difficult>0</difficult>
		<occluded>0</occluded>
		<bndbox>
			<xmin>232</xmin>
			<xmax>259</xmax>
			<ymin>265</ymin>
			<ymax>292</ymax>
		</bndbox>
		<polygon>
			<x1>254.354594</x1>
			<y1>291</y1>
			<x2>257.793945</x2>
			<y2>284.277978</y2>
			<x3>255.434795</x3>
			<y3>274.059374</y3>
			<x4>246.309215</x4>
			<y4>263.609048</y4>
			<x5>237.827409</x5>
			<y5>264.670289</y5>
			<x6>230.870835</x6>
			<y6>275.245721</y6>
			<x7>235.046885</x7>
			<y7>290.426488</y7>
			<x8>235.962556</x8>
			<y8>291</y8>
			<x9>254.354594</x9>
			<y9>291</y9>
		</polygon>
	</object>
	<object>
		<name>redapple</name>
		<pose>Unspecified</pose>
		<truncated>0</truncated>
		<difficult>0</difficult>
		<occluded>0</occluded>
		<bndbox>
			<xmin>326</xmin>
			<xmax>400</xmax>
			<ymin>23</ymin>
			<ymax>105</ymax>
		</bndbox>
		<polygon>
			<x1>340.702459</x1>
			<y1>23.467615</y1>
			<x2>332.518773</x2>
			<y2>31.635534</y2>
			<x3>325.080385</x3>
			<y3>57.570148</y3>
			<x4>330.43601</x4>
			<y4>77.860218</y4>
			<x5>341.378489</x5>
			<y5>93.272709</y5>
			<x6>353.297498</x6>
			<y6>101.284246</y6>
			<x7>366.586225</x7>
			<y7>103.597929</y7>
			<x8>385.70594</x8>
			<y8>99.183795</y8>
			<x9>395.36087</x9>
			<y9>91.573151</y9>
			<x10>399.416042</x10>
			<y10>65.522675</y10>
			<x11>393.91780900000003</x11>
			<y11>53.337972</y11>
			<x12>367.720643</x12>
			<y12>27.096295</y12>
			<x13>351.096236</x13>
			<y13>21.964961</y13>
			<x14>340.702459</x14>
			<y14>23.467615</y14>
		</polygon>
	</object>
	<object>
		<name>orange</name>
		<pose>Unspecified</pose>
		<truncated>0</truncated>
		<difficult>0</difficult>
		<occluded>0</occluded>
		<bndbox>
			<xmin>6</xmin>
			<xmax>63</xmax>
			<ymin>338</ymin>
			<ymax>411</ymax>
		</bndbox>
		<polygon>
			<x1>15.550562</x1>
			<y1>340.64459899999997</y1>
			<x2>5.997156</x2>
			<y2>354.51037</y2>
			<x3>4.532364</x3>
			<y3>365.611801</y3>
			<x4>9.447261</x4>
			<y4>386.900559</y4>
			<x5>15.386222</x5>
			<y5>398.086574</y5>
			<x6>24.95253</x6>
			<y6>407.538213</y6>
			<x7>31.474828</x7>
			<y7>409.620174</y7>
			<x8>53.38797</x8>
			<y8>402.76725</y8>
			<x9>60.147948</x9>
			<y9>391.340267</y9>
			<x10>61.565205</x10>
			<y10>382.940626</y10>
			<x11>55.958997</x11>
			<y11>352.84209</y11>
			<x12>49.972499</x12>
			<y12>344.357863</y12>
			<x13>39.524735</x13>
			<y13>336.903601</y13>
			<x14>15.550562</x14>
			<y14>340.64459899999997</y14>
		</polygon>
	</object>
</annotation>
