<annotation>
	<folder></folder>
	<filename>image_102_png.rf.a94f4a0b56cd28cea7239d1cc8d40069.jpg</filename>
	<path>image_102_png.rf.a94f4a0b56cd28cea7239d1cc8d40069.jpg</path>
	<source>
		<database>roboflow.ai</database>
	</source>
	<size>
		<width>416</width>
		<height>416</height>
		<depth>3</depth>
	</size>
	<segmented>0</segmented>
	<object>
		<name>orange</name>
		<pose>Unspecified</pose>
		<truncated>0</truncated>
		<difficult>0</difficult>
		<occluded>0</occluded>
		<bndbox>
			<xmin>44</xmin>
			<xmax>68</xmax>
			<ymin>17</ymin>
			<ymax>48</ymax>
		</bndbox>
		<polygon>
			<x1>66.531825</x1>
			<y1>39.446823</y1>
			<x2>66.94265</x2>
			<y2>25.640039</y2>
			<x3>62.943408</x3>
			<y3>17.65286</y3>
			<x4>53.164504</x4>
			<y4>15.581056</y4>
			<x5>43.4039</x5>
			<y5>23.61188</y5>
			<x6>43.677872</x6>
			<y6>37.370779</y6>
			<x7>48.36191</x7>
			<y7>45.310073</y7>
			<x8>60.195203</x8>
			<y8>47.238219</y8>
			<x9>66.531825</x9>
			<y9>39.446823</y9>
		</polygon>
	</object>
	<object>
		<name>orange</name>
		<pose>Unspecified</pose>
		<truncated>0</truncated>
		<difficult>0</difficult>
		<occluded>0</occluded>
		<bndbox>
			<xmin>386</xmin>
			<xmax>417</xmax>
			<ymin>99</ymin>
			<ymax>175</ymax>
		</bndbox>
		<polygon>
			<x1>416</x1>
			<y1>98.946181</y1>
			<x2>405.114679</x2>
			<y2>98.26078</y2>
			<x3>392.550972</x3>
			<y3>105.569079</y3>
			<x4>385.356099</x4>
			<y4>120.768787</y4>
			<x5>385.520534</x5>
			<y5>142.802178</y5>
			<x6>388.40585599999997</x6>
			<y6>154.541398</y6>
			<x7>393.966444</x7>
			<y7>165.175009</y7>
			<x8>402.82318</x8>
			<y8>173.741057</y8>
			<x9>416</x9>
			<y9>173.884797</y9>
			<x10>416</x10>
			<y10>98.946181</y10>
		</polygon>
	</object>
	<object>
		<name>capsicum</name>
		<pose>Unspecified</pose>
		<truncated>0</truncated>
		<difficult>0</difficult>
		<occluded>0</occluded>
		<bndbox>
			<xmin>299</xmin>
			<xmax>417</xmax>
			<ymin>175</ymin>
			<ymax>392</ymax>
		</bndbox>
		<polygon>
			<x1>416</x1>
			<y1>174</y1>
			<x2>301.736772</x2>
			<y2>174</y2>
			<x3>297.663957</x3>
			<y3>191.790602</y3>
			<x4>299.636391</x4>
			<y4>249.520512</y4>
			<x5>316.436975</x5>
			<y5>312.64329599999996</y5>
			<x6>337.757162</x6>
			<y6>361.671982</y6>
			<x7>352.66753</x7>
			<y7>378.081551</y7>
			<x8>365.50520900000004</x8>
			<y8>384.53215</y8>
			<x9>412.08966599999997</x9>
			<y9>391.378555</y9>
			<x10>416</x10>
			<y10>389.609381</y10>
			<x11>416</x11>
			<y11>174</y11>
		</polygon>
	</object>
</annotation>
