<annotation>
	<folder></folder>
	<filename>image_12_png.rf.52badb40a85e436e5fd5b14d87ecd676.jpg</filename>
	<path>image_12_png.rf.52badb40a85e436e5fd5b14d87ecd676.jpg</path>
	<source>
		<database>roboflow.ai</database>
	</source>
	<size>
		<width>416</width>
		<height>416</height>
		<depth>3</depth>
	</size>
	<segmented>0</segmented>
	<object>
		<name>orange</name>
		<pose>Unspecified</pose>
		<truncated>0</truncated>
		<difficult>0</difficult>
		<occluded>0</occluded>
		<bndbox>
			<xmin>98</xmin>
			<xmax>266</xmax>
			<ymin>149</ymin>
			<ymax>258</ymax>
		</bndbox>
		<polygon>
			<x1>265.052094</x1>
			<y1>257</y1>
			<x2>262.693113</x2>
			<y2>224.366531</y2>
			<x3>248.318749</x3>
			<y3>187.905962</y3>
			<x4>226.933545</x4>
			<y4>162.056762</y4>
			<x5>194.659323</x5>
			<y5>149.508869</y5>
			<x6>157.990214</x6>
			<y6>147.526683</y6>
			<x7>136.591626</x7>
			<y7>158.389189</y7>
			<x8>126.934325</x8>
			<y8>167.298585</y8>
			<x9>105.324071</x9>
			<y9>203.513185</y9>
			<x10>99.1655</x10>
			<y10>225.47275</y10>
			<x11>97.007123</x11>
			<y11>251.732907</y11>
			<x12>97.451546</x12>
			<y12>257</y12>
			<x13>265.052094</x13>
			<y13>257</y13>
		</polygon>
	</object>
	<object>
		<name>greenapple</name>
		<pose>Unspecified</pose>
		<truncated>0</truncated>
		<difficult>0</difficult>
		<occluded>0</occluded>
		<bndbox>
			<xmin>267</xmin>
			<xmax>413</xmax>
			<ymin>71</ymin>
			<ymax>258</ymax>
		</bndbox>
		<polygon>
			<x1>382.607747</x1>
			<y1>257</y1>
			<x2>395.237835</x2>
			<y2>237.806589</y2>
			<x3>408.81719599999997</x3>
			<y3>191.243176</y3>
			<x4>412.314056</x4>
			<y4>166.707823</y4>
			<x5>411.91749100000004</x5>
			<y5>143.988595</y5>
			<x6>402.121046</x6>
			<y6>107.448118</y6>
			<x7>395.352375</x7>
			<y7>94.455025</y7>
			<x8>385.344265</x8>
			<y8>83.266642</y8>
			<x9>362.925628</x9>
			<y9>73.168968</y9>
			<x10>324.2793</x10>
			<y10>70.347212</y10>
			<x11>280.553591</x11>
			<y11>76.354943</y11>
			<x12>266</x12>
			<y12>87.645955</y12>
			<x13>266</x13>
			<y13>237.562655</y13>
			<x14>269.748319</x14>
			<y14>244.36743</y14>
			<x15>281.243954</x15>
			<y15>257</y15>
			<x16>382.607747</x16>
			<y16>257</y16>
		</polygon>
	</object>
	<object>
		<name>redapple</name>
		<pose>Unspecified</pose>
		<truncated>0</truncated>
		<difficult>0</difficult>
		<occluded>0</occluded>
		<bndbox>
			<xmin>1</xmin>
			<xmax>50</xmax>
			<ymin>280</ymin>
			<ymax>359</ymax>
		</bndbox>
		<polygon>
			<x1>0</x1>
			<y1>356.31087</y1>
			<x2>2.99889</x2>
			<y2>357.703773</y2>
			<x3>22.633794</x3>
			<y3>358.23512700000003</y3>
			<x4>38.238002</x4>
			<y4>352.718258</y4>
			<x5>42.709153</x5>
			<y5>346.521635</y5>
			<x6>48.837219</x6>
			<y6>322.814437</y6>
			<x7>46.600708</x7>
			<y7>307.119986</y7>
			<x8>36.53159</x8>
			<y8>292.436337</y8>
			<x9>27.238479</x9>
			<y9>284.731805</y9>
			<x10>2.280151</x10>
			<y10>279.048875</y10>
			<x11>0</x11>
			<y11>280.03315</y11>
			<x12>0</x12>
			<y12>356.31087</y12>
		</polygon>
	</object>
	<object>
		<name>orange</name>
		<pose>Unspecified</pose>
		<truncated>0</truncated>
		<difficult>0</difficult>
		<occluded>0</occluded>
		<bndbox>
			<xmin>111</xmin>
			<xmax>134</xmax>
			<ymin>274</ymin>
			<ymax>304</ymax>
		</bndbox>
		<polygon>
			<x1>132.105415</x1>
			<y1>296.012586</y1>
			<x2>132.500111</x2>
			<y2>281.146291</y2>
			<x3>127.800172</x3>
			<y3>274.235666</y3>
			<x4>119.937058</x4>
			<y4>273.498835</y4>
			<x5>111.541976</x5>
			<y5>279.763951</y5>
			<x6>110.447534</x6>
			<y6>292.020212</y6>
			<x7>115.84722</x7>
			<y7>301.54087</y7>
			<x8>124.379574</x8>
			<y8>303.140102</y8>
			<x9>132.105415</x9>
			<y9>296.012586</y9>
		</polygon>
	</object>
</annotation>
