<annotation>
	<folder></folder>
	<filename>image_55_png.rf.13021dbf7d51af8e928c1b3266356133.jpg</filename>
	<path>image_55_png.rf.13021dbf7d51af8e928c1b3266356133.jpg</path>
	<source>
		<database>roboflow.ai</database>
	</source>
	<size>
		<width>416</width>
		<height>416</height>
		<depth>3</depth>
	</size>
	<segmented>0</segmented>
	<object>
		<name>orange</name>
		<pose>Unspecified</pose>
		<truncated>0</truncated>
		<difficult>0</difficult>
		<occluded>0</occluded>
		<bndbox>
			<xmin>1</xmin>
			<xmax>24</xmax>
			<ymin>56</ymin>
			<ymax>127</ymax>
		</bndbox>
		<polygon>
			<x1>0</x1>
			<y1>126.043001</y1>
			<x2>10.598714</x2>
			<y2>124.048962</y2>
			<x3>18.861752</x3>
			<y3>113.13266</y3>
			<x4>21.842623</x4>
			<y4>103.286461</y4>
			<x5>23.217225</x5>
			<y5>85.525541</y5>
			<x6>20.823261</x6>
			<y6>74.095743</y6>
			<x7>16.498683</x7>
			<y7>64.504656</y7>
			<x8>7.52518</x8>
			<y8>55.075913</y8>
			<x9>0</x9>
			<y9>54.782628</y9>
			<x10>0</x10>
			<y10>126.043001</y10>
		</polygon>
	</object>
	<object>
		<name>capsicum</name>
		<pose>Unspecified</pose>
		<truncated>0</truncated>
		<difficult>0</difficult>
		<occluded>0</occluded>
		<bndbox>
			<xmin>95</xmin>
			<xmax>127</xmax>
			<ymin>148</ymin>
			<ymax>184</ymax>
		</bndbox>
		<polygon>
			<x1>125.159607</x1>
			<y1>183</y1>
			<x2>125.632535</x2>
			<y2>181.141459</y2>
			<x3>125.586202</x3>
			<y3>160.773222</y3>
			<x4>121.292512</x4>
			<y4>152.066701</y4>
			<x5>105.83214</x5>
			<y5>147.292714</y5>
			<x6>105.353347</x6>
			<y6>152.623309</y6>
			<x7>98.742917</x7>
			<y7>153.739797</y7>
			<x8>93.6152</x8>
			<y8>159.232736</y8>
			<x9>93.754203</x9>
			<y9>182.254675</y9>
			<x10>93.956761</x10>
			<y10>183</y10>
			<x11>125.159607</x11>
			<y11>183</y11>
		</polygon>
	</object>
	<object>
		<name>mango</name>
		<pose>Unspecified</pose>
		<truncated>0</truncated>
		<difficult>0</difficult>
		<occluded>0</occluded>
		<bndbox>
			<xmin>208</xmin>
			<xmax>236</xmax>
			<ymin>11</ymin>
			<ymax>46</ymax>
		</bndbox>
		<polygon>
			<x1>234.982643</x1>
			<y1>37.390818</y1>
			<x2>234.426627</x2>
			<y2>21.468608</y2>
			<x3>228.109652</x3>
			<y3>11.947097</y3>
			<x4>216.062608</x4>
			<y4>9.710851</y4>
			<x5>208.340143</x5>
			<y5>17.065693</y5>
			<x6>207.444336</x6>
			<y6>29.496017</y6>
			<x7>218.595573</x7>
			<y7>44.162588</y7>
			<x8>228.588441</x8>
			<y8>44.699275</y8>
			<x9>234.982643</x9>
			<y9>37.390818</y9>
		</polygon>
	</object>
	<object>
		<name>capsicum</name>
		<pose>Unspecified</pose>
		<truncated>0</truncated>
		<difficult>0</difficult>
		<occluded>0</occluded>
		<bndbox>
			<xmin>398</xmin>
			<xmax>417</xmax>
			<ymin>66</ymin>
			<ymax>100</ymax>
		</bndbox>
		<polygon>
			<x1>416</x1>
			<y1>66.611537</y1>
			<x2>408.56239400000004</x2>
			<y2>65.230924</y2>
			<x3>397.457489</x3>
			<y3>70.932591</y3>
			<x4>397.982615</x4>
			<y4>85.970234</y4>
			<x5>405.08728099999996</x5>
			<y5>99.006821</y5>
			<x6>413.056865</x6>
			<y6>98.728517</y6>
			<x7>416</x7>
			<y7>95.364566</y7>
			<x8>416</x8>
			<y8>66.611537</y8>
		</polygon>
	</object>
	<object>
		<name>orange</name>
		<pose>Unspecified</pose>
		<truncated>0</truncated>
		<difficult>0</difficult>
		<occluded>0</occluded>
		<bndbox>
			<xmin>36</xmin>
			<xmax>59</xmax>
			<ymin>245</ymin>
			<ymax>276</ymax>
		</bndbox>
		<polygon>
			<x1>57.31093</x1>
			<y1>267.044893</y1>
			<x2>57.542604</x2>
			<y2>254.63776000000001</y2>
			<x3>53.943937</x3>
			<y3>246.792615</y3>
			<x4>44.553421</x4>
			<y4>244.46360099999998</y4>
			<x5>34.83856</x5>
			<y5>251.88801899999999</y5>
			<x6>34.637774</x6>
			<y6>265.179719</y6>
			<x7>38.900574</x7>
			<y7>273.001671</y7>
			<x8>50.283486</x8>
			<y8>275.26110900000003</y8>
			<x9>57.31093</x9>
			<y9>267.044893</y9>
		</polygon>
	</object>
	<object>
		<name>redapple</name>
		<pose>Unspecified</pose>
		<truncated>0</truncated>
		<difficult>0</difficult>
		<occluded>0</occluded>
		<bndbox>
			<xmin>187</xmin>
			<xmax>242</xmax>
			<ymin>243</ymin>
			<ymax>324</ymax>
		</bndbox>
		<polygon>
			<x1>241</x1>
			<y1>254.384692</y1>
			<x2>230.819257</x2>
			<y2>246.815514</y2>
			<x3>217.35128</x3>
			<y3>241.971951</y3>
			<x4>206.061037</x4>
			<y4>242.366215</y4>
			<x5>195.651155</x5>
			<y5>248.929257</y5>
			<x6>189.534962</x6>
			<y6>264.19882</y6>
			<x7>185.689172</x7>
			<y7>287.359911</y7>
			<x8>188.963495</x8>
			<y8>304.958486</y8>
			<x9>203.435391</x9>
			<y9>319.509097</y9>
			<x10>212.192666</x10>
			<y10>322.74586999999997</y10>
			<x11>233.413998</x11>
			<y11>321.11915899999997</y11>
			<x12>241</x12>
			<y12>317.429069</y12>
			<x13>241</x13>
			<y13>254.384692</y13>
		</polygon>
	</object>
	<object>
		<name>greenapple</name>
		<pose>Unspecified</pose>
		<truncated>0</truncated>
		<difficult>0</difficult>
		<occluded>0</occluded>
		<bndbox>
			<xmin>274</xmin>
			<xmax>417</xmax>
			<ymin>210</ymin>
			<ymax>417</ymax>
		</bndbox>
		<polygon>
			<x1>416</x1>
			<y1>219.846762</y1>
			<x2>390.95674199999996</x2>
			<y2>210.531086</y2>
			<x3>349.02376300000003</x3>
			<y3>209.338481</y3>
			<x4>307.36879</x4>
			<y4>216.10698</y4>
			<x5>287.460275</x5>
			<y5>236.28641</y5>
			<x6>279.382575</x6>
			<y6>252.51011599999998</y6>
			<x7>274.084964</x7>
			<y7>272.179322</y7>
			<x8>272.98837</x8>
			<y8>297.901347</y8>
			<x9>276.66426</x9>
			<y9>326.999297</y9>
			<x10>283.44458199999997</x10>
			<y10>349.789316</y10>
			<x11>294.240584</x11>
			<y11>373.32475</y11>
			<x12>306.874534</x12>
			<y12>392.367773</y12>
			<x13>321.315541</x13>
			<y13>406.033816</y13>
			<x14>336.899473</x14>
			<y14>414.346072</y14>
			<x15>347.616482</x15>
			<y15>416</y15>
			<x16>356.032965</x16>
			<y16>416</y16>
			<x17>391.358291</x17>
			<y17>412.44432800000004</y17>
			<x18>416</x18>
			<y18>397.840265</y18>
			<x19>416</x19>
			<y19>219.846762</y19>
		</polygon>
	</object>
</annotation>
