<annotation>
	<folder></folder>
	<filename>image_218_png.rf.ac162e77411a908b116ea1755579fa42.jpg</filename>
	<path>image_218_png.rf.ac162e77411a908b116ea1755579fa42.jpg</path>
	<source>
		<database>roboflow.ai</database>
	</source>
	<size>
		<width>416</width>
		<height>416</height>
		<depth>3</depth>
	</size>
	<segmented>0</segmented>
	<object>
		<name>greenapple</name>
		<pose>Unspecified</pose>
		<truncated>0</truncated>
		<difficult>0</difficult>
		<occluded>0</occluded>
		<bndbox>
			<xmin>1</xmin>
			<xmax>41</xmax>
			<ymin>6</ymin>
			<ymax>68</ymax>
		</bndbox>
		<polygon>
			<x1>0</x1>
			<y1>55.342249</y1>
			<x2>1.070595</x2>
			<y2>57.697734</y2>
			<x3>14.688901</x3>
			<y3>67.043221</y3>
			<x4>34.780158</x4>
			<y4>61.659785</y4>
			<x5>39.90887</x5>
			<y5>44.506514</y5>
			<x6>35.539951</x6>
			<y6>17.831802</y6>
			<x7>16.87279</x7>
			<y7>5.198259</y7>
			<x8>2.798495</x8>
			<y8>7.113098</y8>
			<x9>0</x9>
			<y9>11.552026</y9>
			<x10>0</x10>
			<y10>55.342249</y10>
		</polygon>
	</object>
	<object>
		<name>mango</name>
		<pose>Unspecified</pose>
		<truncated>0</truncated>
		<difficult>0</difficult>
		<occluded>0</occluded>
		<bndbox>
			<xmin>394</xmin>
			<xmax>417</xmax>
			<ymin>74</ymin>
			<ymax>129</ymax>
		</bndbox>
		<polygon>
			<x1>416</x1>
			<y1>128</y1>
			<x2>416</x2>
			<y2>73.364491</y2>
			<x3>406.247229</x3>
			<y3>74.969849</y3>
			<x4>397.269815</x4>
			<y4>82.944412</y4>
			<x5>392.789209</x5>
			<y5>99.924024</y5>
			<x6>395.901847</x6>
			<y6>116.725389</y6>
			<x7>401.926909</x7>
			<y7>126.249122</y7>
			<x8>404.378117</x8>
			<y8>128</y8>
			<x9>416</x9>
			<y9>128</y9>
		</polygon>
	</object>
	<object>
		<name>mango</name>
		<pose>Unspecified</pose>
		<truncated>0</truncated>
		<difficult>0</difficult>
		<occluded>0</occluded>
		<bndbox>
			<xmin>1</xmin>
			<xmax>42</xmax>
			<ymin>129</ymin>
			<ymax>156</ymax>
		</bndbox>
		<polygon>
			<x1>0</x1>
			<y1>128</y1>
			<x2>0</x2>
			<y2>147.848868</y2>
			<x3>4.242069</x3>
			<y3>151.185764</y3>
			<x4>19.060528</x4>
			<y4>154.640599</y4>
			<x5>27.485895</x5>
			<y5>152.383029</y5>
			<x6>41.13603</x6>
			<y6>138.515521</y6>
			<x7>41.22639</x7>
			<y7>128</y7>
			<x8>0</x8>
			<y8>128</y8>
		</polygon>
	</object>
	<object>
		<name>greenapple</name>
		<pose>Unspecified</pose>
		<truncated>0</truncated>
		<difficult>0</difficult>
		<occluded>0</occluded>
		<bndbox>
			<xmin>62</xmin>
			<xmax>87</xmax>
			<ymin>341</ymin>
			<ymax>370</ymax>
		</bndbox>
		<polygon>
			<x1>85.817062</x1>
			<y1>362.30065</y1>
			<x2>83.816618</x2>
			<y2>347.05763</y2>
			<x3>77.839586</x3>
			<y3>340.305564</y3>
			<x4>67.421876</x4>
			<y4>340.312445</y4>
			<x5>61.268928</x5>
			<y5>348.458373</y5>
			<x6>63.685432</x6>
			<y6>362.66173000000003</y6>
			<x7>70.310569</x7>
			<y7>369.240138</y7>
			<x8>80.728279</x8>
			<y8>369.233257</y8>
			<x9>85.817062</x9>
			<y9>362.30065</y9>
		</polygon>
	</object>
	<object>
		<name>capsicum</name>
		<pose>Unspecified</pose>
		<truncated>0</truncated>
		<difficult>0</difficult>
		<occluded>0</occluded>
		<bndbox>
			<xmin>199</xmin>
			<xmax>221</xmax>
			<ymin>293</ymin>
			<ymax>330</ymax>
		</bndbox>
		<polygon>
			<x1>220</x1>
			<y1>301.622849</y1>
			<x2>217.222105</x2>
			<y2>292.748165</y2>
			<x3>208.74871</x3>
			<y3>292.234069</y3>
			<x4>198.891147</x4>
			<y4>299.51628700000003</y4>
			<x5>198.107055</x5>
			<y5>304.367278</y5>
			<x6>205.156353</x6>
			<y6>322.89835400000004</y6>
			<x7>214.373911</x7>
			<y7>328.782124</y7>
			<x8>220</x8>
			<y8>324.22485800000004</y8>
			<x9>220</x9>
			<y9>301.622849</y9>
		</polygon>
	</object>
	<object>
		<name>mango</name>
		<pose>Unspecified</pose>
		<truncated>0</truncated>
		<difficult>0</difficult>
		<occluded>0</occluded>
		<bndbox>
			<xmin>227</xmin>
			<xmax>287</xmax>
			<ymin>393</ymin>
			<ymax>417</ymax>
		</bndbox>
		<polygon>
			<x1>286.028135</x1>
			<y1>416</y1>
			<x2>279.545617</x2>
			<y2>401.100254</y2>
			<x3>263.33489099999997</x3>
			<y3>392.449405</y3>
			<x4>243.01158900000001</x4>
			<y4>396.966838</y4>
			<x5>227.649182</x5>
			<y5>412.221327</y5>
			<x6>225.63233400000001</x6>
			<y6>416</y6>
			<x7>286.028135</x7>
			<y7>416</y7>
		</polygon>
	</object>
	<object>
		<name>redapple</name>
		<pose>Unspecified</pose>
		<truncated>0</truncated>
		<difficult>0</difficult>
		<occluded>0</occluded>
		<bndbox>
			<xmin>319</xmin>
			<xmax>397</xmax>
			<ymin>215</ymin>
			<ymax>300</ymax>
		</bndbox>
		<polygon>
			<x1>333.417056</x1>
			<y1>215.88057600000002</y1>
			<x2>325.319791</x2>
			<y2>224.547482</y2>
			<x3>318.342822</x3>
			<y3>247.765064</y3>
			<x4>322.151595</x4>
			<y4>267.164437</y4>
			<x5>331.74528399999997</x5>
			<y5>282.22920899999997</y5>
			<x6>342.123065</x6>
			<y6>292.442993</y6>
			<x7>363.286588</x7>
			<y7>298.838566</y7>
			<x8>383.377845</x8>
			<y8>293.45513</y8>
			<x9>392.355259</x9>
			<y9>285.480568</y9>
			<x10>395.579584</x10>
			<y10>258.627609</y10>
			<x11>390.570659</x11>
			<y11>245.118889</y11>
			<x12>362.541854</x12>
			<y12>218.286575</y12>
			<x13>345.314991</x13>
			<y13>213.620712</y13>
			<x14>333.417056</x14>
			<y14>215.88057600000002</y14>
		</polygon>
	</object>
	<object>
		<name>greenapple</name>
		<pose>Unspecified</pose>
		<truncated>0</truncated>
		<difficult>0</difficult>
		<occluded>0</occluded>
		<bndbox>
			<xmin>369</xmin>
			<xmax>416</xmax>
			<ymin>366</ymin>
			<ymax>417</ymax>
		</bndbox>
		<polygon>
			<x1>412.361381</x1>
			<y1>416</y1>
			<x2>415.255921</x2>
			<y2>404.64847</y2>
			<x3>410.887002</x3>
			<y3>377.973759</y3>
			<x4>392.21984199999997</x4>
			<y4>365.340215</y4>
			<x5>378.14554599999997</x5>
			<y5>367.25505499999997</y5>
			<x6>371.808582</x6>
			<y6>377.306647</y6>
			<x7>371.400622</x7>
			<y7>391.338639</y7>
			<x8>368.208125</x8>
			<y8>394.978602</y8>
			<x9>372.14478399999996</x9>
			<y9>396.708313</y9>
			<x10>376.045653</x10>
			<y10>416</y10>
			<x11>412.361381</x11>
			<y11>416</y11>
		</polygon>
	</object>
</annotation>
