<annotation>
	<folder></folder>
	<filename>image_11_png.rf.ac1447cb43c8cb5c13f1597bfdcd287b.jpg</filename>
	<path>image_11_png.rf.ac1447cb43c8cb5c13f1597bfdcd287b.jpg</path>
	<source>
		<database>roboflow.ai</database>
	</source>
	<size>
		<width>416</width>
		<height>416</height>
		<depth>3</depth>
	</size>
	<segmented>0</segmented>
	<object>
		<name>greenapple</name>
		<pose>Unspecified</pose>
		<truncated>0</truncated>
		<difficult>0</difficult>
		<occluded>0</occluded>
		<bndbox>
			<xmin>1</xmin>
			<xmax>121</xmax>
			<ymin>138</ymin>
			<ymax>229</ymax>
		</bndbox>
		<polygon>
			<x1>0</x1>
			<y1>228</y1>
			<x2>119.932764</x2>
			<y2>228</y2>
			<x3>115.859395</x3>
			<y3>189.192583</y3>
			<x4>111.010565</x4>
			<y4>174.692432</y4>
			<x5>102.531154</x5>
			<y5>161.524528</y5>
			<x6>81.093502</x6>
			<y6>147.456707</y6>
			<x7>41.75687</x7>
			<y7>138.243319</y7>
			<x8>0</x8>
			<y8>137.391413</y8>
			<x9>0</x9>
			<y9>228</y9>
		</polygon>
	</object>
	<object>
		<name>greenapple</name>
		<pose>Unspecified</pose>
		<truncated>0</truncated>
		<difficult>0</difficult>
		<occluded>0</occluded>
		<bndbox>
			<xmin>313</xmin>
			<xmax>417</xmax>
			<ymin>124</ymin>
			<ymax>229</ymax>
		</bndbox>
		<polygon>
			<x1>416</x1>
			<y1>228</y1>
			<x2>416</x2>
			<y2>126.006129</y2>
			<x3>412.528932</x3>
			<y3>125.334859</y3>
			<x4>366.773937</x4>
			<y4>122.589399</y4>
			<x5>344.48258799999996</x5>
			<y5>134.196493</y5>
			<x6>327.80185800000004</x6>
			<y6>154.883324</y6>
			<x7>319.98688100000004</x7>
			<y7>171.288679</y7>
			<x8>312.16100900000004</x8>
			<y8>217.17238</y8>
			<x9>312.180625</x9>
			<y9>228</y9>
			<x10>416</x10>
			<y10>228</y10>
		</polygon>
	</object>
	<object>
		<name>greenapple</name>
		<pose>Unspecified</pose>
		<truncated>0</truncated>
		<difficult>0</difficult>
		<occluded>0</occluded>
		<bndbox>
			<xmin>190</xmin>
			<xmax>240</xmax>
			<ymin>229</ymin>
			<ymax>276</ymax>
		</bndbox>
		<polygon>
			<x1>195.214044</x1>
			<y1>228</y1>
			<x2>192.605727</x2>
			<y2>232.454689</y2>
			<x3>188.629309</x3>
			<y3>255.848241</y3>
			<x4>198.753816</x4>
			<y4>272.011087</y4>
			<x5>219.689057</x5>
			<y5>274.953343</y5>
			<x6>226.52882</x6>
			<y6>270.387132</y6>
			<x7>232.77971200000002</x7>
			<y7>260.210683</y7>
			<x8>238.61464999999998</x8>
			<y8>233.393344</y8>
			<x9>235.099753</x9>
			<y9>228</y9>
			<x10>195.214044</x10>
			<y10>228</y10>
		</polygon>
	</object>
	<object>
		<name>redapple</name>
		<pose>Unspecified</pose>
		<truncated>0</truncated>
		<difficult>0</difficult>
		<occluded>0</occluded>
		<bndbox>
			<xmin>188</xmin>
			<xmax>233</xmax>
			<ymin>341</ymin>
			<ymax>417</ymax>
		</bndbox>
		<polygon>
			<x1>187</x1>
			<y1>416</y1>
			<x2>223.819355</x2>
			<y2>416</y2>
			<x3>230.404806</x3>
			<y3>404.512566</y3>
			<x4>231.63395</x4>
			<y4>390.866618</y4>
			<x5>214.975011</x5>
			<y5>352.59675500000003</y5>
			<x6>203.834785</x6>
			<y6>343.661129</y6>
			<x7>190.582107</x7>
			<y7>339.956093</y7>
			<x8>187</x8>
			<y8>341.320178</y8>
			<x9>187</x9>
			<y9>416</y9>
		</polygon>
	</object>
	<object>
		<name>orange</name>
		<pose>Unspecified</pose>
		<truncated>0</truncated>
		<difficult>0</difficult>
		<occluded>0</occluded>
		<bndbox>
			<xmin>319</xmin>
			<xmax>372</xmax>
			<ymin>395</ymin>
			<ymax>417</ymax>
		</bndbox>
		<polygon>
			<x1>371.355863</x1>
			<y1>416</y1>
			<x2>364.04465400000004</x2>
			<y2>399.342021</y2>
			<x3>338.636029</x3>
			<y3>393.928578</y3>
			<x4>329.094946</x4>
			<y4>398.115145</y4>
			<x5>319.888802</x5>
			<y5>409.718752</y5>
			<x6>318.424106</x6>
			<y6>416</y6>
			<x7>371.355863</x7>
			<y7>416</y7>
		</polygon>
	</object>
	<object>
		<name>capsicum</name>
		<pose>Unspecified</pose>
		<truncated>0</truncated>
		<difficult>0</difficult>
		<occluded>0</occluded>
		<bndbox>
			<xmin>317</xmin>
			<xmax>341</xmax>
			<ymin>229</ymin>
			<ymax>242</ymax>
		</bndbox>
		<polygon>
			<x1>316.18338600000004</x1>
			<y1>228</y1>
			<x2>316.57752600000003</x2>
			<y2>232.374111</y2>
			<x3>321.766743</x3>
			<y3>239.552132</y3>
			<x4>327.042422</x4>
			<y4>241.214825</y4>
			<x5>334.55751499999997</x5>
			<y5>236.743526</y5>
			<x6>339.64293</x6>
			<y6>228</y6>
			<x7>316.18338600000004</x7>
			<y7>228</y7>
		</polygon>
	</object>
</annotation>
