<annotation>
	<folder></folder>
	<filename>image_117_png.rf.b5f378a4d3c21a9c9e19647ec44acea4.jpg</filename>
	<path>image_117_png.rf.b5f378a4d3c21a9c9e19647ec44acea4.jpg</path>
	<source>
		<database>roboflow.ai</database>
	</source>
	<size>
		<width>416</width>
		<height>416</height>
		<depth>3</depth>
	</size>
	<segmented>0</segmented>
	<object>
		<name>greenapple</name>
		<pose>Unspecified</pose>
		<truncated>0</truncated>
		<difficult>0</difficult>
		<occluded>0</occluded>
		<bndbox>
			<xmin>125</xmin>
			<xmax>151</xmax>
			<ymin>10</ymin>
			<ymax>41</ymax>
		</bndbox>
		<polygon>
			<x1>150.170469</x1>
			<y1>29.827282</y1>
			<x2>147.956102</x2>
			<y2>18.43535</y2>
			<x3>140.003369</x3>
			<y3>9.068257</y3>
			<x4>131.298242</x4>
			<y4>9.85095</y4>
			<x5>124.466811</x5>
			<y5>20.272969</y5>
			<x6>126.851514</x6>
			<y6>32.541203</y6>
			<x7>133.807052</x7>
			<y7>40.283307</y7>
			<x8>145.138268</x8>
			<y8>38.990153</y8>
			<x9>150.170469</x9>
			<y9>29.827282</y9>
		</polygon>
	</object>
	<object>
		<name>redapple</name>
		<pose>Unspecified</pose>
		<truncated>0</truncated>
		<difficult>0</difficult>
		<occluded>0</occluded>
		<bndbox>
			<xmin>173</xmin>
			<xmax>217</xmax>
			<ymin>149</ymin>
			<ymax>235</ymax>
		</bndbox>
		<polygon>
			<x1>216</x1>
			<y1>152.302334</y1>
			<x2>215.428049</x2>
			<y2>151.735517</y2>
			<x3>201.105251</x3>
			<y3>148.153701</y3>
			<x4>187.974804</x4>
			<y4>150.706001</y4>
			<x5>178.031096</x5>
			<y5>162.642398</y5>
			<x6>171.58998</x6>
			<y6>182.082671</y6>
			<x7>172.831974</x7>
			<y7>195.482437</y7>
			<x8>182.828737</x8>
			<y8>215.365159</y8>
			<x9>193.918567</x9>
			<y9>226.850699</y9>
			<x10>210.892277</x10>
			<y10>233.554879</y10>
			<x11>216</x11>
			<y11>232.78136</y11>
			<x12>216</x12>
			<y12>152.302334</y12>
		</polygon>
	</object>
	<object>
		<name>redapple</name>
		<pose>Unspecified</pose>
		<truncated>0</truncated>
		<difficult>0</difficult>
		<occluded>0</occluded>
		<bndbox>
			<xmin>345</xmin>
			<xmax>416</xmax>
			<ymin>87</ymin>
			<ymax>168</ymax>
		</bndbox>
		<polygon>
			<x1>370.568891</x1>
			<y1>85.583395</y1>
			<x2>356.781921</x2>
			<y2>88.263311</y2>
			<x3>349.755332</x3>
			<y3>94.176204</y3>
			<x4>343.800402</x4>
			<y4>112.612559</y4>
			<x5>344.144487</x5>
			<y5>138.918633</y5>
			<x6>349.495952</x6>
			<y6>152.429011</y6>
			<x7>364.038729</x7>
			<y7>164.152779</y7>
			<x8>374.90858000000003</x8>
			<y8>167.496368</y8>
			<x9>397.23034</x9>
			<y9>163.157457</y9>
			<x10>409.338772</x10>
			<y10>155.347342</y10>
			<x11>412.742077</x11>
			<y11>148.319921</y11>
			<x12>415.194417</x12>
			<y12>122.379688</y12>
			<x13>408.845758</x13>
			<y13>107.244321</y13>
			<x14>384.064831</x14>
			<y14>88.416524</y14>
			<x15>370.568891</x15>
			<y15>85.583395</y15>
		</polygon>
	</object>
	<object>
		<name>capsicum</name>
		<pose>Unspecified</pose>
		<truncated>0</truncated>
		<difficult>0</difficult>
		<occluded>0</occluded>
		<bndbox>
			<xmin>139</xmin>
			<xmax>164</xmax>
			<ymin>372</ymin>
			<ymax>409</ymax>
		</bndbox>
		<polygon>
			<x1>163.084726</x1>
			<y1>399.85233</y1>
			<x2>163.446806</x2>
			<y2>380.68429000000003</y2>
			<x3>158.120163</x3>
			<y3>370.806737</y3>
			<x4>144.649044</x4>
			<y4>371.606432</y4>
			<x5>138.108641</x5>
			<y5>376.515406</y5>
			<x6>138.523778</x6>
			<y6>389.16648499999997</y6>
			<x7>143.704906</x7>
			<y7>401.80056</y7>
			<x8>155.085765</x8>
			<y8>407.773057</y8>
			<x9>163.084726</x9>
			<y9>399.85233</y9>
		</polygon>
	</object>
	<object>
		<name>redapple</name>
		<pose>Unspecified</pose>
		<truncated>0</truncated>
		<difficult>0</difficult>
		<occluded>0</occluded>
		<bndbox>
			<xmin>217</xmin>
			<xmax>272</xmax>
			<ymin>246</ymin>
			<ymax>273</ymax>
		</bndbox>
		<polygon>
			<x1>216</x1>
			<y1>245</y1>
			<x2>216</x2>
			<y2>265.235586</y2>
			<x3>217.074773</x3>
			<y3>266.285644</y3>
			<x4>232.565102</x4>
			<y4>272.368753</y4>
			<x5>249.80502</x5>
			<y5>269.92706499999997</y5>
			<x6>266.824958</x6>
			<y6>259.343425</y6>
			<x7>270.057928</x7>
			<y7>251.439701</y7>
			<x8>270.518867</x8>
			<y8>245</y8>
			<x9>216</x9>
			<y9>245</y9>
		</polygon>
	</object>
	<object>
		<name>greenapple</name>
		<pose>Unspecified</pose>
		<truncated>0</truncated>
		<difficult>0</difficult>
		<occluded>0</occluded>
		<bndbox>
			<xmin>245</xmin>
			<xmax>290</xmax>
			<ymin>346</ymin>
			<ymax>407</ymax>
		</bndbox>
		<polygon>
			<x1>247.409149</x1>
			<y1>352.239884</y1>
			<x2>244.225823</x2>
			<y2>367.409257</y2>
			<x3>246.369139</x3>
			<y3>392.456184</y3>
			<x4>255.319066</x4>
			<y4>403.448267</y4>
			<x5>263.392491</x5>
			<y5>406.426014</y5>
			<x6>283.404013</x6>
			<y6>400.717343</y6>
			<x7>287.293505</x7>
			<y7>392.686004</y7>
			<x8>288.50726299999997</x8>
			<y8>377.899476</y8>
			<x9>286.243254</x9>
			<y9>359.241896</y9>
			<x10>279.944238</x10>
			<y10>351.37217699999997</y10>
			<x11>268.39304400000003</x11>
			<y11>344.523379</y11>
			<x12>252.952358</x12>
			<y12>345.705919</y12>
			<x13>247.409149</x13>
			<y13>352.239884</y13>
		</polygon>
	</object>
	<object>
		<name>capsicum</name>
		<pose>Unspecified</pose>
		<truncated>0</truncated>
		<difficult>0</difficult>
		<occluded>0</occluded>
		<bndbox>
			<xmin>350</xmin>
			<xmax>381</xmax>
			<ymin>298</ymin>
			<ymax>340</ymax>
		</bndbox>
	</object>
</annotation>
