<annotation>
	<folder></folder>
	<filename>image_70_png.rf.cce11c6e520b30cfcc8c548294603141.jpg</filename>
	<path>image_70_png.rf.cce11c6e520b30cfcc8c548294603141.jpg</path>
	<source>
		<database>roboflow.ai</database>
	</source>
	<size>
		<width>416</width>
		<height>416</height>
		<depth>3</depth>
	</size>
	<segmented>0</segmented>
	<object>
		<name>orange</name>
		<pose>Unspecified</pose>
		<truncated>0</truncated>
		<difficult>0</difficult>
		<occluded>0</occluded>
		<bndbox>
			<xmin>341</xmin>
			<xmax>400</xmax>
			<ymin>161</ymin>
			<ymax>217</ymax>
		</bndbox>
		<polygon>
			<x1>396.47458700000004</x1>
			<y1>216</y1>
			<x2>398.563958</x2>
			<y2>202.18033</y2>
			<x3>397.330194</x3>
			<y3>186.075646</y3>
			<x4>392.90008</x4>
			<y4>174.568073</y4>
			<x5>384.477901</x5>
			<y5>164.097003</y5>
			<x6>375.604189</x6>
			<y6>159.92139</y6>
			<x7>363.534126</x7>
			<y7>160.342885</y7>
			<x8>351.62050999999997</x8>
			<y8>165.244409</y8>
			<x9>343.310002</x9>
			<y9>177.196895</y9>
			<x10>340.363968</x10>
			<y10>188.962049</y10>
			<x11>341.083619</x11>
			<y11>209.570178</y11>
			<x12>343.474589</x12>
			<y12>216</y12>
			<x13>396.47458700000004</x13>
			<y13>216</y13>
		</polygon>
	</object>
	<object>
		<name>greenapple</name>
		<pose>Unspecified</pose>
		<truncated>0</truncated>
		<difficult>0</difficult>
		<occluded>0</occluded>
		<bndbox>
			<xmin>408</xmin>
			<xmax>417</xmax>
			<ymin>179</ymin>
			<ymax>217</ymax>
		</bndbox>
		<polygon>
			<x1>416</x1>
			<y1>216</y1>
			<x2>416</x2>
			<y2>178.010197</y2>
			<x3>409.713148</x3>
			<y3>194.614207</y3>
			<x4>406.71256</x4>
			<y4>216</y4>
			<x5>416</x5>
			<y5>216</y5>
		</polygon>
	</object>
	<object>
		<name>orange</name>
		<pose>Unspecified</pose>
		<truncated>0</truncated>
		<difficult>0</difficult>
		<occluded>0</occluded>
		<bndbox>
			<xmin>101</xmin>
			<xmax>159</xmax>
			<ymin>217</ymin>
			<ymax>252</ymax>
		</bndbox>
		<polygon>
			<x1>100.41649</x1>
			<y1>216</y1>
			<x2>100.975142</x2>
			<y2>224.604691</y2>
			<x3>108.275228</x3>
			<y3>241.394632</y3>
			<x4>113.827435</x4>
			<y4>246.583335</y4>
			<x5>124.042266</x5>
			<y5>250.712116</y5>
			<x6>140.104393</x6>
			<y6>249.254115</y6>
			<x7>150.551734</x7>
			<y7>240.815403</y7>
			<x8>154.932756</x8>
			<y8>231.691432</y8>
			<x9>157.87879</x9>
			<y9>219.926277</y9>
			<x10>157.741681</x10>
			<y10>216</y10>
			<x11>100.41649</x11>
			<y11>216</y11>
		</polygon>
	</object>
</annotation>
