<annotation>
	<folder></folder>
	<filename>image_100_png.rf.dc795a97249dda3a36a67d242f9ea8f5.jpg</filename>
	<path>image_100_png.rf.dc795a97249dda3a36a67d242f9ea8f5.jpg</path>
	<source>
		<database>roboflow.ai</database>
	</source>
	<size>
		<width>416</width>
		<height>416</height>
		<depth>3</depth>
	</size>
	<segmented>0</segmented>
	<object>
		<name>orange</name>
		<pose>Unspecified</pose>
		<truncated>0</truncated>
		<difficult>0</difficult>
		<occluded>0</occluded>
		<bndbox>
			<xmin>216</xmin>
			<xmax>277</xmax>
			<ymin>74</ymin>
			<ymax>151</ymax>
		</bndbox>
		<polygon>
			<x1>249.94178</x1>
			<y1>72.885472</y1>
			<x2>237.057844</x2>
			<y2>74.313139</y2>
			<x3>227.235919</x3>
			<y3>83.000239</y3>
			<x4>219.818981</x4>
			<y4>95.998963</y4>
			<x5>215.465815</x5>
			<y5>119.041555</y5>
			<x6>217.001224</x6>
			<y6>129.632359</y6>
			<x7>225.308875</x7>
			<y7>143.767668</y7>
			<x8>247.37003900000002</x8>
			<y8>150.196133</y8>
			<x9>261.123551</x9>
			<y9>142.489287</y9>
			<x10>268.324416</x10>
			<y10>133.148683</y10>
			<x11>276.168218</x11>
			<y11>104.480416</y11>
			<x12>274.850643</x12>
			<y12>93.015926</y12>
			<x13>268.290952</x13>
			<y13>80.24443</y13>
			<x14>249.94178</x14>
			<y14>72.885472</y14>
		</polygon>
	</object>
	<object>
		<name>orange</name>
		<pose>Unspecified</pose>
		<truncated>0</truncated>
		<difficult>0</difficult>
		<occluded>0</occluded>
		<bndbox>
			<xmin>94</xmin>
			<xmax>179</xmax>
			<ymin>288</ymin>
			<ymax>417</ymax>
		</bndbox>
		<polygon>
			<x1>178</x1>
			<y1>416</y1>
			<x2>178</x2>
			<y2>287.395586</y2>
			<x3>173.544312</x3>
			<y3>287.741167</y3>
			<x4>152.366815</x4>
			<y4>297.308999</y4>
			<x5>134.904833</x5>
			<y5>311.51520600000003</y5>
			<x6>121.156606</x6>
			<y6>327.575355</y6>
			<x7>110.684701</x7>
			<y7>344.452382</y7>
			<x8>101.309013</x8>
			<y8>368.09871599999997</y8>
			<x9>93.23848</x9>
			<y9>416</y9>
			<x10>178</x10>
			<y10>416</y10>
		</polygon>
	</object>
	<object>
		<name>redapple</name>
		<pose>Unspecified</pose>
		<truncated>0</truncated>
		<difficult>0</difficult>
		<occluded>0</occluded>
		<bndbox>
			<xmin>368</xmin>
			<xmax>417</xmax>
			<ymin>184</ymin>
			<ymax>254</ymax>
		</bndbox>
		<polygon>
			<x1>416</x1>
			<y1>183</y1>
			<x2>379.475439</x2>
			<y2>183</y2>
			<x3>370.71421399999997</x3>
			<y3>199.886363</y3>
			<x4>366.57536</x4>
			<y4>216.4864</y4>
			<x5>367.45374300000003</x5>
			<y5>224.129394</y5>
			<x6>375.98099</x6>
			<y6>240.175451</y6>
			<x7>385.813482</x7>
			<y7>248.194957</y7>
			<x8>408.310314</x8>
			<y8>252.87605000000002</y8>
			<x9>416</x9>
			<y9>251.11096600000002</y9>
			<x10>416</x10>
			<y10>183</y10>
		</polygon>
	</object>
	<object>
		<name>greenapple</name>
		<pose>Unspecified</pose>
		<truncated>0</truncated>
		<difficult>0</difficult>
		<occluded>0</occluded>
		<bndbox>
			<xmin>197</xmin>
			<xmax>224</xmax>
			<ymin>263</ymin>
			<ymax>296</ymax>
		</bndbox>
		<polygon>
			<x1>220.082606</x1>
			<y1>287.609472</y1>
			<x2>223.350122</x2>
			<y2>274.504178</y2>
			<x3>219.85068</x3>
			<y3>266.207682</y3>
			<x4>209.80211500000001</x4>
			<y4>261.846297</y4>
			<x5>201.069362</x5>
			<y5>266.164966</y5>
			<x6>196.055648</x6>
			<y6>280.69088</y6>
			<x7>201.304811</x7>
			<y7>293.135624</y7>
			<x8>209.823251</x8>
			<y8>295.25951</y8>
			<x9>220.082606</x9>
			<y9>287.609472</y9>
		</polygon>
	</object>
</annotation>
