<annotation>
	<folder></folder>
	<filename>image_60_png.rf.d6aa0f2e1ae77ca91a0e11dcd13a1b3b.jpg</filename>
	<path>image_60_png.rf.d6aa0f2e1ae77ca91a0e11dcd13a1b3b.jpg</path>
	<source>
		<database>roboflow.ai</database>
	</source>
	<size>
		<width>416</width>
		<height>416</height>
		<depth>3</depth>
	</size>
	<segmented>0</segmented>
	<object>
		<name>greenapple</name>
		<pose>Unspecified</pose>
		<truncated>0</truncated>
		<difficult>0</difficult>
		<occluded>0</occluded>
		<bndbox>
			<xmin>93</xmin>
			<xmax>136</xmax>
			<ymin>1</ymin>
			<ymax>56</ymax>
		</bndbox>
		<polygon>
			<x1>95.8385</x1>
			<y1>0</y1>
			<x2>92.467617</x2>
			<y2>10.68603</y2>
			<x3>95.017886</x3>
			<y3>42.750325</y3>
			<x4>108.893866</x4>
			<y4>54.732391</y4>
			<x5>126.619291</x5>
			<y5>52.129621</y5>
			<x6>134.951569</x6>
			<y6>41.877113</y6>
			<x7>133.042003</x7>
			<y7>9.653074</y7>
			<x8>127.706293</x8>
			<y8>1.900041</y8>
			<x9>124.837795</x9>
			<y9>0</y9>
			<x10>95.8385</x10>
			<y10>0</y10>
		</polygon>
	</object>
	<object>
		<name>mango</name>
		<pose>Unspecified</pose>
		<truncated>0</truncated>
		<difficult>0</difficult>
		<occluded>0</occluded>
		<bndbox>
			<xmin>199</xmin>
			<xmax>250</xmax>
			<ymin>1</ymin>
			<ymax>39</ymax>
		</bndbox>
		<polygon>
			<x1>249</x1>
			<y1>0</y1>
			<x2>198.495036</x2>
			<y2>0</y2>
			<x3>198.174239</x3>
			<y3>8.85552</y3>
			<x4>204.573954</x4>
			<y4>26.334978</y4>
			<x5>212.685695</x5>
			<y5>34.304205</y5>
			<x6>223.148075</x6>
			<y6>38.054004</y6>
			<x7>237.669984</x7>
			<y7>36.24996</y7>
			<x8>245.359468</x8>
			<y8>31.607744</y8>
			<x9>249</x9>
			<y9>25.541609</y9>
			<x10>249</x10>
			<y10>0</y10>
		</polygon>
	</object>
	<object>
		<name>redapple</name>
		<pose>Unspecified</pose>
		<truncated>0</truncated>
		<difficult>0</difficult>
		<occluded>0</occluded>
		<bndbox>
			<xmin>332</xmin>
			<xmax>403</xmax>
			<ymin>1</ymin>
			<ymax>75</ymax>
		</bndbox>
		<polygon>
			<x1>339.297041</x1>
			<y1>0</y1>
			<x2>336.204487</x2>
			<y2>2.891974</y2>
			<x3>331.285809</x3>
			<y3>21.376749</y3>
			<x4>332.984246</x4>
			<y4>47.295067</y4>
			<x5>338.958567</x5>
			<y5>60.3389</y5>
			<x6>353.902735</x6>
			<y6>71.1463</y6>
			<x7>364.792598</x7>
			<y7>73.881176</y7>
			<x8>386.576507</x8>
			<y8>68.449838</y8>
			<x9>398.111255</x9>
			<y9>60.123878</y9>
			<x10>401.10364200000004</x10>
			<y10>53.01943</y10>
			<x11>402.181238</x11>
			<y11>27.317307</y11>
			<x12>395.139774</x12>
			<y12>12.722867</y12>
			<x13>376.436962</x13>
			<y13>0</y13>
			<x14>339.297041</x14>
			<y14>0</y14>
		</polygon>
	</object>
	<object>
		<name>greenapple</name>
		<pose>Unspecified</pose>
		<truncated>0</truncated>
		<difficult>0</difficult>
		<occluded>0</occluded>
		<bndbox>
			<xmin>9</xmin>
			<xmax>34</xmax>
			<ymin>204</ymin>
			<ymax>234</ymax>
		</bndbox>
		<polygon>
			<x1>33.350774</x1>
			<y1>221.076527</y1>
			<x2>32.073549</x2>
			<y2>210.494926</y2>
			<x3>25.456433</x3>
			<y3>203.061384</y3>
			<x4>13.924821</x4>
			<y4>203.211526</y4>
			<x5>8.156402</x5>
			<y5>210.099779</y5>
			<x6>9.6458</x6>
			<y6>224.261828</y6>
			<x7>18.611464</x7>
			<y7>232.926487</y7>
			<x8>30.144122</x8>
			<y8>230.051073</y8>
			<x9>33.350774</x9>
			<y9>221.076527</y9>
		</polygon>
	</object>
	<object>
		<name>orange</name>
		<pose>Unspecified</pose>
		<truncated>0</truncated>
		<difficult>0</difficult>
		<occluded>0</occluded>
		<bndbox>
			<xmin>81</xmin>
			<xmax>138</xmax>
			<ymin>365</ymin>
			<ymax>417</ymax>
		</bndbox>
		<polygon>
			<x1>136.632907</x1>
			<y1>416</y1>
			<x2>136.640901</x2>
			<y2>395.157642</y2>
			<x3>126.399058</x3>
			<y3>373.186109</y3>
			<x4>112.522033</x4>
			<y4>363.929316</y4>
			<x5>89.884202</x5>
			<y5>368.66522399999997</y5>
			<x6>81.765143</x6>
			<y6>379.77290700000003</y6>
			<x7>80.052072</x7>
			<y7>392.008411</y7>
			<x8>83.035052</x8>
			<y8>409.431419</y8>
			<x9>86.250455</x9>
			<y9>416</y9>
			<x10>136.632907</x10>
			<y10>416</y10>
		</polygon>
	</object>
	<object>
		<name>greenapple</name>
		<pose>Unspecified</pose>
		<truncated>0</truncated>
		<difficult>0</difficult>
		<occluded>0</occluded>
		<bndbox>
			<xmin>250</xmin>
			<xmax>364</xmax>
			<ymin>227</ymin>
			<ymax>417</ymax>
		</bndbox>
		<polygon>
			<x1>249</x1>
			<y1>416</y1>
			<x2>351.882525</x2>
			<y2>416</y2>
			<x3>358.905312</x3>
			<y3>396.695854</y3>
			<x4>362.55512799999997</x4>
			<y4>345.827294</y4>
			<x5>360.429206</x5>
			<y5>320.923898</y5>
			<x6>354.459066</x6>
			<y6>296.978972</y6>
			<x7>340.802578</x7>
			<y7>269.500445</y7>
			<x8>322.018374</x8>
			<y8>248.750425</y8>
			<x9>297.463658</x9>
			<y9>240.339204</y9>
			<x10>255.179337</x10>
			<y10>245.431844</y10>
			<x11>252.405396</x11>
			<y11>239.765104</y11>
			<x12>255.183519</x12>
			<y12>234.530752</y12>
			<x13>253.477764</x13>
			<y13>227.689345</y13>
			<x14>249</x14>
			<y14>226.424711</y14>
			<x15>249</x15>
			<y15>230.019961</y15>
			<x16>251.336164</x16>
			<y16>243.665042</y16>
			<x17>249</x17>
			<y17>247.858487</y17>
			<x18>249</x18>
			<y18>416</y18>
		</polygon>
	</object>
</annotation>
