<annotation>
	<folder></folder>
	<filename>image_189_png.rf.24b0686b037b5360d147e9df8eabb433.jpg</filename>
	<path>image_189_png.rf.24b0686b037b5360d147e9df8eabb433.jpg</path>
	<source>
		<database>roboflow.ai</database>
	</source>
	<size>
		<width>416</width>
		<height>416</height>
		<depth>3</depth>
	</size>
	<segmented>0</segmented>
	<object>
		<name>mango</name>
		<pose>Unspecified</pose>
		<truncated>0</truncated>
		<difficult>0</difficult>
		<occluded>0</occluded>
		<bndbox>
			<xmin>1</xmin>
			<xmax>50</xmax>
			<ymin>13</ymin>
			<ymax>86</ymax>
		</bndbox>
		<polygon>
			<x1>0</x1>
			<y1>84.991943</y1>
			<x2>11.343581</x2>
			<y2>83.535033</y2>
			<x3>31.283035</x3>
			<y3>72.790793</y3>
			<x4>44.5035</x4>
			<y4>54.5346</y4>
			<x5>48.600582</x5>
			<y5>39.776529</y5>
			<x6>44.442271</x6>
			<y6>23.040782</y6>
			<x7>29.980026</x7>
			<y7>11.706395</y7>
			<x8>8.512622</x8>
			<y8>12.684574</y8>
			<x9>0</x9>
			<y9>18.851477</y9>
			<x10>0</x10>
			<y10>84.991943</y10>
		</polygon>
	</object>
	<object>
		<name>capsicum</name>
		<pose>Unspecified</pose>
		<truncated>0</truncated>
		<difficult>0</difficult>
		<occluded>0</occluded>
		<bndbox>
			<xmin>114</xmin>
			<xmax>134</xmax>
			<ymin>1</ymin>
			<ymax>15</ymax>
		</bndbox>
		<polygon>
			<x1>112.776101</x1>
			<y1>0</y1>
			<x2>113.53184</x2>
			<y2>4.396559</y2>
			<x3>119.070277</x3>
			<y3>13.811749</y3>
			<x4>130.355185</x4>
			<y4>11.924472</y4>
			<x5>132.817099</x5>
			<y5>0</y5>
			<x6>112.776101</x6>
			<y6>0</y6>
		</polygon>
	</object>
	<object>
		<name>greenapple</name>
		<pose>Unspecified</pose>
		<truncated>0</truncated>
		<difficult>0</difficult>
		<occluded>0</occluded>
		<bndbox>
			<xmin>224</xmin>
			<xmax>249</xmax>
			<ymin>6</ymin>
			<ymax>37</ymax>
		</bndbox>
		<polygon>
			<x1>247.743231</x1>
			<y1>23.876448</y1>
			<x2>246.215282</x2>
			<y2>14.110386</y2>
			<x3>239.340015</x3>
			<y3>4.812153</y3>
			<x4>231.240901</x4>
			<y4>4.620758</y4>
			<x5>223.176629</x5>
			<y5>12.526102</y5>
			<x6>224.505003</x6>
			<y6>27.709483</y6>
			<x7>231.30213</x7>
			<y7>36.114575</y7>
			<x8>243.255451</x8>
			<y8>34.168818</y8>
			<x9>247.743231</x9>
			<y9>23.876448</y9>
		</polygon>
	</object>
	<object>
		<name>redapple</name>
		<pose>Unspecified</pose>
		<truncated>0</truncated>
		<difficult>0</difficult>
		<occluded>0</occluded>
		<bndbox>
			<xmin>1</xmin>
			<xmax>104</xmax>
			<ymin>192</ymin>
			<ymax>417</ymax>
		</bndbox>
		<polygon>
			<x1>0</x1>
			<y1>416</y1>
			<x2>97.068241</x2>
			<y2>416</y2>
			<x3>101.919009</x3>
			<y3>380.732088</y3>
			<x4>103.159766</x4>
			<y4>341.02457400000003</y4>
			<x5>95.45033</x5>
			<y5>276.000784</y5>
			<x6>84.972184</x6>
			<y6>240.91844700000001</y6>
			<x7>76.134972</x7>
			<y7>224.592052</y7>
			<x8>67.844737</x8>
			<y8>214.51763599999998</y8>
			<x9>53.77319</x9>
			<y9>207.64894900000002</y9>
			<x10>1.957872</x10>
			<y10>200.482509</y10>
			<x11>0</x11>
			<y11>191.357504</y11>
			<x12>0</x12>
			<y12>416</y12>
		</polygon>
	</object>
	<object>
		<name>orange</name>
		<pose>Unspecified</pose>
		<truncated>0</truncated>
		<difficult>0</difficult>
		<occluded>0</occluded>
		<bndbox>
			<xmin>189</xmin>
			<xmax>248</xmax>
			<ymin>298</ymin>
			<ymax>376</ymax>
		</bndbox>
		<polygon>
			<x1>241.341967</x1>
			<y1>313.618669</y1>
			<x2>232.148898</x2>
			<y2>300.923312</y2>
			<x3>224.405641</x3>
			<y3>297.10087699999997</y3>
			<x4>212.296039</x4>
			<y4>297.260354</y4>
			<x5>201.167412</x5>
			<y5>300.93391199999996</y5>
			<x6>193.18128</x6>
			<y6>309.732395</y6>
			<x7>188.493923</x7>
			<y7>325.442085</y7>
			<x8>189.544581</x8>
			<y8>345.14964499999996</y8>
			<x9>194.883441</x9>
			<y9>359.98215400000004</y9>
			<x10>205.3352</x10>
			<y10>371.667413</y10>
			<x11>219.094187</x11>
			<y11>374.96353999999997</y11>
			<x12>228.373851</x12>
			<y12>373.25169800000003</y12>
			<x13>237.340956</x13>
			<y13>367.96729600000003</y13>
			<x14>244.85825</x14>
			<y14>353.809972</y14>
			<x15>246.672373</x15>
			<y15>343.75151600000004</y15>
			<x16>244.953301</x16>
			<y16>324.102434</y16>
			<x17>241.341967</x17>
			<y17>313.618669</y17>
		</polygon>
	</object>
	<object>
		<name>mango</name>
		<pose>Unspecified</pose>
		<truncated>0</truncated>
		<difficult>0</difficult>
		<occluded>0</occluded>
		<bndbox>
			<xmin>292</xmin>
			<xmax>347</xmax>
			<ymin>285</ymin>
			<ymax>348</ymax>
		</bndbox>
		<polygon>
			<x1>316.178005</x1>
			<y1>283.67197699999997</y1>
			<x2>298.009376</x2>
			<y2>291.56136100000003</y2>
			<x3>291.828911</x3>
			<y3>305.601728</y3>
			<x4>290.995762</x4>
			<y4>319.174265</y4>
			<x5>294.763375</x5>
			<y5>331.44431099999997</y5>
			<x6>302.307055</x6>
			<y6>340.68406500000003</y6>
			<x7>314.963634</x7>
			<y7>346.77657</y7>
			<x8>326.40482</x8>
			<y8>346.675571</y8>
			<x9>337.88930400000004</x9>
			<y9>339.370974</y9>
			<x10>342.61150299999997</x10>
			<y10>331.758025</y10>
			<x11>345.528035</x11>
			<y11>318.903191</y11>
			<x12>344.35594100000003</x12>
			<y12>305.50609099999997</y12>
			<x13>332.76693</x13>
			<y13>288.520469</y13>
			<x14>316.178005</x14>
			<y14>283.67197699999997</y14>
		</polygon>
	</object>
	<object>
		<name>greenapple</name>
		<pose>Unspecified</pose>
		<truncated>0</truncated>
		<difficult>0</difficult>
		<occluded>0</occluded>
		<bndbox>
			<xmin>314</xmin>
			<xmax>357</xmax>
			<ymin>150</ymin>
			<ymax>191</ymax>
		</bndbox>
		<polygon>
			<x1>313.82893</x1>
			<y1>149</y1>
			<x2>312.895119</x2>
			<y2>176.862</y2>
			<x3>319.02383199999997</x3>
			<y3>185.325571</y3>
			<x4>327.513644</x4>
			<y4>189.982667</y4>
			<x5>346.15111</x5>
			<y5>187.452124</y5>
			<x6>353.902823</x6>
			<y6>175.97422</y6>
			<x7>356.19423900000004</x7>
			<y7>155.974266</y7>
			<x8>355.206633</x8>
			<y8>149</y8>
			<x9>313.82893</x9>
			<y9>149</y9>
		</polygon>
	</object>
</annotation>
