<annotation>
	<folder></folder>
	<filename>image_79_png.rf.37356e92e11cfbf7a566d60a0844c160.jpg</filename>
	<path>image_79_png.rf.37356e92e11cfbf7a566d60a0844c160.jpg</path>
	<source>
		<database>roboflow.ai</database>
	</source>
	<size>
		<width>416</width>
		<height>416</height>
		<depth>3</depth>
	</size>
	<segmented>0</segmented>
	<object>
		<name>orange</name>
		<pose>Unspecified</pose>
		<truncated>0</truncated>
		<difficult>0</difficult>
		<occluded>0</occluded>
		<bndbox>
			<xmin>18</xmin>
			<xmax>77</xmax>
			<ymin>41</ymin>
			<ymax>117</ymax>
		</bndbox>
		<polygon>
			<x1>62.902418</x1>
			<y1>44.872643</y1>
			<x2>53.512444</x2>
			<y2>39.52182</y2>
			<x3>43.343946</x3>
			<y3>39.68518</y3>
			<x4>29.52218</x4>
			<y4>43.854083</y4>
			<x5>20.483132</x5>
			<y5>54.763446</y5>
			<x6>16.804306</x6>
			<y6>71.447175</y6>
			<x7>18.21612</x7>
			<y7>84.879679</y7>
			<x8>24.894033</x8>
			<y8>103.191049</y8>
			<x9>31.973989</x9>
			<y9>112.406236</y9>
			<x10>39.832471</x10>
			<y10>116.10724</y10>
			<x11>58.826218</x11>
			<y11>115.921702</y11>
			<x12>68.819253</x12>
			<y12>107.62825</y12>
			<x13>73.73443</x13>
			<y13>96.246931</y13>
			<x14>75.868984</x14>
			<y14>84.252475</y14>
			<x15>73.798325</x15>
			<y15>64.55147</y15>
			<x16>62.902418</x16>
			<y16>44.872643</y16>
		</polygon>
	</object>
	<object>
		<name>capsicum</name>
		<pose>Unspecified</pose>
		<truncated>0</truncated>
		<difficult>0</difficult>
		<occluded>0</occluded>
		<bndbox>
			<xmin>136</xmin>
			<xmax>169</xmax>
			<ymin>1</ymin>
			<ymax>44</ymax>
		</bndbox>
		<polygon>
			<x1>134.847969</x1>
			<y1>0</y1>
			<x2>136.524383</x2>
			<y2>21.742986</y2>
			<x3>142.436552</x3>
			<y3>39.229447</y3>
			<x4>146.265281</x4>
			<y4>43.353995</y4>
			<x5>161.041035</x5>
			<y5>41.801</y5>
			<x6>166.721958</x6>
			<y6>31.244591</y6>
			<x7>168.411467</x7>
			<y7>2.094449</y7>
			<x8>167.47168</x8>
			<y8>0</y8>
			<x9>134.847969</x9>
			<y9>0</y9>
		</polygon>
	</object>
	<object>
		<name>mango</name>
		<pose>Unspecified</pose>
		<truncated>0</truncated>
		<difficult>0</difficult>
		<occluded>0</occluded>
		<bndbox>
			<xmin>137</xmin>
			<xmax>188</xmax>
			<ymin>170</ymin>
			<ymax>232</ymax>
		</bndbox>
		<polygon>
			<x1>187</x1>
			<y1>185.705294</y1>
			<x2>171.719698</x2>
			<y2>169.244397</y2>
			<x3>153.397576</x3>
			<y3>169.359343</y3>
			<x4>143.216298</x4>
			<y4>175.861795</y4>
			<x5>137.535377</x5>
			<y5>186.418204</y5>
			<x6>135.683184</x6>
			<y6>201.099162</y6>
			<x7>138.438248</x7>
			<y7>214.390483</y7>
			<x8>148.487067</x8>
			<y8>226.009809</y8>
			<x9>159.891916</x9>
			<y9>231.148859</y9>
			<x10>178.509179</x10>
			<y10>227.381321</y10>
			<x11>187</x11>
			<y11>214.779372</y11>
			<x12>187</x12>
			<y12>185.705294</y12>
		</polygon>
	</object>
	<object>
		<name>capsicum</name>
		<pose>Unspecified</pose>
		<truncated>0</truncated>
		<difficult>0</difficult>
		<occluded>0</occluded>
		<bndbox>
			<xmin>198</xmin>
			<xmax>369</xmax>
			<ymin>1</ymin>
			<ymax>259</ymax>
		</bndbox>
		<polygon>
			<x1>273.476837</x1>
			<y1>0</y1>
			<x2>272.859155</x2>
			<y2>5.784808</y2>
			<x3>257.116634</x3>
			<y3>11.060984</y3>
			<x4>246.759894</x4>
			<y4>9.433343</y4>
			<x5>220.754753</x5>
			<y5>13.977379</y5>
			<x6>204.70431200000002</x6>
			<y6>29.24524</y6>
			<x7>199.292973</x7>
			<y7>48.827242</y7>
			<x8>197.03874</x8>
			<y8>72.604382</y8>
			<x9>200.872137</x9>
			<y9>121.998077</y9>
			<x10>221.740189</x10>
			<y10>191.330782</y10>
			<x11>243.04862</x11>
			<y11>232.550027</y11>
			<x12>254.534811</x12>
			<y12>244.92367</y12>
			<x13>267.565273</x13>
			<y13>252.608041</y13>
			<x14>317.051736</x14>
			<y14>258.271517</y14>
			<x15>326.843751</x15>
			<y15>254.526157</y15>
			<x16>334.727791</x16>
			<y16>245.548976</y16>
			<x17>351.851899</x17>
			<y17>221.114342</y17>
			<x18>358.31134599999996</x18>
			<y18>205.04375</y18>
			<x19>363.65412200000003</x19>
			<y19>171.888063</y19>
			<x20>367.704764</x20>
			<y20>113.517188</y20>
			<x21>363.482105</x21>
			<y21>66.880585</y21>
			<x22>356.816969</x22>
			<y22>42.230123</y22>
			<x23>342.280574</x23>
			<y23>20.217748</y23>
			<x24>322.829001</x24>
			<y24>9.586693</y24>
			<x25>301.336996</x25>
			<y25>11.845594</y25>
			<x26>290.026268</x26>
			<y26>7.602042</y26>
			<x27>287.429718</x27>
			<y27>0</y27>
			<x28>273.476837</x28>
			<y28>0</y28>
		</polygon>
	</object>
	<object>
		<name>orange</name>
		<pose>Unspecified</pose>
		<truncated>0</truncated>
		<difficult>0</difficult>
		<occluded>0</occluded>
		<bndbox>
			<xmin>80</xmin>
			<xmax>104</xmax>
			<ymin>325</ymin>
			<ymax>357</ymax>
		</bndbox>
		<polygon>
			<x1>103.215697</x1>
			<y1>347.170838</y1>
			<x2>103.241255</x2>
			<y2>334.492653</y2>
			<x3>97.504549</x3>
			<y3>325.136285</y3>
			<x4>88.58518</x4>
			<y4>324.262964</y4>
			<x5>80.902161</x5>
			<y5>328.692052</y5>
			<x6>79.144091</x6>
			<y6>344.268509</y6>
			<x7>85.646542</x7>
			<y7>354.449787</y7>
			<x8>94.660032</x8>
			<y8>356.21861</y8>
			<x9>103.215697</x9>
			<y9>347.170838</y9>
		</polygon>
	</object>
	<object>
		<name>orange</name>
		<pose>Unspecified</pose>
		<truncated>0</truncated>
		<difficult>0</difficult>
		<occluded>0</occluded>
		<bndbox>
			<xmin>341</xmin>
			<xmax>364</xmax>
			<ymin>330</ymin>
			<ymax>361</ymax>
		</bndbox>
		<polygon>
			<x1>347.258829</x1>
			<y1>359.099159</y1>
			<x2>356.178198</x2>
			<y2>359.972481</y2>
			<x3>363.484733</x3>
			<y3>351.961392</y3>
			<x4>363.322049</x4>
			<y4>337.492206</y4>
			<x5>359.210957</x5>
			<y5>330.681158</y5>
			<x6>350.19746699999996</x6>
			<y6>328.912335</y6>
			<x7>343.66945599999997</x7>
			<y7>331.409242</y7>
			<x8>340.204431</x8>
			<y8>337.205788</y8>
			<x9>340.944619</x9>
			<y9>350.708882</y9>
			<x10>347.258829</x10>
			<y10>359.099159</y10>
		</polygon>
	</object>
</annotation>
