<annotation>
	<folder></folder>
	<filename>image_172_png.rf.7d714c73ca266adb4ed23c85d8e5a366.jpg</filename>
	<path>image_172_png.rf.7d714c73ca266adb4ed23c85d8e5a366.jpg</path>
	<source>
		<database>roboflow.ai</database>
	</source>
	<size>
		<width>416</width>
		<height>416</height>
		<depth>3</depth>
	</size>
	<segmented>0</segmented>
	<object>
		<name>orange</name>
		<pose>Unspecified</pose>
		<truncated>0</truncated>
		<difficult>0</difficult>
		<occluded>0</occluded>
		<bndbox>
			<xmin>125</xmin>
			<xmax>155</xmax>
			<ymin>18</ymin>
			<ymax>93</ymax>
		</bndbox>
		<polygon>
			<x1>124</x1>
			<y1>91.39696</y1>
			<x2>126.485074</x2>
			<y2>92.355935</y2>
			<x3>134.831041</x3>
			<y3>91.034063</y3>
			<x4>144.425117</x4>
			<y4>85.127162</y4>
			<x5>150.77332</x5>
			<y5>75.347008</y5>
			<x6>153.740075</x6>
			<y6>60.837604</y6>
			<x7>151.39938899999999</x7>
			<y7>41.903997</y7>
			<x8>148.759629</x8>
			<y8>33.547396</y8>
			<x9>137.466864</x9>
			<y9>20.419008</y9>
			<x10>128.949435</x10>
			<y10>16.503218</y10>
			<x11>124</x11>
			<y11>16.952426</y11>
			<x12>124</x12>
			<y12>91.39696</y12>
		</polygon>
	</object>
	<object>
		<name>mango</name>
		<pose>Unspecified</pose>
		<truncated>0</truncated>
		<difficult>0</difficult>
		<occluded>0</occluded>
		<bndbox>
			<xmin>195</xmin>
			<xmax>248</xmax>
			<ymin>1</ymin>
			<ymax>59</ymax>
		</bndbox>
		<polygon>
			<x1>207.886629</x1>
			<y1>0</y1>
			<x2>200.211149</x2>
			<y2>5.216471</y2>
			<x3>196.666203</x3>
			<y3>11.920224</y3>
			<x4>194.070292</x4>
			<y4>24.615953</y4>
			<x5>196.51067</x5>
			<y5>40.023891</y5>
			<x6>204.18671799999998</x6>
			<y6>51.092701</y6>
			<x7>215.678866</x7>
			<y7>57.169751</y7>
			<x8>228.925544</x8>
			<y8>57.704093</y8>
			<x9>238.013199</x9>
			<y9>52.754871</y9>
			<x10>246.75793099999999</x10>
			<y10>37.330325</y10>
			<x11>244.381359</x11>
			<y11>14.015053</y11>
			<x12>233.088594</x12>
			<y12>0.886666</y12>
			<x13>231.387417</x13>
			<y13>0</y13>
			<x14>207.886629</x14>
			<y14>0</y14>
		</polygon>
	</object>
	<object>
		<name>capsicum</name>
		<pose>Unspecified</pose>
		<truncated>0</truncated>
		<difficult>0</difficult>
		<occluded>0</occluded>
		<bndbox>
			<xmin>35</xmin>
			<xmax>58</xmax>
			<ymin>225</ymin>
			<ymax>259</ymax>
		</bndbox>
		<polygon>
			<x1>42.835789</x1>
			<y1>257.712134</y1>
			<x2>53.243325</x2>
			<y2>256.941213</y2>
			<x3>57.394383</x3>
			<y3>245.75411200000002</y3>
			<x4>55.966847</x4>
			<y4>228.430816</y4>
			<x5>51.943401</x5>
			<y5>223.803248</y5>
			<x6>48.091416</x6>
			<y6>224.413343</y6>
			<x7>36.806616</x7>
			<y7>227.95562</y7>
			<x8>33.903667</x8>
			<y8>234.55768899999998</y8>
			<x9>38.54119</x9>
			<y9>251.372574</y9>
			<x10>42.835789</x10>
			<y10>257.712134</y10>
		</polygon>
	</object>
	<object>
		<name>capsicum</name>
		<pose>Unspecified</pose>
		<truncated>0</truncated>
		<difficult>0</difficult>
		<occluded>0</occluded>
		<bndbox>
			<xmin>354</xmin>
			<xmax>386</xmax>
			<ymin>347</ymin>
			<ymax>397</ymax>
		</bndbox>
		<polygon>
			<x1>384.947786</x1>
			<y1>381.765764</y1>
			<x2>383.312903</x2>
			<y2>354.82314099999996</y2>
			<x3>377.327579</x3>
			<y3>346.118956</y3>
			<x4>365.636049</x4>
			<y4>347.09324200000003</y4>
			<x5>353.238716</x5>
			<y5>356.076546</y5>
			<x6>355.986132</x6>
			<y6>377.578142</y6>
			<x7>365.524366</x7>
			<y7>396.249239</y7>
			<x8>379.919463</x8>
			<y8>395.724219</y8>
			<x9>384.947786</x9>
			<y9>381.765764</y9>
		</polygon>
	</object>
</annotation>
