<annotation>
	<folder></folder>
	<filename>image_145_png.rf.99a29aa0949d871b81b950b0a7a0f821.jpg</filename>
	<path>image_145_png.rf.99a29aa0949d871b81b950b0a7a0f821.jpg</path>
	<source>
		<database>roboflow.ai</database>
	</source>
	<size>
		<width>416</width>
		<height>416</height>
		<depth>3</depth>
	</size>
	<segmented>0</segmented>
	<object>
		<name>orange</name>
		<pose>Unspecified</pose>
		<truncated>0</truncated>
		<difficult>0</difficult>
		<occluded>0</occluded>
		<bndbox>
			<xmin>71</xmin>
			<xmax>127</xmax>
			<ymin>41</ymin>
			<ymax>114</ymax>
		</bndbox>
		<polygon>
			<x1>85.610166</x1>
			<y1>39.559977</y1>
			<x2>77.840066</x2>
			<y2>44.616474</y2>
			<x3>69.60196</x3>
			<y3>62.34254</y3>
			<x4>70.498557</x4>
			<y4>84.845635</y4>
			<x5>74.072629</x5>
			<y5>97.232555</y5>
			<x6>82.299648</x6>
			<y6>108.391477</y6>
			<x7>90.76067</x7>
			<y7>113.215615</y7>
			<x8>114.213835</x8>
			<y8>109.770347</y8>
			<x9>122.891617</x9>
			<y9>98.331957</y9>
			<x10>126.117151</x10>
			<y10>86.372195</y10>
			<x11>126.145478</x11>
			<y11>67.414949</y11>
			<x12>122.571406</x12>
			<y12>55.028028</y12>
			<x13>109.314575</x13>
			<y13>39.707667</y13>
			<x14>85.610166</x14>
			<y14>39.559977</y14>
		</polygon>
	</object>
	<object>
		<name>redapple</name>
		<pose>Unspecified</pose>
		<truncated>0</truncated>
		<difficult>0</difficult>
		<occluded>0</occluded>
		<bndbox>
			<xmin>191</xmin>
			<xmax>233</xmax>
			<ymin>1</ymin>
			<ymax>62</ymax>
		</bndbox>
		<polygon>
			<x1>232</x1>
			<y1>0</y1>
			<x2>191.704047</x2>
			<y2>0</y2>
			<x3>189.619157</x3>
			<y3>7.013273</y3>
			<x4>190.812567</x4>
			<y4>24.079823</y4>
			<x5>196.721734</x5>
			<y5>40.816616</y5>
			<x6>205.873676</x6>
			<y6>55.521388</y6>
			<x7>216.418548</x7>
			<y7>61.102441</y7>
			<x8>225.850062</x8>
			<y8>60.442925</y8>
			<x9>232</x9>
			<y9>56.440771</y9>
			<x10>232</x10>
			<y10>0</y10>
		</polygon>
	</object>
	<object>
		<name>greenapple</name>
		<pose>Unspecified</pose>
		<truncated>0</truncated>
		<difficult>0</difficult>
		<occluded>0</occluded>
		<bndbox>
			<xmin>363</xmin>
			<xmax>417</xmax>
			<ymin>1</ymin>
			<ymax>146</ymax>
		</bndbox>
		<polygon>
			<x1>416</x1>
			<y1>145</y1>
			<x2>416</x2>
			<y2>0</y2>
			<x3>364.204781</x3>
			<y3>0</y3>
			<x4>362.37381</x4>
			<y4>7.611576</y4>
			<x5>364.22981400000003</x5>
			<y5>53.516006</y5>
			<x6>368.243564</x6>
			<y6>72.190603</y6>
			<x7>379.685031</x7>
			<y7>100.274751</y7>
			<x8>404.554521</x8>
			<y8>136.446237</y8>
			<x9>413.203976</x9>
			<y9>143.965093</y9>
			<x10>415.47369100000003</x10>
			<y10>145</y10>
			<x11>416</x11>
			<y11>145</y11>
		</polygon>
	</object>
	<object>
		<name>orange</name>
		<pose>Unspecified</pose>
		<truncated>0</truncated>
		<difficult>0</difficult>
		<occluded>0</occluded>
		<bndbox>
			<xmin>68</xmin>
			<xmax>125</xmax>
			<ymin>279</ymin>
			<ymax>353</ymax>
		</bndbox>
		<polygon>
			<x1>107.121868</x1>
			<y1>279.13579200000004</y1>
			<x2>86.723046</x2>
			<y2>277.854321</y2>
			<x3>74.36281</x3>
			<y3>285.037054</y3>
			<x4>67.283631</x4>
			<y4>299.97418600000003</y4>
			<x5>67.443737</x5>
			<y5>321.62615</y5>
			<x6>70.281319</x6>
			<y6>333.16193799999996</y6>
			<x7>75.750809</x7>
			<y7>343.61105499999996</y7>
			<x8>84.463075</x8>
			<y8>352.02815</y8>
			<x9>106.820124</x9>
			<y9>352.270057</y9>
			<x10>113.368487</x10>
			<y10>349.10425499999997</y10>
			<x11>120.088041</x11>
			<y11>338.70543</y11>
			<x12>123.736012</x12>
			<y12>323.105601</y12>
			<x13>121.303623</x13>
			<y13>298.002004</y13>
			<x14>116.570624</x14>
			<y14>288.404019</y14>
			<x15>107.121868</x15>
			<y15>279.13579200000004</y15>
		</polygon>
	</object>
	<object>
		<name>redapple</name>
		<pose>Unspecified</pose>
		<truncated>0</truncated>
		<difficult>0</difficult>
		<occluded>0</occluded>
		<bndbox>
			<xmin>339</xmin>
			<xmax>388</xmax>
			<ymin>170</ymin>
			<ymax>245</ymax>
		</bndbox>
		<polygon>
			<x1>345.413268</x1>
			<y1>173.039587</y1>
			<x2>341.07437600000003</x2>
			<y2>178.758781</y2>
			<x3>338.3969</x3>
			<y3>188.874957</y3>
			<x4>339.841554</x4>
			<y4>209.534466</y4>
			<x5>354.04055</x5>
			<y5>238.32842</y5>
			<x6>363.911742</x6>
			<y6>243.956581</y6>
			<x7>377.93339100000003</x7>
			<y7>241.170828</y7>
			<x8>383.43120899999997</x8>
			<y8>232.662698</y8>
			<x9>387.016368</x9>
			<y9>216.16463</y9>
			<x10>385.13203699999997</x10>
			<y10>189.217445</y10>
			<x11>375.05517</x11>
			<y11>170.966823</y11>
			<x12>357.351068</x12>
			<y12>169.496919</y12>
			<x13>345.413268</x13>
			<y13>173.039587</y13>
		</polygon>
	</object>
</annotation>
