<annotation>
	<folder></folder>
	<filename>image_200_png.rf.074cbe726fb27e58b7bcd757482e94c7.jpg</filename>
	<path>image_200_png.rf.074cbe726fb27e58b7bcd757482e94c7.jpg</path>
	<source>
		<database>roboflow.ai</database>
	</source>
	<size>
		<width>416</width>
		<height>416</height>
		<depth>3</depth>
	</size>
	<segmented>0</segmented>
	<object>
		<name>greenapple</name>
		<pose>Unspecified</pose>
		<truncated>0</truncated>
		<difficult>0</difficult>
		<occluded>0</occluded>
		<bndbox>
			<xmin>1</xmin>
			<xmax>20</xmax>
			<ymin>58</ymin>
			<ymax>116</ymax>
		</bndbox>
		<polygon>
			<x1>0</x1>
			<y1>115.041622</y1>
			<x2>8.730349</x2>
			<y2>106.899243</y2>
			<x3>18.885936</x3>
			<y3>79.990266</y3>
			<x4>8.7125</x4>
			<y4>59.973121</y4>
			<x5>0</x5>
			<y5>56.58596</y5>
			<x6>0</x6>
			<y6>115.041622</y6>
		</polygon>
	</object>
	<object>
		<name>redapple</name>
		<pose>Unspecified</pose>
		<truncated>0</truncated>
		<difficult>0</difficult>
		<occluded>0</occluded>
		<bndbox>
			<xmin>104</xmin>
			<xmax>153</xmax>
			<ymin>60</ymin>
			<ymax>135</ymax>
		</bndbox>
		<polygon>
			<x1>112.319138</x1>
			<y1>64.644404</y1>
			<x2>105.618986</x2>
			<y2>77.694393</y2>
			<x3>102.597581</x3>
			<y3>95.341727</y3>
			<x4>107.583666</x4>
			<y4>125.105914</y4>
			<x5>114.075203</x5>
			<y5>132.244632</y5>
			<x6>129.43284</x6>
			<y6>134.233655</y6>
			<x7>143.485238</x7>
			<y7>116.576559</y7>
			<x8>151.692943</x8>
			<y8>86.421822</y8>
			<x9>147.575966</x9>
			<y9>66.994689</y9>
			<x10>131.351322</x10>
			<y10>60.189333</y10>
			<x11>120.536293</x11>
			<y11>59.332908</y11>
			<x12>112.319138</x12>
			<y12>64.644404</y12>
		</polygon>
	</object>
	<object>
		<name>capsicum</name>
		<pose>Unspecified</pose>
		<truncated>0</truncated>
		<difficult>0</difficult>
		<occluded>0</occluded>
		<bndbox>
			<xmin>69</xmin>
			<xmax>93</xmax>
			<ymin>195</ymin>
			<ymax>229</ymax>
		</bndbox>
		<polygon>
			<x1>80.58599</x1>
			<y1>227.858537</y1>
			<x2>87.287193</x2>
			<y2>217.568907</y2>
			<x3>92.255428</x3>
			<y3>200.406972</y3>
			<x4>86.19687</x4>
			<y4>194.296241</y4>
			<x5>75.165875</x5>
			<y5>194.306004</y5>
			<x6>71.490277</x6>
			<y6>197.989738</y6>
			<x7>68.035893</x7>
			<y7>214.609085</y7>
			<x8>71.284812</x8>
			<y8>226.459525</y8>
			<x9>80.58599</x9>
			<y9>227.858537</y9>
		</polygon>
	</object>
	<object>
		<name>orange</name>
		<pose>Unspecified</pose>
		<truncated>0</truncated>
		<difficult>0</difficult>
		<occluded>0</occluded>
		<bndbox>
			<xmin>249</xmin>
			<xmax>307</xmax>
			<ymin>145</ymin>
			<ymax>221</ymax>
		</bndbox>
		<polygon>
			<x1>300.528579</x1>
			<y1>152.971762</y1>
			<x2>282.140089</x2>
			<y2>143.786834</y2>
			<x3>270.893131</x3>
			<y3>144.662782</y3>
			<x4>260.08125</x4>
			<y4>152.087439</y4>
			<x5>250.786373</x5>
			<y5>167.250588</y5>
			<x6>247.547954</x6>
			<y6>183.003749</y6>
			<x7>248.203197</x7>
			<y7>199.727709</y7>
			<x8>253.830877</x8>
			<y8>210.331175</y8>
			<x9>262.48521</x9>
			<y9>217.089107</y9>
			<x10>277.626881</x10>
			<y10>219.944316</y10>
			<x11>290.169628</x11>
			<y11>213.871247</y11>
			<x12>298.384682</x12>
			<y12>203.039032</y12>
			<x13>303.139054</x13>
			<y13>192.264003</y13>
			<x14>306.160458</x14>
			<y14>174.616668</y14>
			<x15>300.528579</x15>
			<y15>152.971762</y15>
		</polygon>
	</object>
	<object>
		<name>redapple</name>
		<pose>Unspecified</pose>
		<truncated>0</truncated>
		<difficult>0</difficult>
		<occluded>0</occluded>
		<bndbox>
			<xmin>37</xmin>
			<xmax>262</xmax>
			<ymin>271</ymin>
			<ymax>417</ymax>
		</bndbox>
		<polygon>
			<x1>50.514148</x1>
			<y1>270</y1>
			<x2>37.562177</x2>
			<y2>323.921428</y2>
			<x3>36.497053</x3>
			<y3>366.897403</y3>
			<x4>38.888413</x4>
			<y4>398.77475100000004</y4>
			<x5>44.263307</x5>
			<y5>416</y5>
			<x6>200.532674</x6>
			<y6>416</y6>
			<x7>217.545014</x7>
			<y7>392.717041</y7>
			<x8>235.267761</x8>
			<y8>357.57441</y8>
			<x9>250.825612</x9>
			<y9>317.291845</y9>
			<x10>260.111041</x10>
			<y10>277.285455</y10>
			<x11>260.990426</x11>
			<y11>270</y11>
			<x12>50.514148</x12>
			<y12>270</y12>
		</polygon>
	</object>
</annotation>
