<annotation>
	<folder></folder>
	<filename>image_3_png.rf.32f5246908711146ce680039fcd67483.jpg</filename>
	<path>image_3_png.rf.32f5246908711146ce680039fcd67483.jpg</path>
	<source>
		<database>roboflow.ai</database>
	</source>
	<size>
		<width>416</width>
		<height>416</height>
		<depth>3</depth>
	</size>
	<segmented>0</segmented>
	<object>
		<name>mango</name>
		<pose>Unspecified</pose>
		<truncated>0</truncated>
		<difficult>0</difficult>
		<occluded>0</occluded>
		<bndbox>
			<xmin>1</xmin>
			<xmax>179</xmax>
			<ymin>95</ymin>
			<ymax>288</ymax>
		</bndbox>
		<polygon>
			<x1>0</x1>
			<y1>287</y1>
			<x2>66.937675</x2>
			<y2>287</y2>
			<x3>67.313481</x3>
			<y3>286.965553</y3>
			<x4>106.436494</x4>
			<y4>274.395601</y4>
			<x5>138.894556</x5>
			<y5>254.134642</y5>
			<x6>163.639948</x6>
			<y6>230.533451</y6>
			<x7>175.068038</x7>
			<y7>206.655634</y7>
			<x8>177.723141</x8>
			<y8>168.682969</y8>
			<x9>173.462195</x9>
			<y9>148.763464</y9>
			<x10>162.658312</x10>
			<y10>127.383037</y10>
			<x11>148.434976</x11>
			<y11>114.588321</y11>
			<x12>124.127236</x12>
			<y12>102.688309</y12>
			<x13>105.237573</x13>
			<y13>97.481727</y13>
			<x14>68.165127</x14>
			<y14>94.238309</y14>
			<x15>41.652536</x15>
			<y15>99.915144</y15>
			<x16>10.550761</x16>
			<y16>112.298376</y16>
			<x17>0</x17>
			<y17>118.189467</y17>
			<x18>0</x18>
			<y18>287</y18>
		</polygon>
	</object>
	<object>
		<name>capsicum</name>
		<pose>Unspecified</pose>
		<truncated>0</truncated>
		<difficult>0</difficult>
		<occluded>0</occluded>
		<bndbox>
			<xmin>204</xmin>
			<xmax>228</xmax>
			<ymin>240</ymin>
			<ymax>276</ymax>
		</bndbox>
		<polygon>
			<x1>222.71684299999998</x1>
			<y1>266.493545</y1>
			<x2>226.554278</x2>
			<y2>245.505579</y2>
			<x3>223.70709</x3>
			<y3>239.925559</y3>
			<x4>213.114963</x4>
			<y4>238.998868</y4>
			<x5>205.524306</x5>
			<y5>241.888721</y5>
			<x6>202.888875</x6>
			<y6>256.762435</y6>
			<x7>205.703791</x7>
			<y7>270.336019</y7>
			<x8>214.001327</x8>
			<y8>274.615908</y8>
			<x9>222.71684299999998</x9>
			<y9>266.493545</y9>
		</polygon>
	</object>
	<object>
		<name>redapple</name>
		<pose>Unspecified</pose>
		<truncated>0</truncated>
		<difficult>0</difficult>
		<occluded>0</occluded>
		<bndbox>
			<xmin>365</xmin>
			<xmax>413</xmax>
			<ymin>108</ymin>
			<ymax>183</ymax>
		</bndbox>
		<polygon>
			<x1>404.43128</x1>
			<y1>110.91344</y1>
			<x2>388.774515</x2>
			<y2>106.878188</y2>
			<x3>375.302929</x3>
			<y3>108.365039</y3>
			<x4>368.72772</x4>
			<y4>114.897682</y4>
			<x5>365.308267</x5>
			<y5>123.483392</y5>
			<x6>363.688283</x6>
			<y6>141.999896</y6>
			<x7>373.566462</x7>
			<y7>173.961181</y7>
			<x8>382.294578</x8>
			<y8>180.944204</y8>
			<x9>388.91465700000003</x9>
			<y9>181.523386</y9>
			<x10>397.09018000000003</x10>
			<y10>179.57319</y10>
			<x11>405.45225700000003</x11>
			<y11>167.865953</y11>
			<x12>410.073713</x12>
			<y12>153.165994</y12>
			<x13>411.847981</x13>
			<y13>132.886013</y13>
			<x14>409.110207</x14>
			<y14>118.430692</y14>
			<x15>404.43128</x15>
			<y15>110.91344</y15>
		</polygon>
	</object>
	<object>
		<name>orange</name>
		<pose>Unspecified</pose>
		<truncated>0</truncated>
		<difficult>0</difficult>
		<occluded>0</occluded>
		<bndbox>
			<xmin>188</xmin>
			<xmax>198</xmax>
			<ymin>388</ymin>
			<ymax>417</ymax>
		</bndbox>
		<polygon>
			<x1>187</x1>
			<y1>416</y1>
			<x2>187.85035</x2>
			<y2>416</y2>
			<x3>194.963717</x3>
			<y3>409.491119</y3>
			<x4>196.705714</x4>
			<y4>397.204701</y4>
			<x5>193.427946</x5>
			<y5>388.92154700000003</y5>
			<x6>187</x6>
			<y6>387.007715</y6>
			<x7>187</x7>
			<y7>416</y7>
		</polygon>
	</object>
	<object>
		<name>mango</name>
		<pose>Unspecified</pose>
		<truncated>0</truncated>
		<difficult>0</difficult>
		<occluded>0</occluded>
		<bndbox>
			<xmin>303</xmin>
			<xmax>330</xmax>
			<ymin>396</ymin>
			<ymax>417</ymax>
		</bndbox>
		<polygon>
			<x1>328.476371</x1>
			<y1>416</y1>
			<x2>329.10731</x2>
			<y2>408.78834</y2>
			<x3>324.582667</x3>
			<y3>399.507611</y3>
			<x4>312.975092</x4>
			<y4>394.93813</y4>
			<x5>302.93556</x5>
			<y5>402.944659</y5>
			<x6>301.85557</x6>
			<y6>415.288994</y6>
			<x7>302.298118</x7>
			<y7>416</y7>
			<x8>328.476371</x8>
			<y8>416</y8>
		</polygon>
	</object>
	<object>
		<name>redapple</name>
		<pose>Unspecified</pose>
		<truncated>0</truncated>
		<difficult>0</difficult>
		<occluded>0</occluded>
		<bndbox>
			<xmin>336</xmin>
			<xmax>407</xmax>
			<ymin>288</ymin>
			<ymax>351</ymax>
		</bndbox>
		<polygon>
			<x1>338.759237</x1>
			<y1>287</y1>
			<x2>337.612612</x2>
			<y2>288.698178</y2>
			<x3>334.977181</x3>
			<y3>303.571893</y3>
			<x4>338.145537</x4>
			<y4>320.730347</y4>
			<x5>347.349107</x5>
			<y5>337.528327</y5>
			<x6>358.570971</x6>
			<y6>346.5065</y6>
			<x7>376.95291</x7>
			<y7>349.891685</y7>
			<x8>393.303955</x8>
			<y8>345.991293</y8>
			<x9>406.287487</x9>
			<y9>319.584097</y9>
			<x10>404.719445</x10>
			<y10>307.008088</y10>
			<x11>394.575196</x11>
			<y11>287</y11>
			<x12>338.759237</x12>
			<y12>287</y12>
		</polygon>
	</object>
</annotation>
