<annotation>
	<folder></folder>
	<filename>image_126_png.rf.e66bcb533ae6d4071507e9266ccea6f0.jpg</filename>
	<path>image_126_png.rf.e66bcb533ae6d4071507e9266ccea6f0.jpg</path>
	<source>
		<database>roboflow.ai</database>
	</source>
	<size>
		<width>416</width>
		<height>416</height>
		<depth>3</depth>
	</size>
	<segmented>0</segmented>
	<object>
		<name>mango</name>
		<pose>Unspecified</pose>
		<truncated>0</truncated>
		<difficult>0</difficult>
		<occluded>0</occluded>
		<bndbox>
			<xmin>166</xmin>
			<xmax>196</xmax>
			<ymin>1</ymin>
			<ymax>45</ymax>
		</bndbox>
		<polygon>
			<x1>195</x1>
			<y1>0</y1>
			<x2>166.600202</x2>
			<y2>0</y2>
			<x3>165.504776</x3>
			<y3>2.597041</y3>
			<x4>165.286634</x4>
			<y4>15.156208</y4>
			<x5>170.741332</x5>
			<y5>31.660169</y5>
			<x6>178.723884</x6>
			<y6>39.495078</y6>
			<x7>193.224719</x7>
			<y7>43.9184</y7>
			<x8>195</x8>
			<y8>43.62083</y8>
			<x9>195</x9>
			<y9>0</y9>
		</polygon>
	</object>
	<object>
		<name>orange</name>
		<pose>Unspecified</pose>
		<truncated>0</truncated>
		<difficult>0</difficult>
		<occluded>0</occluded>
		<bndbox>
			<xmin>30</xmin>
			<xmax>55</xmax>
			<ymin>1</ymin>
			<ymax>22</ymax>
		</bndbox>
		<polygon>
			<x1>29.399536</x1>
			<y1>0</y1>
			<x2>30.761564</x2>
			<y2>12.969136</y2>
			<x3>38.113424</x3>
			<y3>20.961295</y3>
			<x4>49.254523</x4>
			<y4>19.969903</y4>
			<x5>54.306842</x5>
			<y5>7.991837</y5>
			<x6>51.817377</x6>
			<y6>0</y6>
			<x7>29.399536</x7>
			<y7>0</y7>
		</polygon>
	</object>
	<object>
		<name>redapple</name>
		<pose>Unspecified</pose>
		<truncated>0</truncated>
		<difficult>0</difficult>
		<occluded>0</occluded>
		<bndbox>
			<xmin>225</xmin>
			<xmax>276</xmax>
			<ymin>140</ymin>
			<ymax>211</ymax>
		</bndbox>
		<polygon>
			<x1>224.099602</x1>
			<y1>153.030597</y1>
			<x2>224.300791</x2>
			<y2>167.271611</y2>
			<x3>229.755488</x3>
			<y3>183.775572</y3>
			<x4>247.607583</x4>
			<y4>207.013698</y4>
			<x5>256.433884</x5>
			<y5>210.172245</y5>
			<x6>270.520473</x6>
			<y6>204.873666</y6>
			<x7>274.527855</x7>
			<y7>183.330949</y7>
			<x8>267.82025</x8>
			<y8>153.741396</y8>
			<x9>255.42793799999998</x9>
			<y9>138.967176</y9>
			<x10>238.40094299999998</x10>
			<y10>140.532887</y10>
			<x11>228.729199</x11>
			<y11>144.730722</y11>
			<x12>224.099602</x12>
			<y12>153.030597</y12>
		</polygon>
	</object>
	<object>
		<name>orange</name>
		<pose>Unspecified</pose>
		<truncated>0</truncated>
		<difficult>0</difficult>
		<occluded>0</occluded>
		<bndbox>
			<xmin>391</xmin>
			<xmax>417</xmax>
			<ymin>144</ymin>
			<ymax>215</ymax>
		</bndbox>
		<polygon>
			<x1>416</x1>
			<y1>143.165264</y1>
			<x2>405.92658900000004</x2>
			<y2>143.423977</y2>
			<x3>396.674175</x3>
			<y3>149.303656</y3>
			<x4>390.781499</x4>
			<y4>160.59805</y4>
			<x5>389.719608</x5>
			<y5>177.833579</y5>
			<x6>394.124282</x6>
			<y6>192.812943</y6>
			<x7>402.313109</x7>
			<y7>206.848812</y7>
			<x8>411.978072</x8>
			<y8>213.371051</y8>
			<x9>416</x9>
			<y9>214.077511</y9>
			<x10>416</x10>
			<y10>143.165264</y10>
		</polygon>
	</object>
	<object>
		<name>greenapple</name>
		<pose>Unspecified</pose>
		<truncated>0</truncated>
		<difficult>0</difficult>
		<occluded>0</occluded>
		<bndbox>
			<xmin>261</xmin>
			<xmax>417</xmax>
			<ymin>301</ymin>
			<ymax>417</ymax>
		</bndbox>
		<polygon>
			<x1>416</x1>
			<y1>416</y1>
			<x2>416</x2>
			<y2>339.126592</y2>
			<x3>407.452067</x3>
			<y3>323.518843</y3>
			<x4>389.17555500000003</x4>
			<y4>306.63892599999997</y4>
			<x5>357.439755</x5>
			<y5>300.260374</y5>
			<x6>324.435789</x6>
			<y6>304.91639299999997</y6>
			<x7>317.706145</x7>
			<y7>310.167075</y7>
			<x8>284.69878900000003</x8>
			<y8>320.183131</y8>
			<x9>269.342338</x9>
			<y9>339.196298</y9>
			<x10>263.236605</x10>
			<y10>355.00980400000003</y10>
			<x11>260.279247</x11>
			<y11>378.07711800000004</y11>
			<x12>266.562435</x12>
			<y12>414.024879</y12>
			<x13>267.34556299999997</x13>
			<y13>416</y13>
			<x14>416</x14>
			<y14>416</y14>
		</polygon>
	</object>
</annotation>
