<annotation>
	<folder></folder>
	<filename>image_177_png.rf.e941539b0e19802d21c7683edef42e42.jpg</filename>
	<path>image_177_png.rf.e941539b0e19802d21c7683edef42e42.jpg</path>
	<source>
		<database>roboflow.ai</database>
	</source>
	<size>
		<width>416</width>
		<height>416</height>
		<depth>3</depth>
	</size>
	<segmented>0</segmented>
	<object>
		<name>orange</name>
		<pose>Unspecified</pose>
		<truncated>0</truncated>
		<difficult>0</difficult>
		<occluded>0</occluded>
		<bndbox>
			<xmin>155</xmin>
			<xmax>213</xmax>
			<ymin>84</ymin>
			<ymax>160</ymax>
		</bndbox>
		<polygon>
			<x1>170.922801</x1>
			<y1>85.155986</y1>
			<x2>160.093699</x2>
			<y2>92.740943</y2>
			<x3>155.389068</x3>
			<y3>103.702085</y3>
			<x4>154.174349</x4>
			<y4>118.551517</y4>
			<x5>160.110523</x5>
			<y5>142.057612</y5>
			<x6>174.070169</x6>
			<y6>157.610775</y6>
			<x7>188.75696299999998</x7>
			<y7>159.322613</y7>
			<x8>199.782776</x8>
			<y8>156.26608</y8>
			<x9>205.684897</x9>
			<y9>151.465495</y9>
			<x10>212.143097</x10>
			<y10>131.943504</y10>
			<x11>206.985353</x11>
			<y11>101.892772</y11>
			<x12>192.854637</x12>
			<y12>85.459529</y12>
			<x13>182.119684</x13>
			<y13>82.979532</y13>
			<x14>170.922801</x14>
			<y14>85.155986</y14>
		</polygon>
	</object>
	<object>
		<name>mango</name>
		<pose>Unspecified</pose>
		<truncated>0</truncated>
		<difficult>0</difficult>
		<occluded>0</occluded>
		<bndbox>
			<xmin>154</xmin>
			<xmax>229</xmax>
			<ymin>204</ymin>
			<ymax>279</ymax>
		</bndbox>
		<polygon>
			<x1>190.978279</x1>
			<y1>278</y1>
			<x2>210.45722899999998</x2>
			<y2>267.44437</y2>
			<x3>220.91855099999998</x3>
			<y3>254.450909</y3>
			<x4>228.206461</x4>
			<y4>235.680971</y4>
			<x5>225.298269</x5>
			<y5>220.719618</y5>
			<x6>212.826974</x6>
			<y6>205.790481</y6>
			<x7>198.62775</x7>
			<y7>203.070537</y7>
			<x8>177.089335</x8>
			<y8>211.823842</y8>
			<x9>153.728841</x9>
			<y9>242.851296</y9>
			<x10>153</x10>
			<y10>244.943916</y10>
			<x11>153</x11>
			<y11>272.985315</y11>
			<x12>153.788534</x12>
			<y12>274.80632</y12>
			<x13>160.540949</x13>
			<y13>278</y13>
			<x14>190.978279</x14>
			<y14>278</y14>
		</polygon>
	</object>
	<object>
		<name>capsicum</name>
		<pose>Unspecified</pose>
		<truncated>0</truncated>
		<difficult>0</difficult>
		<occluded>0</occluded>
		<bndbox>
			<xmin>395</xmin>
			<xmax>417</xmax>
			<ymin>1</ymin>
			<ymax>37</ymax>
		</bndbox>
		<polygon>
			<x1>402.431446</x1>
			<y1>0</y1>
			<x2>393.628916</x2>
			<y2>7.159678</y2>
			<x3>395.36525800000004</x3>
			<y3>19.608818</y3>
			<x4>401.224511</x4>
			<y4>32.169878</y4>
			<x5>412.130534</x5>
			<y5>35.529955</y5>
			<x6>416</x6>
			<y6>29.779894</y6>
			<x7>416</x7>
			<y7>2.786212</y7>
			<x8>412.926082</x8>
			<y8>0</y8>
			<x9>407.773394</x9>
			<y9>0</y9>
			<x10>405.458799</x10>
			<y10>1.206853</y10>
			<x11>404.375596</x11>
			<y11>0</y11>
			<x12>402.431446</x12>
			<y12>0</y12>
		</polygon>
	</object>
	<object>
		<name>mango</name>
		<pose>Unspecified</pose>
		<truncated>0</truncated>
		<difficult>0</difficult>
		<occluded>0</occluded>
		<bndbox>
			<xmin>364</xmin>
			<xmax>417</xmax>
			<ymin>355</ymin>
			<ymax>417</ymax>
		</bndbox>
		<polygon>
			<x1>416</x1>
			<y1>416</y1>
			<x2>416</x2>
			<y2>353.707193</y2>
			<x3>402.61628099999996</x3>
			<y3>355.510817</y3>
			<x4>385.713987</x4>
			<y4>367.016281</y4>
			<x5>364.50048400000003</x5>
			<y5>398.539734</y5>
			<x6>362.51416900000004</x6>
			<y6>416</y6>
			<x7>416</x7>
			<y7>416</y7>
		</polygon>
	</object>
</annotation>
