<annotation>
	<folder></folder>
	<filename>image_56_png.rf.537bc58f7268592db7593b9e6fdde60e.jpg</filename>
	<path>image_56_png.rf.537bc58f7268592db7593b9e6fdde60e.jpg</path>
	<source>
		<database>roboflow.ai</database>
	</source>
	<size>
		<width>416</width>
		<height>416</height>
		<depth>3</depth>
	</size>
	<segmented>0</segmented>
	<object>
		<name>mango</name>
		<pose>Unspecified</pose>
		<truncated>0</truncated>
		<difficult>0</difficult>
		<occluded>0</occluded>
		<bndbox>
			<xmin>104</xmin>
			<xmax>134</xmax>
			<ymin>57</ymin>
			<ymax>92</ymax>
		</bndbox>
		<polygon>
			<x1>133.000075</x1>
			<y1>79.605593</y1>
			<x2>129.635399</x2>
			<y2>64.450856</y2>
			<x3>123.508409</x3>
			<y3>57.194022</y3>
			<x4>110.785827</x4>
			<y4>55.73194</y4>
			<x5>103.480684</x5>
			<y5>65.357222</y5>
			<x6>106.015338</x6>
			<y6>79.731959</y6>
			<x7>116.80563</x7>
			<y7>89.871943</y7>
			<x8>126.68337</x8>
			<y8>90.909293</y8>
			<x9>133.000075</x9>
			<y9>79.605593</y9>
		</polygon>
	</object>
	<object>
		<name>redapple</name>
		<pose>Unspecified</pose>
		<truncated>0</truncated>
		<difficult>0</difficult>
		<occluded>0</occluded>
		<bndbox>
			<xmin>1</xmin>
			<xmax>157</xmax>
			<ymin>129</ymin>
			<ymax>417</ymax>
		</bndbox>
		<polygon>
			<x1>0</x1>
			<y1>128</y1>
			<x2>0</x2>
			<y2>384.451973</y2>
			<x3>12.854356</x3>
			<y3>397.248581</y3>
			<x4>50.407401</x4>
			<y4>416</y4>
			<x5>80.967615</x5>
			<y5>416</y5>
			<x6>89.506683</x6>
			<y6>407.817914</y6>
			<x7>112.062418</x7>
			<y7>398.282605</y7>
			<x8>123.910391</x8>
			<y8>386.929947</y8>
			<x9>134.687397</x9>
			<y9>365.576234</y9>
			<x10>149.088036</x10>
			<y10>317.645662</y10>
			<x11>153.541693</x11>
			<y11>291.848801</y11>
			<x12>155.657054</x12>
			<y12>248.863518</y12>
			<x13>153.388002</x13>
			<y13>208.504032</y13>
			<x14>139.808823</x14>
			<y14>143.274559</y14>
			<x15>133.756056</x15>
			<y15>128</y15>
			<x16>0</x16>
			<y16>128</y16>
		</polygon>
	</object>
</annotation>
