<annotation>
	<folder></folder>
	<filename>image_218_png.rf.33102644e3ab83d886eef17ad7b40fa9.jpg</filename>
	<path>image_218_png.rf.33102644e3ab83d886eef17ad7b40fa9.jpg</path>
	<source>
		<database>roboflow.ai</database>
	</source>
	<size>
		<width>416</width>
		<height>416</height>
		<depth>3</depth>
	</size>
	<segmented>0</segmented>
	<object>
		<name>mango</name>
		<pose>Unspecified</pose>
		<truncated>0</truncated>
		<difficult>0</difficult>
		<occluded>0</occluded>
		<bndbox>
			<xmin>235</xmin>
			<xmax>266</xmax>
			<ymin>331</ymin>
			<ymax>365</ymax>
		</bndbox>
		<polygon>
			<x1>264.572606</x1>
			<y1>354.52578</y1>
			<x2>261.493343</x2>
			<y2>338.684348</y2>
			<x3>252.19546</x3>
			<y3>329.53168700000003</y3>
			<x4>241.315077</x4>
			<y4>329.819955</y4>
			<x5>234.463456</x5>
			<y5>340.285097</y5>
			<x6>235.857657</x6>
			<y6>350.97407699999997</y6>
			<x7>249.304093</x7>
			<y7>363.887003</y7>
			<x8>258.867195</x8>
			<y8>363.854789</y8>
			<x9>264.572606</x9>
			<y9>354.52578</y9>
		</polygon>
	</object>
</annotation>
