<annotation>
	<folder></folder>
	<filename>image_143_png.rf.68d6bbf776ac2ef8ca1949a2319230fb.jpg</filename>
	<path>image_143_png.rf.68d6bbf776ac2ef8ca1949a2319230fb.jpg</path>
	<source>
		<database>roboflow.ai</database>
	</source>
	<size>
		<width>416</width>
		<height>416</height>
		<depth>3</depth>
	</size>
	<segmented>0</segmented>
	<object>
		<name>greenapple</name>
		<pose>Unspecified</pose>
		<truncated>0</truncated>
		<difficult>0</difficult>
		<occluded>0</occluded>
		<bndbox>
			<xmin>6</xmin>
			<xmax>31</xmax>
			<ymin>28</ymin>
			<ymax>60</ymax>
		</bndbox>
		<polygon>
			<x1>28.501712</x1>
			<y1>51.470787</y1>
			<x2>29.740473</x2>
			<y2>40.253579</y2>
			<x3>23.88439</x3>
			<y3>27.796691</y3>
			<x4>16.140438</x4>
			<y4>26.522991</y4>
			<x5>6.690046</x5>
			<y5>32.970566</y5>
			<x6>5.224496</x6>
			<y6>48.515168</y6>
			<x7>11.26201</x7>
			<y7>57.51014</y7>
			<x8>20.95329</x8>
			<y8>58.885895</y8>
			<x9>28.501712</x9>
			<y9>51.470787</y9>
		</polygon>
	</object>
	<object>
		<name>mango</name>
		<pose>Unspecified</pose>
		<truncated>0</truncated>
		<difficult>0</difficult>
		<occluded>0</occluded>
		<bndbox>
			<xmin>137</xmin>
			<xmax>190</xmax>
			<ymin>65</ymin>
			<ymax>127</ymax>
		</bndbox>
		<polygon>
			<x1>159.953374</x1>
			<y1>64.434869</y1>
			<x2>146.699043</x2>
			<y2>68.947375</y2>
			<x3>141.143307</x3>
			<y3>75.59906</y3>
			<x4>136.568284</x4>
			<y4>88.377133</y4>
			<x5>135.978633</x5>
			<y5>99.62836</y5>
			<x6>139.842029</x6>
			<y6>112.848672</y6>
			<x7>146.619368</x7>
			<y7>120.146705</y7>
			<x8>166.469606</x8>
			<y8>126.394149</y8>
			<x9>183.332346</x9>
			<y9>115.127903</y9>
			<x10>188.556478</x10>
			<y10>102.383848</y10>
			<x11>189.191487</x11>
			<y11>90.267142</y11>
			<x12>186.399519</x12>
			<y12>81.442262</y12>
			<x13>177.297891</x13>
			<y13>68.81528</y13>
			<x14>159.953374</x14>
			<y14>64.434869</y14>
		</polygon>
	</object>
	<object>
		<name>redapple</name>
		<pose>Unspecified</pose>
		<truncated>0</truncated>
		<difficult>0</difficult>
		<occluded>0</occluded>
		<bndbox>
			<xmin>95</xmin>
			<xmax>164</xmax>
			<ymin>338</ymin>
			<ymax>417</ymax>
		</bndbox>
		<polygon>
			<x1>154.828956</x1>
			<y1>416</y1>
			<x2>163.476958</x2>
			<y2>396.16404</y2>
			<x3>162.949823</x3>
			<y3>381.382861</y3>
			<x4>143.298175</x4>
			<y4>346.506576</y4>
			<x5>129.425993</x5>
			<y5>337.968861</y5>
			<x6>119.040245</x6>
			<y6>337.424568</y6>
			<x7>112.367722</x7>
			<y7>340.5463</y7>
			<x8>95.473724</x8>
			<y8>364.828748</y8>
			<x9>93.962816</x9>
			<y9>381.238829</y9>
			<x10>98.339249</x10>
			<y10>397.089597</y10>
			<x11>106.655695</x11>
			<y11>412.278996</y11>
			<x12>111.889275</x12>
			<y12>416</y12>
			<x13>154.828956</x13>
			<y13>416</y13>
		</polygon>
	</object>
	<object>
		<name>capsicum</name>
		<pose>Unspecified</pose>
		<truncated>0</truncated>
		<difficult>0</difficult>
		<occluded>0</occluded>
		<bndbox>
			<xmin>278</xmin>
			<xmax>301</xmax>
			<ymin>288</ymin>
			<ymax>326</ymax>
		</bndbox>
		<polygon>
			<x1>276.57273</x1>
			<y1>306.064489</y1>
			<x2>280.949162</x2>
			<y2>321.915256</y2>
			<x3>289.251509</x3>
			<y3>324.953932</y3>
			<x4>297.539755</x4>
			<y4>315.841885</y4>
			<x5>300.439597</x5>
			<y5>297.768882</y5>
			<x6>297.556914</x6>
			<y6>290.674958</y6>
			<x7>290.371355</x7>
			<y7>291.16623500000003</y7>
			<x8>288.650816</x8>
			<y8>286.736786</y8>
			<x9>287.17116699999997</x9>
			<y9>290.130664</y9>
			<x10>277.856849</x10>
			<y10>293.981802</y10>
			<x11>276.57273</x11>
			<y11>306.064489</y11>
		</polygon>
	</object>
</annotation>
