<annotation>
	<folder></folder>
	<filename>image_168_png.rf.9070467b50d45d71c0c19165ba2643e0.jpg</filename>
	<path>image_168_png.rf.9070467b50d45d71c0c19165ba2643e0.jpg</path>
	<source>
		<database>roboflow.ai</database>
	</source>
	<size>
		<width>416</width>
		<height>416</height>
		<depth>3</depth>
	</size>
	<segmented>0</segmented>
	<object>
		<name>orange</name>
		<pose>Unspecified</pose>
		<truncated>0</truncated>
		<difficult>0</difficult>
		<occluded>0</occluded>
		<bndbox>
			<xmin>31</xmin>
			<xmax>91</xmax>
			<ymin>25</ymin>
			<ymax>102</ymax>
		</bndbox>
		<polygon>
			<x1>82.804642</x1>
			<y1>33.022881</y1>
			<x2>75.347025</x2>
			<y2>26.951496</y2>
			<x3>63.757833</x3>
			<y3>24.488137</y3>
			<x4>51.438758</x4>
			<y4>25.458612</y4>
			<x5>41.705449</x5>
			<y5>33.259419</y5>
			<x6>34.461475</x6>
			<y6>45.178326</y6>
			<x7>30.264642</x7>
			<y7>64.922875</y7>
			<x8>30.929267</x8>
			<y8>77.625563</y8>
			<x9>36.744645</x9>
			<y9>91.423075</y9>
			<x10>49.170543</x10>
			<y10>99.447746</y10>
			<x11>59.654517</x11>
			<y11>100.77894</y11>
			<x12>71.233319</x12>
			<y12>96.959381</y12>
			<x13>78.02631</x13>
			<y13>90.32808</y13>
			<x14>85.817696</x14>
			<y14>75.833797</y14>
			<x15>89.553157</x15>
			<y15>55.093936</y15>
			<x16>82.804642</x16>
			<y16>33.022881</y16>
		</polygon>
	</object>
	<object>
		<name>mango</name>
		<pose>Unspecified</pose>
		<truncated>0</truncated>
		<difficult>0</difficult>
		<occluded>0</occluded>
		<bndbox>
			<xmin>141</xmin>
			<xmax>163</xmax>
			<ymin>9</ymin>
			<ymax>46</ymax>
		</bndbox>
		<polygon>
			<x1>162</x1>
			<y1>11.211404</y1>
			<x2>151.998546</x2>
			<y2>8.251761</y2>
			<x3>143.274023</x3>
			<y3>14.472503</y3>
			<x4>140.075585</x4>
			<y4>26.354071</y4>
			<x5>146.996179</x5>
			<y5>41.28375</y5>
			<x6>155.645053</x6>
			<y6>44.916612</y6>
			<x7>162</x7>
			<y7>39.82341</y7>
			<x8>162</x8>
			<y8>11.211404</y8>
		</polygon>
	</object>
	<object>
		<name>redapple</name>
		<pose>Unspecified</pose>
		<truncated>0</truncated>
		<difficult>0</difficult>
		<occluded>0</occluded>
		<bndbox>
			<xmin>171</xmin>
			<xmax>389</xmax>
			<ymin>1</ymin>
			<ymax>222</ymax>
		</bndbox>
		<polygon>
			<x1>185.522454</x1>
			<y1>0</y1>
			<x2>169.968232</x2>
			<y2>70.021557</y2>
			<x3>169.558813</x3>
			<y3>100.44083</y3>
			<x4>173.494613</x4>
			<y4>145.24237</y4>
			<x5>184.213013</x5>
			<y5>177.12969</y5>
			<x6>220.13776000000001</x6>
			<y6>217.066517</y6>
			<x7>238.165392</x7>
			<y7>220.898409</y7>
			<x8>249.46529099999998</x8>
			<y8>215.22508</y8>
			<x9>280.906825</x9>
			<y9>212.935743</y9>
			<x10>305.97517700000003</x10>
			<y10>193.141352</y10>
			<x11>335.980637</x11>
			<y11>156.451494</y11>
			<x12>349.277327</x12>
			<y12>135.052203</y12>
			<x13>364.48476600000004</x13>
			<y13>101.497637</y13>
			<x14>379.124011</x14>
			<y14>57.952614</y14>
			<x15>385.510497</x15>
			<y15>27.906561</y15>
			<x16>388.259722</x16>
			<y16>0</y16>
			<x17>185.522454</x17>
			<y17>0</y17>
		</polygon>
	</object>
	<object>
		<name>greenapple</name>
		<pose>Unspecified</pose>
		<truncated>0</truncated>
		<difficult>0</difficult>
		<occluded>0</occluded>
		<bndbox>
			<xmin>3</xmin>
			<xmax>28</xmax>
			<ymin>251</ymin>
			<ymax>282</ymax>
		</bndbox>
		<polygon>
			<x1>22.823754</x1>
			<y1>275.93341</y1>
			<x2>26.848508</x2>
			<y2>263.330237</y2>
			<x3>21.955875</x3>
			<y3>251.523347</y3>
			<x4>13.585903</x4>
			<y4>249.744255</y4>
			<x5>4.035066</x5>
			<y5>256.686602</y5>
			<x6>1.941844</x6>
			<y6>269.700335</y6>
			<x7>4.988984</x7>
			<y7>277.525977</y7>
			<x8>15.751861</x8>
			<y8>280.710941</y8>
			<x9>22.823754</x9>
			<y9>275.93341</y9>
		</polygon>
	</object>
</annotation>
