<annotation>
	<folder></folder>
	<filename>image_75_png.rf.f2f15dcd888cdb8623c88b1c163fa8c5.jpg</filename>
	<path>image_75_png.rf.f2f15dcd888cdb8623c88b1c163fa8c5.jpg</path>
	<source>
		<database>roboflow.ai</database>
	</source>
	<size>
		<width>416</width>
		<height>416</height>
		<depth>3</depth>
	</size>
	<segmented>0</segmented>
	<object>
		<name>mango</name>
		<pose>Unspecified</pose>
		<truncated>0</truncated>
		<difficult>0</difficult>
		<occluded>0</occluded>
		<bndbox>
			<xmin>54</xmin>
			<xmax>108</xmax>
			<ymin>8</ymin>
			<ymax>69</ymax>
		</bndbox>
		<polygon>
			<x1>67.930375</x1>
			<y1>8.777692</y1>
			<x2>58.079852</x2>
			<y2>16.25495</y2>
			<x3>54.109966</x3>
			<y3>26.071216</y3>
			<x4>53.26287</x4>
			<y4>37.915445</y4>
			<x5>57.835036</x5>
			<y5>53.093994</y5>
			<x6>67.471914</x6>
			<y6>63.607029</y6>
			<x7>75.649025</x7>
			<y7>67.252395</y7>
			<x8>86.497941</x8>
			<y8>67.638119</y8>
			<x9>97.53972</x9>
			<y9>62.599384</y9>
			<x10>105.651572</x10>
			<y10>50.108228</y10>
			<x11>107.228552</x11>
			<y11>41.697834</y11>
			<x12>103.031719</x12>
			<y12>21.953285</y12>
			<x13>86.322948</x13>
			<y13>6.662718</y13>
			<x14>67.930375</x14>
			<y14>8.777692</y14>
		</polygon>
	</object>
	<object>
		<name>mango</name>
		<pose>Unspecified</pose>
		<truncated>0</truncated>
		<difficult>0</difficult>
		<occluded>0</occluded>
		<bndbox>
			<xmin>256</xmin>
			<xmax>332</xmax>
			<ymin>104</ymin>
			<ymax>181</ymax>
		</bndbox>
		<polygon>
			<x1>290.334383</x1>
			<y1>105.915602</y1>
			<x2>274.957776</x2>
			<y2>119.053685</y2>
			<x3>254.764188</x3>
			<y3>153.852263</y3>
			<x4>256.396036</x4>
			<y4>167.861307</y4>
			<x5>269.799547</x5>
			<y5>180.265453</y5>
			<x6>289.20090700000003</x6>
			<y6>179.730543</y6>
			<x7>308.709088</x7>
			<y7>170.200486</y7>
			<x8>320.1262</x8>
			<y8>160.595751</y8>
			<x9>329.997504</x9>
			<y9>140.55266</y9>
			<x10>330.941031</x10>
			<y10>125.996202</y10>
			<x11>326.637377</x11>
			<y11>115.246799</y11>
			<x12>319.479443</x12>
			<y12>106.898581</y12>
			<x13>305.142795</x13>
			<y13>102.767977</y13>
			<x14>290.334383</x14>
			<y14>105.915602</y14>
		</polygon>
	</object>
	<object>
		<name>greenapple</name>
		<pose>Unspecified</pose>
		<truncated>0</truncated>
		<difficult>0</difficult>
		<occluded>0</occluded>
		<bndbox>
			<xmin>387</xmin>
			<xmax>412</xmax>
			<ymin>70</ymin>
			<ymax>101</ymax>
		</bndbox>
		<polygon>
			<x1>410.90529000000004</x1>
			<y1>87.465417</y1>
			<x2>408.533166</x2>
			<y2>76.305454</y2>
			<x3>400.913861</x3>
			<y3>68.952547</y3>
			<x4>391.07373</x4>
			<y4>70.146887</y4>
			<x5>385.816155</x5>
			<y5>80.23686</y5>
			<x6>388.37075</x6>
			<y6>92.255282</y6>
			<x7>398.104059</x7>
			<y7>100.056087</y7>
			<x8>405.830187</x8>
			<y8>98.413848</y8>
			<x9>410.90529000000004</x9>
			<y9>87.465417</y9>
		</polygon>
	</object>
	<object>
		<name>orange</name>
		<pose>Unspecified</pose>
		<truncated>0</truncated>
		<difficult>0</difficult>
		<occluded>0</occluded>
		<bndbox>
			<xmin>11</xmin>
			<xmax>35</xmax>
			<ymin>306</ymin>
			<ymax>336</ymax>
		</bndbox>
		<polygon>
			<x1>33.598425</x1>
			<y1>325.441976</y1>
			<x2>32.331519</x2>
			<y2>313.149848</y2>
			<x3>25.81743</x3>
			<y3>304.664776</y3>
			<x4>17.082516</x4>
			<y4>304.726952</y4>
			<x5>9.624899</x5>
			<y5>310.798337</y5>
			<x6>10.15153</x6>
			<y6>325.939548</y6>
			<x7>17.309463</x7>
			<y7>334.28776600000003</y7>
			<x8>26.226848</x8>
			<y8>335.08405</y8>
			<x9>33.598425</x9>
			<y9>325.441976</y9>
		</polygon>
	</object>
	<object>
		<name>mango</name>
		<pose>Unspecified</pose>
		<truncated>0</truncated>
		<difficult>0</difficult>
		<occluded>0</occluded>
		<bndbox>
			<xmin>154</xmin>
			<xmax>232</xmax>
			<ymin>279</ymin>
			<ymax>356</ymax>
		</bndbox>
		<polygon>
			<x1>176.26328</x1>
			<y1>290.631405</y1>
			<x2>156.906397</x2>
			<y2>319.868671</y2>
			<x3>152.84008</x3>
			<y3>332.39716699999997</y3>
			<x4>157.047304</x4>
			<y4>345.858798</y4>
			<x5>173.766467</x5>
			<y5>354.866448</y5>
			<x6>193.908101</x6>
			<y6>351.482455</y6>
			<x7>216.088089</x7>
			<y7>338.69275700000003</y7>
			<x8>226.871748</x8>
			<y8>322.941958</y8>
			<x9>231.495868</x9>
			<y9>306.705922</y9>
			<x10>225.367503</x10>
			<y10>287.371933</y10>
			<x11>211.867561</x11>
			<y11>277.680017</y11>
			<x12>194.580204</x12>
			<y12>278.662826</y12>
			<x13>176.26328</x13>
			<y13>290.631405</y13>
		</polygon>
	</object>
	<object>
		<name>redapple</name>
		<pose>Unspecified</pose>
		<truncated>0</truncated>
		<difficult>0</difficult>
		<occluded>0</occluded>
		<bndbox>
			<xmin>242</xmin>
			<xmax>298</xmax>
			<ymin>233</ymin>
			<ymax>315</ymax>
		</bndbox>
		<polygon>
			<x1>241</x1>
			<y1>304.670979</y1>
			<x2>251.420127</x2>
			<y2>312.04627600000003</y2>
			<x3>261.990142</x3>
			<y3>314.285771</y3>
			<x4>283.236994</x4>
			<y4>309.769613</y4>
			<x5>294.192732</x5>
			<y5>301.16019</y5>
			<x6>297.174614</x6>
			<y6>277.198027</y6>
			<x7>295.532374</x7>
			<y7>269.471898</y7>
			<x8>289.662129</x8>
			<y8>260.849973</y8>
			<x9>266.439269</x9>
			<y9>237.074334</y9>
			<x10>250.449991</x10>
			<y10>231.500519</y10>
			<x11>241</x11>
			<y11>232.747217</y11>
			<x12>241</x12>
			<y12>304.670979</y12>
		</polygon>
	</object>
	<object>
		<name>greenapple</name>
		<pose>Unspecified</pose>
		<truncated>0</truncated>
		<difficult>0</difficult>
		<occluded>0</occluded>
		<bndbox>
			<xmin>372</xmin>
			<xmax>417</xmax>
			<ymin>225</ymin>
			<ymax>277</ymax>
		</bndbox>
		<polygon>
			<x1>376.674422</x1>
			<y1>224</y1>
			<x2>375.68949499999997</x2>
			<y2>225.516654</y2>
			<x3>374.563496</x3>
			<y3>239.214653</y3>
			<x4>371.247845</x4>
			<y4>242.61115</y4>
			<x5>375.014478</x5>
			<y5>244.502259</y5>
			<x6>378.106094</x6>
			<y6>265.378973</y6>
			<x7>393.076196</x7>
			<y7>275.655641</y7>
			<x8>412.67041800000004</x8>
			<y8>269.696272</y8>
			<x9>416</x9>
			<y9>253.89907399999998</y9>
			<x10>416</x10>
			<y10>242.102651</y10>
			<x11>413.934411</x11>
			<y11>228.154375</y11>
			<x12>408.42702299999996</x12>
			<y12>224</y12>
			<x13>376.674422</x13>
			<y13>224</y13>
		</polygon>
	</object>
	<object>
		<name>orange</name>
		<pose>Unspecified</pose>
		<truncated>0</truncated>
		<difficult>0</difficult>
		<occluded>0</occluded>
		<bndbox>
			<xmin>275</xmin>
			<xmax>327</xmax>
			<ymin>397</ymin>
			<ymax>417</ymax>
		</bndbox>
		<polygon>
			<x1>326.10889299999997</x1>
			<y1>416</y1>
			<x2>325.36118999999997</x2>
			<y2>412.97134700000004</y2>
			<x3>311.045325</x3>
			<y3>396.274908</y3>
			<x4>286.310742</x4>
			<y4>397.04618600000003</y4>
			<x5>277.565437</x5>
			<y5>403.391278</y5>
			<x6>273.624311</x6>
			<y6>416</y6>
			<x7>326.10889299999997</x7>
			<y7>416</y7>
		</polygon>
	</object>
	<object>
		<name>mango</name>
		<pose>Unspecified</pose>
		<truncated>0</truncated>
		<difficult>0</difficult>
		<occluded>0</occluded>
		<bndbox>
			<xmin>373</xmin>
			<xmax>417</xmax>
			<ymin>369</ymin>
			<ymax>417</ymax>
		</bndbox>
		<polygon>
			<x1>416</x1>
			<y1>416</y1>
			<x2>416</x2>
			<y2>377.477506</y2>
			<x3>413.23404800000003</x3>
			<y3>373.656781</y3>
			<x4>402.577993</x4>
			<y4>367.84659899999997</y4>
			<x5>391.91154700000004</x5>
			<y5>368.319334</y5>
			<x6>379.764551</x6>
			<y6>374.490233</y6>
			<x7>373.21929</x7>
			<y7>384.85391300000003</y7>
			<x8>371.814389</x8>
			<y8>400.405683</y8>
			<x9>374.00404100000003</x9>
			<y9>410.707186</y9>
			<x10>376.980796</x10>
			<y10>416</y10>
			<x11>416</x11>
			<y11>416</y11>
		</polygon>
	</object>
</annotation>
