<annotation>
	<folder></folder>
	<filename>image_223_png.rf.e9c4cc3c804fff02fc54224d1f5c690f.jpg</filename>
	<path>image_223_png.rf.e9c4cc3c804fff02fc54224d1f5c690f.jpg</path>
	<source>
		<database>roboflow.ai</database>
	</source>
	<size>
		<width>416</width>
		<height>416</height>
		<depth>3</depth>
	</size>
	<segmented>0</segmented>
	<object>
		<name>orange</name>
		<pose>Unspecified</pose>
		<truncated>0</truncated>
		<difficult>0</difficult>
		<occluded>0</occluded>
		<bndbox>
			<xmin>79</xmin>
			<xmax>135</xmax>
			<ymin>1</ymin>
			<ymax>42</ymax>
		</bndbox>
		<polygon>
			<x1>77.559641</x1>
			<y1>0</y1>
			<x2>79.611054</x2>
			<y2>20.979752</y2>
			<x3>87.048967</x3>
			<y3>34.835245</y3>
			<x4>96.311573</x4>
			<y4>40.792145</y4>
			<x5>113.330525</x5>
			<y5>41.369161</y5>
			<x6>120.463388</x6>
			<y6>37.748325</y6>
			<x7>128.143471</x7>
			<y7>27.999359</y7>
			<x8>132.492602</x8>
			<y8>14.812204</y8>
			<x9>133.556539</x9>
			<y9>0.80831</y9>
			<x10>133.421084</x10>
			<y10>0</y10>
			<x11>77.559641</x11>
			<y11>0</y11>
		</polygon>
	</object>
	<object>
		<name>greenapple</name>
		<pose>Unspecified</pose>
		<truncated>0</truncated>
		<difficult>0</difficult>
		<occluded>0</occluded>
		<bndbox>
			<xmin>197</xmin>
			<xmax>220</xmax>
			<ymin>211</ymin>
			<ymax>241</ymax>
		</bndbox>
		<polygon>
			<x1>219.347011</x1>
			<y1>230.942749</y1>
			<x2>219.133476</x2>
			<y2>218.709319</y2>
			<x3>213.110308</x3>
			<y3>210.947709</y3>
			<x4>203.285228</x4>
			<y4>210.245124</y4>
			<x5>196.24388</x5>
			<y5>219.108858</y5>
			<x6>196.457416</x6>
			<y6>231.342289</y6>
			<x7>203.149826</x7>
			<y7>239.966299</y7>
			<x8>213.613641</x8>
			<y8>239.783652</y8>
			<x9>219.347011</x9>
			<y9>230.942749</y9>
		</polygon>
	</object>
	<object>
		<name>mango</name>
		<pose>Unspecified</pose>
		<truncated>0</truncated>
		<difficult>0</difficult>
		<occluded>0</occluded>
		<bndbox>
			<xmin>225</xmin>
			<xmax>253</xmax>
			<ymin>46</ymin>
			<ymax>107</ymax>
		</bndbox>
		<polygon>
			<x1>224</x1>
			<y1>105.369455</y1>
			<x2>230.18546800000001</x2>
			<y2>106.497234</y2>
			<x3>239.934284</x3>
			<y3>102.830737</y3>
			<x4>250.808046</x4>
			<y4>88.655612</y4>
			<x5>251.704206</x5>
			<y5>65.039736</y5>
			<x6>242.289075</x6>
			<y6>50.344672</y6>
			<x7>236.326916</x7>
			<y7>46.078328</y7>
			<x8>224</x8>
			<y8>44.977915</y8>
			<x9>224</x9>
			<y9>105.369455</y9>
		</polygon>
	</object>
	<object>
		<name>redapple</name>
		<pose>Unspecified</pose>
		<truncated>0</truncated>
		<difficult>0</difficult>
		<occluded>0</occluded>
		<bndbox>
			<xmin>1</xmin>
			<xmax>23</xmax>
			<ymin>242</ymin>
			<ymax>315</ymax>
		</bndbox>
		<polygon>
			<x1>0</x1>
			<y1>241</y1>
			<x2>0</x2>
			<y2>313.58882</y2>
			<x3>0.695434</x3>
			<y3>313.576681</y3>
			<x4>13.014446</x4>
			<y4>307.243073</y4>
			<x5>21.712709</x5>
			<y5>280.868762</y5>
			<x6>17.529486</x6>
			<y6>266.082376</y6>
			<x7>1.071091</x7>
			<y7>241</y7>
			<x8>0</x8>
			<y8>241</y8>
		</polygon>
	</object>
	<object>
		<name>capsicum</name>
		<pose>Unspecified</pose>
		<truncated>0</truncated>
		<difficult>0</difficult>
		<occluded>0</occluded>
		<bndbox>
			<xmin>81</xmin>
			<xmax>103</xmax>
			<ymin>360</ymin>
			<ymax>394</ymax>
		</bndbox>
		<polygon>
			<x1>100.07491</x1>
			<y1>385.264953</y1>
			<x2>101.670815</x2>
			<y2>364.259112</y2>
			<x3>97.65537</x3>
			<y3>359.084705</y3>
			<x4>87.845543</x4>
			<y4>359.255936</y4>
			<x5>80.073944</x5>
			<y5>363.762003</y5>
			<x6>79.648743</x6>
			<y6>376.880666</y6>
			<x7>83.816715</x7>
			<y7>390.793237</y7>
			<x8>93.672298</x8>
			<y8>393.24345600000004</y8>
			<x9>100.07491</x9>
			<y9>385.264953</y9>
		</polygon>
	</object>
</annotation>
