<annotation>
	<folder></folder>
	<filename>image_178_png.rf.c41ea7b1880d6b4054659cbd644c3e8e.jpg</filename>
	<path>image_178_png.rf.c41ea7b1880d6b4054659cbd644c3e8e.jpg</path>
	<source>
		<database>roboflow.ai</database>
	</source>
	<size>
		<width>416</width>
		<height>416</height>
		<depth>3</depth>
	</size>
	<segmented>0</segmented>
	<object>
		<name>orange</name>
		<pose>Unspecified</pose>
		<truncated>0</truncated>
		<difficult>0</difficult>
		<occluded>0</occluded>
		<bndbox>
			<xmin>63</xmin>
			<xmax>86</xmax>
			<ymin>161</ymin>
			<ymax>190</ymax>
		</bndbox>
		<polygon>
			<x1>85.149719</x1>
			<y1>179.337886</y1>
			<x2>84.706028</x2>
			<y2>167.04135</y2>
			<x3>79.563542</x3>
			<y3>159.929421</y3>
			<x4>71.007883</x4>
			<y4>159.780082</y4>
			<x5>63.676579</x5>
			<y5>164.918738</y5>
			<x6>62.115253</x6>
			<y6>178.935818</y6>
			<x7>68.528044</x7>
			<y7>188.703232</y7>
			<x8>79.058085</x8>
			<y8>188.887035</y8>
			<x9>85.149719</x9>
			<y9>179.337886</y9>
		</polygon>
	</object>
	<object>
		<name>mango</name>
		<pose>Unspecified</pose>
		<truncated>0</truncated>
		<difficult>0</difficult>
		<occluded>0</occluded>
		<bndbox>
			<xmin>236</xmin>
			<xmax>265</xmax>
			<ymin>150</ymin>
			<ymax>190</ymax>
		</bndbox>
		<polygon>
			<x1>248.705104</x1>
			<y1>189.15441</y1>
			<x2>257.949524</x2>
			<y2>187.56023</y2>
			<x3>263.995208</x3>
			<y3>180.643591</y3>
			<x4>262.969973</x4>
			<y4>163.94805</y4>
			<x5>258.531566</x5>
			<y5>154.215099</y5>
			<x6>246.77717</x6>
			<y6>148.7433</y6>
			<x7>236.721454</x7>
			<y7>159.101027</y7>
			<x8>235.190762</x8>
			<y8>171.3631</y8>
			<x9>243.486034</x9>
			<y9>186.429998</y9>
			<x10>248.705104</x10>
			<y10>189.15441</y10>
		</polygon>
	</object>
	<object>
		<name>orange</name>
		<pose>Unspecified</pose>
		<truncated>0</truncated>
		<difficult>0</difficult>
		<occluded>0</occluded>
		<bndbox>
			<xmin>251</xmin>
			<xmax>274</xmax>
			<ymin>14</ymin>
			<ymax>45</ymax>
		</bndbox>
		<polygon>
			<x1>255.227105</x1>
			<y1>41.802754</y1>
			<x2>264.410258</x2>
			<y2>43.718589</y2>
			<x3>272.445641</x3>
			<y3>35.958909</y3>
			<x4>273.348839</x4>
			<y4>21.930341</y4>
			<x5>270.165419</x5>
			<y5>15.730378</y5>
			<x6>261.655711</x6>
			<y6>12.948529</y6>
			<x7>252.674483</x7>
			<y7>14.69537</y7>
			<x8>249.883423</x8>
			<y8>23.780982</y8>
			<x9>250.115253</x9>
			<y9>32.935818</y9>
			<x10>255.227105</x10>
			<y10>41.802754</y10>
		</polygon>
	</object>
	<object>
		<name>redapple</name>
		<pose>Unspecified</pose>
		<truncated>0</truncated>
		<difficult>0</difficult>
		<occluded>0</occluded>
		<bndbox>
			<xmin>184</xmin>
			<xmax>211</xmax>
			<ymin>221</ymin>
			<ymax>289</ymax>
		</bndbox>
		<polygon>
			<x1>183</x1>
			<y1>220</y1>
			<x2>183</x2>
			<y2>288.292301</y2>
			<x3>185.406226</x3>
			<y3>288.445055</y3>
			<x4>200.665697</x4>
			<y4>281.68924400000003</y4>
			<x5>209.650228</x5>
			<y5>257.268487</y5>
			<x6>207.27810399999998</x6>
			<y6>242.304977</y6>
			<x7>193.418383</x7>
			<y7>220</y7>
			<x8>183</x8>
			<y8>220</y8>
		</polygon>
	</object>
	<object>
		<name>mango</name>
		<pose>Unspecified</pose>
		<truncated>0</truncated>
		<difficult>0</difficult>
		<occluded>0</occluded>
		<bndbox>
			<xmin>265</xmin>
			<xmax>348</xmax>
			<ymin>221</ymin>
			<ymax>283</ymax>
		</bndbox>
		<polygon>
			<x1>297.449079</x1>
			<y1>220</y1>
			<x2>291.212597</x2>
			<y2>223.58133</y2>
			<x3>267.060497</x3>
			<y3>249.492878</y3>
			<x4>264.1676</x4>
			<y4>264.364487</y4>
			<x5>270.549756</x5>
			<y5>275.886908</y5>
			<x6>284.263218</x6>
			<y6>282.270673</y6>
			<x7>305.99674500000003</x7>
			<y7>281.772263</y7>
			<x8>326.55187</x8>
			<y8>273.353346</y8>
			<x9>341.321697</x9>
			<y9>256.933508</y9>
			<x10>346.83178799999996</x10>
			<y10>242.985354</y10>
			<x11>344.490299</x11>
			<y11>226.266838</y11>
			<x12>338.006477</x12>
			<y12>220</y12>
			<x13>297.449079</x13>
			<y13>220</y13>
		</polygon>
	</object>
</annotation>
