<annotation>
	<folder></folder>
	<filename>image_44_png.rf.dbc181b88c40c52a5b30377ebf0752a5.jpg</filename>
	<path>image_44_png.rf.dbc181b88c40c52a5b30377ebf0752a5.jpg</path>
	<source>
		<database>roboflow.ai</database>
	</source>
	<size>
		<width>416</width>
		<height>416</height>
		<depth>3</depth>
	</size>
	<segmented>0</segmented>
	<object>
		<name>capsicum</name>
		<pose>Unspecified</pose>
		<truncated>0</truncated>
		<difficult>0</difficult>
		<occluded>0</occluded>
		<bndbox>
			<xmin>69</xmin>
			<xmax>196</xmax>
			<ymin>1</ymin>
			<ymax>277</ymax>
		</bndbox>
		<polygon>
			<x1>153.211038</x1>
			<y1>0</y1>
			<x2>152.023697</x2>
			<y2>4.536444</y2>
			<x3>156.328658</x3>
			<y3>15.405753</y3>
			<x4>154.773767</x4>
			<y4>21.604191</y4>
			<x5>138.607479</x5>
			<y5>24.612644</y5>
			<x6>128.674901</x6>
			<y6>21.586046</y6>
			<x7>102.544879</x7>
			<y7>22.460062</y7>
			<x8>84.69908</x8>
			<y8>35.235593</y8>
			<x9>76.692396</x9>
			<y9>53.714202</y9>
			<x10>71.203548</x10>
			<y10>76.746975</y10>
			<x11>68.153222</x11>
			<y11>125.769096</y11>
			<x12>79.060041</x12>
			<y12>196.716562</y12>
			<x13>94.274676</x13>
			<y13>240.123773</y13>
			<x14>103.833396</x14>
			<y14>253.856291</y14>
			<x15>115.553099</x15>
			<y15>263.198032</y15>
			<x16>163.304246</x16>
			<y16>275.584515</y16>
			<x17>173.423754</x17>
			<y17>273.258153</y17>
			<x18>182.393385</x18>
			<y18>265.532147</y18>
			<x19>195</x19>
			<y19>252.009822</y19>
			<x20>195</x20>
			<y20>31.941402</y20>
			<x21>181.866736</x21>
			<y21>31.482778</y21>
			<x22>171.359219</x22>
			<y22>25.75636</y22>
			<x23>167.396962</x23>
			<y23>5.073291</y23>
			<x24>163.505148</x24>
			<y24>0</y24>
			<x25>153.211038</x25>
			<y25>0</y25>
		</polygon>
	</object>
	<object>
		<name>redapple</name>
		<pose>Unspecified</pose>
		<truncated>0</truncated>
		<difficult>0</difficult>
		<occluded>0</occluded>
		<bndbox>
			<xmin>233</xmin>
			<xmax>305</xmax>
			<ymin>81</ymin>
			<ymax>168</ymax>
		</bndbox>
		<polygon>
			<x1>283.00816</x1>
			<y1>88.97276</y1>
			<x2>267.91528900000003</x2>
			<y2>80.406473</y2>
			<x3>255.884038</x3>
			<y3>79.986332</y3>
			<x4>246.308313</x4>
			<y4>85.904677</y4>
			<x5>232.86094</x5>
			<y5>106.873036</y5>
			<x6>231.56944</x6>
			<y6>124.692896</y6>
			<x7>235.11253299999998</x7>
			<y7>138.215344</y7>
			<x8>245.215035</x8>
			<y8>155.539843</y8>
			<x9>256.965892</x9>
			<y9>163.989424</y9>
			<x10>280.297683</x10>
			<y10>166.590684</y10>
			<x11>291.816306</x11>
			<y11>162.526684</y11>
			<x12>295.982498</x12>
			<y12>158.20593</y12>
			<x13>297.693163</x13>
			<y13>147.546692</y13>
			<x14>304.082648</x14>
			<y14>137.050841</y14>
			<x15>302.607072</x15>
			<y15>121.814097</y15>
			<x16>283.00816</x16>
			<y16>88.97276</y16>
		</polygon>
	</object>
	<object>
		<name>orange</name>
		<pose>Unspecified</pose>
		<truncated>0</truncated>
		<difficult>0</difficult>
		<occluded>0</occluded>
		<bndbox>
			<xmin>396</xmin>
			<xmax>417</xmax>
			<ymin>1</ymin>
			<ymax>48</ymax>
		</bndbox>
		<polygon>
			<x1>416</x1>
			<y1>0</y1>
			<x2>396.04477199999997</x2>
			<y2>0</y2>
			<x3>394.824081</x3>
			<y3>10.698641</y3>
			<x4>398.755183</x4>
			<y4>32.27387</y4>
			<x5>406.402158</x5>
			<y5>43.259884</y5>
			<x6>414.966776</x6>
			<y6>47.13196</y6>
			<x7>416</x7>
			<y7>46.960297</y7>
			<x8>416</x8>
			<y8>0</y8>
		</polygon>
	</object>
	<object>
		<name>greenapple</name>
		<pose>Unspecified</pose>
		<truncated>0</truncated>
		<difficult>0</difficult>
		<occluded>0</occluded>
		<bndbox>
			<xmin>361</xmin>
			<xmax>383</xmax>
			<ymin>79</ymin>
			<ymax>110</ymax>
		</bndbox>
		<polygon>
			<x1>376.692177</x1>
			<y1>108.322741</y1>
			<x2>382.257485</x2>
			<y2>102.26435</y2>
			<x3>380.23812599999997</x3>
			<y3>83.435625</y3>
			<x4>372.404221</x4>
			<y4>77.802571</y4>
			<x5>364.92717</x5>
			<y5>81.114458</y5>
			<x6>359.96795599999996</x6>
			<y6>88.980511</y6>
			<x7>361.474686</x7>
			<y7>103.325095</y7>
			<x8>367.303382</x8>
			<y8>108.888125</y8>
			<x9>376.692177</x9>
			<y9>108.322741</y9>
		</polygon>
	</object>
</annotation>
