<annotation>
	<folder></folder>
	<filename>image_27_png.rf.983baa45e327d6d2adb001985dd999f3.jpg</filename>
	<path>image_27_png.rf.983baa45e327d6d2adb001985dd999f3.jpg</path>
	<source>
		<database>roboflow.ai</database>
	</source>
	<size>
		<width>416</width>
		<height>416</height>
		<depth>3</depth>
	</size>
	<segmented>0</segmented>
	<object>
		<name>mango</name>
		<pose>Unspecified</pose>
		<truncated>0</truncated>
		<difficult>0</difficult>
		<occluded>0</occluded>
		<bndbox>
			<xmin>134</xmin>
			<xmax>144</xmax>
			<ymin>14</ymin>
			<ymax>59</ymax>
		</bndbox>
		<polygon>
			<x1>133</x1>
			<y1>58.372079</y1>
			<x2>138.474235</x2>
			<y2>53.033196</y2>
			<x3>142.32159000000001</x3>
			<y3>43.898906</y3>
			<x4>142.7543</x4>
			<y4>29.25762</y4>
			<x5>139.341746</x5>
			<y5>18.300079</y5>
			<x6>133</x6>
			<y6>12.641573</y6>
			<x7>133</x7>
			<y7>58.372079</y7>
		</polygon>
	</object>
	<object>
		<name>orange</name>
		<pose>Unspecified</pose>
		<truncated>0</truncated>
		<difficult>0</difficult>
		<occluded>0</occluded>
		<bndbox>
			<xmin>265</xmin>
			<xmax>322</xmax>
			<ymin>1</ymin>
			<ymax>40</ymax>
		</bndbox>
		<polygon>
			<x1>263.51487499999996</x1>
			<y1>0</y1>
			<x2>265.508331</x2>
			<y2>11.187101</y2>
			<x3>271.695871</x3>
			<y3>25.086111</y3>
			<x4>281.08797400000003</x4>
			<y4>35.461121</y4>
			<x5>291.550353</x5>
			<y5>39.210918</y5>
			<x6>313.54852800000003</x6>
			<y6>31.909483</y6>
			<x7>318.03554099999997</x7>
			<y7>25.34072</y7>
			<x8>321.244283</x8>
			<y8>10.915629</y8>
			<x9>320.597433</x9>
			<y9>0</y9>
			<x10>263.51487499999996</x10>
			<y10>0</y10>
		</polygon>
	</object>
	<object>
		<name>redapple</name>
		<pose>Unspecified</pose>
		<truncated>0</truncated>
		<difficult>0</difficult>
		<occluded>0</occluded>
		<bndbox>
			<xmin>275</xmin>
			<xmax>345</xmax>
			<ymin>77</ymin>
			<ymax>158</ymax>
		</bndbox>
		<polygon>
			<x1>313.530758</x1>
			<y1>78.239123</y1>
			<x2>299.43737699999997</x2>
			<y2>76.302972</y2>
			<x3>285.341906</x3>
			<y3>79.817368</y3>
			<x4>277.651378</x4>
			<y4>87.184857</y4>
			<x5>273.800886</x5>
			<y5>104.494966</y5>
			<x6>275.499323</x6>
			<y6>130.413284</y6>
			<x7>281.260426</x7>
			<y7>142.601941</y7>
			<x8>291.72071600000004</x8>
			<y8>151.802285</y8>
			<x9>307.307675</x9>
			<y9>156.999393</y9>
			<x10>324.179178</x10>
			<y10>153.701192</y10>
			<x11>340.413114</x11>
			<y11>142.386919</y11>
			<x12>343.192282</x12>
			<y12>134.427294</y12>
			<x13>343.628128</x13>
			<y13>111.61019</y13>
			<x14>342.563077</x14>
			<y14>104.609038</y14>
			<x15>337.014149</x15>
			<y15>96.000829</y15>
			<x16>313.530758</x16>
			<y16>78.239123</y16>
		</polygon>
	</object>
	<object>
		<name>greenapple</name>
		<pose>Unspecified</pose>
		<truncated>0</truncated>
		<difficult>0</difficult>
		<occluded>0</occluded>
		<bndbox>
			<xmin>325</xmin>
			<xmax>369</xmax>
			<ymin>227</ymin>
			<ymax>289</ymax>
		</bndbox>
		<polygon>
			<x1>326.069929</x1>
			<y1>234.980145</y1>
			<x2>323.715109</x2>
			<y2>250.100666</y2>
			<x3>327.122436</x3>
			<y3>274.684572</y3>
			<x4>336.514538</x4>
			<y4>285.059582</y4>
			<x5>344.62837</x5>
			<y5>287.578265</y5>
			<x6>364.06373099999996</x6>
			<y6>280.91581</y6>
			<x7>367.483602</x7>
			<y7>272.796441</y7>
			<x8>367.916313</x8>
			<y8>258.155155</y8>
			<x9>364.72011399999997</x9>
			<y9>239.87697</y9>
			<x10>358.102999</x10>
			<y10>232.443428</y10>
			<x11>346.360257</x11>
			<y11>226.287848</y11>
			<x12>331.19764499999997</x12>
			<y12>228.251638</y12>
			<x13>326.069929</x13>
			<y13>234.980145</y13>
		</polygon>
	</object>
	<object>
		<name>greenapple</name>
		<pose>Unspecified</pose>
		<truncated>0</truncated>
		<difficult>0</difficult>
		<occluded>0</occluded>
		<bndbox>
			<xmin>33</xmin>
			<xmax>59</xmax>
			<ymin>360</ymin>
			<ymax>392</ymax>
		</bndbox>
		<polygon>
			<x1>58.110832</x1>
			<y1>379.145208</y1>
			<x2>55.338981</x2>
			<y2>368.027921</y2>
			<x3>47.654724</x3>
			<y3>359.043772</y3>
			<x4>38.25844</x4>
			<y4>359.569854</y4>
			<x5>31.635053</x5>
			<y5>368.48795</y5>
			<x6>35.045517</x6>
			<y6>384.896036</y6>
			<x7>43.371522</x7>
			<y7>390.99516800000004</y7>
			<x8>52.341367</x8>
			<y8>388.758734</y8>
			<x9>58.110832</x9>
			<y9>379.145208</y9>
		</polygon>
	</object>
	<object>
		<name>mango</name>
		<pose>Unspecified</pose>
		<truncated>0</truncated>
		<difficult>0</difficult>
		<occluded>0</occluded>
		<bndbox>
			<xmin>134</xmin>
			<xmax>155</xmax>
			<ymin>304</ymin>
			<ymax>354</ymax>
		</bndbox>
		<polygon>
			<x1>133</x1>
			<y1>303</y1>
			<x2>133</x2>
			<y2>353.224175</y2>
			<x3>139.442708</x3>
			<y3>349.039225</y3>
			<x4>151.62234</x4>
			<y4>329.652428</y4>
			<x5>154.405689</x5>
			<y5>310.791712</y5>
			<x6>151.615148</x6>
			<y6>303</y6>
			<x7>133</x7>
			<y7>303</y7>
		</polygon>
	</object>
	<object>
		<name>greenapple</name>
		<pose>Unspecified</pose>
		<truncated>0</truncated>
		<difficult>0</difficult>
		<occluded>0</occluded>
		<bndbox>
			<xmin>237</xmin>
			<xmax>262</xmax>
			<ymin>390</ymin>
			<ymax>417</ymax>
		</bndbox>
		<polygon>
			<x1>257.57883400000003</x1>
			<y1>416</y1>
			<x2>261.141822</x2>
			<y2>408.621634</y2>
			<x3>258.369971</x3>
			<y3>397.504347</y3>
			<x4>250.045011</x4>
			<y4>388.679944</y4>
			<x5>242.143353</x5>
			<y5>389.741711</y5>
			<x6>235.51891999999998</x6>
			<y6>401.385079</y6>
			<x7>238.290771</x7>
			<y7>412.502366</y7>
			<x8>241.780722</x8>
			<y8>416</y8>
			<x9>257.57883400000003</x9>
			<y9>416</y9>
		</polygon>
	</object>
	<object>
		<name>redapple</name>
		<pose>Unspecified</pose>
		<truncated>0</truncated>
		<difficult>0</difficult>
		<occluded>0</occluded>
		<bndbox>
			<xmin>386</xmin>
			<xmax>417</xmax>
			<ymin>342</ymin>
			<ymax>412</ymax>
		</bndbox>
		<polygon>
			<x1>416</x1>
			<y1>340.548573</y1>
			<x2>402.109072</x2>
			<y2>340.774404</y2>
			<x3>386.94332399999996</x3>
			<y3>350.914011</y3>
			<x4>384.803814</x4>
			<y4>361.439162</y4>
			<x5>386.933916</x5>
			<y5>375.441467</y5>
			<x6>393.547896</x6>
			<y6>391.050828</y6>
			<x7>408.275706</x7>
			<y7>409.178871</y7>
			<x8>416</x8>
			<y8>410.666829</y8>
			<x9>416</x9>
			<y9>340.548573</y9>
		</polygon>
	</object>
</annotation>
