<annotation>
	<folder></folder>
	<filename>image_113_png.rf.2ebdd7a8566c691e12120f0fac7509f2.jpg</filename>
	<path>image_113_png.rf.2ebdd7a8566c691e12120f0fac7509f2.jpg</path>
	<source>
		<database>roboflow.ai</database>
	</source>
	<size>
		<width>416</width>
		<height>416</height>
		<depth>3</depth>
	</size>
	<segmented>0</segmented>
	<object>
		<name>mango</name>
		<pose>Unspecified</pose>
		<truncated>0</truncated>
		<difficult>0</difficult>
		<occluded>0</occluded>
		<bndbox>
			<xmin>167</xmin>
			<xmax>373</xmax>
			<ymin>1</ymin>
			<ymax>134</ymax>
		</bndbox>
		<polygon>
			<x1>169.405673</x1>
			<y1>0</y1>
			<x2>166</x2>
			<y2>2.539129</y2>
			<x3>166</x3>
			<y3>133</y3>
			<x4>291.950641</x4>
			<y4>133</y4>
			<x5>308.05346</x5>
			<y5>125.958202</y5>
			<x6>336.30122</x6>
			<y6>105.528766</y6>
			<x7>354.81559</x7>
			<y7>86.136025</y7>
			<x8>364.956873</x8>
			<y8>71.223431</y8>
			<x9>370.503474</x9>
			<y9>53.790642</y9>
			<x10>371.56126900000004</x10>
			<y10>39.903399</y10>
			<x11>369.067051</x11>
			<y11>8.742183</y11>
			<x12>364.900524</x12>
			<y12>0</y12>
			<x13>169.405673</x13>
			<y13>0</y13>
		</polygon>
	</object>
	<object>
		<name>orange</name>
		<pose>Unspecified</pose>
		<truncated>0</truncated>
		<difficult>0</difficult>
		<occluded>0</occluded>
		<bndbox>
			<xmin>106</xmin>
			<xmax>159</xmax>
			<ymin>145</ymin>
			<ymax>219</ymax>
		</bndbox>
		<polygon>
			<x1>143.834956</x1>
			<y1>145.149577</y1>
			<x2>126.257378</x2>
			<y2>143.722796</y2>
			<x3>114.000012</x3>
			<y3>149.137542</y3>
			<x4>106.428081</x4>
			<y4>162.27169</y4>
			<x5>104.614507</x5>
			<y5>170.104535</y5>
			<x6>105.68792</x6>
			<y6>194.35616199999998</y6>
			<x7>109.768831</x7>
			<y7>204.686513</y7>
			<x8>121.013778</x8>
			<y8>215.75861500000002</y8>
			<x9>132.107471</x9>
			<y9>218.16537</y9>
			<x10>143.775439</x10>
			<y10>216.228107</y10>
			<x11>153.99235</x11>
			<y11>205.648186</y11>
			<x12>158.360152</x12>
			<y12>195.170361</y12>
			<x13>157.815637</x13>
			<y13>163.975113</y13>
			<x14>153.764976</x14>
			<y14>155.377832</y14>
			<x15>143.834956</x15>
			<y15>145.149577</y15>
		</polygon>
	</object>
	<object>
		<name>orange</name>
		<pose>Unspecified</pose>
		<truncated>0</truncated>
		<difficult>0</difficult>
		<occluded>0</occluded>
		<bndbox>
			<xmin>167</xmin>
			<xmax>202</xmax>
			<ymin>134</ymin>
			<ymax>173</ymax>
		</bndbox>
		<polygon>
			<x1>166</x1>
			<y1>133</y1>
			<x2>166</x2>
			<y2>171.533133</y2>
			<x3>166.564819</x3>
			<y3>171.873938</y3>
			<x4>187.316274</x4>
			<y4>168.911324</y4>
			<x5>196.233383</x5>
			<y5>158.354091</y5>
			<x6>199.936159</x6>
			<y6>147.021075</y6>
			<x7>200.605076</x7>
			<y7>133</y7>
			<x8>166</x8>
			<y8>133</y8>
		</polygon>
	</object>
</annotation>
