<annotation>
	<folder></folder>
	<filename>image_129_png.rf.b7c3d002082eb7c8faaed9703339ff64.jpg</filename>
	<path>image_129_png.rf.b7c3d002082eb7c8faaed9703339ff64.jpg</path>
	<source>
		<database>roboflow.ai</database>
	</source>
	<size>
		<width>416</width>
		<height>416</height>
		<depth>3</depth>
	</size>
	<segmented>0</segmented>
	<object>
		<name>greenapple</name>
		<pose>Unspecified</pose>
		<truncated>0</truncated>
		<difficult>0</difficult>
		<occluded>0</occluded>
		<bndbox>
			<xmin>141</xmin>
			<xmax>163</xmax>
			<ymin>217</ymin>
			<ymax>242</ymax>
		</bndbox>
		<polygon>
			<x1>159.632065</x1>
			<y1>241</y1>
			<x2>161.958984</x2>
			<y2>238.004559</y2>
			<x3>162.205093</x3>
			<y3>223.905013</y3>
			<x4>156.386195</x4>
			<y4>216.751522</y4>
			<x5>147.818757</x5>
			<y5>215.720486</y5>
			<x6>141.108915</x6>
			<y6>221.773798</y6>
			<x7>139.542373</x7>
			<y7>235.850297</y7>
			<x8>143.262031</x8>
			<y8>241</y8>
			<x9>159.632065</x9>
			<y9>241</y9>
		</polygon>
	</object>
	<object>
		<name>orange</name>
		<pose>Unspecified</pose>
		<truncated>0</truncated>
		<difficult>0</difficult>
		<occluded>0</occluded>
		<bndbox>
			<xmin>263</xmin>
			<xmax>286</xmax>
			<ymin>33</ymin>
			<ymax>64</ymax>
		</bndbox>
		<polygon>
			<x1>283.431259</x1>
			<y1>56.021715</y1>
			<x2>284.98242</x2>
			<y2>42.826438</y2>
			<x3>281.819772</x3>
			<y3>34.837822</y3>
			<x4>272.622881</x4>
			<y4>32.032819</y4>
			<x5>262.596573</x5>
			<y5>38.90973</y5>
			<x6>261.705629</x6>
			<y6>52.116532</y6>
			<x7>265.528495</x7>
			<y7>60.116672</y7>
			<x8>276.706037</x8>
			<y8>62.956247</y8>
			<x9>283.431259</x9>
			<y9>56.021715</y9>
		</polygon>
	</object>
	<object>
		<name>mango</name>
		<pose>Unspecified</pose>
		<truncated>0</truncated>
		<difficult>0</difficult>
		<occluded>0</occluded>
		<bndbox>
			<xmin>391</xmin>
			<xmax>417</xmax>
			<ymin>206</ymin>
			<ymax>242</ymax>
		</bndbox>
		<polygon>
			<x1>416</x1>
			<y1>241</y1>
			<x2>416</x2>
			<y2>205.454978</y2>
			<x3>410.280395</x3>
			<y3>204.563246</y3>
			<x4>399.624633</x4>
			<y4>209.66619</y4>
			<x5>394.895443</x5>
			<y5>215.754073</y5>
			<x6>389.981671</x6>
			<y6>232.416617</y6>
			<x7>391.18237899999997</x7>
			<y7>241</y7>
			<x8>416</x8>
			<y8>241</y8>
		</polygon>
	</object>
	<object>
		<name>orange</name>
		<pose>Unspecified</pose>
		<truncated>0</truncated>
		<difficult>0</difficult>
		<occluded>0</occluded>
		<bndbox>
			<xmin>238</xmin>
			<xmax>279</xmax>
			<ymin>270</ymin>
			<ymax>343</ymax>
		</bndbox>
		<polygon>
			<x1>237</x1>
			<y1>338.40314</y1>
			<x2>241.771817</x2>
			<y2>341.70953</y2>
			<x3>263.589739</x3>
			<y3>340.327383</y3>
			<x4>272.326376</x4>
			<y4>331.664979</y4>
			<x5>276.456877</x5>
			<y5>322.040685</y5>
			<x6>278.28490899999997</x6>
			<y6>292.98341700000003</y6>
			<x7>266.754786</x7>
			<y7>272.507884</y7>
			<x8>245.013775</x8>
			<y8>269.483923</y8>
			<x9>237</x9>
			<y9>272.883095</y9>
			<x10>237</x10>
			<y10>338.40314</y10>
		</polygon>
	</object>
	<object>
		<name>greenapple</name>
		<pose>Unspecified</pose>
		<truncated>0</truncated>
		<difficult>0</difficult>
		<occluded>0</occluded>
		<bndbox>
			<xmin>341</xmin>
			<xmax>364</xmax>
			<ymin>242</ymin>
			<ymax>265</ymax>
		</bndbox>
		<polygon>
			<x1>341.45574999999997</x1>
			<y1>241</y1>
			<x2>341.26820399999997</x2>
			<y2>241.193383</y2>
			<x3>340.37726</x3>
			<y3>254.400185</y3>
			<x4>347.470447</x4>
			<y4>264.22039</y4>
			<x5>356.713484</x5>
			<y5>264.381727</y5>
			<x6>363.484852</x6>
			<y6>254.803529</y6>
			<x7>363.03998</x7>
			<y7>242.454901</y7>
			<x8>361.989097</x8>
			<y8>241</y8>
			<x9>341.45574999999997</x9>
			<y9>241</y9>
		</polygon>
	</object>
</annotation>
