<annotation>
	<folder></folder>
	<filename>image_140_png.rf.afff3c8d2fd8cd1900c288935fe7e743.jpg</filename>
	<path>image_140_png.rf.afff3c8d2fd8cd1900c288935fe7e743.jpg</path>
	<source>
		<database>roboflow.ai</database>
	</source>
	<size>
		<width>416</width>
		<height>416</height>
		<depth>3</depth>
	</size>
	<segmented>0</segmented>
	<object>
		<name>greenapple</name>
		<pose>Unspecified</pose>
		<truncated>0</truncated>
		<difficult>0</difficult>
		<occluded>0</occluded>
		<bndbox>
			<xmin>41</xmin>
			<xmax>85</xmax>
			<ymin>1</ymin>
			<ymax>48</ymax>
		</bndbox>
		<polygon>
			<x1>44.08982</x1>
			<y1>0</y1>
			<x2>40.225583</x2>
			<y2>9.611597</y2>
			<x3>41.052569</x3>
			<y3>33.293365</y3>
			<x4>47.967758</x4>
			<y4>42.711774</y4>
			<x5>55.356999</x5>
			<y5>46.844596</y5>
			<x6>74.37272</x6>
			<y6>44.424208</y6>
			<x7>79.451561</x7>
			<y7>38.977819</y7>
			<x8>82.969715</x8>
			<y8>26.560553</y8>
			<x9>84.146838</x9>
			<y9>3.686972</y9>
			<x10>81.65944</x10>
			<y10>0</y10>
			<x11>44.08982</x11>
			<y11>0</y11>
		</polygon>
	</object>
	<object>
		<name>mango</name>
		<pose>Unspecified</pose>
		<truncated>0</truncated>
		<difficult>0</difficult>
		<occluded>0</occluded>
		<bndbox>
			<xmin>9</xmin>
			<xmax>37</xmax>
			<ymin>109</ymin>
			<ymax>134</ymax>
		</bndbox>
		<polygon>
			<x1>34.959865</x1>
			<y1>133</y1>
			<x2>35.594358</x2>
			<y2>122.17935</y2>
			<x3>28.617911</x3>
			<y3>111.006736</y3>
			<x4>18.627992</x4>
			<y4>107.842904</y4>
			<x5>9.03625</x5>
			<y5>116.081403</y5>
			<x6>8.149404</x6>
			<y6>128.406782</y6>
			<x7>11.624741</x7>
			<y7>133</y7>
			<x8>34.959865</x8>
			<y8>133</y8>
		</polygon>
	</object>
	<object>
		<name>mango</name>
		<pose>Unspecified</pose>
		<truncated>0</truncated>
		<difficult>0</difficult>
		<occluded>0</occluded>
		<bndbox>
			<xmin>1</xmin>
			<xmax>38</xmax>
			<ymin>171</ymin>
			<ymax>234</ymax>
		</bndbox>
		<polygon>
			<x1>0</x1>
			<y1>229.315449</y1>
			<x2>8.104039</x2>
			<y2>232.95101599999998</y2>
			<x3>16.655788</x3>
			<y3>232.652382</y3>
			<x4>28.940095</x4>
			<y4>226.076201</y4>
			<x5>33.957678</x5>
			<y5>218.875607</y5>
			<x6>37.445202</x6>
			<y6>205.58123799999998</y6>
			<x7>37.047024</x7>
			<y7>194.178905</y7>
			<x8>32.044058</x8>
			<y8>182.937375</y8>
			<x9>23.155388</x9>
			<y9>173.587882</y9>
			<x10>14.450494</x10>
			<y10>169.501003</y10>
			<x11>4.58309</x11>
			<y11>169.84557999999998</y11>
			<x12>0</x12>
			<y12>171.945805</y12>
			<x13>0</x13>
			<y13>229.315449</y13>
		</polygon>
	</object>
	<object>
		<name>greenapple</name>
		<pose>Unspecified</pose>
		<truncated>0</truncated>
		<difficult>0</difficult>
		<occluded>0</occluded>
		<bndbox>
			<xmin>129</xmin>
			<xmax>152</xmax>
			<ymin>136</ymin>
			<ymax>166</ymax>
		</bndbox>
		<polygon>
			<x1>151.002821</x1>
			<y1>156.828942</y1>
			<x2>147.82019</x2>
			<y2>141.132985</y2>
			<x3>143.000998</x3>
			<y3>135.15407</y3>
			<x4>136.422729</x4>
			<y4>135.383788</y4>
			<x5>127.550073</x5>
			<y5>145.353521</y5>
			<x6>128.636707</x6>
			<y6>157.609984</y6>
			<x7>134.174984</x7>
			<y7>165.320132</y7>
			<x8>145.358041</x8>
			<y8>164.929611</y8>
			<x9>151.002821</x9>
			<y9>156.828942</y9>
		</polygon>
	</object>
	<object>
		<name>capsicum</name>
		<pose>Unspecified</pose>
		<truncated>0</truncated>
		<difficult>0</difficult>
		<occluded>0</occluded>
		<bndbox>
			<xmin>377</xmin>
			<xmax>408</xmax>
			<ymin>166</ymin>
			<ymax>222</ymax>
		</bndbox>
		<polygon>
			<x1>375.70851600000003</x1>
			<y1>177.044823</y1>
			<x2>375.847045</x2>
			<y2>199.872459</y2>
			<x3>379.62624500000004</x3>
			<y3>213.791241</y3>
			<x4>384.476066</x4>
			<y4>220.647258</y4>
			<x5>398.321059</x5>
			<y5>221.04195199999998</y5>
			<x6>404.593038</x6>
			<y6>212.04120799999998</y6>
			<x7>406.85679600000003</x7>
			<y7>201.424092</y7>
			<x8>407.37609299999997</x8>
			<y8>178.573482</y8>
			<x9>403.122841</x9>
			<y9>169.940289</y9>
			<x10>388.46687499999996</x10>
			<y10>165.183053</y10>
			<x11>386.677169</x11>
			<y11>170.514584</y11>
			<x12>375.70851600000003</x12>
			<y12>177.044823</y12>
		</polygon>
	</object>
</annotation>
