<annotation>
	<folder></folder>
	<filename>image_163_png.rf.27733f3db0829a47ab1598a35708762d.jpg</filename>
	<path>image_163_png.rf.27733f3db0829a47ab1598a35708762d.jpg</path>
	<source>
		<database>roboflow.ai</database>
	</source>
	<size>
		<width>416</width>
		<height>416</height>
		<depth>3</depth>
	</size>
	<segmented>0</segmented>
	<object>
		<name>greenapple</name>
		<pose>Unspecified</pose>
		<truncated>0</truncated>
		<difficult>0</difficult>
		<occluded>0</occluded>
		<bndbox>
			<xmin>44</xmin>
			<xmax>71</xmax>
			<ymin>112</ymin>
			<ymax>145</ymax>
		</bndbox>
		<polygon>
			<x1>68.457589</x1>
			<y1>136.276816</y1>
			<x2>69.869402</x2>
			<y2>122.844312</y2>
			<x3>63.422733</x3>
			<y3>113.112812</y3>
			<x4>55.457352</x4>
			<y4>111.370224</y4>
			<x5>45.973257</x5>
			<y5>117.616548</y5>
			<x6>43.312315</x6>
			<y6>130.01237</y6>
			<x7>48.227491</x7>
			<y7>141.393688</y7>
			<x8>58.785253</x8>
			<y8>144.31414</y8>
			<x9>68.457589</x9>
			<y9>136.276816</y9>
		</polygon>
	</object>
	<object>
		<name>greenapple</name>
		<pose>Unspecified</pose>
		<truncated>0</truncated>
		<difficult>0</difficult>
		<occluded>0</occluded>
		<bndbox>
			<xmin>294</xmin>
			<xmax>417</xmax>
			<ymin>149</ymin>
			<ymax>233</ymax>
		</bndbox>
		<polygon>
			<x1>416</x1>
			<y1>232</y1>
			<x2>416</x2>
			<y2>154.028997</y2>
			<x3>386.75929199999996</x3>
			<y3>148.257614</y3>
			<x4>341.19568000000004</x4>
			<y4>148.901042</y4>
			<x5>323.087359</x5>
			<y5>159.673278</y5>
			<x6>307.490075</x6>
			<y6>178.857971</y6>
			<x7>297.843297</x7>
			<y7>199.57348</y7>
			<x8>294.228367</x8>
			<y8>214.585212</y8>
			<x9>293.090147</x9>
			<y9>232</y9>
			<x10>416</x10>
			<y10>232</y10>
		</polygon>
	</object>
	<object>
		<name>mango</name>
		<pose>Unspecified</pose>
		<truncated>0</truncated>
		<difficult>0</difficult>
		<occluded>0</occluded>
		<bndbox>
			<xmin>1</xmin>
			<xmax>107</xmax>
			<ymin>249</ymin>
			<ymax>417</ymax>
		</bndbox>
		<polygon>
			<x1>0</x1>
			<y1>416</y1>
			<x2>56.149448</x2>
			<y2>416</y2>
			<x3>63.477366</x3>
			<y3>411.781408</y3>
			<x4>93.636603</x4>
			<y4>383.262525</y4>
			<x5>103.471622</x5>
			<y5>360.75601700000004</y5>
			<x6>106.457932</x6>
			<y6>319.421824</y6>
			<x7>99.408201</x7>
			<y7>296.04605</y7>
			<x8>91.417262</x8>
			<y8>281.625277</y8>
			<x9>78.442584</x9>
			<y9>269.39687</y9>
			<x10>51.363776</x10>
			<y10>255.68606</y10>
			<x11>0</x11>
			<y11>247.831542</y11>
			<x12>0</x12>
			<y12>416</y12>
		</polygon>
	</object>
	<object>
		<name>redapple</name>
		<pose>Unspecified</pose>
		<truncated>0</truncated>
		<difficult>0</difficult>
		<occluded>0</occluded>
		<bndbox>
			<xmin>226</xmin>
			<xmax>299</xmax>
			<ymin>233</ymin>
			<ymax>297</ymax>
		</bndbox>
		<polygon>
			<x1>228.171237</x1>
			<y1>232</y1>
			<x2>225.741706</x2>
			<y2>236.490298</y2>
			<x3>224.813276</x3>
			<y3>251.784392</y3>
			<x4>230.707999</x4>
			<y4>273.227986</y4>
			<x5>238.309675</x5>
			<y5>284.891667</y5>
			<x6>250.989212</x6>
			<y6>293.467482</y6>
			<x7>271.04384600000003</x7>
			<y7>296.480702</y7>
			<x8>285.135196</x8>
			<y8>291.624013</y8>
			<x9>298.127321</x9>
			<y9>264.922366</y9>
			<x10>294.153353</x10>
			<y10>244.586044</y10>
			<x11>287.198125</x11>
			<y11>232</y11>
			<x12>228.171237</x12>
			<y12>232</y12>
		</polygon>
	</object>
	<object>
		<name>orange</name>
		<pose>Unspecified</pose>
		<truncated>0</truncated>
		<difficult>0</difficult>
		<occluded>0</occluded>
		<bndbox>
			<xmin>384</xmin>
			<xmax>417</xmax>
			<ymin>254</ymin>
			<ymax>331</ymax>
		</bndbox>
		<polygon>
			<x1>416</x1>
			<y1>254.411222</y1>
			<x2>408.706116</x2>
			<y2>253.004454</y2>
			<x3>396.629642</x3>
			<y3>258.072915</y3>
			<x4>387.73583199999996</x4>
			<y4>271.624421</y4>
			<x5>383.273813</x5>
			<y5>294.695655</y5>
			<x6>384.065118</x6>
			<y6>306.54893</y6>
			<x7>388.792053</x7>
			<y7>319.72125</y7>
			<x8>395.521083</x8>
			<y8>326.766248</y8>
			<x9>402.626597</x9>
			<y9>330.229246</y9>
			<x10>416</x10>
			<y10>330.35988199999997</y10>
			<x11>416</x11>
			<y11>254.411222</y11>
		</polygon>
	</object>
	<object>
		<name>greenapple</name>
		<pose>Unspecified</pose>
		<truncated>0</truncated>
		<difficult>0</difficult>
		<occluded>0</occluded>
		<bndbox>
			<xmin>347</xmin>
			<xmax>377</xmax>
			<ymin>355</ymin>
			<ymax>390</ymax>
		</bndbox>
	</object>
</annotation>
