<annotation>
	<folder></folder>
	<filename>image_38_png.rf.b93445260d0cd42a54870d6aac61ce5a.jpg</filename>
	<path>image_38_png.rf.b93445260d0cd42a54870d6aac61ce5a.jpg</path>
	<source>
		<database>roboflow.ai</database>
	</source>
	<size>
		<width>416</width>
		<height>416</height>
		<depth>3</depth>
	</size>
	<segmented>0</segmented>
	<object>
		<name>capsicum</name>
		<pose>Unspecified</pose>
		<truncated>0</truncated>
		<difficult>0</difficult>
		<occluded>0</occluded>
		<bndbox>
			<xmin>312</xmin>
			<xmax>417</xmax>
			<ymin>1</ymin>
			<ymax>171</ymax>
		</bndbox>
		<polygon>
			<x1>416</x1>
			<y1>170</y1>
			<x2>416</x2>
			<y2>0</y2>
			<x3>328.792904</x3>
			<y3>0</y3>
			<x4>327.972747</x4>
			<y4>1.72693</y4>
			<x5>314.96427900000003</x5>
			<y5>48.442115</y5>
			<x6>310.93402000000003</x6>
			<y6>119.195915</y6>
			<x7>316.717073</x7>
			<y7>164.237989</y7>
			<x8>319.144027</x8>
			<y8>170</y8>
			<x9>416</x9>
			<y9>170</y9>
		</polygon>
	</object>
	<object>
		<name>mango</name>
		<pose>Unspecified</pose>
		<truncated>0</truncated>
		<difficult>0</difficult>
		<occluded>0</occluded>
		<bndbox>
			<xmin>61</xmin>
			<xmax>116</xmax>
			<ymin>171</ymin>
			<ymax>216</ymax>
		</bndbox>
		<polygon>
			<x1>64.083897</x1>
			<y1>170</y1>
			<x2>61.522076</x2>
			<y2>175.419996</y2>
			<x3>59.819458</x3>
			<y3>190.437222</y3>
			<x4>62.385407</x4>
			<y4>199.252023</y4>
			<x5>70.717684</x5>
			<y5>209.504529</y5>
			<x6>80.969981</x6>
			<y6>214.785726</y6>
			<x7>93.996219</x7>
			<y7>214.400182</y7>
			<x8>108.299683</x8>
			<y8>203.433037</y8>
			<x9>115.33801</x9>
			<y9>180.662779</y9>
			<x10>110.846857</x10>
			<y10>170</y10>
			<x11>64.083897</x11>
			<y11>170</y11>
		</polygon>
	</object>
	<object>
		<name>mango</name>
		<pose>Unspecified</pose>
		<truncated>0</truncated>
		<difficult>0</difficult>
		<occluded>0</occluded>
		<bndbox>
			<xmin>248</xmin>
			<xmax>335</xmax>
			<ymin>177</ymin>
			<ymax>244</ymax>
		</bndbox>
		<polygon>
			<x1>280.164945</x1>
			<y1>184.446261</y1>
			<x2>254.972662</x2>
			<y2>200.873555</y2>
			<x3>246.863012</x3>
			<y3>214.293328</y3>
			<x4>249.644271</x4>
			<y4>227.703498</y4>
			<x5>261.180065</x5>
			<y5>238.754731</y5>
			<x6>285.953225</x6>
			<y6>243.1147</y6>
			<x7>308.80114000000003</x7>
			<y7>238.819612</y7>
			<x8>322.037461</x8>
			<y8>229.403074</y8>
			<x9>333.13636299999996</x9>
			<y9>214.91192999999998</y9>
			<x10>334.197233</x10>
			<y10>197.009686</y10>
			<x11>323.727537</x11>
			<y11>181.682573</y11>
			<x12>305.360362</x12>
			<y12>176.194785</y12>
			<x13>280.164945</x13>
			<y13>184.446261</y13>
		</polygon>
	</object>
	<object>
		<name>greenapple</name>
		<pose>Unspecified</pose>
		<truncated>0</truncated>
		<difficult>0</difficult>
		<occluded>0</occluded>
		<bndbox>
			<xmin>240</xmin>
			<xmax>289</xmax>
			<ymin>319</ymin>
			<ymax>381</ymax>
		</bndbox>
		<polygon>
			<x1>254.378998</x1>
			<y1>323.351092</y1>
			<x2>247.33649</x2>
			<y2>335.220259</y2>
			<x3>242.852613</x3>
			<y3>336.827315</y3>
			<x4>245.203251</x4>
			<y4>341.046745</y4>
			<x5>238.803537</x5>
			<y5>358.526203</y5>
			<x6>246.283983</x6>
			<y6>374.924686</y6>
			<x7>268.281111</x7>
			<y7>379.500849</y7>
			<x8>274.25856899999997</x8>
			<y8>374.632835</y8>
			<x9>282.581439</x9>
			<y9>360.357885</y9>
			<x10>287.699747</x10>
			<y10>342.558936</y10>
			<x11>277.655443</x11>
			<y11>322.7962</y11>
			<x12>264.627114</x12>
			<y12>317.731197</y12>
			<x13>254.378998</x13>
			<y13>323.351092</y13>
		</polygon>
	</object>
</annotation>
