<annotation>
	<folder></folder>
	<filename>image_70_png.rf.1b2d0f7c9ba793034ed5a370f8f40629.jpg</filename>
	<path>image_70_png.rf.1b2d0f7c9ba793034ed5a370f8f40629.jpg</path>
	<source>
		<database>roboflow.ai</database>
	</source>
	<size>
		<width>416</width>
		<height>416</height>
		<depth>3</depth>
	</size>
	<segmented>0</segmented>
	<object>
		<name>capsicum</name>
		<pose>Unspecified</pose>
		<truncated>0</truncated>
		<difficult>0</difficult>
		<occluded>0</occluded>
		<bndbox>
			<xmin>55</xmin>
			<xmax>79</xmax>
			<ymin>59</ymin>
			<ymax>95</ymax>
		</bndbox>
		<polygon>
			<x1>78.345798</x1>
			<y1>84.729421</y1>
			<x2>76.94142</x2>
			<y2>62.784195</y2>
			<x3>72.043721</x3>
			<y3>58.018</y3>
			<x4>59.919442</x4>
			<y4>59.938298</y4>
			<x5>54.040004</x5>
			<y5>66.411423</y5>
			<x6>58.526813</x6>
			<y6>86.021136</y6>
			<x7>62.362794</x7>
			<y7>92.802794</y7>
			<x8>72.894496</x8>
			<y8>93.905694</y8>
			<x9>78.345798</x9>
			<y9>84.729421</y9>
		</polygon>
	</object>
	<object>
		<name>redapple</name>
		<pose>Unspecified</pose>
		<truncated>0</truncated>
		<difficult>0</difficult>
		<occluded>0</occluded>
		<bndbox>
			<xmin>128</xmin>
			<xmax>179</xmax>
			<ymin>213</ymin>
			<ymax>262</ymax>
		</bndbox>
		<polygon>
			<x1>127.123335</x1>
			<y1>212</y1>
			<x2>127.122322</x2>
			<y2>212.014662</y2>
			<x3>130.507424</x3>
			<y3>229.027911</y3>
			<x4>147.198492</x4>
			<y4>255.941182</y4>
			<x5>156.953901</x5>
			<y5>260.861644</y5>
			<x6>171.48704</x6>
			<y6>256.712516</y6>
			<x7>175.733911</x7>
			<y7>248.650658</y7>
			<x8>178.268237</x8>
			<y8>229.77621299999998</y8>
			<x9>175.452762</x9>
			<y9>212</y9>
			<x10>127.123335</x10>
			<y10>212</y10>
		</polygon>
	</object>
	<object>
		<name>greenapple</name>
		<pose>Unspecified</pose>
		<truncated>0</truncated>
		<difficult>0</difficult>
		<occluded>0</occluded>
		<bndbox>
			<xmin>137</xmin>
			<xmax>162</xmax>
			<ymin>343</ymin>
			<ymax>375</ymax>
		</bndbox>
		<polygon>
			<x1>161.486952</x1>
			<y1>363.59274800000003</y1>
			<x2>158.958124</x2>
			<y2>351.985793</y2>
			<x3>151.857009</x3>
			<y3>342.02666999999997</y3>
			<x4>143.631445</x4>
			<y4>342.405819</y4>
			<x5>136.15943</x5>
			<y5>351.902142</y5>
			<x6>137.483829</x6>
			<y6>364.623511</y6>
			<x7>144.442231</x7>
			<y7>373.68158500000004</y7>
			<x8>156.035651</x8>
			<y8>372.76902</y8>
			<x9>161.486952</x9>
			<y9>363.59274800000003</y9>
		</polygon>
	</object>
	<object>
		<name>redapple</name>
		<pose>Unspecified</pose>
		<truncated>0</truncated>
		<difficult>0</difficult>
		<occluded>0</occluded>
		<bndbox>
			<xmin>329</xmin>
			<xmax>400</xmax>
			<ymin>363</ymin>
			<ymax>417</ymax>
		</bndbox>
		<polygon>
			<x1>395.916166</x1>
			<y1>416</y1>
			<x2>398.94242099999997</x2>
			<y2>397.677358</y2>
			<x3>393.964742</x3>
			<y3>383.68730500000004</y3>
			<x4>370.863378</x4>
			<y4>364.25489300000004</y4>
			<x5>345.615834</x5>
			<y5>361.788144</y5>
			<x6>333.816969</x6>
			<y6>370.12246700000003</y6>
			<x7>328.833794</x7>
			<y7>386.61381600000004</y7>
			<x8>327.646611</x8>
			<y8>405.274895</y8>
			<x9>330.633156</x9>
			<y9>416</y9>
			<x10>395.916166</x10>
			<y10>416</y10>
		</polygon>
	</object>
	<object>
		<name>orange</name>
		<pose>Unspecified</pose>
		<truncated>0</truncated>
		<difficult>0</difficult>
		<occluded>0</occluded>
		<bndbox>
			<xmin>291</xmin>
			<xmax>316</xmax>
			<ymin>218</ymin>
			<ymax>249</ymax>
		</bndbox>
		<polygon>
			<x1>314.756275</x1>
			<y1>241.059092</y1>
			<x2>315.30987700000003</x2>
			<y2>227.116624</y2>
			<x3>309.698617</x3>
			<y3>217.845184</y3>
			<x4>299.166914</x4>
			<y4>216.742285</y4>
			<x5>290.062334</x5>
			<y5>224.649875</y5>
			<x6>290.855873</x6>
			<y6>238.378977</y6>
			<x7>297.140705</x7>
			<y7>247.543734</y7>
			<x8>309.01955</x8>
			<y8>248.433266</y8>
			<x9>314.756275</x9>
			<y9>241.059092</y9>
		</polygon>
	</object>
</annotation>
