<annotation>
	<folder></folder>
	<filename>image_13_png.rf.036bdacf34c540201ab3e7baac3120f9.jpg</filename>
	<path>image_13_png.rf.036bdacf34c540201ab3e7baac3120f9.jpg</path>
	<source>
		<database>roboflow.ai</database>
	</source>
	<size>
		<width>416</width>
		<height>416</height>
		<depth>3</depth>
	</size>
	<segmented>0</segmented>
	<object>
		<name>mango</name>
		<pose>Unspecified</pose>
		<truncated>0</truncated>
		<difficult>0</difficult>
		<occluded>0</occluded>
		<bndbox>
			<xmin>31</xmin>
			<xmax>154</xmax>
			<ymin>41</ymin>
			<ymax>200</ymax>
		</bndbox>
		<polygon>
			<x1>153</x1>
			<y1>199</y1>
			<x2>153</x2>
			<y2>40.348809</y2>
			<x3>148.582908</x3>
			<y3>42.351794</y3>
			<x4>115.067577</x4>
			<y4>68.129521</y4>
			<x5>43.861746</x5>
			<y5>140.676838</y5>
			<x6>32.713785</x6>
			<y6>161.189503</y6>
			<x7>29.888776</x7>
			<y7>185.588065</y7>
			<x8>33.720902</x8>
			<y8>199</y8>
			<x9>153</x9>
			<y9>199</y9>
		</polygon>
	</object>
	<object>
		<name>orange</name>
		<pose>Unspecified</pose>
		<truncated>0</truncated>
		<difficult>0</difficult>
		<occluded>0</occluded>
		<bndbox>
			<xmin>239</xmin>
			<xmax>412</xmax>
			<ymin>117</ymin>
			<ymax>200</ymax>
		</bndbox>
		<polygon>
			<x1>411.112945</x1>
			<y1>199</y1>
			<x2>409.846863</x2>
			<y2>192.486571</y2>
			<x3>401.23047099999997</x3>
			<y3>169.394705</y3>
			<x4>381.295838</x4>
			<y4>141.164594</y4>
			<x5>365.436011</x5>
			<y5>126.818998</y5>
			<x6>353.945959</x6>
			<y6>120.796864</y6>
			<x7>323.37879699999996</x7>
			<y7>115.731086</y7>
			<x8>283.088341</x8>
			<y8>120.810899</y8>
			<x9>267.546279</x9>
			<y9>129.335686</y9>
			<x10>253.378702</x10>
			<y10>144.931588</y10>
			<x11>238.865974</x11>
			<y11>183.526732</y11>
			<x12>237.87579</x12>
			<y12>199</y12>
			<x13>411.112945</x13>
			<y13>199</y13>
		</polygon>
	</object>
	<object>
		<name>mango</name>
		<pose>Unspecified</pose>
		<truncated>0</truncated>
		<difficult>0</difficult>
		<occluded>0</occluded>
		<bndbox>
			<xmin>32</xmin>
			<xmax>88</xmax>
			<ymin>377</ymin>
			<ymax>417</ymax>
		</bndbox>
		<polygon>
			<x1>86.463983</x1>
			<y1>416</y1>
			<x2>87.403468</x2>
			<y2>409.55222200000003</y2>
			<x3>81.634882</x3>
			<y3>390.49322900000004</y3>
			<x4>64.44922</x4>
			<y4>376.405349</y4>
			<x5>44.218087</x5>
			<y5>378.503311</y5>
			<x6>33.34077</x6>
			<y6>389.790508</y6>
			<x7>31.081375</x7>
			<y7>399.40255</y7>
			<x8>32.580327</x8>
			<y8>416</y8>
			<x9>86.463983</x9>
			<y9>416</y9>
		</polygon>
	</object>
	<object>
		<name>mango</name>
		<pose>Unspecified</pose>
		<truncated>0</truncated>
		<difficult>0</difficult>
		<occluded>0</occluded>
		<bndbox>
			<xmin>367</xmin>
			<xmax>398</xmax>
			<ymin>269</ymin>
			<ymax>305</ymax>
		</bndbox>
		<polygon>
			<x1>396.729349</x1>
			<y1>290.59557</y1>
			<x2>394.49581</x2>
			<y2>279.105008</y2>
			<x3>385.6331</x3>
			<y3>268.903026</y3>
			<x4>374.510996</x4>
			<y4>268.313086</y4>
			<x5>365.941725</x5>
			<y5>277.317072</y5>
			<x6>368.690696</x6>
			<y6>291.459303</y6>
			<x7>383.543985</x7>
			<y7>304.165978</y7>
			<x8>392.653013</x8>
			<y8>301.478076</y8>
			<x9>396.729349</x9>
			<y9>290.59557</y9>
		</polygon>
	</object>
</annotation>
