<annotation>
	<folder></folder>
	<filename>image_108_png.rf.29d8f279584237d620612733efd1c01d.jpg</filename>
	<path>image_108_png.rf.29d8f279584237d620612733efd1c01d.jpg</path>
	<source>
		<database>roboflow.ai</database>
	</source>
	<size>
		<width>416</width>
		<height>416</height>
		<depth>3</depth>
	</size>
	<segmented>0</segmented>
	<object>
		<name>redapple</name>
		<pose>Unspecified</pose>
		<truncated>0</truncated>
		<difficult>0</difficult>
		<occluded>0</occluded>
		<bndbox>
			<xmin>31</xmin>
			<xmax>108</xmax>
			<ymin>134</ymin>
			<ymax>188</ymax>
		</bndbox>
		<polygon>
			<x1>105.593041</x1>
			<y1>187</y1>
			<x2>107.055713</x2>
			<y2>179.973413</y2>
			<x3>102.738122</x3>
			<y3>167.078983</y3>
			<x4>75.677332</x4>
			<y4>137.255997</y4>
			<x5>60.555596</x5>
			<y5>132.639307</y5>
			<x6>49.827524</x6>
			<y6>133.620573</y6>
			<x7>39.684154</x7>
			<y7>141.7818</y7>
			<x8>29.700009</x8>
			<y8>166.301836</y8>
			<x9>30.71373</x9>
			<y9>179.778827</y9>
			<x10>34.185401</x10>
			<y10>187</y10>
			<x11>105.593041</x11>
			<y11>187</y11>
		</polygon>
	</object>
	<object>
		<name>capsicum</name>
		<pose>Unspecified</pose>
		<truncated>0</truncated>
		<difficult>0</difficult>
		<occluded>0</occluded>
		<bndbox>
			<xmin>343</xmin>
			<xmax>417</xmax>
			<ymin>1</ymin>
			<ymax>181</ymax>
		</bndbox>
		<polygon>
			<x1>416</x1>
			<y1>0</y1>
			<x2>342.461449</x2>
			<y2>0</y2>
			<x3>342.184012</x3>
			<y3>11.417841</y3>
			<x4>350.708627</x4>
			<y4>63.627288</y4>
			<x5>376.57259799999997</x5>
			<y5>129.166223</y5>
			<x6>401.225588</x6>
			<y6>168.517595</y6>
			<x7>416</x7>
			<y7>180.327703</y7>
			<x8>416</x8>
			<y8>0</y8>
		</polygon>
	</object>
	<object>
		<name>greenapple</name>
		<pose>Unspecified</pose>
		<truncated>0</truncated>
		<difficult>0</difficult>
		<occluded>0</occluded>
		<bndbox>
			<xmin>42</xmin>
			<xmax>217</xmax>
			<ymin>282</ymin>
			<ymax>417</ymax>
		</bndbox>
		<polygon>
			<x1>216</x1>
			<y1>416</y1>
			<x2>216</x2>
			<y2>364.855886</y2>
			<x3>212.374056</x3>
			<y3>341.84373500000004</y3>
			<x4>196.895834</x4>
			<y4>308.157664</y4>
			<x5>178.311002</x5>
			<y5>287.764726</y5>
			<x6>146.396578</x6>
			<y6>280.646746</y6>
			<x7>110.908489</x7>
			<y7>284.173106</y7>
			<x8>68.231497</x8>
			<y8>297.160506</y8>
			<x9>50.861187</x9>
			<y9>318.431009</y9>
			<x10>42.50996</x10>
			<y10>344.483883</y10>
			<x11>41.191953</x11>
			<y11>360.19278499999996</y11>
			<x12>48.159722</x12>
			<y12>403.572921</y12>
			<x13>52.59775</x13>
			<y13>416</y13>
			<x14>216</x14>
			<y14>416</y14>
		</polygon>
	</object>
	<object>
		<name>greenapple</name>
		<pose>Unspecified</pose>
		<truncated>0</truncated>
		<difficult>0</difficult>
		<occluded>0</occluded>
		<bndbox>
			<xmin>290</xmin>
			<xmax>417</xmax>
			<ymin>320</ymin>
			<ymax>417</ymax>
		</bndbox>
		<polygon>
			<x1>416</x1>
			<y1>416</y1>
			<x2>416</x2>
			<y2>322.171061</y2>
			<x3>407.418342</x3>
			<y3>319.08180500000003</y3>
			<x4>369.13147100000003</x4>
			<y4>322.191283</y4>
			<x5>360.57944299999997</x5>
			<y5>320.057706</y5>
			<x6>355.915987</x6>
			<y6>324.521529</y6>
			<x7>315.570723</x7>
			<y7>335.277018</y7>
			<x8>302.901904</x8>
			<y8>348.435463</y8>
			<x9>292.256986</x9>
			<y9>373.072011</y9>
			<x10>289.036268</x10>
			<y10>397.309854</y10>
			<x11>290.011953</x11>
			<y11>414.43508199999997</y11>
			<x12>290.363991</x12>
			<y12>416</y12>
			<x13>416</x13>
			<y13>416</y13>
		</polygon>
	</object>
</annotation>
