<annotation>
	<folder></folder>
	<filename>image_79_png.rf.f8425c5b02ed1d5e4c6a55f3f9dd7c06.jpg</filename>
	<path>image_79_png.rf.f8425c5b02ed1d5e4c6a55f3f9dd7c06.jpg</path>
	<source>
		<database>roboflow.ai</database>
	</source>
	<size>
		<width>416</width>
		<height>416</height>
		<depth>3</depth>
	</size>
	<segmented>0</segmented>
	<object>
		<name>orange</name>
		<pose>Unspecified</pose>
		<truncated>0</truncated>
		<difficult>0</difficult>
		<occluded>0</occluded>
		<bndbox>
			<xmin>49</xmin>
			<xmax>106</xmax>
			<ymin>46</ymin>
			<ymax>123</ymax>
		</bndbox>
		<polygon>
			<x1>95.977492</x1>
			<y1>52.562232</y1>
			<x2>87.282958</x2>
			<y2>46.313305</y2>
			<x3>77.250804</x3>
			<y3>45.420601</y3>
			<x4>63.205788</x4>
			<y4>48.098712</y4>
			<x5>53.173633</x5>
			<y5>57.918455</y5>
			<x6>47.823151</x6>
			<y6>73.987124</y6>
			<x7>47.823151</x7>
			<y7>87.377682</y7>
			<x8>52.504823</x8>
			<y8>106.124464</y8>
			<x9>58.524116</x9>
			<y9>115.944206</y9>
			<x10>65.881029</x10>
			<y10>120.407725</y10>
			<x11>84.607717</x11>
			<y11>122.193133</y11>
			<x12>95.308682</x12>
			<y12>115.051502</y12>
			<x13>101.327974</x13>
			<y13>104.339056</y13>
			<x14>104.672026</x14>
			<y14>92.733906</y14>
			<x15>104.672026</x15>
			<y15>73.094421</y15>
			<x16>95.977492</x16>
			<y16>52.562232</y16>
		</polygon>
	</object>
	<object>
		<name>capsicum</name>
		<pose>Unspecified</pose>
		<truncated>0</truncated>
		<difficult>0</difficult>
		<occluded>0</occluded>
		<bndbox>
			<xmin>172</xmin>
			<xmax>205</xmax>
			<ymin>4</ymin>
			<ymax>61</ymax>
		</bndbox>
		<polygon>
			<x1>178.241158</x1>
			<y1>59.703863</y1>
			<x2>192.954984</x2>
			<y2>59.703863</y2>
			<x3>199.643087</x3>
			<y3>49.88412</y3>
			<x4>204.324759</x4>
			<y4>21.317597</y4>
			<x5>199.643087</x5>
			<y5>7.034335</y5>
			<x6>185.598071</x6>
			<y6>2.570815</y6>
			<x7>171.553055</x7>
			<y7>13.283262</y7>
			<x8>170.884244</x8>
			<y8>37.386266</y8>
			<x9>174.897106</x9>
			<y9>55.240343</y9>
			<x10>178.241158</x10>
			<y10>59.703863</y10>
		</polygon>
	</object>
	<object>
		<name>greenapple</name>
		<pose>Unspecified</pose>
		<truncated>0</truncated>
		<difficult>0</difficult>
		<occluded>0</occluded>
		<bndbox>
			<xmin>238</xmin>
			<xmax>374</xmax>
			<ymin>1</ymin>
			<ymax>177</ymax>
		</bndbox>
		<polygon>
			<x1>237</x1>
			<y1>0</y1>
			<x2>237</x2>
			<y2>157.034539</y2>
			<x3>244.279743</x3>
			<y3>164.437768</y3>
			<x4>259.662379</x4>
			<y4>173.364807</y4>
			<x5>273.707395</x5>
			<y5>176.042918</y5>
			<x6>314.504823</x6>
			<y6>173.364807</y6>
			<x7>340.58842400000003</x7>
			<y7>159.081545</y7>
			<x8>355.302251</x8>
			<y8>136.763948</y8>
			<x9>363.996785</x9>
			<y9>113.553648</y9>
			<x10>372.022508</x10>
			<y10>78.738197</y10>
			<x11>373.36012900000003</x11>
			<y11>37.67382</y11>
			<x12>363.996785</x12>
			<y12>3.751073</y12>
			<x13>361.52373</x13>
			<y13>0</y13>
			<x14>237</x14>
			<y14>0</y14>
		</polygon>
	</object>
	<object>
		<name>mango</name>
		<pose>Unspecified</pose>
		<truncated>0</truncated>
		<difficult>0</difficult>
		<occluded>0</occluded>
		<bndbox>
			<xmin>142</xmin>
			<xmax>197</xmax>
			<ymin>212</ymin>
			<ymax>276</ymax>
		</bndbox>
		<polygon>
			<x1>182.286174</x1>
			<y1>215.527897</y1>
			<x2>164.228296</x2>
			<y2>211.064378</y2>
			<x3>154.196141</x3>
			<y3>214.635193</y3>
			<x4>146.170418</x4>
			<y4>223.562232</y4>
			<x5>141.488746</x5>
			<y5>237.845494</y5>
			<x6>141.488746</x6>
			<y6>250.343348</y6>
			<x7>144.832797</x7>
			<y7>260.16309</y7>
			<x8>152.189711</x8>
			<y8>269.090129</y8>
			<x9>165.565916</x9>
			<y9>275.339056</y9>
			<x10>176.266881</x10>
			<y10>274.446352</y10>
			<x11>190.980707</x11>
			<y11>262.841202</y11>
			<x12>195.662379</x12>
			<y12>248.55794</y12>
			<x13>195.662379</x13>
			<y13>236.95279</y13>
			<x14>192.318328</x14>
			<y14>228.025751</y14>
			<x15>182.286174</x15>
			<y15>215.527897</y15>
		</polygon>
	</object>
	<object>
		<name>orange</name>
		<pose>Unspecified</pose>
		<truncated>0</truncated>
		<difficult>0</difficult>
		<occluded>0</occluded>
		<bndbox>
			<xmin>9</xmin>
			<xmax>33</xmax>
			<ymin>327</ymin>
			<ymax>358</ymax>
		</bndbox>
		<polygon>
			<x1>31.803859</x1>
			<y1>346.755365</y1>
			<x2>31.803859</x2>
			<y2>336.042918</y2>
			<x3>27.122186</x3>
			<y3>327.11588</y3>
			<x4>15.083601</x4>
			<y4>326.22317599999997</y4>
			<x5>8.395498</x5>
			<y5>336.042918</y5>
			<x6>8.395498</x6>
			<y6>346.755365</y6>
			<x7>14.414791</x7>
			<y7>355.682403</y7>
			<x8>24.446945</x8>
			<y8>356.575107</y8>
			<x9>31.803859</x9>
			<y9>346.755365</y9>
		</polygon>
	</object>
	<object>
		<name>redapple</name>
		<pose>Unspecified</pose>
		<truncated>0</truncated>
		<difficult>0</difficult>
		<occluded>0</occluded>
		<bndbox>
			<xmin>161</xmin>
			<xmax>231</xmax>
			<ymin>330</ymin>
			<ymax>412</ymax>
		</bndbox>
		<polygon>
			<x1>195.662379</x1>
			<y1>329.793991</y1>
			<x2>185.630225</x2>
			<y2>328.901288</y2>
			<x3>175.598071</x3>
			<y3>331.57939899999997</y3>
			<x4>166.903537</x4>
			<y4>342.29184499999997</y4>
			<x5>159.546624</x5>
			<y5>371.751073</y5>
			<x6>161.553055</x6>
			<y6>392.28326200000004</y6>
			<x7>172.92283</x7>
			<y7>404.781116</y7>
			<x8>184.292605</x8>
			<y8>411.030043</y8>
			<x9>203.688103</x9>
			<y9>411.030043</y9>
			<x10>219.73955</x10>
			<y10>404.781116</y10>
			<x11>224.421222</x11>
			<y11>396.746781</y11>
			<x12>230.440514</x12>
			<y12>373.536481</y12>
			<x13>229.771704</x13>
			<y13>363.71673799999996</y13>
			<x14>210.376206</x14>
			<y14>336.93562199999997</y14>
			<x15>195.662379</x15>
			<y15>329.793991</y15>
		</polygon>
	</object>
	<object>
		<name>redapple</name>
		<pose>Unspecified</pose>
		<truncated>0</truncated>
		<difficult>0</difficult>
		<occluded>0</occluded>
		<bndbox>
			<xmin>364</xmin>
			<xmax>417</xmax>
			<ymin>385</ymin>
			<ymax>417</ymax>
		</bndbox>
		<polygon>
			<x1>416</x1>
			<y1>416</y1>
			<x2>416</x2>
			<y2>397.762812</y2>
			<x3>411.50160800000003</x3>
			<y3>390.875536</y3>
			<x4>396.787781</x4>
			<y4>383.733906</y4>
			<x5>386.086817</x5>
			<y5>383.733906</y5>
			<x6>374.717042</x6>
			<y6>391.76824</y6>
			<x7>363.347267</x7>
			<y7>410.515021</y7>
			<x8>363.16860099999997</x8>
			<y8>416</y8>
			<x9>416</x9>
			<y9>416</y9>
		</polygon>
	</object>
</annotation>
