<annotation>
	<folder></folder>
	<filename>image_132_png.rf.a95d4f41ceb19c244371e508b12c9a3a.jpg</filename>
	<path>image_132_png.rf.a95d4f41ceb19c244371e508b12c9a3a.jpg</path>
	<source>
		<database>roboflow.ai</database>
	</source>
	<size>
		<width>416</width>
		<height>416</height>
		<depth>3</depth>
	</size>
	<segmented>0</segmented>
	<object>
		<name>mango</name>
		<pose>Unspecified</pose>
		<truncated>0</truncated>
		<difficult>0</difficult>
		<occluded>0</occluded>
		<bndbox>
			<xmin>76</xmin>
			<xmax>134</xmax>
			<ymin>49</ymin>
			<ymax>122</ymax>
		</bndbox>
		<polygon>
			<x1>133</x1>
			<y1>47.933565</y1>
			<x2>117.14229</x2>
			<y2>49.042444</y2>
			<x3>99.984406</x3>
			<y3>60.889452</y3>
			<x4>76.645781</x4>
			<y4>89.13948</y4>
			<x5>75.043721</x5>
			<y5>104.335058</y5>
			<x6>82.475546</x6>
			<y6>115.349854</y6>
			<x7>100.205348</x7>
			<y7>121.208208</y7>
			<x8>124.486345</x8>
			<y8>115.961245</y8>
			<x9>133</x9>
			<y9>110.938176</y9>
			<x10>133</x10>
			<y10>47.933565</y10>
		</polygon>
	</object>
	<object>
		<name>orange</name>
		<pose>Unspecified</pose>
		<truncated>0</truncated>
		<difficult>0</difficult>
		<occluded>0</occluded>
		<bndbox>
			<xmin>149</xmin>
			<xmax>206</xmax>
			<ymin>56</ymin>
			<ymax>130</ymax>
		</bndbox>
		<polygon>
			<x1>164.05575199999998</x1>
			<y1>55.406274</y1>
			<x2>155.80827</x2>
			<y2>61.306601</y2>
			<x3>148.239948</x3>
			<y3>76.919381</y3>
			<x4>148.45766</x4>
			<y4>99.08585</y4>
			<x5>151.973719</x5>
			<y5>111.261732</y5>
			<x6>160.916605</x6>
			<y6>124.832667</y6>
			<x7>170.567908</x7>
			<y7>129.481389</y7>
			<x8>192.258975</x8>
			<y8>125.302798</y8>
			<x9>199.65831400000002</x9>
			<y9>116.799977</y9>
			<x10>203.557836</x10>
			<y10>105.880083</y10>
			<x11>205.22163799999998</x11>
			<y11>91.567455</y11>
			<x12>202.784447</x12>
			<y12>75.767061</y12>
			<x13>188.768942</x13>
			<y13>56.339963</y13>
			<x14>164.05575199999998</x14>
			<y14>55.406274</y14>
		</polygon>
	</object>
	<object>
		<name>capsicum</name>
		<pose>Unspecified</pose>
		<truncated>0</truncated>
		<difficult>0</difficult>
		<occluded>0</occluded>
		<bndbox>
			<xmin>269</xmin>
			<xmax>302</xmax>
			<ymin>5</ymin>
			<ymax>61</ymax>
		</bndbox>
		<polygon>
			<x1>292.26213</x1>
			<y1>59.750227</y1>
			<x2>296.532104</x2>
			<y2>54.128036</y2>
			<x3>300.184659</x3>
			<y3>39.67634</y3>
			<x4>300.629866</x4>
			<y4>17.463515</y4>
			<x5>295.973197</x5>
			<y5>8.029196</y5>
			<x6>281.018551</x6>
			<y6>3.75132</y6>
			<x7>267.838176</x7>
			<y7>15.320195</y7>
			<x8>268.90403200000003</x8>
			<y8>40.089159</y8>
			<x9>277.616193</x9>
			<y9>59.887103</y9>
			<x10>292.26213</x10>
			<y10>59.750227</y10>
		</polygon>
	</object>
	<object>
		<name>capsicum</name>
		<pose>Unspecified</pose>
		<truncated>0</truncated>
		<difficult>0</difficult>
		<occluded>0</occluded>
		<bndbox>
			<xmin>280</xmin>
			<xmax>417</xmax>
			<ymin>275</ymin>
			<ymax>417</ymax>
		</bndbox>
		<polygon>
			<x1>416</x1>
			<y1>416</y1>
			<x2>416</x2>
			<y2>274</y2>
			<x3>279.428249</x3>
			<y3>274</y3>
			<x4>281.78545099999997</x4>
			<y4>314.945622</y4>
			<x5>299.67445299999997</x5>
			<y5>380.239781</y5>
			<x6>311.655705</x6>
			<y6>408.681805</y6>
			<x7>316.179853</x7>
			<y7>416</y7>
			<x8>416</x8>
			<y8>416</y8>
		</polygon>
	</object>
</annotation>
