<annotation>
	<folder></folder>
	<filename>image_40_png.rf.84a9e28af2ecbf251497d4c63751d5e6.jpg</filename>
	<path>image_40_png.rf.84a9e28af2ecbf251497d4c63751d5e6.jpg</path>
	<source>
		<database>roboflow.ai</database>
	</source>
	<size>
		<width>416</width>
		<height>416</height>
		<depth>3</depth>
	</size>
	<segmented>0</segmented>
	<object>
		<name>redapple</name>
		<pose>Unspecified</pose>
		<truncated>0</truncated>
		<difficult>0</difficult>
		<occluded>0</occluded>
		<bndbox>
			<xmin>1</xmin>
			<xmax>74</xmax>
			<ymin>1</ymin>
			<ymax>163</ymax>
		</bndbox>
		<polygon>
			<x1>0</x1>
			<y1>0</y1>
			<x2>0</x2>
			<y2>162</y2>
			<x3>28.418916</x3>
			<y3>162</y3>
			<x4>45.716094</x4>
			<y4>130.902098</y4>
			<x5>56.532999</x5>
			<y5>104.056498</y5>
			<x6>65.621456</x6>
			<y6>70.125161</y6>
			<x7>72.293009</x7>
			<y7>29.962221</y7>
			<x8>73.339313</x8>
			<y8>0</y8>
			<x9>0</x9>
			<y9>0</y9>
		</polygon>
	</object>
	<object>
		<name>orange</name>
		<pose>Unspecified</pose>
		<truncated>0</truncated>
		<difficult>0</difficult>
		<occluded>0</occluded>
		<bndbox>
			<xmin>280</xmin>
			<xmax>336</xmax>
			<ymin>43</ymin>
			<ymax>118</ymax>
		</bndbox>
		<polygon>
			<x1>313.950689</x1>
			<y1>42.31222</y1>
			<x2>302.109806</x2>
			<y2>41.898727</y2>
			<x3>290.085148</x3>
			<y3>46.74785</y3>
			<x4>283.169958</x4>
			<y4>56.166259</y4>
			<x5>278.70230300000003</x5>
			<y5>70.93917</y5>
			<x6>279.879427</x6>
			<y6>93.812751</y6>
			<x7>285.96763</x7>
			<y7>108.076109</y7>
			<x8>292.989322</x8>
			<y8>114.468517</y8>
			<x9>315.294177</x9>
			<y9>117.003763</y9>
			<x10>325.406614</x10>
			<y10>110.331521</y10>
			<x11>332.474947</x11>
			<y11>96.527599</y11>
			<x12>334.80136100000004</x12>
			<y12>67.62916</y12>
			<x13>331.221949</x13>
			<y13>56.966099</y13>
			<x14>323.664947</x14>
			<y14>47.042309</y14>
			<x15>313.950689</x15>
			<y15>42.31222</y15>
		</polygon>
	</object>
	<object>
		<name>greenapple</name>
		<pose>Unspecified</pose>
		<truncated>0</truncated>
		<difficult>0</difficult>
		<occluded>0</occluded>
		<bndbox>
			<xmin>250</xmin>
			<xmax>273</xmax>
			<ymin>147</ymin>
			<ymax>163</ymax>
		</bndbox>
		<polygon>
			<x1>272.229243</x1>
			<y1>162</y1>
			<x2>272.442146</x2>
			<y2>155.903254</y2>
			<x3>266.827995</x3>
			<y3>146.925482</y3>
			<x4>256.991221</x4>
			<y4>145.703802</y4>
			<x5>249.448835</x5>
			<y5>154.222137</y5>
			<x6>249.17722600000002</x6>
			<y6>162</y6>
			<x7>272.229243</x7>
			<y7>162</y7>
		</polygon>
	</object>
	<object>
		<name>mango</name>
		<pose>Unspecified</pose>
		<truncated>0</truncated>
		<difficult>0</difficult>
		<occluded>0</occluded>
		<bndbox>
			<xmin>1</xmin>
			<xmax>49</xmax>
			<ymin>186</ymin>
			<ymax>256</ymax>
		</bndbox>
		<polygon>
			<x1>0</x1>
			<y1>254.86049400000002</y1>
			<x2>1.961754</x2>
			<y2>255.008471</y2>
			<x3>21.910964</x3>
			<y3>249.557908</y3>
			<x4>39.565786</x4>
			<y4>234.36733099999998</y4>
			<x5>48.072291</x5>
			<y5>217.100942</y5>
			<x6>45.395738</x6>
			<y6>199.444033</y6>
			<x7>40.378157</x7>
			<y7>192.243438</y7>
			<x8>29.409503</x8>
			<y8>185.7132</y8>
			<x9>16.252966</x9>
			<y9>185.253763</y9>
			<x10>0</x10>
			<y10>192.682964</y10>
			<x11>0</x11>
			<y11>254.86049400000002</y11>
		</polygon>
	</object>
	<object>
		<name>greenapple</name>
		<pose>Unspecified</pose>
		<truncated>0</truncated>
		<difficult>0</difficult>
		<occluded>0</occluded>
		<bndbox>
			<xmin>106</xmin>
			<xmax>130</xmax>
			<ymin>177</ymin>
			<ymax>207</ymax>
		</bndbox>
		<polygon>
			<x1>126.9969</x1>
			<y1>201.415436</y1>
			<x2>128.741361</x2>
			<y2>189.18194499999998</y2>
			<x3>123.876925</x3>
			<y3>177.595839</y3>
			<x4>116.702087</x4>
			<y4>175.588943</y4>
			<x5>105.901195</x5>
			<y5>183.115317</y5>
			<x6>104.906448</x6>
			<y6>192.740472</y6>
			<x7>110.398082</x7>
			<y7>205.226654</y7>
			<x8>120.892684</x8>
			<y8>206.471305</y8>
			<x9>126.9969</x9>
			<y9>201.415436</y9>
		</polygon>
	</object>
	<object>
		<name>capsicum</name>
		<pose>Unspecified</pose>
		<truncated>0</truncated>
		<difficult>0</difficult>
		<occluded>0</occluded>
		<bndbox>
			<xmin>116</xmin>
			<xmax>149</xmax>
			<ymin>312</ymin>
			<ymax>366</ymax>
		</bndbox>
		<polygon>
			<x1>114.845533</x1>
			<y1>323.05702099999996</y1>
			<x2>114.676375</x2>
			<y2>346.761761</y2>
			<x3>118.163899</x3>
			<y3>360.05613</y3>
			<x4>121.957715</x4>
			<y4>364.579473</y4>
			<x5>135.772079</x5>
			<y5>365.06188199999997</y5>
			<x6>138.495275</x6>
			<y6>362.522461</y6>
			<x7>147.491845</x7>
			<y7>331.222432</y7>
			<x8>148.425333</x8>
			<y8>323.35148200000003</y8>
			<x9>146.039058</x9>
			<y9>316.242775</y9>
			<x10>131.720013</x10>
			<y10>311.351883</y10>
			<x11>118.349072</x11>
			<y11>317.03216299999997</y11>
			<x12>114.845533</x12>
			<y12>323.05702099999996</y12>
		</polygon>
	</object>
	<object>
		<name>redapple</name>
		<pose>Unspecified</pose>
		<truncated>0</truncated>
		<difficult>0</difficult>
		<occluded>0</occluded>
		<bndbox>
			<xmin>158</xmin>
			<xmax>219</xmax>
			<ymin>388</ymin>
			<ymax>417</ymax>
		</bndbox>
		<polygon>
			<x1>217.575355</x1>
			<y1>416</y1>
			<x2>205.478219</x2>
			<y2>394.926702</y2>
			<x3>190.593234</x3>
			<y3>387.38153</y3>
			<x4>179.410177</x4>
			<y4>386.99100899999996</y4>
			<x5>166.513288</x5>
			<y5>397.95687699999996</y5>
			<x6>156.69113</x6>
			<y6>415.177322</y6>
			<x7>156.662401</x7>
			<y7>416</y7>
			<x8>217.575355</x8>
			<y8>416</y8>
		</polygon>
	</object>
	<object>
		<name>orange</name>
		<pose>Unspecified</pose>
		<truncated>0</truncated>
		<difficult>0</difficult>
		<occluded>0</occluded>
		<bndbox>
			<xmin>319</xmin>
			<xmax>374</xmax>
			<ymin>282</ymin>
			<ymax>356</ymax>
		</bndbox>
		<polygon>
			<x1>360.82144</x1>
			<y1>284.432691</y1>
			<x2>341.178522</x2>
			<y2>281.11223</y2>
			<x3>328.465407</x3>
			<y3>286.815483</y3>
			<x4>320.08142</x4>
			<y4>300.573461</y4>
			<x5>318.030667</x5>
			<y5>321.57797700000003</y5>
			<x6>319.60596899999996</x6>
			<y6>333.049225</y6>
			<x7>323.843208</x7>
			<y7>343.735257</y7>
			<x8>331.430841</x8>
			<y8>352.781945</y8>
			<x9>353.07786899999996</x9>
			<y9>355.294219</y9>
			<x10>359.748025</x10>
			<y10>352.89263</y10>
			<x11>367.32104000000004</x11>
			<y11>343.49719300000004</y11>
			<x12>372.446523</x12>
			<y12>328.747253</y12>
			<x13>372.64631099999997</x13>
			<y13>304.165411</y13>
			<x14>369.036269</x14>
			<y14>294.379453</y14>
			<x15>360.82144</x15>
			<y15>284.432691</y15>
		</polygon>
	</object>
</annotation>
