<annotation>
	<folder></folder>
	<filename>image_139_png.rf.811abdaa081cbe52c7026e938e4f5abb.jpg</filename>
	<path>image_139_png.rf.811abdaa081cbe52c7026e938e4f5abb.jpg</path>
	<source>
		<database>roboflow.ai</database>
	</source>
	<size>
		<width>416</width>
		<height>416</height>
		<depth>3</depth>
	</size>
	<segmented>0</segmented>
	<object>
		<name>mango</name>
		<pose>Unspecified</pose>
		<truncated>0</truncated>
		<difficult>0</difficult>
		<occluded>0</occluded>
		<bndbox>
			<xmin>1</xmin>
			<xmax>41</xmax>
			<ymin>158</ymin>
			<ymax>230</ymax>
		</bndbox>
		<polygon>
			<x1>0</x1>
			<y1>229.136309</y1>
			<x2>5.559067</x2>
			<y2>228.173435</y2>
			<x3>24.952414</x3>
			<y3>216.962054</y3>
			<x4>34.564444</x4>
			<y4>204.026813</y4>
			<x5>40.403881</x5>
			<y5>187.818865</y5>
			<x6>35.497692</x6>
			<y6>167.236493</y6>
			<x7>22.728088</x7>
			<y7>156.653657</y7>
			<x8>2.868661</x8>
			<y8>156.906355</y8>
			<x9>0</x9>
			<y9>158.796189</y9>
			<x10>0</x10>
			<y10>229.136309</y10>
		</polygon>
	</object>
	<object>
		<name>redapple</name>
		<pose>Unspecified</pose>
		<truncated>0</truncated>
		<difficult>0</difficult>
		<occluded>0</occluded>
		<bndbox>
			<xmin>208</xmin>
			<xmax>417</xmax>
			<ymin>1</ymin>
			<ymax>254</ymax>
		</bndbox>
		<polygon>
			<x1>222.323371</x1>
			<y1>0</y1>
			<x2>214.77633</x2>
			<y2>18.817968</y2>
			<x3>207.548282</x3>
			<y3>54.435286</y3>
			<x4>206.82718599999998</x4>
			<y4>80.195639</y4>
			<x5>214.742007</x5>
			<y5>155.500139</y5>
			<x6>225.147974</x6>
			<y6>189.264049</y6>
			<x7>241.647307</x7>
			<y7>228.80866</y7>
			<x8>253.24045</x8>
			<y8>247.770899</y8>
			<x9>258.43962799999997</x9>
			<y9>253</y9>
			<x10>377.402174</x10>
			<y10>253</y10>
			<x11>385.484843</x11>
			<y11>240.292594</y11>
			<x12>399.293769</x12>
			<y12>208.570126</y12>
			<x13>411.863023</x13>
			<y13>165.052977</y13>
			<x14>416</x14>
			<y14>130.44826</y14>
			<x15>416</x15>
			<y15>66.252783</y15>
			<x16>408.241544</x16>
			<y16>13.160847</y16>
			<x17>403.98915</x17>
			<y17>0</y17>
			<x18>222.323371</x18>
			<y18>0</y18>
		</polygon>
	</object>
	<object>
		<name>capsicum</name>
		<pose>Unspecified</pose>
		<truncated>0</truncated>
		<difficult>0</difficult>
		<occluded>0</occluded>
		<bndbox>
			<xmin>1</xmin>
			<xmax>148</xmax>
			<ymin>307</ymin>
			<ymax>417</ymax>
		</bndbox>
		<polygon>
			<x1>0</x1>
			<y1>416</y1>
			<x2>146.871247</x2>
			<y2>416</y2>
			<x3>145.597117</x3>
			<y3>396.744425</y3>
			<x4>139.249822</x4>
			<y4>368.975073</y4>
			<x5>127.561319</x5>
			<y5>349.105551</y5>
			<x6>103.367859</x6>
			<y6>334.219576</y6>
			<x7>81.664456</x7>
			<y7>336.500696</y7>
			<x8>73.144243</x8>
			<y8>333.726983</y8>
			<x9>68.598059</x9>
			<y9>329.61827800000003</y9>
			<x10>64.942256</x10>
			<y10>314.408319</y10>
			<x11>58.658173</x11>
			<y11>306.81305</y11>
			<x12>52.363372</x12>
			<y12>305.640049</y12>
			<x13>49.841165</x13>
			<y13>307.739755</y13>
			<x14>50.699399</x14>
			<y14>315.905304</y14>
			<x15>54.85343</x15>
			<y15>322.807143</y15>
			<x16>54.3552</x16>
			<y16>331.11526200000003</y16>
			<x17>31.581413</x17>
			<y17>336.260801</y17>
			<x18>19.670044</x18>
			<y18>333.84351300000003</y18>
			<x19>12.590936</x19>
			<y19>338.256781</y19>
			<x20>0</x20>
			<y20>339.580141</y20>
			<x21>0</x21>
			<y21>416</y21>
		</polygon>
	</object>
	<object>
		<name>redapple</name>
		<pose>Unspecified</pose>
		<truncated>0</truncated>
		<difficult>0</difficult>
		<occluded>0</occluded>
		<bndbox>
			<xmin>175</xmin>
			<xmax>201</xmax>
			<ymin>342</ymin>
			<ymax>417</ymax>
		</bndbox>
		<polygon>
			<x1>174</x1>
			<y1>416</y1>
			<x2>181.505761</x2>
			<y2>416</y2>
			<x3>191.817376</x3>
			<y3>411.452173</y3>
			<x4>199.903658</x4>
			<y4>384.000402</y4>
			<x5>197.116805</x5>
			<y5>370.533725</y5>
			<x6>174</x6>
			<y6>341.147745</y6>
			<x7>174</x7>
			<y7>416</y7>
		</polygon>
	</object>
	<object>
		<name>orange</name>
		<pose>Unspecified</pose>
		<truncated>0</truncated>
		<difficult>0</difficult>
		<occluded>0</occluded>
		<bndbox>
			<xmin>254</xmin>
			<xmax>279</xmax>
			<ymin>317</ymin>
			<ymax>348</ymax>
		</bndbox>
		<polygon>
			<x1>261.093418</x1>
			<y1>346.380701</y1>
			<x2>270.779375</x2>
			<y2>347.197279</y2>
			<x3>278.059918</x3>
			<y3>338.176311</y3>
			<x4>277.2124</x4>
			<y4>323.58849499999997</y4>
			<x5>273.153728</x5>
			<y5>317.593938</y5>
			<x6>264.050643</x6>
			<y6>315.798793</y6>
			<x7>255.036103</x7>
			<y7>318.735609</y7>
			<x8>253.316381</x8>
			<y8>328.4621</y8>
			<x9>254.713974</x9>
			<y9>337.87815</y9>
			<x10>261.093418</x10>
			<y10>346.380701</y10>
		</polygon>
	</object>
</annotation>
