<annotation>
	<folder></folder>
	<filename>image_19_png.rf.8013357bfb4b5b376c1cd8537bf7f653.jpg</filename>
	<path>image_19_png.rf.8013357bfb4b5b376c1cd8537bf7f653.jpg</path>
	<source>
		<database>roboflow.ai</database>
	</source>
	<size>
		<width>416</width>
		<height>416</height>
		<depth>3</depth>
	</size>
	<segmented>0</segmented>
	<object>
		<name>capsicum</name>
		<pose>Unspecified</pose>
		<truncated>0</truncated>
		<difficult>0</difficult>
		<occluded>0</occluded>
		<bndbox>
			<xmin>138</xmin>
			<xmax>209</xmax>
			<ymin>1</ymin>
			<ymax>225</ymax>
		</bndbox>
		<polygon>
			<x1>208</x1>
			<y1>0</y1>
			<x2>156.786666</x2>
			<y2>0</y2>
			<x3>153.084333</x3>
			<y3>0.908465</y3>
			<x4>141.16576</x4>
			<y4>17.965589</y4>
			<x5>137.415052</x5>
			<y5>59.230719</y5>
			<x6>147.273821</x6>
			<y6>113.512095</y6>
			<x7>173.388088</x7>
			<y7>176.610289</y7>
			<x8>197.017604</x8>
			<y8>216.23834</y8>
			<x9>208</x9>
			<y9>223.552589</y9>
			<x10>208</x10>
			<y10>0</y10>
		</polygon>
	</object>
	<object>
		<name>greenapple</name>
		<pose>Unspecified</pose>
		<truncated>0</truncated>
		<difficult>0</difficult>
		<occluded>0</occluded>
		<bndbox>
			<xmin>327</xmin>
			<xmax>417</xmax>
			<ymin>154</ymin>
			<ymax>275</ymax>
		</bndbox>
		<polygon>
			<x1>416</x1>
			<y1>274</y1>
			<x2>416</x2>
			<y2>153.415626</y2>
			<x3>397.23303599999997</x3>
			<y3>155.071673</y3>
			<x4>389.916268</x4>
			<y4>160.179005</y4>
			<x5>354.89714100000003</x5>
			<y5>168.828582</y5>
			<x6>337.813127</x6>
			<y6>187.81104</y6>
			<x7>330.565303</x7>
			<y7>203.960262</y7>
			<x8>326.204996</x8>
			<y8>227.839676</y8>
			<x9>330.783421</x9>
			<y9>265.643238</y9>
			<x10>333.603021</x10>
			<y10>274</y10>
			<x11>416</x11>
			<y11>274</y11>
		</polygon>
	</object>
	<object>
		<name>mango</name>
		<pose>Unspecified</pose>
		<truncated>0</truncated>
		<difficult>0</difficult>
		<occluded>0</occluded>
		<bndbox>
			<xmin>289</xmin>
			<xmax>345</xmax>
			<ymin>365</ymin>
			<ymax>417</ymax>
		</bndbox>
		<polygon>
			<x1>336.107397</x1>
			<y1>416</y1>
			<x2>342.308184</x2>
			<y2>409.188359</y2>
			<x3>344.39056800000003</x3>
			<y3>394.964471</y3>
			<x4>341.97476</x4>
			<y4>382.53621699999997</y4>
			<x5>336.912933</x5>
			<y5>374.307395</y5>
			<x6>324.488378</x6>
			<y6>363.82464400000003</y6>
			<x7>305.782402</x7>
			<y7>363.775621</y7>
			<x8>293.47275</x8>
			<y8>371.69602</y8>
			<x9>289.515213</x9>
			<y9>379.835482</y9>
			<x10>288.100079</x10>
			<y10>393.929669</y10>
			<x11>290.343329</x11>
			<y11>405.47019</y11>
			<x12>296.503595</x12>
			<y12>416</y12>
			<x13>336.107397</x13>
			<y13>416</y13>
		</polygon>
	</object>
	<object>
		<name>orange</name>
		<pose>Unspecified</pose>
		<truncated>0</truncated>
		<difficult>0</difficult>
		<occluded>0</occluded>
		<bndbox>
			<xmin>307</xmin>
			<xmax>361</xmax>
			<ymin>275</ymin>
			<ymax>296</ymax>
		</bndbox>
		<polygon>
			<x1>305.606042</x1>
			<y1>274</y1>
			<x2>305.725551</x2>
			<y2>274.423071</y2>
			<x3>311.799742</x3>
			<y3>284.297659</y3>
			<x4>324.71899</x4>
			<y4>293.762977</y4>
			<x5>338.086968</x5>
			<y5>294.849602</y5>
			<x6>349.75235</x6>
			<y6>290.739533</y6>
			<x7>356.05675199999996</x7>
			<y7>283.986436</y7>
			<x8>359.50230799999997</x8>
			<y8>274</y8>
			<x9>305.606042</x9>
			<y9>274</y9>
		</polygon>
	</object>
</annotation>
