<annotation>
	<folder></folder>
	<filename>image_22_png.rf.17081919a3131ef6aec74420f052a40c.jpg</filename>
	<path>image_22_png.rf.17081919a3131ef6aec74420f052a40c.jpg</path>
	<source>
		<database>roboflow.ai</database>
	</source>
	<size>
		<width>416</width>
		<height>416</height>
		<depth>3</depth>
	</size>
	<segmented>0</segmented>
	<object>
		<name>orange</name>
		<pose>Unspecified</pose>
		<truncated>0</truncated>
		<difficult>0</difficult>
		<occluded>0</occluded>
		<bndbox>
			<xmin>1</xmin>
			<xmax>175</xmax>
			<ymin>119</ymin>
			<ymax>308</ymax>
		</bndbox>
		<polygon>
			<x1>156.330743</x1>
			<y1>307</y1>
			<x2>164.893697</x2>
			<y2>289.611304</y2>
			<x3>172.139566</x3>
			<y3>263.022373</y3>
			<x4>173.754322</x4>
			<y4>220.786607</y4>
			<x5>164.095661</x5>
			<y5>176.482275</y5>
			<x6>147.826031</x6>
			<y6>148.632055</y6>
			<x7>123.309239</x7>
			<y7>125.593839</y7>
			<x8>94.748113</x8>
			<y8>117.735785</y8>
			<x9>49.019541</x9>
			<y9>119.59634</y9>
			<x10>35.513254</x10>
			<y10>126.060701</y10>
			<x11>19.774098</x11>
			<y11>141.05799</y11>
			<x12>6.218396</x12>
			<y12>166.70724</y12>
			<x13>1.500937</x13>
			<y13>181.982001</y13>
			<x14>0</x14>
			<y14>190.81798</y14>
			<x15>0</x15>
			<y15>239.067991</y15>
			<x16>8.362679</x16>
			<y16>279.647066</y16>
			<x17>16.264884</x17>
			<y17>296.801191</y17>
			<x18>23.304502</x18>
			<y18>307</y18>
			<x19>156.330743</x19>
			<y19>307</y19>
		</polygon>
	</object>
	<object>
		<name>redapple</name>
		<pose>Unspecified</pose>
		<truncated>0</truncated>
		<difficult>0</difficult>
		<occluded>0</occluded>
		<bndbox>
			<xmin>220</xmin>
			<xmax>291</xmax>
			<ymin>1</ymin>
			<ymax>31</ymax>
		</bndbox>
		<polygon>
			<x1>219.493417</x1>
			<y1>0</y1>
			<x2>228.069552</x2>
			<y2>15.164315</y2>
			<x3>239.802594</x3>
			<y3>25.387403</y3>
			<x4>252.799843</x4>
			<y4>29.953407</y4>
			<x5>271.100035</x5>
			<y5>28.294718</y5>
			<x6>285.700847</x6>
			<y6>19.85006</y6>
			<x7>289.91504399999997</x7>
			<y7>0</y7>
			<x8>219.493417</x8>
			<y8>0</y8>
		</polygon>
	</object>
	<object>
		<name>redapple</name>
		<pose>Unspecified</pose>
		<truncated>0</truncated>
		<difficult>0</difficult>
		<occluded>0</occluded>
		<bndbox>
			<xmin>76</xmin>
			<xmax>217</xmax>
			<ymin>308</ymin>
			<ymax>417</ymax>
		</bndbox>
		<polygon>
			<x1>216</x1>
			<y1>416</y1>
			<x2>216</x2>
			<y2>307</y2>
			<x3>94.958208</x3>
			<y3>307</y3>
			<x4>81.006956</x4>
			<y4>345.366296</y4>
			<x5>75.019696</x5>
			<y5>380.91069500000003</y5>
			<x6>75.178184</x6>
			<y6>406.45901100000003</y6>
			<x7>76.519083</x7>
			<y7>416</y7>
			<x8>216</x8>
			<y8>416</y8>
		</polygon>
	</object>
	<object>
		<name>greenapple</name>
		<pose>Unspecified</pose>
		<truncated>0</truncated>
		<difficult>0</difficult>
		<occluded>0</occluded>
		<bndbox>
			<xmin>335</xmin>
			<xmax>377</xmax>
			<ymin>308</ymin>
			<ymax>338</ymax>
		</bndbox>
		<polygon>
			<x1>333.902752</x1>
			<y1>307</y1>
			<x2>333.51592</x2>
			<y2>315.382263</y2>
			<x3>335.447653</x3>
			<y3>324.24313</y3>
			<x4>342.89023299999997</x4>
			<y4>333.242733</y4>
			<x5>350.923895</x5>
			<y5>336.679852</y5>
			<x6>370.192751</x6>
			<y6>332.14532</y6>
			<x7>375.835056</x7>
			<y7>318.567051</y7>
			<x8>375.572218</x8>
			<y8>307</y8>
			<x9>333.902752</x9>
			<y9>307</y9>
		</polygon>
	</object>
</annotation>
