<annotation>
	<folder></folder>
	<filename>image_32_png.rf.438292c9ac0595c3e363eacdb246d11f.jpg</filename>
	<path>image_32_png.rf.438292c9ac0595c3e363eacdb246d11f.jpg</path>
	<source>
		<database>roboflow.ai</database>
	</source>
	<size>
		<width>416</width>
		<height>416</height>
		<depth>3</depth>
	</size>
	<segmented>0</segmented>
	<object>
		<name>orange</name>
		<pose>Unspecified</pose>
		<truncated>0</truncated>
		<difficult>0</difficult>
		<occluded>0</occluded>
		<bndbox>
			<xmin>63</xmin>
			<xmax>241</xmax>
			<ymin>26</ymin>
			<ymax>242</ymax>
		</bndbox>
		<polygon>
			<x1>195.549192</x1>
			<y1>241</y1>
			<x2>209.33018</x2>
			<y2>232.94171</y2>
			<x3>221.292976</x3>
			<y3>219.138264</y3>
			<x4>232.546512</x4>
			<y4>196.297217</y4>
			<x5>240.371483</x5>
			<y5>158.605426</y5>
			<x6>238.591571</x6>
			<y6>124.051232</y6>
			<x7>232.742843</x7>
			<y7>98.71761</y7>
			<x8>223.374852</x8>
			<y8>76.036744</y8>
			<x9>202.586854</x9>
			<y9>48.631317</y9>
			<x10>186.333282</x10>
			<y10>34.90119</y10>
			<x11>174.711597</x11>
			<y11>29.303054</y11>
			<x12>144.179286</x12>
			<y12>25.310378</y12>
			<x13>104.347992</x13>
			<y13>31.745752</y13>
			<x14>89.213802</x14>
			<y14>40.760564</y14>
			<x15>75.693054</x15>
			<y15>56.76396</y15>
			<x16>62.637915</x16>
			<y16>95.66323</y16>
			<x17>61.503603</x17>
			<y17>135.4909</y17>
			<x18>68.312001</x18>
			<y18>167.964042</y18>
			<x19>80.148886</x19>
			<y19>198.356131</y19>
			<x20>102.195696</x20>
			<y20>228.231344</y20>
			<x21>118.901358</x21>
			<y21>240.936963</y21>
			<x22>119.067767</x22>
			<y22>241</y22>
			<x23>195.549192</x23>
			<y23>241</y23>
		</polygon>
	</object>
	<object>
		<name>capsicum</name>
		<pose>Unspecified</pose>
		<truncated>0</truncated>
		<difficult>0</difficult>
		<occluded>0</occluded>
		<bndbox>
			<xmin>296</xmin>
			<xmax>413</xmax>
			<ymin>1</ymin>
			<ymax>198</ymax>
		</bndbox>
		<polygon>
			<x1>295</x1>
			<y1>0</y1>
			<x2>295</x2>
			<y2>170.680937</y2>
			<x3>299.339771</x3>
			<y3>177.233757</y3>
			<x4>314.536212</x4>
			<y4>189.367673</y4>
			<x5>327.465439</x5>
			<y5>194.663938</y5>
			<x6>365.189229</x6>
			<y6>196.996331</y6>
			<x7>376.303335</x7>
			<y7>194.430438</y7>
			<x8>383.543545</x8>
			<y8>189.9985</y8>
			<x9>391.333305</x9>
			<y9>178.998744</y9>
			<x10>403.643972</x10>
			<y10>157.753909</y10>
			<x11>410.522792</x11>
			<y11>136.842979</y11>
			<x12>411.963004</x12>
			<y12>104.305764</y12>
			<x13>408.966251</x13>
			<y13>52.54994</y13>
			<x14>399.23010899999997</x14>
			<y14>1.429892</y14>
			<x15>398.643743</x15>
			<y15>0</y15>
			<x16>295</x16>
			<y16>0</y16>
		</polygon>
	</object>
</annotation>
