<annotation>
	<folder></folder>
	<filename>image_49_png.rf.92368f5c0342843f8c5478e9d17b5e29.jpg</filename>
	<path>image_49_png.rf.92368f5c0342843f8c5478e9d17b5e29.jpg</path>
	<source>
		<database>roboflow.ai</database>
	</source>
	<size>
		<width>416</width>
		<height>416</height>
		<depth>3</depth>
	</size>
	<segmented>0</segmented>
	<object>
		<name>orange</name>
		<pose>Unspecified</pose>
		<truncated>0</truncated>
		<difficult>0</difficult>
		<occluded>0</occluded>
		<bndbox>
			<xmin>1</xmin>
			<xmax>42</xmax>
			<ymin>224</ymin>
			<ymax>304</ymax>
		</bndbox>
		<polygon>
			<x1>0</x1>
			<y1>299.12708299999997</y1>
			<x2>11.568094</x2>
			<y2>302.551835</y2>
			<x3>21.077981</x3>
			<y3>301.306906</y3>
			<x4>30.460515</x4>
			<y4>296.415077</y4>
			<x5>38.843117</x5>
			<y5>282.429799</y5>
			<x6>41.219104</x6>
			<y6>272.30562299999997</y6>
			<x7>40.518665</x7>
			<y7>252.24767400000002</y7>
			<x8>37.4104</x8>
			<y8>241.402175</y8>
			<x9>28.754208</x9>
			<y9>228.011905</y9>
			<x10>21.097947</x10>
			<y10>223.715083</y10>
			<x11>8.798176</x11>
			<y11>223.231763</y11>
			<x12>0</x12>
			<y12>225.635789</y12>
			<x13>0</x13>
			<y13>299.12708299999997</y13>
		</polygon>
	</object>
	<object>
		<name>mango</name>
		<pose>Unspecified</pose>
		<truncated>0</truncated>
		<difficult>0</difficult>
		<occluded>0</occluded>
		<bndbox>
			<xmin>89</xmin>
			<xmax>144</xmax>
			<ymin>221</ymin>
			<ymax>281</ymax>
		</bndbox>
		<polygon>
			<x1>101.47563</x1>
			<y1>220</y1>
			<x2>96.100481</x2>
			<y2>222.008774</y2>
			<x3>89.080983</x3>
			<y3>235.946451</y3>
			<x4>87.5139</x4>
			<y4>249.693727</y4>
			<x5>90.685841</x5>
			<y5>262.362675</y5>
			<x6>97.851578</x6>
			<y6>272.153646</y6>
			<x7>110.374215</x7>
			<y7>279.019041</y7>
			<x8>121.992433</x8>
			<y8>279.526161</y8>
			<x9>134.037499</x9>
			<y9>272.71568</y9>
			<x10>139.235208</x10>
			<y10>265.231477</y10>
			<x11>142.878784</x11>
			<y11>252.324526</y11>
			<x12>142.401212</x12>
			<y12>238.648652</y12>
			<x13>131.541173</x13>
			<y13>220.771157</y13>
			<x14>129.340836</x14>
			<y14>220</y14>
			<x15>101.47563</x15>
			<y15>220</y15>
		</polygon>
	</object>
	<object>
		<name>orange</name>
		<pose>Unspecified</pose>
		<truncated>0</truncated>
		<difficult>0</difficult>
		<occluded>0</occluded>
		<bndbox>
			<xmin>226</xmin>
			<xmax>282</xmax>
			<ymin>379</ymin>
			<ymax>417</ymax>
		</bndbox>
		<polygon>
			<x1>281.41330700000003</x1>
			<y1>416</y1>
			<x2>281.006229</x2>
			<y2>404.342827</y2>
			<x3>276.471185</x3>
			<y3>391.721479</y3>
			<x4>268.623896</x4>
			<y4>381.95430799999997</y4>
			<x5>259.604532</x5>
			<y5>377.705087</y5>
			<x6>249.381256</x6>
			<y6>378.062092</y6>
			<x7>237.240676</x7>
			<y7>382.13739699999996</y7>
			<x8>230.030149</x8>
			<y8>390.60472500000003</y8>
			<x9>224.532946</x9>
			<y9>409.053428</y9>
			<x10>224.775525</x10>
			<y10>416</y10>
			<x11>281.41330700000003</x11>
			<y11>416</y11>
		</polygon>
	</object>
	<object>
		<name>redapple</name>
		<pose>Unspecified</pose>
		<truncated>0</truncated>
		<difficult>0</difficult>
		<occluded>0</occluded>
		<bndbox>
			<xmin>351</xmin>
			<xmax>417</xmax>
			<ymin>344</ymin>
			<ymax>417</ymax>
		</bndbox>
		<polygon>
			<x1>416</x1>
			<y1>416</y1>
			<x2>416</x2>
			<y2>374.68953</y2>
			<x3>399.240083</x3>
			<y3>350.92082400000004</y3>
			<x4>382.596297</x4>
			<y4>343.28650600000003</y4>
			<x5>371.691468</x5>
			<y5>343.667311</y5>
			<x6>359.155881</x6>
			<y6>355.971942</y6>
			<x7>350.314595</x7>
			<y7>376.363095</y7>
			<x8>350.824005</x8>
			<y8>390.950694</y8>
			<x9>358.308123</x9>
			<y9>409.858916</y9>
			<x10>363.242086</x10>
			<y10>416</y10>
			<x11>416</x11>
			<y11>416</y11>
		</polygon>
	</object>
</annotation>
