<annotation>
	<folder></folder>
	<filename>image_66_png.rf.20244aace84ddac0d60a140858afd7bc.jpg</filename>
	<path>image_66_png.rf.20244aace84ddac0d60a140858afd7bc.jpg</path>
	<source>
		<database>roboflow.ai</database>
	</source>
	<size>
		<width>416</width>
		<height>416</height>
		<depth>3</depth>
	</size>
	<segmented>0</segmented>
	<object>
		<name>redapple</name>
		<pose>Unspecified</pose>
		<truncated>0</truncated>
		<difficult>0</difficult>
		<occluded>0</occluded>
		<bndbox>
			<xmin>9</xmin>
			<xmax>55</xmax>
			<ymin>1</ymin>
			<ymax>34</ymax>
		</bndbox>
		<polygon>
			<x1>8.21592</x1>
			<y1>0</y1>
			<x2>12.967275</x2>
			<y2>15.202668</y2>
			<x3>21.305658</x3>
			<y3>28.565671</y3>
			<x4>28.136449</x4>
			<y4>32.94929</y4>
			<x5>39.615221</x5>
			<y5>32.748928</y5>
			<x6>46.30458</x6>
			<y6>29.029884</y6>
			<x7>52.836791</x7>
			<y7>16.307883</y7>
			<x8>54.296679</x8>
			<y8>0</y8>
			<x9>8.21592</x9>
			<y9>0</y9>
		</polygon>
	</object>
	<object>
		<name>mango</name>
		<pose>Unspecified</pose>
		<truncated>0</truncated>
		<difficult>0</difficult>
		<occluded>0</occluded>
		<bndbox>
			<xmin>1</xmin>
			<xmax>83</xmax>
			<ymin>123</ymin>
			<ymax>196</ymax>
		</bndbox>
		<polygon>
			<x1>0</x1>
			<y1>178.296894</y1>
			<x2>3.814794</x2>
			<y2>187.371307</y2>
			<x3>14.744061</x3>
			<y3>194.385096</y3>
			<x4>37.042096</x4>
			<y4>194.896453</y4>
			<x5>57.188747</x5>
			<y5>188.240802</y5>
			<x6>74.461649</x6>
			<y6>171.729041</y6>
			<x7>82.250017</x7>
			<y7>153.581692</y7>
			<x8>78.559613</x8>
			<y8>135.634707</y8>
			<x9>73.032121</x9>
			<y9>128.52663</y9>
			<x10>61.443347</x10>
			<y10>122.424922</y10>
			<x11>47.938911</x11>
			<y11>122.660643</y11>
			<x12>26.520389</x12>
			<y12>133.841346</y12>
			<x13>1.349116</x13>
			<y13>162.198384</y13>
			<x14>0</x14>
			<y14>167.201619</y14>
			<x15>0</x15>
			<y15>178.296894</y15>
		</polygon>
	</object>
	<object>
		<name>greenapple</name>
		<pose>Unspecified</pose>
		<truncated>0</truncated>
		<difficult>0</difficult>
		<occluded>0</occluded>
		<bndbox>
			<xmin>140</xmin>
			<xmax>164</xmax>
			<ymin>108</ymin>
			<ymax>140</ymax>
		</bndbox>
		<polygon>
			<x1>162.271405</x1>
			<y1>133.272943</y1>
			<x2>163.401842</x2>
			<y2>120.64523</y2>
			<x3>157.795776</x3>
			<y3>109.035673</y3>
			<x4>150.336906</x4>
			<y4>107.364728</y4>
			<x5>139.67479</x5>
			<y5>115.655968</y5>
			<x6>139.17243</x6>
			<y6>125.571006</y6>
			<x7>145.469433</x7>
			<y7>138.069073</y7>
			<x8>156.288697</x8>
			<y8>138.780792</y8>
			<x9>162.271405</x9>
			<y9>133.272943</y9>
		</polygon>
	</object>
	<object>
		<name>orange</name>
		<pose>Unspecified</pose>
		<truncated>0</truncated>
		<difficult>0</difficult>
		<occluded>0</occluded>
		<bndbox>
			<xmin>262</xmin>
			<xmax>318</xmax>
			<ymin>25</ymin>
			<ymax>99</ymax>
		</bndbox>
		<polygon>
			<x1>279.012764</x1>
			<y1>23.992201</y1>
			<x2>269.010155</x2>
			<y2>31.371357</y2>
			<x3>261.834151</x3>
			<y3>45.905736</y3>
			<x4>260.687998</x4>
			<y4>57.633154</y4>
			<x5>264.47269</x5>
			<y5>80.981913</y5>
			<x6>272.795358</x6>
			<y6>93.444621</y6>
			<x7>279.62615</x7>
			<y7>97.828239</y7>
			<x8>301.892755</x8>
			<y8>96.539004</y8>
			<x9>311.848221</x9>
			<y9>86.45896</y9>
			<x10>315.710975</x10>
			<y10>75.584695</y10>
			<x11>317.280913</x11>
			<y11>49.440759</y11>
			<x12>311.627704</x12>
			<y12>35.130316</y12>
			<x13>304.043116</x13>
			<y13>26.257005</y13>
			<x14>279.012764</x14>
			<y14>23.992201</y14>
		</polygon>
	</object>
	<object>
		<name>mango</name>
		<pose>Unspecified</pose>
		<truncated>0</truncated>
		<difficult>0</difficult>
		<occluded>0</occluded>
		<bndbox>
			<xmin>371</xmin>
			<xmax>417</xmax>
			<ymin>161</ymin>
			<ymax>225</ymax>
		</bndbox>
		<polygon>
			<x1>416</x1>
			<y1>169.628673</y1>
			<x2>414.561533</x2>
			<y2>166.617968</y2>
			<x3>404.32320300000003</x3>
			<y3>160.492689</y3>
			<x4>394.179161</x4>
			<y4>159.769183</y4>
			<x5>384.097978</x5>
			<y5>162.646861</y5>
			<x6>375.445812</x6>
			<y6>170.002446</y6>
			<x7>369.667395</x7>
			<y7>187.21414</y7>
			<x8>369.855972</x8>
			<y8>198.017689</y8>
			<x9>374.12730899999997</x9>
			<y9>210.551113</y9>
			<x10>379.639087</x10>
			<y10>216.758895</y10>
			<x11>391.22785999999996</x11>
			<y11>222.860603</y11>
			<x12>402.047124</x12>
			<y12>223.572322</y12>
			<x13>416</x13>
			<y13>216.176023</y13>
			<x14>416</x14>
			<y14>169.628673</y14>
		</polygon>
	</object>
	<object>
		<name>orange</name>
		<pose>Unspecified</pose>
		<truncated>0</truncated>
		<difficult>0</difficult>
		<occluded>0</occluded>
		<bndbox>
			<xmin>22</xmin>
			<xmax>197</xmax>
			<ymin>258</ymin>
			<ymax>417</ymax>
		</bndbox>
		<polygon>
			<x1>188.823145</x1>
			<y1>416</y1>
			<x2>190.318346</x2>
			<y2>412.755274</y2>
			<x3>196.410546</x3>
			<y3>374.824993</y3>
			<x4>192.939638</x4>
			<y4>330.757644</y4>
			<x5>177.471884</x5>
			<y5>295.905402</y5>
			<x6>156.790931</x6>
			<y6>271.950998</y6>
			<x7>121.427961</x7>
			<y7>258.15914</y7>
			<x8>86.284997</x8>
			<y8>256.971423</y8>
			<x9>70.173962</x9>
			<y9>262.656062</y9>
			<x10>52.194408</x10>
			<y10>277.379018</y10>
			<x11>39.004266</x11>
			<y11>295.620654</y11>
			<x12>29.88117</x12>
			<y12>314.691869</y12>
			<x13>24.134183</x13>
			<y13>333.704154</y13>
			<x14>21.198085</x14>
			<y14>358.971366</y14>
			<x15>26.16087</x15>
			<y15>411.117804</y15>
			<x16>28.170238</x16>
			<y16>416</y16>
			<x17>188.823145</x17>
			<y17>416</y17>
		</polygon>
	</object>
</annotation>
