<annotation>
	<folder></folder>
	<filename>image_151_png.rf.abc6f5e0a5349f10282ff3885221224c.jpg</filename>
	<path>image_151_png.rf.abc6f5e0a5349f10282ff3885221224c.jpg</path>
	<source>
		<database>roboflow.ai</database>
	</source>
	<size>
		<width>416</width>
		<height>416</height>
		<depth>3</depth>
	</size>
	<segmented>0</segmented>
	<object>
		<name>mango</name>
		<pose>Unspecified</pose>
		<truncated>0</truncated>
		<difficult>0</difficult>
		<occluded>0</occluded>
		<bndbox>
			<xmin>1</xmin>
			<xmax>52</xmax>
			<ymin>27</ymin>
			<ymax>87</ymax>
		</bndbox>
		<polygon>
			<x1>0</x1>
			<y1>68.718256</y1>
			<x2>4.39031</x2>
			<y2>77.537878</y2>
			<x3>15.123291</x3>
			<y3>86.294348</y3>
			<x4>35.422581</x4>
			<y4>85.599179</y4>
			<x5>43.761777</x5>
			<y5>78.555055</y5>
			<x6>49.70074</x6>
			<y6>67.369039</y6>
			<x7>51.279958</x7>
			<y7>48.897931</y7>
			<x8>43.150259</x8>
			<y8>31.773096</y8>
			<x9>26.335707</x9>
			<y9>26.097274</y9>
			<x10>13.487707</x10>
			<y10>29.409646</y10>
			<x11>4.362128</x11>
			<y11>39.859973</y11>
			<x12>0</x12>
			<y12>52.243153</y12>
			<x13>0</x13>
			<y13>68.718256</y13>
		</polygon>
	</object>
	<object>
		<name>orange</name>
		<pose>Unspecified</pose>
		<truncated>0</truncated>
		<difficult>0</difficult>
		<occluded>0</occluded>
		<bndbox>
			<xmin>1</xmin>
			<xmax>58</xmax>
			<ymin>177</ymin>
			<ymax>251</ymax>
		</bndbox>
		<polygon>
			<x1>0</x1>
			<y1>227.26793</y1>
			<x2>1.214898</x2>
			<y2>233.768933</y2>
			<x3>7.093421</x3>
			<y3>243.198539</y3>
			<x4>23.711376</x4>
			<y4>249.725911</y4>
			<x5>33.223698</x5>
			<y5>249.231189</y5>
			<x6>44.308785</x6>
			<y6>241.924065</y6>
			<x7>52.112182</x7>
			<y7>228.477674</y7>
			<x8>56.681424</x8>
			<y8>211.593806</y8>
			<x9>56.491279</x9>
			<y9>200.786652</y9>
			<x10>49.1955</x10>
			<y10>182.957403</y10>
			<x11>26.645034</x11>
			<y11>175.957342</y11>
			<x12>16.542925</x12>
			<y12>179.006715</y12>
			<x13>4.522395</x13>
			<y13>193.273379</y13>
			<x14>0</x14>
			<y14>217.723635</y14>
			<x15>0</x15>
			<y15>227.26793</y15>
		</polygon>
	</object>
	<object>
		<name>capsicum</name>
		<pose>Unspecified</pose>
		<truncated>0</truncated>
		<difficult>0</difficult>
		<occluded>0</occluded>
		<bndbox>
			<xmin>156</xmin>
			<xmax>181</xmax>
			<ymin>26</ymin>
			<ymax>60</ymax>
		</bndbox>
		<polygon>
			<x1>173.218305</x1>
			<y1>52.83229</y1>
			<x2>179.848577</x2>
			<y2>32.836496</y2>
			<x3>177.20421</x3>
			<y3>26.844367</y3>
			<x4>167.644353</x4>
			<y4>24.6373</y4>
			<x5>159.013487</x5>
			<y5>27.129398</y5>
			<x6>155.427225</x6>
			<y6>39.755515</y6>
			<x7>156.105634</x7>
			<y7>54.263147</y7>
			<x8>165.075703</x8>
			<y8>59.024865</y8>
			<x9>173.218305</x9>
			<y9>52.83229</y9>
		</polygon>
	</object>
	<object>
		<name>mango</name>
		<pose>Unspecified</pose>
		<truncated>0</truncated>
		<difficult>0</difficult>
		<occluded>0</occluded>
		<bndbox>
			<xmin>356</xmin>
			<xmax>409</xmax>
			<ymin>67</ymin>
			<ymax>128</ymax>
		</bndbox>
		<polygon>
			<x1>367.97175100000004</x1>
			<y1>70.399573</y1>
			<x2>360.514009</x2>
			<y2>79.441074</y2>
			<x3>354.866716</x3>
			<y3>95.179117</y3>
			<x4>355.741721</x4>
			<y4>108.835199</y4>
			<x5>361.42364799999996</x5>
			<y5>119.116355</y5>
			<x6>371.71590100000003</x6>
			<y6>126.874137</y6>
			<x7>391.37786700000004</x7>
			<y7>126.031832</y7>
			<x8>400.74757999999997</x8>
			<y8>117.431744</y8>
			<x9>405.45943</x9>
			<y9>108.653241</y9>
			<x10>408.11670000000004</x10>
			<y10>91.32796</y10>
			<x11>398.027493</x11>
			<y11>71.059922</y11>
			<x12>381.016347</x12>
			<y12>66.235651</y12>
			<x13>367.97175100000004</x13>
			<y13>70.399573</y13>
		</polygon>
	</object>
	<object>
		<name>capsicum</name>
		<pose>Unspecified</pose>
		<truncated>0</truncated>
		<difficult>0</difficult>
		<occluded>0</occluded>
		<bndbox>
			<xmin>239</xmin>
			<xmax>265</xmax>
			<ymin>1</ymin>
			<ymax>38</ymax>
		</bndbox>
		<polygon>
			<x1>250.346612</x1>
			<y1>0</y1>
			<x2>244.255211</x2>
			<y2>1.475148</y2>
			<x3>240.329745</x3>
			<y3>6.847449</y3>
			<x4>238.357335</x4>
			<y4>27.021656</y4>
			<x5>242.96121</x5>
			<y5>36.156988</y5>
			<x6>252.91425900000002</x6>
			<y6>36.660953</y6>
			<x7>263.219415</x7>
			<y7>21.101326</y7>
			<x8>264.45297800000003</x8>
			<y8>7.035108</y8>
			<x9>256.989799</x9>
			<y9>0</y9>
			<x10>250.346612</x10>
			<y10>0</y10>
		</polygon>
	</object>
	<object>
		<name>orange</name>
		<pose>Unspecified</pose>
		<truncated>0</truncated>
		<difficult>0</difficult>
		<occluded>0</occluded>
		<bndbox>
			<xmin>15</xmin>
			<xmax>40</xmax>
			<ymin>376</ymin>
			<ymax>407</ymax>
		</bndbox>
		<polygon>
			<x1>36.326872</x1>
			<y1>398.422153</y1>
			<x2>38.638487</x2>
			<y2>385.50176</y2>
			<x3>35.112662</x3>
			<y3>377.512256</y3>
			<x4>26.19013</x4>
			<y4>375.45232699999997</y4>
			<x5>17.6068</x5>
			<y5>380.646213</y5>
			<x6>14.217134</x6>
			<y6>392.420779</y6>
			<x7>17.349767</x7>
			<y7>402.113385</y7>
			<x8>27.153755</x8>
			<y8>406.17069000000004</y8>
			<x9>36.326872</x9>
			<y9>398.422153</y9>
		</polygon>
	</object>
	<object>
		<name>greenapple</name>
		<pose>Unspecified</pose>
		<truncated>0</truncated>
		<difficult>0</difficult>
		<occluded>0</occluded>
		<bndbox>
			<xmin>155</xmin>
			<xmax>178</xmax>
			<ymin>406</ymin>
			<ymax>417</ymax>
		</bndbox>
		<polygon>
			<x1>176.970567</x1>
			<y1>416</y1>
			<x2>173.805122</x2>
			<y2>407.738057</y2>
			<x3>164.441862</x3>
			<y3>404.67944</y3>
			<x4>155.46534</x4>
			<y4>411.57642699999997</y4>
			<x5>154.444078</x5>
			<y5>416</y5>
			<x6>176.970567</x6>
			<y6>416</y6>
		</polygon>
	</object>
	<object>
		<name>orange</name>
		<pose>Unspecified</pose>
		<truncated>0</truncated>
		<difficult>0</difficult>
		<occluded>0</occluded>
		<bndbox>
			<xmin>204</xmin>
			<xmax>320</xmax>
			<ymin>267</ymin>
			<ymax>417</ymax>
		</bndbox>
		<polygon>
			<x1>203</x1>
			<y1>266</y1>
			<x2>203</x2>
			<y2>416</y2>
			<x3>286.041648</x3>
			<y3>416</y3>
			<x4>297.200144</x4>
			<y4>400.63163099999997</y4>
			<x5>312.02700600000003</x5>
			<y5>365.486346</y5>
			<x6>318.521121</x6>
			<y6>325.726481</y6>
			<x7>314.12674400000003</x7>
			<y7>292.422189</y7>
			<x8>305.901973</x8>
			<y8>269.893777</y8>
			<x9>303.413365</x9>
			<y9>266</y9>
			<x10>203</x10>
			<y10>266</y10>
		</polygon>
	</object>
</annotation>
