<annotation>
	<folder></folder>
	<filename>image_78_png.rf.85f08eebbb3d0c8c021267f70df81e25.jpg</filename>
	<path>image_78_png.rf.85f08eebbb3d0c8c021267f70df81e25.jpg</path>
	<source>
		<database>roboflow.ai</database>
	</source>
	<size>
		<width>416</width>
		<height>416</height>
		<depth>3</depth>
	</size>
	<segmented>0</segmented>
	<object>
		<name>orange</name>
		<pose>Unspecified</pose>
		<truncated>0</truncated>
		<difficult>0</difficult>
		<occluded>0</occluded>
		<bndbox>
			<xmin>146</xmin>
			<xmax>169</xmax>
			<ymin>102</ymin>
			<ymax>134</ymax>
		</bndbox>
		<polygon>
			<x1>168.267621</x1>
			<y1>123.18252</y1>
			<x2>168.057259</x2>
			<y2>113.358305</y2>
			<x3>161.524316</x3>
			<y3>101.84707</y3>
			<x4>152.714776</x4>
			<y4>101.450085</y4>
			<x5>144.874465</x5>
			<y5>107.172565</y5>
			<x6>144.602884</x6>
			<y6>122.449949</y6>
			<x7>151.376798</x7>
			<y7>131.234599</y7>
			<x8>160.324798</x8>
			<y8>132.505793</y8>
			<x9>168.267621</x9>
			<y9>123.18252</y9>
		</polygon>
	</object>
	<object>
		<name>orange</name>
		<pose>Unspecified</pose>
		<truncated>0</truncated>
		<difficult>0</difficult>
		<occluded>0</occluded>
		<bndbox>
			<xmin>218</xmin>
			<xmax>271</xmax>
			<ymin>173</ymin>
			<ymax>200</ymax>
		</bndbox>
		<polygon>
			<x1>270.179896</x1>
			<y1>199</y1>
			<x2>267.90674</x2>
			<y2>188.813895</y2>
			<x3>260.855903</x3>
			<y3>178.280826</y3>
			<x4>252.52830699999998</x4>
			<y4>172.430673</y4>
			<x5>231.248018</x5>
			<y5>174.008861</y5>
			<x6>222.751352</x6>
			<y6>179.835298</y6>
			<x7>216.813546</x7>
			<y7>193.321705</y7>
			<x8>217.076671</x8>
			<y8>199</y8>
			<x9>270.179896</x9>
			<y9>199</y9>
		</polygon>
	</object>
	<object>
		<name>mango</name>
		<pose>Unspecified</pose>
		<truncated>0</truncated>
		<difficult>0</difficult>
		<occluded>0</occluded>
		<bndbox>
			<xmin>319</xmin>
			<xmax>373</xmax>
			<ymin>152</ymin>
			<ymax>200</ymax>
		</bndbox>
		<polygon>
			<x1>367.74147700000003</x1>
			<y1>199</y1>
			<x2>369.960008</x2>
			<y2>195.949868</y2>
			<x3>371.995634</x3>
			<y3>187.562203</y3>
			<x4>368.81102799999996</x4>
			<y4>167.45539</y4>
			<x5>352.77624000000003</x5>
			<y5>151.176125</y5>
			<x6>334.121372</x6>
			<y6>152.338487</y6>
			<x7>323.79409999999996</x7>
			<y7>159.351002</y7>
			<x8>319.271515</x8>
			<y8>169.028702</y8>
			<x9>317.789734</x9>
			<y9>180.913205</y9>
			<x10>321.594745</x10>
			<y10>196.441059</y10>
			<x11>323.706944</x11>
			<y11>199</y11>
			<x12>367.74147700000003</x12>
			<y12>199</y12>
		</polygon>
	</object>
	<object>
		<name>capsicum</name>
		<pose>Unspecified</pose>
		<truncated>0</truncated>
		<difficult>0</difficult>
		<occluded>0</occluded>
		<bndbox>
			<xmin>310</xmin>
			<xmax>342</xmax>
			<ymin>1</ymin>
			<ymax>29</ymax>
		</bndbox>
		<polygon>
			<x1>308.898841</x1>
			<y1>0</y1>
			<x2>310.101034</x2>
			<y2>9.176082</y2>
			<x3>320.505548</x3>
			<y3>28.139374</y3>
			<x4>335.083823</x4>
			<y4>26.726542</y4>
			<x5>338.847542</x5>
			<y5>20.753591</y5>
			<x6>341.22665</x6>
			<y6>6.038547</y6>
			<x7>340.820088</x7>
			<y7>0</y7>
			<x8>308.898841</x8>
			<y8>0</y8>
		</polygon>
	</object>
	<object>
		<name>capsicum</name>
		<pose>Unspecified</pose>
		<truncated>0</truncated>
		<difficult>0</difficult>
		<occluded>0</occluded>
		<bndbox>
			<xmin>27</xmin>
			<xmax>52</xmax>
			<ymin>209</ymin>
			<ymax>244</ymax>
		</bndbox>
		<polygon>
			<x1>48.551153</x1>
			<y1>238.725178</y1>
			<x2>50.514879</x2>
			<y2>221.387507</y2>
			<x3>45.812541</x3>
			<y3>208.690194</y3>
			<x4>37.003001</x4>
			<y4>208.29321</y4>
			<x5>27.573057</x5>
			<y5>212.475184</y5>
			<x6>25.778403</x6>
			<y6>218.136266</y6>
			<x7>30.655152</x7>
			<y7>236.18279</y7>
			<x8>37.808499</x8>
			<y8>243.115066</y8>
			<x9>48.551153</x9>
			<y9>238.725178</y9>
		</polygon>
	</object>
	<object>
		<name>orange</name>
		<pose>Unspecified</pose>
		<truncated>0</truncated>
		<difficult>0</difficult>
		<occluded>0</occluded>
		<bndbox>
			<xmin>282</xmin>
			<xmax>339</xmax>
			<ymin>200</ymin>
			<ymax>257</ymax>
		</bndbox>
		<polygon>
			<x1>283.562849</x1>
			<y1>199</y1>
			<x2>282.565928</x2>
			<y2>200.704707</y2>
			<x3>280.945687</x3>
			<y3>211.715001</y3>
			<x4>286.412231</x4>
			<y4>237.733365</y4>
			<x5>292.806712</x5>
			<y5>248.37039</y5>
			<x6>302.72394099999997</x6>
			<y6>255.761049</y6>
			<x7>319.548204</x7>
			<y7>255.784766</y7>
			<x8>327.665438</x8>
			<y8>251.810704</y8>
			<x9>334.951906</x9>
			<y9>242.591386</y9>
			<x10>338.366802</x10>
			<y10>225.920013</y10>
			<x11>337.04875100000004</x11>
			<y11>209.102123</y11>
			<x12>333.14919499999996</x12>
			<y12>199</y12>
			<x13>283.562849</x13>
			<y13>199</y13>
		</polygon>
	</object>
	<object>
		<name>capsicum</name>
		<pose>Unspecified</pose>
		<truncated>0</truncated>
		<difficult>0</difficult>
		<occluded>0</occluded>
		<bndbox>
			<xmin>278</xmin>
			<xmax>311</xmax>
			<ymin>285</ymin>
			<ymax>341</ymax>
		</bndbox>
		<polygon>
			<x1>288.397319</x1>
			<y1>288.498901</y1>
			<x2>277.03426</x2>
			<y2>297.46774700000003</y2>
			<x3>279.839434</x3>
			<y3>319.426936</y3>
			<x4>285.475049</x4>
			<y4>333.76871</y4>
			<x5>291.177224</x5>
			<y5>340.03468899999996</y5>
			<x6>304.442789</x6>
			<y6>338.829769</y6>
			<x7>309.380758</x7>
			<y7>331.774697</y7>
			<x8>310.483106</x8>
			<y8>321.742569</y8>
			<x9>308.298337</x9>
			<y9>295.204422</y9>
			<x10>303.77041099999997</x10>
			<y10>287.856321</y10>
			<x11>291.540634</x11>
			<y11>287.104909</y11>
			<x12>288.36136899999997</x12>
			<y12>284.02389800000003</y12>
			<x13>288.397319</x13>
			<y13>288.498901</y13>
		</polygon>
	</object>
</annotation>
