<annotation>
	<folder></folder>
	<filename>image_45_png.rf.7b8fb5c7d2535574d5d05678f7484bc1.jpg</filename>
	<path>image_45_png.rf.7b8fb5c7d2535574d5d05678f7484bc1.jpg</path>
	<source>
		<database>roboflow.ai</database>
	</source>
	<size>
		<width>416</width>
		<height>416</height>
		<depth>3</depth>
	</size>
	<segmented>0</segmented>
	<object>
		<name>mango</name>
		<pose>Unspecified</pose>
		<truncated>0</truncated>
		<difficult>0</difficult>
		<occluded>0</occluded>
		<bndbox>
			<xmin>81</xmin>
			<xmax>136</xmax>
			<ymin>141</ymin>
			<ymax>200</ymax>
		</bndbox>
		<polygon>
			<x1>119.127332</x1>
			<y1>199</y1>
			<x2>131.75875</x2>
			<y2>184.244466</y2>
			<x3>134.513755</x3>
			<y3>165.03226</y3>
			<x4>125.135638</x4>
			<y4>145.508443</y4>
			<x5>108.316035</x5>
			<y5>139.505834</y5>
			<x6>96.823307</x6>
			<y6>142.067404</y6>
			<x7>84.911089</x7>
			<y7>154.473936</y7>
			<x8>79.599664</x8>
			<y8>170.335241</y8>
			<x9>80.245207</x9>
			<y9>181.350249</y9>
			<x10>85.147443</x10>
			<y10>191.617563</y10>
			<x11>93.518943</x11>
			<y11>199</y11>
			<x12>119.127332</x12>
			<y12>199</y12>
		</polygon>
	</object>
	<object>
		<name>redapple</name>
		<pose>Unspecified</pose>
		<truncated>0</truncated>
		<difficult>0</difficult>
		<occluded>0</occluded>
		<bndbox>
			<xmin>309</xmin>
			<xmax>381</xmax>
			<ymin>2</ymin>
			<ymax>86</ymax>
		</bndbox>
		<polygon>
			<x1>363.57336</x1>
			<y1>11.245288</y1>
			<x2>341.642633</x2>
			<y2>1.254821</y2>
			<x3>328.44791499999997</x3>
			<y3>5.201046</y3>
			<x4>318.451725</x4>
			<y4>18.085297</y4>
			<x5>308.036045</x5>
			<y5>40.814511</y5>
			<x6>307.834026</x6>
			<y6>57.949732</y6>
			<x7>315.719037</x7>
			<y7>72.578754</y7>
			<x8>323.386578</x8>
			<y8>79.917515</y8>
			<x9>345.740227</x9>
			<y9>85.490906</y9>
			<x10>360.638654</x10>
			<y10>82.873967</y10>
			<x11>377.864012</x11>
			<y11>57.320073</y11>
			<x12>380.199528</x12>
			<y12>47.95283</y12>
			<x13>378.91702699999996</x13>
			<y13>39.492524</y13>
			<x14>371.881293</x14>
			<y14>21.457232</y14>
			<x15>363.57336</x15>
			<y15>11.245288</y15>
		</polygon>
	</object>
	<object>
		<name>greenapple</name>
		<pose>Unspecified</pose>
		<truncated>0</truncated>
		<difficult>0</difficult>
		<occluded>0</occluded>
		<bndbox>
			<xmin>271</xmin>
			<xmax>297</xmax>
			<ymin>127</ymin>
			<ymax>159</ymax>
		</bndbox>
		<polygon>
			<x1>292.993969</x1>
			<y1>152.840712</y1>
			<x2>295.541804</x2>
			<y2>142.621902</y2>
			<x3>292.127522</x3>
			<y3>129.107559</y3>
			<x4>284.037058</x4>
			<y4>126.185875</y4>
			<x5>272.972402</x5>
			<y5>132.472194</y5>
			<x6>269.789325</x6>
			<y6>147.959649</y6>
			<x7>275.542556</x7>
			<y7>157.534635</y7>
			<x8>285.54733</x8>
			<y8>158.220095</y8>
			<x9>292.993969</x9>
			<y9>152.840712</y9>
		</polygon>
	</object>
	<object>
		<name>greenapple</name>
		<pose>Unspecified</pose>
		<truncated>0</truncated>
		<difficult>0</difficult>
		<occluded>0</occluded>
		<bndbox>
			<xmin>1</xmin>
			<xmax>35</xmax>
			<ymin>313</ymin>
			<ymax>374</ymax>
		</bndbox>
		<polygon>
			<x1>0</x1>
			<y1>370.678595</y1>
			<x2>13.030483</x2>
			<y2>373.25229</y2>
			<x3>23.454746</x3>
			<y3>364.09278800000004</y3>
			<x4>34.293349</x4>
			<y4>336.946497</y4>
			<x5>32.372171</x5>
			<y5>328.32695</y5>
			<x6>24.915233</x6>
			<y6>317.422679</y6>
			<x7>9.37298</x7>
			<y7>311.73855100000003</y7>
			<x8>2.138662</x8>
			<y8>316.266366</y8>
			<x9>0</x9>
			<y9>319.371627</y9>
			<x10>0</x10>
			<y10>370.678595</y10>
		</polygon>
	</object>
	<object>
		<name>orange</name>
		<pose>Unspecified</pose>
		<truncated>0</truncated>
		<difficult>0</difficult>
		<occluded>0</occluded>
		<bndbox>
			<xmin>123</xmin>
			<xmax>180</xmax>
			<ymin>366</ymin>
			<ymax>417</ymax>
		</bndbox>
		<polygon>
			<x1>173.839212</x1>
			<y1>416</y1>
			<x2>178.440614</x2>
			<y2>403.63961</y2>
			<x3>179.070706</x3>
			<y3>390.22913700000004</y3>
			<x4>172.034973</x4>
			<y4>372.193846</y4>
			<x5>148.828612</x5>
			<y5>364.59884</y5>
			<x6>139.251911</x6>
			<y6>367.63813</y6>
			<x7>129.254004</x7>
			<y7>377.808439</y7>
			<x8>122.031702</x8>
			<y8>401.333851</y8>
			<x9>122.250889</x9>
			<y9>411.338053</y9>
			<x10>123.531306</x10>
			<y10>416</y10>
			<x11>173.839212</x11>
			<y11>416</y11>
		</polygon>
	</object>
	<object>
		<name>capsicum</name>
		<pose>Unspecified</pose>
		<truncated>0</truncated>
		<difficult>0</difficult>
		<occluded>0</occluded>
		<bndbox>
			<xmin>151</xmin>
			<xmax>171</xmax>
			<ymin>200</ymin>
			<ymax>210</ymax>
		</bndbox>
		<polygon>
			<x1>150.62515</x1>
			<y1>199</y1>
			<x2>150.427598</x2>
			<y2>200.377642</y2>
			<x3>153.19977</x3>
			<y3>208.30486</y3>
			<x4>163.843221</x4>
			<y4>209.14956</y4>
			<x5>170.069111</x5>
			<y5>199</y5>
			<x6>150.62515</x6>
			<y6>199</y6>
		</polygon>
	</object>
	<object>
		<name>orange</name>
		<pose>Unspecified</pose>
		<truncated>0</truncated>
		<difficult>0</difficult>
		<occluded>0</occluded>
		<bndbox>
			<xmin>261</xmin>
			<xmax>317</xmax>
			<ymin>390</ymin>
			<ymax>417</ymax>
		</bndbox>
		<polygon>
			<x1>315.574048</x1>
			<y1>416</y1>
			<x2>308.885969</x2>
			<y2>396.50151800000003</y2>
			<x3>285.040932</x3>
			<y3>388.747273</y3>
			<x4>276.315226</x4>
			<y4>391.09423400000003</y4>
			<x5>264.403008</x5>
			<y5>403.500766</y5>
			<x6>260.443699</x6>
			<y6>416</y6>
			<x7>315.574048</x7>
			<y7>416</y7>
		</polygon>
	</object>
</annotation>
