<annotation>
	<folder></folder>
	<filename>image_86_png.rf.55345cb4c4e3690e7234be80df53b9b8.jpg</filename>
	<path>image_86_png.rf.55345cb4c4e3690e7234be80df53b9b8.jpg</path>
	<source>
		<database>roboflow.ai</database>
	</source>
	<size>
		<width>416</width>
		<height>416</height>
		<depth>3</depth>
	</size>
	<segmented>0</segmented>
	<object>
		<name>redapple</name>
		<pose>Unspecified</pose>
		<truncated>0</truncated>
		<difficult>0</difficult>
		<occluded>0</occluded>
		<bndbox>
			<xmin>1</xmin>
			<xmax>26</xmax>
			<ymin>126</ymin>
			<ymax>210</ymax>
		</bndbox>
		<polygon>
			<x1>0</x1>
			<y1>208.621992</y1>
			<x2>11.751759</x2>
			<y2>205.15061</y2>
			<x3>25.1014</x3>
			<y3>181.036307</y3>
			<x4>23.275025</x4>
			<y4>166.436384</y4>
			<x5>11.275356</x5>
			<y5>135.614059</y5>
			<x6>0</x6>
			<y6>125.36444</y6>
			<x7>0</x7>
			<y7>208.621992</y7>
		</polygon>
	</object>
	<object>
		<name>greenapple</name>
		<pose>Unspecified</pose>
		<truncated>0</truncated>
		<difficult>0</difficult>
		<occluded>0</occluded>
		<bndbox>
			<xmin>129</xmin>
			<xmax>178</xmax>
			<ymin>25</ymin>
			<ymax>87</ymax>
		</bndbox>
		<polygon>
			<x1>132.950082</x1>
			<y1>44.415623</y1>
			<x2>128.447631</x2>
			<y2>67.578725</y2>
			<x3>133.034006</x3>
			<y3>78.263603</y3>
			<x4>139.262995</x4>
			<y4>83.925931</y4>
			<x5>158.858628</x5>
			<y5>85.954323</y5>
			<x6>164.353667</x6>
			<y6>81.680608</y6>
			<x7>170.540694</x7>
			<y7>70.418946</y7>
			<x8>176.802599</x8>
			<y8>48.488155</y8>
			<x9>165.370124</x9>
			<y9>28.459766</y9>
			<x10>152.220157</x10>
			<y10>24.123057</y10>
			<x11>144.965664</x11>
			<y11>27.164462</y11>
			<x12>132.950082</x12>
			<y12>44.415623</y12>
		</polygon>
	</object>
	<object>
		<name>orange</name>
		<pose>Unspecified</pose>
		<truncated>0</truncated>
		<difficult>0</difficult>
		<occluded>0</occluded>
		<bndbox>
			<xmin>213</xmin>
			<xmax>231</xmax>
			<ymin>7</ymin>
			<ymax>38</ymax>
		</bndbox>
		<polygon>
			<x1>212</x1>
			<y1>34.670588</y1>
			<x2>215.869213</x2>
			<y2>36.857104</y2>
			<x3>227.001089</x3>
			<y3>31.008159</y3>
			<x4>230.144522</x4>
			<y4>18.264574</y4>
			<x5>228.434986</x5>
			<y5>9.919511</y5>
			<x6>220.58834</x6>
			<y6>5.723356</y6>
			<x7>213.834119</x7>
			<y7>6.191083</y7>
			<x8>212</x8>
			<y8>7.853449</y8>
			<x9>212</x9>
			<y9>34.670588</y9>
		</polygon>
	</object>
	<object>
		<name>redapple</name>
		<pose>Unspecified</pose>
		<truncated>0</truncated>
		<difficult>0</difficult>
		<occluded>0</occluded>
		<bndbox>
			<xmin>346</xmin>
			<xmax>415</xmax>
			<ymin>41</ymin>
			<ymax>122</ymax>
		</bndbox>
		<polygon>
			<x1>394.06424400000003</x1>
			<y1>45.675805</y1>
			<x2>380.438963</x2>
			<y2>40.356398</y2>
			<x3>368.38142</x3>
			<y3>40.68357</y3>
			<x4>358.84224</x4>
			<y4>48.622719</y4>
			<x5>347.418811</x5>
			<y5>73.11144</y5>
			<x6>344.700774</x6>
			<y6>93.950476</y6>
			<x7>354.065239</x7>
			<y7>110.905963</y7>
			<x8>362.22044</x8>
			<y8>116.942709</y8>
			<x9>378.747519</x9>
			<y9>121.045554</y9>
			<x10>397.250727</x10>
			<y10>118.410064</y10>
			<x11>402.91252299999996</x11>
			<y11>113.278457</y11>
			<x12>413.02685199999996</x12>
			<y12>92.0965</y12>
			<x13>414.41083000000003</x13>
			<y13>78.120606</y13>
			<x14>403.812143</x14>
			<y14>53.802754</y14>
			<x15>394.06424400000003</x15>
			<y15>45.675805</y15>
		</polygon>
	</object>
	<object>
		<name>mango</name>
		<pose>Unspecified</pose>
		<truncated>0</truncated>
		<difficult>0</difficult>
		<occluded>0</occluded>
		<bndbox>
			<xmin>1</xmin>
			<xmax>18</xmax>
			<ymin>337</ymin>
			<ymax>393</ymax>
		</bndbox>
		<polygon>
			<x1>0</x1>
			<y1>392.179254</y1>
			<x2>3.212817</x2>
			<y2>390.640869</y2>
			<x3>11.80137</x3>
			<y3>380.73632399999997</y3>
			<x4>16.637336</x4>
			<y4>355.857436</y4>
			<x5>6.797557</x5>
			<y5>337.91925100000003</y5>
			<x6>0</x6>
			<y6>335.595955</y6>
			<x7>0</x7>
			<y7>392.179254</y7>
		</polygon>
	</object>
</annotation>
