<annotation>
	<folder></folder>
	<filename>image_106_png.rf.1415782403933b50d0a20247a50dd732.jpg</filename>
	<path>image_106_png.rf.1415782403933b50d0a20247a50dd732.jpg</path>
	<source>
		<database>roboflow.ai</database>
	</source>
	<size>
		<width>416</width>
		<height>416</height>
		<depth>3</depth>
	</size>
	<segmented>0</segmented>
	<object>
		<name>orange</name>
		<pose>Unspecified</pose>
		<truncated>0</truncated>
		<difficult>0</difficult>
		<occluded>0</occluded>
		<bndbox>
			<xmin>55</xmin>
			<xmax>107</xmax>
			<ymin>1</ymin>
			<ymax>23</ymax>
		</bndbox>
		<polygon>
			<x1>54.159522</x1>
			<y1>0</y1>
			<x2>55.969459</x2>
			<y2>5.571207</y2>
			<x3>64.225627</x3>
			<y3>16.871123</y3>
			<x4>74.238732</x4>
			<y4>21.693995</y4>
			<x5>96.879605</x5>
			<y5>16.731994</y5>
			<x6>102.028661</x6>
			<y6>10.668236</y6>
			<x7>105.606651</x7>
			<y7>0</y7>
			<x8>54.159522</x8>
			<y8>0</y8>
		</polygon>
	</object>
	<object>
		<name>redapple</name>
		<pose>Unspecified</pose>
		<truncated>0</truncated>
		<difficult>0</difficult>
		<occluded>0</occluded>
		<bndbox>
			<xmin>50</xmin>
			<xmax>119</xmax>
			<ymin>60</ymin>
			<ymax>141</ymax>
		</bndbox>
		<polygon>
			<x1>92.019167</x1>
			<y1>62.805977</y1>
			<x2>78.205374</x2>
			<y2>59.407273</y2>
			<x3>63.819765</x3>
			<y3>61.429039</y3>
			<x4>55.401254</x4>
			<y4>67.952289</y4>
			<x5>49.762457</x5>
			<y5>84.765086</y5>
			<x6>48.742388</x6>
			<y6>110.718955</y6>
			<x7>53.197869</x7>
			<y7>123.443041</y7>
			<x8>62.639157</x8>
			<y8>133.686382</y8>
			<x9>77.597485</x9>
			<y9>140.484301</y9>
			<x10>94.72132</x10>
			<y10>138.967721</y10>
			<x11>112.048988</x11>
			<y11>129.412336</y11>
			<x12>115.644938</x12>
			<y12>121.786818</y12>
			<x13>118.463434</x13>
			<y13>99.140266</y13>
			<x14>118.136038</x14>
			<y14>92.066139</y14>
			<x15>113.517309</x15>
			<y15>82.925065</y15>
			<x16>92.019167</x16>
			<y16>62.805977</y16>
		</polygon>
	</object>
	<object>
		<name>greenapple</name>
		<pose>Unspecified</pose>
		<truncated>0</truncated>
		<difficult>0</difficult>
		<occluded>0</occluded>
		<bndbox>
			<xmin>85</xmin>
			<xmax>121</xmax>
			<ymin>214</ymin>
			<ymax>275</ymax>
		</bndbox>
		<polygon>
			<x1>120</x1>
			<y1>220.672424</y1>
			<x2>109.193517</x2>
			<y2>213.475293</y2>
			<x3>93.908695</x3>
			<y3>213.8434</y3>
			<x4>88.105749</x4>
			<y4>219.999056</y4>
			<x5>84.183304</x5>
			<y5>234.7906</y5>
			<x6>85.002248</x6>
			<y6>259.595995</y6>
			<x7>93.258414</x7>
			<y7>270.895912</y7>
			<x8>101.064524</x8>
			<y8>274.248923</y8>
			<x9>120</x9>
			<y9>269.904555</y9>
			<x10>120</x10>
			<y10>220.672424</y10>
		</polygon>
	</object>
	<object>
		<name>mango</name>
		<pose>Unspecified</pose>
		<truncated>0</truncated>
		<difficult>0</difficult>
		<occluded>0</occluded>
		<bndbox>
			<xmin>156</xmin>
			<xmax>417</xmax>
			<ymin>158</ymin>
			<ymax>288</ymax>
		</bndbox>
		<polygon>
			<x1>416</x1>
			<y1>220.501241</y1>
			<x2>413.408832</x2>
			<y2>206.02085</y2>
			<x3>398.85817</x3>
			<y3>183.145322</y3>
			<x4>381.48811</x4>
			<y4>168.676191</y4>
			<x5>362.48377400000004</x5>
			<y5>161.556884</y5>
			<x6>335.224173</x6>
			<y6>157.377814</y6>
			<x7>296.521925</x7>
			<y7>161.927042</y7>
			<x8>276.864601</x8>
			<y8>169.139786</y8>
			<x9>252.426204</x9>
			<y9>185.034624</y9>
			<x10>165.626422</x10>
			<y10>264.87487</y10>
			<x11>156.064277</x11>
			<y11>282.239057</y11>
			<x12>155.47175</x12>
			<y12>287</y12>
			<x13>406.377446</x13>
			<y13>287</y13>
			<x14>407.85572</x14>
			<y14>285.122831</y14>
			<x15>416</x15>
			<y15>267.581136</y15>
			<x16>416</x16>
			<y16>220.501241</y16>
		</polygon>
	</object>
	<object>
		<name>greenapple</name>
		<pose>Unspecified</pose>
		<truncated>0</truncated>
		<difficult>0</difficult>
		<occluded>0</occluded>
		<bndbox>
			<xmin>88</xmin>
			<xmax>112</xmax>
			<ymin>402</ymin>
			<ymax>417</ymax>
		</bndbox>
		<polygon>
			<x1>110.77705</x1>
			<y1>416</y1>
			<x2>110.093471</x2>
			<y2>411.136086</y2>
			<x3>102.736517</x3>
			<y3>401.489828</y3>
			<x4>94.113269</x4>
			<y4>401.811729</y4>
			<x5>86.961954</x5>
			<y5>412.606973</y5>
			<x6>87.612853</x6>
			<y6>416</y6>
			<x7>110.77705</x7>
			<y7>416</y7>
		</polygon>
	</object>
</annotation>
