<annotation>
	<folder></folder>
	<filename>image_86_png.rf.f2b21206a02cda795aa4ea30de18b1a5.jpg</filename>
	<path>image_86_png.rf.f2b21206a02cda795aa4ea30de18b1a5.jpg</path>
	<source>
		<database>roboflow.ai</database>
	</source>
	<size>
		<width>416</width>
		<height>416</height>
		<depth>3</depth>
	</size>
	<segmented>0</segmented>
	<object>
		<name>redapple</name>
		<pose>Unspecified</pose>
		<truncated>0</truncated>
		<difficult>0</difficult>
		<occluded>0</occluded>
		<bndbox>
			<xmin>379</xmin>
			<xmax>417</xmax>
			<ymin>105</ymin>
			<ymax>192</ymax>
		</bndbox>
		<polygon>
			<x1>416</x1>
			<y1>107.53232</y1>
			<x2>409.853359</x2>
			<y2>104.456347</y2>
			<x3>399.22724800000003</x3>
			<y3>104.827419</y3>
			<x4>392.70948799999996</x4>
			<y4>108.597607</y4>
			<x5>377.66612499999997</x5>
			<y5>134.806664</y5>
			<x6>377.58889899999997</x6>
			<y6>151.636634</y6>
			<x7>383.45797</x7>
			<y7>167.373307</y7>
			<x8>393.280942</x8>
			<y8>182.086261</y8>
			<x9>407.536611</x9>
			<y9>190.444901</y9>
			<x10>416</x10>
			<y10>190.51288</y10>
			<x11>416</x11>
			<y11>107.53232</y11>
		</polygon>
	</object>
	<object>
		<name>greenapple</name>
		<pose>Unspecified</pose>
		<truncated>0</truncated>
		<difficult>0</difficult>
		<occluded>0</occluded>
		<bndbox>
			<xmin>113</xmin>
			<xmax>157</xmax>
			<ymin>297</ymin>
			<ymax>360</ymax>
		</bndbox>
		<polygon>
			<x1>118.187844</x1>
			<y1>304.112887</y1>
			<x2>111.500187</x2>
			<y2>322.059344</y2>
			<x3>112.272431</x3>
			<y3>344.173523</y3>
			<x4>119.284428</x4>
			<y4>354.55641</y4>
			<x5>126.744328</x5>
			<y5>358.724134</y5>
			<x6>145.942374</x6>
			<y6>356.282431</y6>
			<x7>152.846259</x7>
			<y7>344.527946</y7>
			<x8>156.182365</x8>
			<y8>325.812883</y8>
			<x9>155.147555</x9>
			<y9>315.221268</y9>
			<x10>143.332187</x10>
			<y10>300.57789</y10>
			<x11>135.208155</x11>
			<y11>296.433358</y11>
			<x12>126.57444</x12>
			<y12>296.734854</y12>
			<x13>118.187844</x13>
			<y13>304.112887</y13>
		</polygon>
	</object>
	<object>
		<name>redapple</name>
		<pose>Unspecified</pose>
		<truncated>0</truncated>
		<difficult>0</difficult>
		<occluded>0</occluded>
		<bndbox>
			<xmin>259</xmin>
			<xmax>304</xmax>
			<ymin>225</ymin>
			<ymax>257</ymax>
		</bndbox>
		<polygon>
			<x1>258.234531</x1>
			<y1>224</y1>
			<x2>270.032918</x2>
			<y2>250.166561</y2>
			<x3>279.546994</x3>
			<y3>256.033844</y3>
			<x4>293.431984</x4>
			<y4>253.777678</y4>
			<x5>299.131164</x5>
			<y5>245.607845</y5>
			<x6>303.224071</x6>
			<y6>229.523292</y6>
			<x7>303.03119300000003</x7>
			<y7>224</y7>
			<x8>258.234531</x8>
			<y8>224</y8>
		</polygon>
	</object>
	<object>
		<name>mango</name>
		<pose>Unspecified</pose>
		<truncated>0</truncated>
		<difficult>0</difficult>
		<occluded>0</occluded>
		<bndbox>
			<xmin>382</xmin>
			<xmax>409</xmax>
			<ymin>329</ymin>
			<ymax>365</ymax>
		</bndbox>
		<polygon>
			<x1>408.017898</x1>
			<y1>355.168111</y1>
			<x2>407.492771</x2>
			<y2>340.130468</y2>
			<x3>401.870818</x3>
			<y3>331.470332</y3>
			<x4>389.792885</x4>
			<y4>328.34952</y4>
			<x5>380.803935</x5>
			<y5>337.51988</y5>
			<x6>381.962304</x6>
			<y6>351.649763</y6>
			<x7>391.661717</x7>
			<y7>362.82444899999996</y7>
			<x8>401.021344</x8>
			<y8>364.268894</y8>
			<x9>408.017898</x9>
			<y9>355.168111</y9>
		</polygon>
	</object>
</annotation>
