<annotation>
	<folder></folder>
	<filename>image_20_png.rf.149df2433672a190a417c4af5e6906da.jpg</filename>
	<path>image_20_png.rf.149df2433672a190a417c4af5e6906da.jpg</path>
	<source>
		<database>roboflow.ai</database>
	</source>
	<size>
		<width>416</width>
		<height>416</height>
		<depth>3</depth>
	</size>
	<segmented>0</segmented>
	<object>
		<name>redapple</name>
		<pose>Unspecified</pose>
		<truncated>0</truncated>
		<difficult>0</difficult>
		<occluded>0</occluded>
		<bndbox>
			<xmin>41</xmin>
			<xmax>250</xmax>
			<ymin>1</ymin>
			<ymax>179</ymax>
		</bndbox>
		<polygon>
			<x1>39.915287</x1>
			<y1>0</y1>
			<x2>40.00116</x2>
			<y2>5.65604</y2>
			<x3>51.336071</x3>
			<y3>77.717595</y3>
			<x4>83.913431</x4>
			<y4>149.690828</y4>
			<x5>106.073118</x5>
			<y5>178</y5>
			<x6>209.237769</x6>
			<y6>178</y6>
			<x7>218.289693</x7>
			<y7>168.969873</y7>
			<x8>228.972528</x8>
			<y8>147.885407</y8>
			<x9>245.72454</x9>
			<y9>87.329193</y9>
			<x10>248.781108</x10>
			<y10>50.217297</y10>
			<x11>247.726935</x11>
			<y11>0</y11>
			<x12>39.915287</x12>
			<y12>0</y12>
		</polygon>
	</object>
	<object>
		<name>mango</name>
		<pose>Unspecified</pose>
		<truncated>0</truncated>
		<difficult>0</difficult>
		<occluded>0</occluded>
		<bndbox>
			<xmin>14</xmin>
			<xmax>250</xmax>
			<ymin>179</ymin>
			<ymax>391</ymax>
		</bndbox>
		<polygon>
			<x1>149.507668</x1>
			<y1>178</y1>
			<x2>126.702815</x2>
			<y2>189.671204</y2>
			<x3>99.432985</x3>
			<y3>210.023111</y3>
			<x4>39.727002</x4>
			<y4>268.09571</y4>
			<x5>23.919636</x5>
			<y5>287.340799</y5>
			<x6>15.075637</x6>
			<y6>307.18670499999996</y6>
			<x7>13.234636</x7>
			<y7>323.969147</y7>
			<x8>17.026871</x8>
			<y8>341.586944</y8>
			<x9>28.916615</x9>
			<y9>362.348549</y9>
			<x10>49.960909</x10>
			<y10>380.581637</y10>
			<x11>70.615389</x11>
			<y11>388.82590200000004</y11>
			<x12>104.454441</x12>
			<y12>390.17375200000004</y12>
			<x13>163.136518</x13>
			<y13>380.740842</y13>
			<x14>201.124482</x14>
			<y14>366.72795099999996</y14>
			<x15>236.218733</x15>
			<y15>344.082063</y15>
			<x16>249</x16>
			<y16>330.37462</y16>
			<x17>249</x17>
			<y17>182.933895</y17>
			<x18>239.31774</x18>
			<y18>178</y18>
			<x19>149.507668</x19>
			<y19>178</y19>
		</polygon>
	</object>
	<object>
		<name>capsicum</name>
		<pose>Unspecified</pose>
		<truncated>0</truncated>
		<difficult>0</difficult>
		<occluded>0</occluded>
		<bndbox>
			<xmin>313</xmin>
			<xmax>350</xmax>
			<ymin>327</ymin>
			<ymax>381</ymax>
		</bndbox>
		<polygon>
			<x1>342.520124</x1>
			<y1>378.114863</y1>
			<x2>346.237428</x2>
			<y2>371.97346</y2>
			<x3>348.587135</x3>
			<y3>354.186996</y3>
			<x4>345.968671</x4>
			<y4>335.447908</y4>
			<x5>339.436914</x5>
			<y5>325.627751</y5>
			<x6>326.487962</x6>
			<y6>326.082353</y6>
			<x7>312.442336</x7>
			<y7>335.873564</y7>
			<x8>316.311668</x8>
			<y8>361.706679</y8>
			<x9>327.067271</x9>
			<y9>379.925294</y9>
			<x10>342.520124</x10>
			<y10>378.114863</y10>
		</polygon>
	</object>
</annotation>
