<annotation>
	<folder></folder>
	<filename>image_49_png.rf.bd08a63cfb4ef184bfe3eaf3398b7e3d.jpg</filename>
	<path>image_49_png.rf.bd08a63cfb4ef184bfe3eaf3398b7e3d.jpg</path>
	<source>
		<database>roboflow.ai</database>
	</source>
	<size>
		<width>416</width>
		<height>416</height>
		<depth>3</depth>
	</size>
	<segmented>0</segmented>
	<object>
		<name>mango</name>
		<pose>Unspecified</pose>
		<truncated>0</truncated>
		<difficult>0</difficult>
		<occluded>0</occluded>
		<bndbox>
			<xmin>1</xmin>
			<xmax>48</xmax>
			<ymin>1</ymin>
			<ymax>69</ymax>
		</bndbox>
		<polygon>
			<x1>6.994281</x1>
			<y1>0</y1>
			<x2>0</x2>
			<y2>2.567016</y2>
			<x3>0</x3>
			<y3>68.213587</y3>
			<x4>21.457516</x4>
			<y4>62.86087</y4>
			<x5>35.732026</x5>
			<y5>52.008696</y5>
			<x6>47.287582</x6>
			<y6>34.826087</y6>
			<x7>47.287582</x7>
			<y7>12.217391</y7>
			<x8>36.792717</x8>
			<y8>0</y8>
			<x9>6.994281</x9>
			<y9>0</y9>
		</polygon>
	</object>
	<object>
		<name>redapple</name>
		<pose>Unspecified</pose>
		<truncated>0</truncated>
		<difficult>0</difficult>
		<occluded>0</occluded>
		<bndbox>
			<xmin>122</xmin>
			<xmax>170</xmax>
			<ymin>1</ymin>
			<ymax>50</ymax>
		</bndbox>
		<polygon>
			<x1>122.059245</x1>
			<y1>0</y1>
			<x2>121.379085</x2>
			<y2>14.026087</y2>
			<x3>134.973856</x3>
			<y3>43.869565</y3>
			<x4>143.810458</x4>
			<y4>49.295652</y4>
			<x5>157.405229</x5>
			<y5>48.391304</y5>
			<x6>162.163399</x6>
			<y6>43.869565</y6>
			<x7>168.281046</x7>
			<y7>26.686957</y7>
			<x8>168.838235</x8>
			<y8>0</y8>
			<x9>122.059245</x9>
			<y9>0</y9>
		</polygon>
	</object>
	<object>
		<name>mango</name>
		<pose>Unspecified</pose>
		<truncated>0</truncated>
		<difficult>0</difficult>
		<occluded>0</occluded>
		<bndbox>
			<xmin>1</xmin>
			<xmax>152</xmax>
			<ymin>213</ymin>
			<ymax>413</ymax>
		</bndbox>
		<polygon>
			<x1>24.204795</x1>
			<y1>212</y1>
			<x2>13.137255</x2>
			<y2>214.208696</y2>
			<x3>0</x3>
			<y3>220.326087</y3>
			<x4>0</x4>
			<y4>412.139131</y4>
			<x5>4.300654</x5>
			<y5>412.26087</y5>
			<x6>41.686275</x6>
			<y6>406.834783</y6>
			<x7>76.352941</x7>
			<y7>394.17391299999997</y7>
			<x8>100.823529</x8>
			<y8>379.704348</y8>
			<x9>126.653595</x9>
			<y9>357.095652</y9>
			<x10>145.006536</x10>
			<y10>332.678261</y10>
			<x11>151.124183</x11>
			<y11>310.069565</y11>
			<x12>149.084967</x12>
			<y12>270.278261</y12>
			<x13>138.888889</x13>
			<y13>245.86087</y13>
			<x14>126.653595</x14>
			<y14>230.486957</y14>
			<x15>100.823529</x15>
			<y15>216.921739</y15>
			<x16>83.714051</x16>
			<y16>212</y16>
			<x17>24.204795</x17>
			<y17>212</y17>
		</polygon>
	</object>
	<object>
		<name>redapple</name>
		<pose>Unspecified</pose>
		<truncated>0</truncated>
		<difficult>0</difficult>
		<occluded>0</occluded>
		<bndbox>
			<xmin>179</xmin>
			<xmax>359</xmax>
			<ymin>213</ymin>
			<ymax>417</ymax>
		</bndbox>
		<polygon>
			<x1>178</x1>
			<y1>212</y1>
			<x2>178</x2>
			<y2>416</y2>
			<x3>327.41467</x3>
			<y3>416</y3>
			<x4>339.411765</x4>
			<y4>390.86087</y4>
			<x5>348.92810499999996</x5>
			<y5>354.686957</y5>
			<x6>357.764706</x6>
			<y6>297.71304299999997</y6>
			<x7>357.764706</x7>
			<y7>263.347826</y7>
			<x8>353.686275</x8>
			<y8>228.982609</y8>
			<x9>349.735294</x9>
			<y9>212</y9>
			<x10>178</x10>
			<y10>212</y10>
		</polygon>
	</object>
</annotation>
