<annotation>
	<folder></folder>
	<filename>image_170_png.rf.028940c2ce6baf5d27d0de73ef48f885.jpg</filename>
	<path>image_170_png.rf.028940c2ce6baf5d27d0de73ef48f885.jpg</path>
	<source>
		<database>roboflow.ai</database>
	</source>
	<size>
		<width>416</width>
		<height>416</height>
		<depth>3</depth>
	</size>
	<segmented>0</segmented>
	<object>
		<name>capsicum</name>
		<pose>Unspecified</pose>
		<truncated>0</truncated>
		<difficult>0</difficult>
		<occluded>0</occluded>
		<bndbox>
			<xmin>205</xmin>
			<xmax>227</xmax>
			<ymin>1</ymin>
			<ymax>18</ymax>
		</bndbox>
		<polygon>
			<x1>204.207922</x1>
			<y1>0</y1>
			<x2>206.093223</x2>
			<y2>10.240579</y2>
			<x3>213.033938</x3>
			<y3>16.907564</y3>
			<x4>223.367421</x4>
			<y4>12.850642</y4>
			<x5>225.503948</x5>
			<y5>0</y5>
			<x6>204.207922</x6>
			<y6>0</y6>
		</polygon>
	</object>
	<object>
		<name>capsicum</name>
		<pose>Unspecified</pose>
		<truncated>0</truncated>
		<difficult>0</difficult>
		<occluded>0</occluded>
		<bndbox>
			<xmin>293</xmin>
			<xmax>314</xmax>
			<ymin>1</ymin>
			<ymax>16</ymax>
		</bndbox>
		<polygon>
			<x1>291.82072</x1>
			<y1>0</y1>
			<x2>292.538523</x2>
			<y2>5.264938</y2>
			<x3>299.662964</x3>
			<y3>15.43766</y3>
			<x4>308.819593</x4>
			<y4>14.07894</y4>
			<x5>313.273812</x5>
			<y5>0</y5>
			<x6>291.82072</x6>
			<y6>0</y6>
		</polygon>
	</object>
	<object>
		<name>mango</name>
		<pose>Unspecified</pose>
		<truncated>0</truncated>
		<difficult>0</difficult>
		<occluded>0</occluded>
		<bndbox>
			<xmin>117</xmin>
			<xmax>198</xmax>
			<ymin>204</ymin>
			<ymax>249</ymax>
		</bndbox>
		<polygon>
			<x1>129.613865</x1>
			<y1>203</y1>
			<x2>119.385916</x2>
			<y2>214.652572</y2>
			<x3>116.222805</x3>
			<y3>229.75865</y3>
			<x4>122.781784</x4>
			<y4>241.71869</y4>
			<x5>135.638429</x5>
			<y5>248.075634</y5>
			<x6>158.5989</x6>
			<y6>245.993485</y6>
			<x7>174.099126</x7>
			<y7>239.90810299999998</y7>
			<x8>190.974214</x8>
			<y8>222.325728</y8>
			<x9>196.858493</x9>
			<y9>208.834723</y9>
			<x10>196.552708</x10>
			<y10>203</y10>
			<x11>129.613865</x11>
			<y11>203</y11>
		</polygon>
	</object>
	<object>
		<name>redapple</name>
		<pose>Unspecified</pose>
		<truncated>0</truncated>
		<difficult>0</difficult>
		<occluded>0</occluded>
		<bndbox>
			<xmin>134</xmin>
			<xmax>181</xmax>
			<ymin>288</ymin>
			<ymax>371</ymax>
		</bndbox>
		<polygon>
			<x1>166.383765</x1>
			<y1>293.921783</y1>
			<x2>159.810507</x2>
			<y2>294.266273</y2>
			<x3>156.156422</x3>
			<y3>287.427043</y3>
			<x4>150.745742</x4>
			<y4>297.377862</y4>
			<x5>141.680978</x5>
			<y5>300.48945100000003</y5>
			<x6>136.086569</x6>
			<y6>306.934532</y6>
			<x7>133.259261</x7>
			<y7>315.87112</y7>
			<x8>133.566506</x8>
			<y8>334.310691</y8>
			<x9>139.086426</x9>
			<y9>351.59823600000004</y9>
			<x10>147.709247</x10>
			<y10>365.207798</y10>
			<x11>156.530074</x11>
			<y11>370.01856599999996</y11>
			<x12>165.075309</x12>
			<y12>369.57073</y12>
			<x13>174.002278</x13>
			<y13>363.829838</y13>
			<x14>178.617836</x14>
			<y14>351.28416500000003</y14>
			<x15>179.593588</x15>
			<y15>319.594732</y15>
			<x16>166.383765</x16>
			<y16>293.921783</y16>
		</polygon>
	</object>
	<object>
		<name>orange</name>
		<pose>Unspecified</pose>
		<truncated>0</truncated>
		<difficult>0</difficult>
		<occluded>0</occluded>
		<bndbox>
			<xmin>16</xmin>
			<xmax>72</xmax>
			<ymin>347</ymin>
			<ymax>417</ymax>
		</bndbox>
		<polygon>
			<x1>60.050514</x1>
			<y1>416</y1>
			<x2>65.684419</x2>
			<y2>409.933248</y2>
			<x3>70.819508</x3>
			<y3>394.72382300000004</y3>
			<x4>68.646426</x4>
			<y4>365.835938</y4>
			<x5>59.320348</x5>
			<y5>351.384391</y5>
			<x6>53.174757</x6>
			<y6>347.31226000000004</y6>
			<x7>35.992423</x7>
			<y7>346.455065</y7>
			<x8>25.70487</x8>
			<y8>351.388421</y8>
			<x9>18.979538</x9>
			<y9>361.408137</y9>
			<x10>15.34283</x10>
			<y10>380.054402</y10>
			<x11>18.32531</x11>
			<y11>399.232611</y11>
			<x12>23.523706</x12>
			<y12>410.385114</y12>
			<x13>30.332578</x13>
			<y13>416</y13>
			<x14>60.050514</x14>
			<y14>416</y14>
		</polygon>
	</object>
	<object>
		<name>orange</name>
		<pose>Unspecified</pose>
		<truncated>0</truncated>
		<difficult>0</difficult>
		<occluded>0</occluded>
		<bndbox>
			<xmin>287</xmin>
			<xmax>342</xmax>
			<ymin>215</ymin>
			<ymax>288</ymax>
		</bndbox>
		<polygon>
			<x1>323.829586</x1>
			<y1>214.55008</y1>
			<x2>302.045971</x2>
			<y2>213.934028</y2>
			<x3>293.119002</x3>
			<y3>219.67492</y3>
			<x4>285.966005</x4>
			<y4>234.111257</y4>
			<x5>285.891518</x5>
			<y5>257.843884</y5>
			<x6>289.867126</x6>
			<y6>270.818153</y6>
			<x7>297.037499</x7>
			<y7>281.86731</y7>
			<x8>305.85832600000003</x8>
			<y8>286.67808</y8>
			<x9>327.458212</x9>
			<y9>283.788395</y9>
			<x10>336.766915</x10>
			<y10>272.754447</y10>
			<x11>339.640156</x11>
			<y11>264.694293</y11>
			<x12>341.106882</x12>
			<y12>254.95016900000002</y12>
			<x13>338.643931</x13>
			<y13>233.108207</y13>
			<x14>334.240656</x14>
			<y14>224.550558</y14>
			<x15>323.829586</x15>
			<y15>214.55008</y15>
		</polygon>
	</object>
</annotation>
