<annotation>
	<folder></folder>
	<filename>image_26_png.rf.ce9c332fbf6200cd2dac4fe1fd0c75a4.jpg</filename>
	<path>image_26_png.rf.ce9c332fbf6200cd2dac4fe1fd0c75a4.jpg</path>
	<source>
		<database>roboflow.ai</database>
	</source>
	<size>
		<width>416</width>
		<height>416</height>
		<depth>3</depth>
	</size>
	<segmented>0</segmented>
	<object>
		<name>greenapple</name>
		<pose>Unspecified</pose>
		<truncated>0</truncated>
		<difficult>0</difficult>
		<occluded>0</occluded>
		<bndbox>
			<xmin>1</xmin>
			<xmax>133</xmax>
			<ymin>20</ymin>
			<ymax>175</ymax>
		</bndbox>
		<polygon>
			<x1>0</x1>
			<y1>174</y1>
			<x2>126.406698</x2>
			<y2>174</y2>
			<x3>130.350845</x3>
			<y3>152.793882</y3>
			<x4>132.376634</x4>
			<y4>114.848686</y4>
			<x5>126.75204</x5>
			<y5>79.147411</y5>
			<x6>111.526205</x6>
			<y6>46.034045</y6>
			<x7>93.240727</x7>
			<y7>25.989509</y7>
			<x8>61.835226</x8>
			<y8>18.997815</y8>
			<x9>26.910943</x9>
			<y9>22.471051</y9>
			<x10>0</x10>
			<y10>30.656702</y10>
			<x11>0</x11>
			<y11>174</y11>
		</polygon>
	</object>
	<object>
		<name>redapple</name>
		<pose>Unspecified</pose>
		<truncated>0</truncated>
		<difficult>0</difficult>
		<occluded>0</occluded>
		<bndbox>
			<xmin>215</xmin>
			<xmax>417</xmax>
			<ymin>1</ymin>
			<ymax>175</ymax>
		</bndbox>
		<polygon>
			<x1>259.607864</x1>
			<y1>0</y1>
			<x2>254.566105</x2>
			<y2>0.996135</y2>
			<x3>243.435043</x3>
			<y3>10.118461</y3>
			<x4>235.670353</x4>
			<y4>23.121964</y4>
			<x5>224.463722</x5>
			<y5>54.631421</y5>
			<x6>216.967658</x6>
			<y6>88.17146</y6>
			<x7>213.564456</x7>
			<y7>118.304962</y7>
			<x8>214.67451499999999</x8>
			<y8>136.008274</y8>
			<x9>221.711335</x9>
			<y9>174</y9>
			<x10>416</x10>
			<y10>174</y10>
			<x11>416</x11>
			<y11>107.727761</y11>
			<x12>410.639142</x12>
			<y12>79.975568</y12>
			<x13>401.227777</x13>
			<y13>49.416764</y13>
			<x14>389.02412000000004</x14>
			<y14>22.035173</y14>
			<x15>379.919483</x15>
			<y15>8.426378</y15>
			<x16>370.933493</x16>
			<y16>0</y16>
			<x17>259.607864</x17>
			<y17>0</y17>
		</polygon>
	</object>
	<object>
		<name>redapple</name>
		<pose>Unspecified</pose>
		<truncated>0</truncated>
		<difficult>0</difficult>
		<occluded>0</occluded>
		<bndbox>
			<xmin>1</xmin>
			<xmax>171</xmax>
			<ymin>175</ymin>
			<ymax>417</ymax>
		</bndbox>
		<polygon>
			<x1>78.347067</x1>
			<y1>174</y1>
			<x2>78.33192</x2>
			<y2>174.560417</y2>
			<x3>32.467723</x3>
			<y3>184.437416</y3>
			<x4>19.997987</x4>
			<y4>197.375595</y4>
			<x5>13.036627</x5>
			<y5>211.132402</y5>
			<x6>0</x6>
			<y6>258.936037</y6>
			<x7>0</x7>
			<y7>338.736698</y7>
			<x8>8.721515</x8>
			<y8>388.198869</y8>
			<x9>21.013055</x9>
			<y9>416</y9>
			<x10>170</x10>
			<y10>416</y10>
			<x11>170</x11>
			<y11>204.602804</y11>
			<x12>161.569769</x12>
			<y12>190.311715</y12>
			<x13>152.580076</x13>
			<y13>181.157413</y13>
			<x14>139.650565</x14>
			<y14>176.277617</y14>
			<x15>86.288394</x15>
			<y15>174.052427</y15>
			<x16>86.252758</x16>
			<y16>174</y16>
			<x17>78.347067</x17>
			<y17>174</y17>
		</polygon>
	</object>
	<object>
		<name>mango</name>
		<pose>Unspecified</pose>
		<truncated>0</truncated>
		<difficult>0</difficult>
		<occluded>0</occluded>
		<bndbox>
			<xmin>171</xmin>
			<xmax>384</xmax>
			<ymin>252</ymin>
			<ymax>417</ymax>
		</bndbox>
		<polygon>
			<x1>170</x1>
			<y1>416</y1>
			<x2>339.760799</x2>
			<y2>416</y2>
			<x3>357.344837</x3>
			<y3>398.474916</y3>
			<x4>372.836116</x4>
			<y4>376.054435</y4>
			<x5>380.638908</x5>
			<y5>359.464404</y5>
			<x6>383.430563</x6>
			<y6>341.07311500000003</y6>
			<x7>382.282401</x7>
			<y7>326.956331</y7>
			<x8>374.821893</x8>
			<y8>296.053537</y8>
			<x9>359.48175100000003</x9>
			<y9>273.699755</y9>
			<x10>341.617307</x10>
			<y10>259.845646</y10>
			<x11>312.162664</x11>
			<y11>252.509961</y11>
			<x12>292.539148</x12>
			<y12>251.49535600000002</y12>
			<x13>257.920957</x13>
			<y13>256.704525</y13>
			<x14>234.778659</x14>
			<y14>266.154849</y14>
			<x15>201.423574</x15>
			<y15>289.935297</y15>
			<x16>170</x16>
			<y16>322.176108</y16>
			<x17>170</x17>
			<y17>416</y17>
		</polygon>
	</object>
</annotation>
