<annotation>
	<folder></folder>
	<filename>image_71_png.rf.23ca13bbbcd3baae82d605e682730bd5.jpg</filename>
	<path>image_71_png.rf.23ca13bbbcd3baae82d605e682730bd5.jpg</path>
	<source>
		<database>roboflow.ai</database>
	</source>
	<size>
		<width>416</width>
		<height>416</height>
		<depth>3</depth>
	</size>
	<segmented>0</segmented>
	<object>
		<name>mango</name>
		<pose>Unspecified</pose>
		<truncated>0</truncated>
		<difficult>0</difficult>
		<occluded>0</occluded>
		<bndbox>
			<xmin>93</xmin>
			<xmax>176</xmax>
			<ymin>176</ymin>
			<ymax>250</ymax>
		</bndbox>
		<polygon>
			<x1>136.025487</x1>
			<y1>175.348421</y1>
			<x2>117.8272</x2>
			<y2>187.075539</y2>
			<x3>95.689326</x3>
			<y3>213.373634</y3>
			<x4>92.185178</x4>
			<y4>223.432882</y4>
			<x5>92.607475</x5>
			<y5>231.49079</y5>
			<x6>99.200971</x6>
			<y6>241.918624</y6>
			<x7>120.394762</x7>
			<y7>248.887944</y7>
			<x8>141.648618</x8>
			<y8>244.182948</y8>
			<x9>157.307478</x9>
			<y9>235.282263</y9>
			<x10>170.486973</x10>
			<y10>217.533695</y10>
			<x11>174.520405</x11>
			<y11>204.753363</y11>
			<x12>170.901774</x12>
			<y12>186.987364</y12>
			<x13>156.843904</x13>
			<y13>175.155157</y13>
			<x14>136.025487</x14>
			<y14>175.348421</y14>
		</polygon>
	</object>
	<object>
		<name>redapple</name>
		<pose>Unspecified</pose>
		<truncated>0</truncated>
		<difficult>0</difficult>
		<occluded>0</occluded>
		<bndbox>
			<xmin>241</xmin>
			<xmax>267</xmax>
			<ymin>18</ymin>
			<ymax>101</ymax>
		</bndbox>
		<polygon>
			<x1>266</x1>
			<y1>17.100358</y1>
			<x2>262.105328</x2>
			<y2>17.015682</y2>
			<x3>252.383058</x3>
			<y3>23.809679</y3>
			<x4>240.731346</x4>
			<y4>45.069308</y4>
			<x5>240.423532</x5>
			<y5>64.836646</y5>
			<x6>246.675433</x6>
			<y6>81.566857</y6>
			<x7>254.70287</x7>
			<y7>93.715106</y7>
			<x8>266</x8>
			<y8>99.929534</y8>
			<x9>266</x9>
			<y9>17.100358</y9>
		</polygon>
	</object>
	<object>
		<name>redapple</name>
		<pose>Unspecified</pose>
		<truncated>0</truncated>
		<difficult>0</difficult>
		<occluded>0</occluded>
		<bndbox>
			<xmin>267</xmin>
			<xmax>349</xmax>
			<ymin>14</ymin>
			<ymax>258</ymax>
		</bndbox>
		<polygon>
			<x1>266</x1>
			<y1>257</y1>
			<x2>330.437719</x2>
			<y2>257</y2>
			<x3>337.262026</x3>
			<y3>237.329398</y3>
			<x4>344.484293</x4>
			<y4>195.652918</y4>
			<x5>347.68627200000003</x5>
			<y5>154.187133</y5>
			<x6>341.533859</x6>
			<y6>88.073692</y6>
			<x7>332.333375</x7>
			<y7>53.542367</y7>
			<x8>323.307437</x8>
			<y8>35.161972</y8>
			<x9>313.269856</x9>
			<y9>23.11907</y9>
			<x10>304.324619</x10>
			<y10>19.098959</y10>
			<x11>266</x11>
			<y11>13.291629</y11>
			<x12>266</x12>
			<y12>257</y12>
		</polygon>
	</object>
	<object>
		<name>orange</name>
		<pose>Unspecified</pose>
		<truncated>0</truncated>
		<difficult>0</difficult>
		<occluded>0</occluded>
		<bndbox>
			<xmin>108</xmin>
			<xmax>267</xmax>
			<ymin>355</ymin>
			<ymax>417</ymax>
		</bndbox>
		<polygon>
			<x1>266</x1>
			<y1>416</y1>
			<x2>266</x2>
			<y2>413.47647900000004</y2>
			<x3>255.871657</x3>
			<y3>391.958338</y3>
			<x4>232.975536</x4>
			<y4>365.327029</y4>
			<x5>198.099249</x5>
			<y5>353.688086</y5>
			<x6>160.482706</x6>
			<y6>353.863921</y6>
			<x7>149.232652</x7>
			<y7>357.146858</y7>
			<x8>131.751336</x8>
			<y8>369.73418200000003</y8>
			<x9>119.194965</x9>
			<y9>386.55231100000003</y9>
			<x10>108.307144</x10>
			<y10>409.56746999999996</y10>
			<x11>106.60964</x11>
			<y11>416</y11>
			<x12>266</x12>
			<y12>416</y12>
		</polygon>
	</object>
</annotation>
