<annotation>
	<folder></folder>
	<filename>image_205_png.rf.584ea0d71a87f510813f166667616a5b.jpg</filename>
	<path>image_205_png.rf.584ea0d71a87f510813f166667616a5b.jpg</path>
	<source>
		<database>roboflow.ai</database>
	</source>
	<size>
		<width>416</width>
		<height>416</height>
		<depth>3</depth>
	</size>
	<segmented>0</segmented>
	<object>
		<name>orange</name>
		<pose>Unspecified</pose>
		<truncated>0</truncated>
		<difficult>0</difficult>
		<occluded>0</occluded>
		<bndbox>
			<xmin>48</xmin>
			<xmax>100</xmax>
			<ymin>147</ymin>
			<ymax>167</ymax>
		</bndbox>
		<polygon>
			<x1>99.109303</x1>
			<y1>166</y1>
			<x2>99.082325</x2>
			<y2>165.780281</y2>
			<x3>92.358354</x3>
			<y3>154.226688</y3>
			<x4>83.448926</x4>
			<y4>146.478349</y4>
			<x5>64.835052</x5>
			<y5>146.111161</y5>
			<x6>54.809735</x6>
			<y6>150.879027</y6>
			<x7>47.26759</x7>
			<y7>165.068507</y7>
			<x8>47.152619</x8>
			<y8>166</y8>
			<x9>99.109303</x9>
			<y9>166</y9>
		</polygon>
	</object>
	<object>
		<name>mango</name>
		<pose>Unspecified</pose>
		<truncated>0</truncated>
		<difficult>0</difficult>
		<occluded>0</occluded>
		<bndbox>
			<xmin>137</xmin>
			<xmax>167</xmax>
			<ymin>101</ymin>
			<ymax>137</ymax>
		</bndbox>
		<polygon>
			<x1>165.24423</x1>
			<y1>126.70864</y1>
			<x2>165.706796</x2>
			<y2>114.272652</y2>
			<x3>157.569224</x3>
			<y3>102.008399</y3>
			<x4>146.034931</x4>
			<y4>99.88772</y4>
			<x5>138.729858</x5>
			<y5>105.205811</y5>
			<x6>135.835597</x6>
			<y6>116.50389</y6>
			<x7>143.031298</x7>
			<y7>129.436045</y7>
			<x8>157.060342</x8>
			<y8>135.671547</y8>
			<x9>165.24423</x9>
			<y9>126.70864</y9>
		</polygon>
	</object>
	<object>
		<name>mango</name>
		<pose>Unspecified</pose>
		<truncated>0</truncated>
		<difficult>0</difficult>
		<occluded>0</occluded>
		<bndbox>
			<xmin>246</xmin>
			<xmax>293</xmax>
			<ymin>71</ymin>
			<ymax>132</ymax>
		</bndbox>
		<polygon>
			<x1>245</x1>
			<y1>117.930359</y1>
			<x2>252.319204</x2>
			<y2>126.100802</y2>
			<x3>263.521047</x3>
			<y3>130.914985</y3>
			<x4>281.600136</x4>
			<y4>126.926696</y4>
			<x5>292.194975</x5>
			<y5>110.593937</y5>
			<x6>289.200177</x6>
			<y6>86.203267</y6>
			<x7>273.994605</x7>
			<y7>70.385715</y7>
			<x8>256.14101</x8>
			<y8>70.809405</y8>
			<x9>246.329609</x9>
			<y9>77.319462</y9>
			<x10>245</x10>
			<y10>79.89698</y10>
			<x11>245</x11>
			<y11>117.930359</y11>
		</polygon>
	</object>
	<object>
		<name>capsicum</name>
		<pose>Unspecified</pose>
		<truncated>0</truncated>
		<difficult>0</difficult>
		<occluded>0</occluded>
		<bndbox>
			<xmin>1</xmin>
			<xmax>11</xmax>
			<ymin>167</ymin>
			<ymax>184</ymax>
		</bndbox>
		<polygon>
			<x1>0</x1>
			<y1>166</y1>
			<x2>0</x2>
			<y2>182.242307</y2>
			<x3>1.737634</x3>
			<y3>183.182511</y3>
			<x4>9.92152</x4>
			<y4>174.219604</y4>
			<x5>10.305316</x5>
			<y5>166</y5>
			<x6>0</x6>
			<y6>166</y6>
		</polygon>
	</object>
	<object>
		<name>mango</name>
		<pose>Unspecified</pose>
		<truncated>0</truncated>
		<difficult>0</difficult>
		<occluded>0</occluded>
		<bndbox>
			<xmin>2</xmin>
			<xmax>55</xmax>
			<ymin>320</ymin>
			<ymax>382</ymax>
		</bndbox>
		<polygon>
			<x1>17.223249</x1>
			<y1>320.104918</y1>
			<x2>7.411847</x2>
			<y2>326.614976</y2>
			<x3>3.147889</x3>
			<y3>335.096576</y3>
			<x4>1.046229</x4>
			<y4>350.386504</y4>
			<x5>5.6917</x5>
			<y5>366.616445</y5>
			<x6>13.401442</x6>
			<y6>375.39631499999996</y6>
			<x7>27.323529</x7>
			<y7>380.760722</y7>
			<x8>37.123352</x8>
			<y8>379.557455</y8>
			<x9>48.134439</x9>
			<y9>372.01586699999996</y9>
			<x10>54.274564</x10>
			<y10>351.808938</y10>
			<x11>50.068502</x11>
			<y11>333.75658899999996</y11>
			<x12>43.772359</x12>
			<y12>325.68737799999997</y12>
			<x13>33.009922</x13>
			<y13>319.050787</y13>
			<x14>17.223249</x14>
			<y14>320.104918</y14>
		</polygon>
	</object>
	<object>
		<name>redapple</name>
		<pose>Unspecified</pose>
		<truncated>0</truncated>
		<difficult>0</difficult>
		<occluded>0</occluded>
		<bndbox>
			<xmin>246</xmin>
			<xmax>269</xmax>
			<ymin>189</ymin>
			<ymax>259</ymax>
		</bndbox>
		<polygon>
			<x1>245</x1>
			<y1>258.29605300000003</y1>
			<x2>250.499761</x2>
			<y2>257.620767</y2>
			<x3>262.16417</x3>
			<y3>249.998961</y3>
			<x4>267.555595</x4>
			<y4>223.694364</y4>
			<x5>264.098231</x5>
			<y5>211.739683</y5>
			<x6>245</x6>
			<y6>188.159861</y6>
			<x7>245</x7>
			<y7>258.29605300000003</y7>
		</polygon>
	</object>
	<object>
		<name>capsicum</name>
		<pose>Unspecified</pose>
		<truncated>0</truncated>
		<difficult>0</difficult>
		<occluded>0</occluded>
		<bndbox>
			<xmin>337</xmin>
			<xmax>359</xmax>
			<ymin>294</ymin>
			<ymax>329</ymax>
		</bndbox>
		<polygon>
			<x1>350.712094</x1>
			<y1>328.433674</y1>
			<x2>355.51083800000004</x2>
			<y2>324.307551</y2>
			<x3>358.468154</x3>
			<y3>315.98638600000004</y3>
			<x4>357.635655</x4>
			<y4>298.404043</y4>
			<x5>353.62034800000004</x5>
			<y5>292.707465</y5>
			<x6>342.513883</x6>
			<y6>294.071167</y6>
			<x7>335.862131</x7>
			<y7>299.30904</y7>
			<x8>337.134036</x8>
			<y8>315.068974</y8>
			<x9>343.204686</x9>
			<y9>326.702785</y9>
			<x10>350.712094</x10>
			<y10>328.433674</y10>
		</polygon>
	</object>
</annotation>
