<annotation>
	<folder></folder>
	<filename>image_187_png.rf.a7706a04e1d8ec7154c6a66d5acdb6ef.jpg</filename>
	<path>image_187_png.rf.a7706a04e1d8ec7154c6a66d5acdb6ef.jpg</path>
	<source>
		<database>roboflow.ai</database>
	</source>
	<size>
		<width>416</width>
		<height>416</height>
		<depth>3</depth>
	</size>
	<segmented>0</segmented>
	<object>
		<name>mango</name>
		<pose>Unspecified</pose>
		<truncated>0</truncated>
		<difficult>0</difficult>
		<occluded>0</occluded>
		<bndbox>
			<xmin>171</xmin>
			<xmax>223</xmax>
			<ymin>46</ymin>
			<ymax>109</ymax>
		</bndbox>
		<polygon>
			<x1>195.45582</x1>
			<y1>44.936318</y1>
			<x2>183.207266</x2>
			<y2>47.885526</y2>
			<x3>174.697468</x3>
			<y3>56.417368</y3>
			<x4>170.020273</x4>
			<y4>68.741196</y4>
			<x5>169.751884</x5>
			<y5>86.682772</y5>
			<x6>175.842381</x6>
			<y6>98.673129</y6>
			<x7>186.234699</x7>
			<y7>105.502242</y7>
			<x8>198.201722</x8>
			<y8>107.924971</y8>
			<x9>208.393211</x9>
			<y9>105.765738</y9>
			<x10>215.422147</x10>
			<y10>99.849634</y10>
			<x11>221.392517</x11>
			<y11>88.491361</y11>
			<x12>222.47172</x12>
			<y12>67.898931</y12>
			<x13>211.34929</x13>
			<y13>49.360387</y13>
			<x14>195.45582</x14>
			<y14>44.936318</y14>
		</polygon>
	</object>
	<object>
		<name>greenapple</name>
		<pose>Unspecified</pose>
		<truncated>0</truncated>
		<difficult>0</difficult>
		<occluded>0</occluded>
		<bndbox>
			<xmin>362</xmin>
			<xmax>409</xmax>
			<ymin>41</ymin>
			<ymax>104</ymax>
		</bndbox>
		<polygon>
			<x1>363.00203799999997</x1>
			<y1>63.17903</y1>
			<x2>361.158943</x2>
			<y2>85.52699</y2>
			<x3>370.458916</x3>
			<y3>100.378894</y3>
			<x4>377.018632</x4>
			<y4>103.41602</y4>
			<x5>393.86368100000004</x5>
			<y5>102.503268</y5>
			<x6>400.222568</x6>
			<y6>96.552048</y6>
			<x7>404.899764</x7>
			<y7>84.228221</y7>
			<x8>408.08295599999997</x8>
			<y8>61.950492</y8>
			<x9>394.950381</x9>
			<y9>43.3066</y9>
			<x10>379.68003799999997</x10>
			<y10>39.81297</y10>
			<x11>371.311006</x11>
			<y11>45.658842</y11>
			<x12>363.00203799999997</x12>
			<y12>63.17903</y12>
		</polygon>
	</object>
	<object>
		<name>greenapple</name>
		<pose>Unspecified</pose>
		<truncated>0</truncated>
		<difficult>0</difficult>
		<occluded>0</occluded>
		<bndbox>
			<xmin>140</xmin>
			<xmax>225</xmax>
			<ymin>220</ymin>
			<ymax>417</ymax>
		</bndbox>
		<polygon>
			<x1>224</x1>
			<y1>416</y1>
			<x2>224</x2>
			<y2>219.277939</y2>
			<x3>188.153802</x3>
			<y3>220.435313</y3>
			<x4>171.697269</x4>
			<y4>226.75512</y4>
			<x5>158.932574</x5>
			<y5>239.552882</y5>
			<x6>150.141245</x6>
			<y6>253.456662</y6>
			<x7>139.835274</x7>
			<y7>283.44114</y7>
			<x8>138.876198</x8>
			<y8>327.3822</y8>
			<x9>151.083476</x9>
			<y9>376.50219000000004</y9>
			<x10>170.882752</x10>
			<y10>408.9622</y10>
			<x11>178.931177</x11>
			<y11>416</y11>
			<x12>224</x12>
			<y12>416</y12>
		</polygon>
	</object>
	<object>
		<name>orange</name>
		<pose>Unspecified</pose>
		<truncated>0</truncated>
		<difficult>0</difficult>
		<occluded>0</occluded>
		<bndbox>
			<xmin>364</xmin>
			<xmax>417</xmax>
			<ymin>209</ymin>
			<ymax>285</ymax>
		</bndbox>
		<polygon>
			<x1>416</x1>
			<y1>222.16470700000002</y1>
			<x2>407.307429</x2>
			<y2>211.838599</y2>
			<x3>385.33660299999997</x3>
			<y3>207.993811</y3>
			<x4>375.004349</x4>
			<y4>212.839013</y4>
			<x5>365.49604999999997</x5>
			<y5>227.603001</y5>
			<x6>363.35828200000003</x6>
			<y6>242.75326</y6>
			<x7>365.006193</x7>
			<y7>262.59083</y7>
			<x8>371.71981700000003</x8>
			<y8>275.511625</y8>
			<x9>378.808815</x9>
			<y9>281.269836</y9>
			<x10>391.44588699999997</x10>
			<y10>283.72768199999996</y10>
			<x11>405.081461</x11>
			<y11>279.95338100000004</y11>
			<x12>412.874288</x12>
			<y12>272.281748</y12>
			<x13>416</x13>
			<y13>265.098427</y13>
			<x14>416</x14>
			<y14>222.16470700000002</y14>
		</polygon>
	</object>
	<object>
		<name>mango</name>
		<pose>Unspecified</pose>
		<truncated>0</truncated>
		<difficult>0</difficult>
		<occluded>0</occluded>
		<bndbox>
			<xmin>320</xmin>
			<xmax>348</xmax>
			<ymin>314</ymin>
			<ymax>350</ymax>
		</bndbox>
		<polygon>
			<x1>327.669329</x1>
			<y1>346.821169</y1>
			<x2>338.29625599999997</x2>
			<y2>349.173668</y2>
			<x3>346.229849</x3>
			<y3>338.816064</y3>
			<x4>346.839834</x4>
			<y4>327.176865</y4>
			<x5>342.042512</x5>
			<y5>316.152063</y5>
			<x6>330.122409</x6>
			<y6>312.83401000000003</y6>
			<x7>321.08333</x7>
			<y7>318.644767</y7>
			<x8>318.744731</x8>
			<y8>324.806681</y8>
			<x9>319.521765</x9>
			<y9>335.620789</y9>
			<x10>327.669329</x10>
			<y10>346.821169</y10>
		</polygon>
	</object>
</annotation>
