<annotation>
	<folder></folder>
	<filename>image_194_png.rf.0d3c9534800c65eaf194f2c3b2931fbd.jpg</filename>
	<path>image_194_png.rf.0d3c9534800c65eaf194f2c3b2931fbd.jpg</path>
	<source>
		<database>roboflow.ai</database>
	</source>
	<size>
		<width>416</width>
		<height>416</height>
		<depth>3</depth>
	</size>
	<segmented>0</segmented>
	<object>
		<name>mango</name>
		<pose>Unspecified</pose>
		<truncated>0</truncated>
		<difficult>0</difficult>
		<occluded>0</occluded>
		<bndbox>
			<xmin>13</xmin>
			<xmax>41</xmax>
			<ymin>1</ymin>
			<ymax>27</ymax>
		</bndbox>
		<polygon>
			<x1>13.888855</x1>
			<y1>0</y1>
			<x2>12.143484</x2>
			<y2>7.56003</y2>
			<x3>18.820459</x3>
			<y3>22.669618</y3>
			<x4>27.431444</x4>
			<y4>26.466699</y4>
			<x5>36.491393</x5>
			<y5>19.512961</y5>
			<x6>39.614977</x6>
			<y6>3.047852</y6>
			<x7>38.268121</x7>
			<y7>0</y7>
			<x8>13.888855</x8>
			<y8>0</y8>
		</polygon>
	</object>
	<object>
		<name>capsicum</name>
		<pose>Unspecified</pose>
		<truncated>0</truncated>
		<difficult>0</difficult>
		<occluded>0</occluded>
		<bndbox>
			<xmin>1</xmin>
			<xmax>20</xmax>
			<ymin>125</ymin>
			<ymax>163</ymax>
		</bndbox>
		<polygon>
			<x1>0</x1>
			<y1>159.770923</y1>
			<x2>2.293123</x2>
			<y2>161.771178</y2>
			<x3>13.036382</x3>
			<y3>153.396985</y3>
			<x4>18.931803</x4>
			<y4>136.667265</y4>
			<x5>17.30093</x5>
			<y5>129.054434</y5>
			<x6>8.936813</x6>
			<y6>127.123426</y6>
			<x7>8.244812</x7>
			<y7>124.250048</y7>
			<x8>0</x8>
			<y8>127.656011</y8>
			<x9>0</x9>
			<y9>159.770923</y9>
		</polygon>
	</object>
	<object>
		<name>orange</name>
		<pose>Unspecified</pose>
		<truncated>0</truncated>
		<difficult>0</difficult>
		<occluded>0</occluded>
		<bndbox>
			<xmin>220</xmin>
			<xmax>277</xmax>
			<ymin>1</ymin>
			<ymax>45</ymax>
		</bndbox>
		<polygon>
			<x1>221.103101</x1>
			<y1>0</y1>
			<x2>218.923156</x2>
			<y2>10.997454</y2>
			<x3>220.00785</x3>
			<y3>23.911424</y3>
			<x4>224.459166</x4>
			<y4>33.984483</y4>
			<x5>234.850679</x5>
			<y5>41.810789</y5>
			<x6>249.203599</x6>
			<y6>44.219882</y6>
			<x7>264.20374400000003</x7>
			<y7>35.01939</y7>
			<x8>270.244987</x8>
			<y8>26.464188</y8>
			<x9>276.354726</x9>
			<y9>0</y9>
			<x10>221.103101</x10>
			<y10>0</y10>
		</polygon>
	</object>
	<object>
		<name>redapple</name>
		<pose>Unspecified</pose>
		<truncated>0</truncated>
		<difficult>0</difficult>
		<occluded>0</occluded>
		<bndbox>
			<xmin>314</xmin>
			<xmax>383</xmax>
			<ymin>106</ymin>
			<ymax>195</ymax>
		</bndbox>
		<polygon>
			<x1>344.908093</x1>
			<y1>105.210192</y1>
			<x2>325.89793199999997</x2>
			<y2>117.103055</y2>
			<x3>316.093544</x3>
			<y3>130.216701</y3>
			<x4>312.524829</x4>
			<y4>145.674504</y4>
			<x5>315.487265</x5>
			<y5>168.067377</y5>
			<x6>323.204157</x6>
			<y6>181.607972</y6>
			<x7>334.684194</x7>
			<y7>190.590122</y7>
			<x8>350.12564</x8>
			<y8>194.155061</y8>
			<x9>365.46987</x9>
			<y9>192.27032</y9>
			<x10>380.87037</x10>
			<y10>169.594168</y10>
			<x11>381.66724899999997</x11>
			<y11>154.400976</y11>
			<x12>370.14626599999997</x12>
			<y12>119.177735</y12>
			<x13>358.86449</x13>
			<y13>109.336819</y13>
			<x14>344.908093</x14>
			<y14>105.210192</y14>
		</polygon>
	</object>
	<object>
		<name>capsicum</name>
		<pose>Unspecified</pose>
		<truncated>0</truncated>
		<difficult>0</difficult>
		<occluded>0</occluded>
		<bndbox>
			<xmin>182</xmin>
			<xmax>216</xmax>
			<ymin>62</ymin>
			<ymax>115</ymax>
		</bndbox>
		<polygon>
			<x1>205.23158899999999</x1>
			<y1>105.526741</y1>
			<x2>215.23807</x2>
			<y2>79.796203</y2>
			<x3>213.064851</x3>
			<y3>65.726388</y3>
			<x4>201.88029</x4>
			<y4>61.33515</y4>
			<x5>187.426323</x5>
			<y5>65.234503</y5>
			<x6>180.786464</x6>
			<y6>88.124129</y6>
			<x7>182.660375</x7>
			<y7>109.361158</y7>
			<x8>195.775116</x8>
			<y8>114.198013</y8>
			<x9>205.23158899999999</x9>
			<y9>105.526741</y9>
		</polygon>
	</object>
	<object>
		<name>orange</name>
		<pose>Unspecified</pose>
		<truncated>0</truncated>
		<difficult>0</difficult>
		<occluded>0</occluded>
		<bndbox>
			<xmin>101</xmin>
			<xmax>160</xmax>
			<ymin>371</ymin>
			<ymax>417</ymax>
		</bndbox>
		<polygon>
			<x1>156.332652</x1>
			<y1>416</y1>
			<x2>158.9132</x2>
			<y2>402.232998</y2>
			<x3>157.185112</x3>
			<y3>389.170489</y3>
			<x4>152.090402</x4>
			<y4>378.94889</y4>
			<x5>130.364676</x5>
			<y5>370.314954</y5>
			<x6>118.237413</x6>
			<y6>372.942391</y6>
			<x7>107.741022</x7>
			<y7>383.182657</y7>
			<x8>100.259508</x8>
			<y8>406.782511</y8>
			<x9>99.985661</x9>
			<y9>416</y9>
			<x10>156.332652</x10>
			<y10>416</y10>
		</polygon>
	</object>
	<object>
		<name>mango</name>
		<pose>Unspecified</pose>
		<truncated>0</truncated>
		<difficult>0</difficult>
		<occluded>0</occluded>
		<bndbox>
			<xmin>175</xmin>
			<xmax>389</xmax>
			<ymin>254</ymin>
			<ymax>417</ymax>
		</bndbox>
		<polygon>
			<x1>174</x1>
			<y1>416</y1>
			<x2>342.51941899999997</x2>
			<y2>416</y2>
			<x3>368.174226</x3>
			<y3>397.06581600000004</y3>
			<x4>380.406366</x4>
			<y4>376.371809</y4>
			<x5>388.23962800000004</x5>
			<y5>336.571456</y5>
			<x6>384.188667</x6>
			<y6>313.022738</y6>
			<x7>378.155086</x7>
			<y7>298.061688</y7>
			<x8>367.022965</x8>
			<y8>284.637165</y8>
			<x9>342.37957800000004</x9>
			<y9>268.09332</y9>
			<x10>288.285911</x10>
			<y10>252.891195</y10>
			<x11>262.695992</x11>
			<y11>255.124149</y11>
			<x12>232.501271</x12>
			<y12>262.625776</y12>
			<x13>174</x13>
			<y13>286.190954</y13>
			<x14>174</x14>
			<y14>416</y14>
		</polygon>
	</object>
</annotation>
