<annotation>
	<folder></folder>
	<filename>image_31_png.rf.569f276def441e5ef70a89ac7fbc5626.jpg</filename>
	<path>image_31_png.rf.569f276def441e5ef70a89ac7fbc5626.jpg</path>
	<source>
		<database>roboflow.ai</database>
	</source>
	<size>
		<width>416</width>
		<height>416</height>
		<depth>3</depth>
	</size>
	<segmented>0</segmented>
	<object>
		<name>greenapple</name>
		<pose>Unspecified</pose>
		<truncated>0</truncated>
		<difficult>0</difficult>
		<occluded>0</occluded>
		<bndbox>
			<xmin>76</xmin>
			<xmax>225</xmax>
			<ymin>57</ymin>
			<ymax>200</ymax>
		</bndbox>
		<polygon>
			<x1>224</x1>
			<y1>199</y1>
			<x2>224</x2>
			<y2>69.98765</y2>
			<x3>220.601702</x3>
			<y3>65.546848</y3>
			<x4>191.490615</x4>
			<y4>55.848281</y4>
			<x5>148.860365</x5>
			<y5>56.121383</y5>
			<x6>106.795416</x6>
			<y6>64.478642</y6>
			<x7>87.29319</x7>
			<y7>85.700266</y7>
			<x8>79.665953</x8>
			<y8>102.480985</y8>
			<x9>74.984679</x9>
			<y9>122.666229</y9>
			<x10>74.78516</x10>
			<y10>148.856499</y10>
			<x11>79.552643</x11>
			<y11>178.309968</y11>
			<x12>86.496949</x12>
			<y12>199</y12>
			<x13>224</x13>
			<y13>199</y13>
		</polygon>
	</object>
	<object>
		<name>capsicum</name>
		<pose>Unspecified</pose>
		<truncated>0</truncated>
		<difficult>0</difficult>
		<occluded>0</occluded>
		<bndbox>
			<xmin>225</xmin>
			<xmax>367</xmax>
			<ymin>1</ymin>
			<ymax>155</ymax>
		</bndbox>
		<polygon>
			<x1>224</x1>
			<y1>0</y1>
			<x2>224</x2>
			<y2>101.546645</y2>
			<x3>228.724534</x3>
			<y3>112.772313</y3>
			<x4>239.412269</x4>
			<y4>130.077587</y4>
			<x5>252.480667</x5>
			<y5>142.703231</y5>
			<x6>265.783068</x6>
			<y6>148.994089</y6>
			<x7>310.137543</x7>
			<y7>154.016207</y7>
			<x8>319.380624</x8>
			<y8>150.661973</y8>
			<x9>327.57316000000003</x9>
			<y9>141.96541</y9>
			<x10>352.070715</x10>
			<y10>105.049739</y10>
			<x11>359.600657</x11>
			<y11>67.515296</y11>
			<x12>365.623135</x12>
			<y12>8.423106</y12>
			<x13>365.034134</x13>
			<y13>0</y13>
			<x14>224</x14>
			<y14>0</y14>
		</polygon>
	</object>
	<object>
		<name>greenapple</name>
		<pose>Unspecified</pose>
		<truncated>0</truncated>
		<difficult>0</difficult>
		<occluded>0</occluded>
		<bndbox>
			<xmin>131</xmin>
			<xmax>153</xmax>
			<ymin>379</ymin>
			<ymax>410</ymax>
		</bndbox>
		<polygon>
			<x1>151.494329</x1>
			<y1>403.03803</y1>
			<x2>152.44758</x2>
			<y2>387.62663399999997</y2>
			<x3>146.430032</x3>
			<y3>379.02110500000003</y3>
			<x4>137.546576</x4>
			<y4>377.837034</y4>
			<x5>129.902097</x5>
			<y5>384.69001000000003</y5>
			<x6>129.559714</x6>
			<y6>399.15605800000003</y6>
			<x7>134.840771</x7>
			<y7>406.910455</y7>
			<x8>145.134399</x8>
			<y8>408.89855</y8>
			<x9>151.494329</x9>
			<y9>403.03803</y9>
		</polygon>
	</object>
	<object>
		<name>orange</name>
		<pose>Unspecified</pose>
		<truncated>0</truncated>
		<difficult>0</difficult>
		<occluded>0</occluded>
		<bndbox>
			<xmin>225</xmin>
			<xmax>281</xmax>
			<ymin>200</ymin>
			<ymax>264</ymax>
		</bndbox>
		<polygon>
			<x1>227.80385</x1>
			<y1>199</y1>
			<x2>224</x2>
			<y2>205.937745</y2>
			<x3>224</x3>
			<y3>235.252209</y3>
			<x4>225.306631</x4>
			<y4>243.89777</y4>
			<x5>233.722084</x5>
			<y5>257.751411</y5>
			<x6>243.593276</x6>
			<y6>263.379572</y6>
			<x7>261.171757</x7>
			<y7>263.052996</y7>
			<x8>268.330988</x8>
			<y8>258.941847</y8>
			<x9>275.724222</x9>
			<y9>248.495914</y9>
			<x10>279.497815</x10>
			<y10>234.692564</y10>
			<x11>279.840197</x11>
			<y11>220.226516</y11>
			<x12>276.87699299999997</x12>
			<y12>206.894248</y12>
			<x13>270.705036</x13>
			<y13>199</y13>
			<x14>227.80385</x14>
			<y14>199</y14>
		</polygon>
	</object>
</annotation>
