<annotation>
	<folder></folder>
	<filename>image_100_png.rf.745d4bca15bdab721755f8a48fdb6a14.jpg</filename>
	<path>image_100_png.rf.745d4bca15bdab721755f8a48fdb6a14.jpg</path>
	<source>
		<database>roboflow.ai</database>
	</source>
	<size>
		<width>416</width>
		<height>416</height>
		<depth>3</depth>
	</size>
	<segmented>0</segmented>
	<object>
		<name>redapple</name>
		<pose>Unspecified</pose>
		<truncated>0</truncated>
		<difficult>0</difficult>
		<occluded>0</occluded>
		<bndbox>
			<xmin>76</xmin>
			<xmax>150</xmax>
			<ymin>147</ymin>
			<ymax>217</ymax>
		</bndbox>
		<polygon>
			<x1>141.587033</x1>
			<y1>216</y1>
			<x2>148.551728</x2>
			<y2>198.050843</y2>
			<x3>148.138141</x3>
			<y3>182.413175</y3>
			<x4>131.722365</x4>
			<y4>155.92055</y4>
			<x5>115.529457</x5>
			<y5>146.880161</y5>
			<x6>102.643062</x6>
			<y6>145.525747</y6>
			<x7>90.350255</x7>
			<y7>151.572166</y7>
			<x8>82.042193</x8>
			<y8>165.375847</y8>
			<x9>74.624512</x9>
			<y9>190.28078</y9>
			<x10>76.203842</x10>
			<y10>207.875585</y10>
			<x11>82.019414</x11>
			<y11>216</y11>
			<x12>141.587033</x12>
			<y12>216</y12>
		</polygon>
	</object>
	<object>
		<name>greenapple</name>
		<pose>Unspecified</pose>
		<truncated>0</truncated>
		<difficult>0</difficult>
		<occluded>0</occluded>
		<bndbox>
			<xmin>256</xmin>
			<xmax>282</xmax>
			<ymin>110</ymin>
			<ymax>144</ymax>
		</bndbox>
		<polygon>
			<x1>279.165903</x1>
			<y1>136.067698</y1>
			<x2>281.083805</x2>
			<y2>124.344302</y2>
			<x3>275.636522</x3>
			<y3>110.929488</y3>
			<x4>267.59310600000003</x4>
			<y4>109.166785</y4>
			<x5>257.334993</x5>
			<y5>115.427061</y5>
			<x6>254.940293</x6>
			<y6>131.686871</y6>
			<x7>260.76901399999997</x7>
			<y7>141.472553</y7>
			<x8>270.847125</x8>
			<y8>143.449111</y8>
			<x9>279.165903</x9>
			<y9>136.067698</y9>
		</polygon>
	</object>
	<object>
		<name>mango</name>
		<pose>Unspecified</pose>
		<truncated>0</truncated>
		<difficult>0</difficult>
		<occluded>0</occluded>
		<bndbox>
			<xmin>390</xmin>
			<xmax>417</xmax>
			<ymin>158</ymin>
			<ymax>217</ymax>
		</bndbox>
		<polygon>
			<x1>416</x1>
			<y1>216</y1>
			<x2>416</x2>
			<y2>156.940506</y2>
			<x3>402.04256399999997</x3>
			<y3>160.90753</y3>
			<x4>395.853839</x4>
			<y4>167.595516</y4>
			<x5>390.354062</x5>
			<y5>180.777053</y5>
			<x6>389.114391</x6>
			<y6>192.571733</y6>
			<x7>392.431621</x7>
			<y7>206.679976</y7>
			<x8>399.12929099999997</x8>
			<y8>214.722375</y8>
			<x9>402.543568</x9>
			<y9>216</y9>
			<x10>416</x10>
			<y10>216</y10>
		</polygon>
	</object>
	<object>
		<name>redapple</name>
		<pose>Unspecified</pose>
		<truncated>0</truncated>
		<difficult>0</difficult>
		<occluded>0</occluded>
		<bndbox>
			<xmin>284</xmin>
			<xmax>357</xmax>
			<ymin>1</ymin>
			<ymax>65</ymax>
		</bndbox>
		<polygon>
			<x1>285.23851</x1>
			<y1>0</y1>
			<x2>283.137758</x2>
			<y2>19.98732</y2>
			<x3>287.43001300000003</x3>
			<y3>37.867264</y3>
			<x4>293.746246</x4>
			<y4>49.538796</y4>
			<x5>308.296615</x5>
			<y5>61.158466</y5>
			<x6>327.191732</x6>
			<y6>64.061729</y6>
			<x7>341.233155</x7>
			<y7>60.951012</y7>
			<x8>346.55293</x8>
			<y8>56.006308</y8>
			<x9>355.528508</x9>
			<y9>35.851646</y9>
			<x10>355.602434</x10>
			<y10>22.09983</y10>
			<x11>345.119842</x11>
			<y11>0</y11>
			<x12>285.23851</x12>
			<y12>0</y12>
		</polygon>
	</object>
	<object>
		<name>orange</name>
		<pose>Unspecified</pose>
		<truncated>0</truncated>
		<difficult>0</difficult>
		<occluded>0</occluded>
		<bndbox>
			<xmin>1</xmin>
			<xmax>29</xmax>
			<ymin>251</ymin>
			<ymax>325</ymax>
		</bndbox>
		<polygon>
			<x1>0</x1>
			<y1>323.306181</y1>
			<x2>8.744094</x2>
			<y2>323.554817</y2>
			<x3>19.383644</x3>
			<y3>313.665408</y3>
			<x4>24.692703</x4>
			<y4>302.29843800000003</y4>
			<x5>28.051711</x5>
			<y5>283.388063</y5>
			<x6>26.673816</x6>
			<y6>270.400959</y6>
			<x7>16.182119</x7>
			<y7>252.786732</y7>
			<x8>0</x8>
			<y8>249.82515</y8>
			<x9>0</x9>
			<y9>323.306181</y9>
		</polygon>
	</object>
	<object>
		<name>redapple</name>
		<pose>Unspecified</pose>
		<truncated>0</truncated>
		<difficult>0</difficult>
		<occluded>0</occluded>
		<bndbox>
			<xmin>101</xmin>
			<xmax>152</xmax>
			<ymin>219</ymin>
			<ymax>295</ymax>
		</bndbox>
		<polygon>
			<x1>137.04552</x1>
			<y1>290.257244</y1>
			<x2>142.842091</x2>
			<y2>280.776124</y2>
			<x3>148.818665</x3>
			<y3>263.058171</y3>
			<x4>150.82121</x4>
			<y4>244.005226</y4>
			<x5>147.59934</x5>
			<y5>228.989701</y5>
			<x6>142.936363</x6>
			<y6>221.161156</y6>
			<x7>138.792777</x7>
			<y7>219.808342</y7>
			<x8>120.197934</x8>
			<y8>217.853945</y8>
			<x9>107.869769</x9>
			<y9>222.062037</y9>
			<x10>101.78712</x10>
			<y10>234.265006</y10>
			<x11>99.975293</x11>
			<y11>251.503385</y11>
			<x12>102.911085</x12>
			<y12>269.24076</y12>
			<x13>109.428754</x13>
			<y13>285.519994</y13>
			<x14>118.934708</x14>
			<y14>292.94025</y14>
			<x15>128.429947</x15>
			<y15>293.93824</y15>
			<x16>137.04552</x16>
			<y16>290.257244</y16>
		</polygon>
	</object>
	<object>
		<name>redapple</name>
		<pose>Unspecified</pose>
		<truncated>0</truncated>
		<difficult>0</difficult>
		<occluded>0</occluded>
		<bndbox>
			<xmin>295</xmin>
			<xmax>345</xmax>
			<ymin>308</ymin>
			<ymax>384</ymax>
		</bndbox>
		<polygon>
			<x1>321.10814500000004</x1>
			<y1>307.130354</y1>
			<x2>308.70926199999997</x2>
			<y2>307.661791</y2>
			<x3>301.259434</x3>
			<y3>313.299922</y3>
			<x4>295.759657</x4>
			<y4>326.48145999999997</y4>
			<x5>294.043189</x5>
			<y5>342.81255699999997</y5>
			<x6>296.58682799999997</x6>
			<y6>357.756796</y6>
			<x7>304.853113</x7>
			<y7>376.97173399999997</y7>
			<x8>311.836861</x8>
			<y8>382.292284</y8>
			<x9>325.496846</x9>
			<y9>382.810701</y9>
			<x10>332.268443</x10>
			<y10>377.10128399999996</y10>
			<x11>340.184352</x11>
			<y11>360.504469</y11>
			<x12>343.818721</x12>
			<y12>332.449977</y12>
			<x13>336.421387</x13>
			<y13>311.491758</y13>
			<x14>321.10814500000004</x14>
			<y14>307.130354</y14>
		</polygon>
	</object>
</annotation>
