<annotation>
	<folder></folder>
	<filename>image_20_png.rf.200fb3acc68015f982c6e0c9889cf60e.jpg</filename>
	<path>image_20_png.rf.200fb3acc68015f982c6e0c9889cf60e.jpg</path>
	<source>
		<database>roboflow.ai</database>
	</source>
	<size>
		<width>416</width>
		<height>416</height>
		<depth>3</depth>
	</size>
	<segmented>0</segmented>
	<object>
		<name>redapple</name>
		<pose>Unspecified</pose>
		<truncated>0</truncated>
		<difficult>0</difficult>
		<occluded>0</occluded>
		<bndbox>
			<xmin>16</xmin>
			<xmax>206</xmax>
			<ymin>1</ymin>
			<ymax>125</ymax>
		</bndbox>
		<polygon>
			<x1>15.369402</x1>
			<y1>0</y1>
			<x2>25.126303</x2>
			<y2>53.33068</y2>
			<x3>40.678895</x3>
			<y3>88.134397</y3>
			<x4>81.545855</x4>
			<y4>122.933731</y4>
			<x5>98.118804</x5>
			<y5>124.092624</y5>
			<x6>112.657501</x6>
			<y6>116.236592</y6>
			<x7>134.241326</x7>
			<y7>112.422273</y7>
			<x8>148.841765</x8>
			<y8>103.683291</y8>
			<x9>164.059622</x9>
			<y9>86.114805</y9>
			<x10>194.46608</x10>
			<y10>32.343165</y10>
			<x11>205.428292</x11>
			<y11>0</y11>
			<x12>15.369402</x12>
			<y12>0</y12>
		</polygon>
	</object>
	<object>
		<name>orange</name>
		<pose>Unspecified</pose>
		<truncated>0</truncated>
		<difficult>0</difficult>
		<occluded>0</occluded>
		<bndbox>
			<xmin>116</xmin>
			<xmax>172</xmax>
			<ymin>199</ymin>
			<ymax>274</ymax>
		</bndbox>
		<polygon>
			<x1>159.892536</x1>
			<y1>201.77093100000002</y1>
			<x2>140.190222</x2>
			<y2>197.731407</y2>
			<x3>127.162588</x3>
			<y3>203.0313</y3>
			<x4>118.219702</x4>
			<y4>216.602236</y4>
			<x5>115.41206</x5>
			<y5>237.700333</y5>
			<x6>116.598169</x6>
			<y6>249.31775399999998</y6>
			<x7>120.497692</x7>
			<y7>260.237647</y7>
			<x8>127.835289</x8>
			<y8>269.623419</y8>
			<x9>149.588098</x9>
			<y9>272.91906</y9>
			<x10>156.402503</x10>
			<y10>270.733766</y10>
			<x11>164.373762</x11>
			<y11>261.531225</y11>
			<x12>170.0638</x12>
			<y12>246.845561</y12>
			<x13>171.129655</x13>
			<y13>222.076596</y13>
			<x14>167.831308</x14>
			<y14>212.086008</y14>
			<x15>159.892536</x15>
			<y15>201.77093100000002</y15>
		</polygon>
	</object>
	<object>
		<name>orange</name>
		<pose>Unspecified</pose>
		<truncated>0</truncated>
		<difficult>0</difficult>
		<occluded>0</occluded>
		<bndbox>
			<xmin>277</xmin>
			<xmax>334</xmax>
			<ymin>342</ymin>
			<ymax>417</ymax>
		</bndbox>
		<polygon>
			<x1>299.996929</x1>
			<y1>340.771678</y1>
			<x2>286.907552</x2>
			<y2>346.954521</y2>
			<x3>278.689327</x3>
			<y3>359.68886299999997</y3>
			<x4>275.81994299999997</x4>
			<y4>381.66990899999996</y4>
			<x5>277.067793</x5>
			<y5>392.40438</y5>
			<x6>280.967316</x6>
			<y6>403.324273</y6>
			<x7>289.630749</x7>
			<y7>412.802757</y7>
			<x8>308.73188600000003</x8>
			<y8>415.912974</y8>
			<x9>316.209209</x9>
			<y9>413.774036</y9>
			<x10>325.444562</x10>
			<y10>405.547158</y10>
			<x11>330.16297299999997</x11>
			<y11>395.229889</y11>
			<x12>333.402807</x12>
			<y12>367.951141</y12>
			<x13>323.553265</x13>
			<y13>346.855236</y13>
			<x14>299.996929</x14>
			<y14>340.771678</y14>
		</polygon>
	</object>
</annotation>
