<annotation>
	<folder></folder>
	<filename>image_31_png.rf.cca758b4debf521a1fc1db859bf3b6ff.jpg</filename>
	<path>image_31_png.rf.cca758b4debf521a1fc1db859bf3b6ff.jpg</path>
	<source>
		<database>roboflow.ai</database>
	</source>
	<size>
		<width>416</width>
		<height>416</height>
		<depth>3</depth>
	</size>
	<segmented>0</segmented>
	<object>
		<name>redapple</name>
		<pose>Unspecified</pose>
		<truncated>0</truncated>
		<difficult>0</difficult>
		<occluded>0</occluded>
		<bndbox>
			<xmin>239</xmin>
			<xmax>307</xmax>
			<ymin>1</ymin>
			<ymax>26</ymax>
		</bndbox>
		<polygon>
			<x1>238.307329</x1>
			<y1>0</y1>
			<x2>247.649289</x2>
			<y2>14.940085</y2>
			<x3>257.852603</x3>
			<y3>22.131767</y3>
			<x4>280.257292</x4>
			<y4>25.183558</y4>
			<x5>295.23012900000003</x5>
			<y5>20.633588</y5>
			<x6>306.04819499999996</x6>
			<y6>0</y6>
			<x7>238.307329</x7>
			<y7>0</y7>
		</polygon>
	</object>
	<object>
		<name>orange</name>
		<pose>Unspecified</pose>
		<truncated>0</truncated>
		<difficult>0</difficult>
		<occluded>0</occluded>
		<bndbox>
			<xmin>393</xmin>
			<xmax>417</xmax>
			<ymin>1</ymin>
			<ymax>76</ymax>
		</bndbox>
		<polygon>
			<x1>416</x1>
			<y1>0.385511</y1>
			<x2>406.8967</x2>
			<y2>3.474234</y2>
			<x3>397.238697</x3>
			<y3>16.151437</y3>
			<x4>392.087387</x4>
			<y4>37.712136</y4>
			<x5>392.206345</x5>
			<y5>48.518238</y5>
			<x6>393.594532</x6>
			<y6>55.953098</y6>
			<x7>402.067523</x7>
			<y7>69.131002</y7>
			<x8>413.232672</x8>
			<y8>74.694762</y8>
			<x9>416</x9>
			<y9>74.520024</y9>
			<x10>416</x10>
			<y10>0.385511</y10>
		</polygon>
	</object>
	<object>
		<name>orange</name>
		<pose>Unspecified</pose>
		<truncated>0</truncated>
		<difficult>0</difficult>
		<occluded>0</occluded>
		<bndbox>
			<xmin>112</xmin>
			<xmax>172</xmax>
			<ymin>248</ymin>
			<ymax>325</ymax>
		</bndbox>
		<polygon>
			<x1>162.93198999999998</x1>
			<y1>254.859217</y1>
			<x2>155.192744</x2>
			<y2>249.000776</y2>
			<x3>143.412806</x3>
			<y3>246.923655</y3>
			<x4>131.018082</x4>
			<y4>248.333173</y4>
			<x5>121.474122</x5>
			<y5>256.536682</y5>
			<x6>114.587579</x6>
			<y6>268.803807</y6>
			<x7>111.052545</x7>
			<y7>288.85197900000003</y7>
			<x8>112.172991</x8>
			<y8>301.63219200000003</y8>
			<x9>118.528963</x9>
			<y9>315.335569</y9>
			<x10>131.35004</x10>
			<y10>322.988834</y10>
			<x11>141.974792</x11>
			<y11>323.963504</y11>
			<x12>153.521727</x12>
			<y12>319.708216</y12>
			<x13>160.14052800000002</x13>
			<y13>312.786445</y13>
			<x14>167.488163</x14>
			<y14>297.90434</y14>
			<x15>170.52245299999998</x15>
			<y15>276.86911399999997</y15>
			<x16>162.93198999999998</x16>
			<y16>254.859217</y16>
		</polygon>
	</object>
	<object>
		<name>mango</name>
		<pose>Unspecified</pose>
		<truncated>0</truncated>
		<difficult>0</difficult>
		<occluded>0</occluded>
		<bndbox>
			<xmin>221</xmin>
			<xmax>249</xmax>
			<ymin>228</ymin>
			<ymax>265</ymax>
		</bndbox>
		<polygon>
			<x1>246.388123</x1>
			<y1>256.093376</y1>
			<x2>248.192835</x2>
			<y2>242.031427</y2>
			<x3>242.83835</x3>
			<y3>230.302159</y3>
			<x4>231.866552</x4>
			<y4>227.468775</y4>
			<x5>223.284428</x5>
			<y5>234.04436</y5>
			<x6>220.478227</x6>
			<y6>246.132199</y6>
			<x7>227.989384</x7>
			<y7>260.93802800000003</y7>
			<x8>236.844163</x8>
			<y8>264.296885</y8>
			<x9>246.388123</x9>
			<y9>256.093376</y9>
		</polygon>
	</object>
	<object>
		<name>capsicum</name>
		<pose>Unspecified</pose>
		<truncated>0</truncated>
		<difficult>0</difficult>
		<occluded>0</occluded>
		<bndbox>
			<xmin>374</xmin>
			<xmax>399</xmax>
			<ymin>252</ymin>
			<ymax>287</ymax>
		</bndbox>
		<polygon>
			<x1>382.090398</x1>
			<y1>286.312673</y1>
			<x2>387.940714</x2>
			<y2>283.749199</y2>
			<x3>393.250633</x3>
			<y3>276.596636</y3>
			<x4>397.633458</x4>
			<y4>259.394234</y4>
			<x5>395.437133</x5>
			<y5>252.715639</y5>
			<x6>384.311638</x6>
			<y6>250.753914</y6>
			<x7>376.344302</x7>
			<y7>253.84286</y7>
			<x8>372.923313</x8>
			<y8>269.417338</y8>
			<x9>375.352639</x9>
			<y9>282.428343</y9>
			<x10>382.090398</x10>
			<y10>286.312673</y10>
		</polygon>
	</object>
</annotation>
