<annotation>
	<folder></folder>
	<filename>image_77_png.rf.7972387c3ff3e0e41a1ab88018bbbd8d.jpg</filename>
	<path>image_77_png.rf.7972387c3ff3e0e41a1ab88018bbbd8d.jpg</path>
	<source>
		<database>roboflow.ai</database>
	</source>
	<size>
		<width>416</width>
		<height>416</height>
		<depth>3</depth>
	</size>
	<segmented>0</segmented>
	<object>
		<name>orange</name>
		<pose>Unspecified</pose>
		<truncated>0</truncated>
		<difficult>0</difficult>
		<occluded>0</occluded>
		<bndbox>
			<xmin>79</xmin>
			<xmax>137</xmax>
			<ymin>1</ymin>
			<ymax>54</ymax>
		</bndbox>
		<polygon>
			<x1>78.401756</x1>
			<y1>0</y1>
			<x2>77.933155</x2>
			<y2>14.938028</y2>
			<x3>84.95662</x3>
			<y3>36.636922</y3>
			<x4>94.475392</x4>
			<y4>48.790349</y4>
			<x5>102.862125</x5>
			<y5>53.132685</y5>
			<x6>124.924326</x6>
			<y6>49.833101</y6>
			<x7>132.911416</x7>
			<y7>40.813631</y7>
			<x8>136.139121</x8>
			<y8>25.717448</y8>
			<x9>131.417746</x9>
			<y9>0</y9>
			<x10>78.401756</x10>
			<y10>0</y10>
		</polygon>
	</object>
	<object>
		<name>greenapple</name>
		<pose>Unspecified</pose>
		<truncated>0</truncated>
		<difficult>0</difficult>
		<occluded>0</occluded>
		<bndbox>
			<xmin>72</xmin>
			<xmax>97</xmax>
			<ymin>92</ymin>
			<ymax>123</ymax>
		</bndbox>
		<polygon>
			<x1>96.372082</x1>
			<y1>109.34425</y1>
			<x2>93.816336</x2>
			<y2>98.274096</y2>
			<x3>86.114463</x3>
			<y3>91.082833</y3>
			<x4>76.35801</x4>
			<y4>92.43835</y4>
			<x5>71.313406</x5>
			<y5>102.572369</y5>
			<x6>74.065749</x6>
			<y6>114.494073</y6>
			<x7>83.87619</x7>
			<y7>122.095473</y7>
			<x8>91.524076</x8>
			<y8>120.32982</y8>
			<x9>96.372082</x9>
			<y9>109.34425</y9>
		</polygon>
	</object>
	<object>
		<name>capsicum</name>
		<pose>Unspecified</pose>
		<truncated>0</truncated>
		<difficult>0</difficult>
		<occluded>0</occluded>
		<bndbox>
			<xmin>200</xmin>
			<xmax>343</xmax>
			<ymin>9</ymin>
			<ymax>274</ymax>
		</bndbox>
		<polygon>
			<x1>199</x1>
			<y1>198.85074</y1>
			<x2>208.95243299999998</x2>
			<y2>220.652499</y2>
			<x3>234.959455</x3>
			<y3>257.701332</y3>
			<x4>251.048061</x4>
			<y4>269.234931</y4>
			<x5>264.72998</x5>
			<y5>273.251715</y5>
			<x6>307.925392</x6>
			<y6>271.35171</y6>
			<x7>316.25813700000003</x7>
			<y7>266.737131</y7>
			<x8>322.773984</x8>
			<y8>257.160386</y8>
			<x9>338.545118</x9>
			<y9>226.611192</y9>
			<x10>340.84383</x10>
			<y10>216.214175</y10>
			<x11>342.24818400000004</x11>
			<y11>184.497122</y11>
			<x12>339.917215</x12>
			<y12>136.600614</y12>
			<x13>331.260546</x13>
			<y13>87.473695</y13>
			<x14>319.918423</x14>
			<y14>58.699399</y14>
			<x15>303.972425</x15>
			<y15>39.060434</y15>
			<x16>282.541097</x16>
			<y16>30.554175</y16>
			<x17>264.058707</x17>
			<y17>34.821171</y17>
			<x18>250.769979</x18>
			<y18>32.507487</y18>
			<x19>244.288765</x19>
			<y19>16.065033</y19>
			<x20>235.752973</x20>
			<y20>8.169357</y20>
			<x21>230.26119</x21>
			<y21>7.643359</y21>
			<x22>226.389711</x22>
			<y22>11.227974</y22>
			<x23>235.52174300000001</x23>
			<y23>33.337006</y23>
			<x24>221.012355</x24>
			<y24>40.274514</y24>
			<x25>200.028205</x25>
			<y25>42.428272</y25>
			<x26>199</x26>
			<y26>42.825992</y26>
			<x27>199</x27>
			<y27>198.85074</y27>
		</polygon>
	</object>
	<object>
		<name>redapple</name>
		<pose>Unspecified</pose>
		<truncated>0</truncated>
		<difficult>0</difficult>
		<occluded>0</occluded>
		<bndbox>
			<xmin>210</xmin>
			<xmax>278</xmax>
			<ymin>300</ymin>
			<ymax>377</ymax>
		</bndbox>
		<polygon>
			<x1>258.30226700000003</x1>
			<y1>304.857645</y1>
			<x2>247.610371</x2>
			<y2>299.253621</y2>
			<x3>222.015894</x3>
			<y3>298.884005</y3>
			<x4>214.517068</x4>
			<y4>304.202998</y4>
			<x5>209.377393</x5>
			<y5>319.740594</y5>
			<x6>209.586891</x6>
			<y6>343.909555</y6>
			<x7>212.142637</x7>
			<y7>354.979709</y7>
			<x8>217.688406</x8>
			<y8>364.462624</y8>
			<x9>231.275254</x9>
			<y9>373.882985</y9>
			<x10>239.0722</x10>
			<y10>375.67067099999997</y10>
			<x11>258.38851</x11>
			<y11>372.108087</y11>
			<x12>272.504707</x12>
			<y12>363.467479</y12>
			<x13>275.589802</x13>
			<y13>356.47666200000003</y13>
			<x14>276.654951</x14>
			<y14>332.013426</y14>
			<x15>271.204254</x15>
			<y15>317.126934</y15>
			<x16>258.30226700000003</x16>
			<y16>304.857645</y16>
		</polygon>
	</object>
	<object>
		<name>greenapple</name>
		<pose>Unspecified</pose>
		<truncated>0</truncated>
		<difficult>0</difficult>
		<occluded>0</occluded>
		<bndbox>
			<xmin>364</xmin>
			<xmax>387</xmax>
			<ymin>403</ymin>
			<ymax>417</ymax>
		</bndbox>
		<polygon>
			<x1>385.624098</x1>
			<y1>416</y1>
			<x2>384.664869</x2>
			<y2>410.22524699999997</y2>
			<x3>378.237643</x3>
			<y3>402.739708</y3>
			<x4>368.725322</x4>
			<y4>402.244986</y4>
			<x5>362.65020400000003</x5>
			<y5>410.823042</y5>
			<x6>363.31350599999996</x6>
			<y6>416</y6>
			<x7>385.624098</x7>
			<y7>416</y7>
		</polygon>
	</object>
	<object>
		<name>orange</name>
		<pose>Unspecified</pose>
		<truncated>0</truncated>
		<difficult>0</difficult>
		<occluded>0</occluded>
		<bndbox>
			<xmin>331</xmin>
			<xmax>354</xmax>
			<ymin>288</ymin>
			<ymax>298</ymax>
		</bndbox>
		<polygon>
			<x1>330.26453100000003</x1>
			<y1>287</y1>
			<x2>330.516454</x2>
			<y2>289.082624</y2>
			<x3>337.7776</x3>
			<y3>297.272576</y3>
			<x4>346.456</x4>
			<y4>297.062885</y4>
			<x5>352.531119</x5>
			<y5>288.484828</y5>
			<x6>352.256481</x6>
			<y6>287</y6>
			<x7>330.26453100000003</x7>
			<y7>287</y7>
		</polygon>
	</object>
</annotation>
