<annotation>
	<folder></folder>
	<filename>image_22_png.rf.c4a362c8ac10e93808c070841f50d911.jpg</filename>
	<path>image_22_png.rf.c4a362c8ac10e93808c070841f50d911.jpg</path>
	<source>
		<database>roboflow.ai</database>
	</source>
	<size>
		<width>416</width>
		<height>416</height>
		<depth>3</depth>
	</size>
	<segmented>0</segmented>
	<object>
		<name>redapple</name>
		<pose>Unspecified</pose>
		<truncated>0</truncated>
		<difficult>0</difficult>
		<occluded>0</occluded>
		<bndbox>
			<xmin>184</xmin>
			<xmax>350</xmax>
			<ymin>1</ymin>
			<ymax>163</ymax>
		</bndbox>
		<polygon>
			<x1>183</x1>
			<y1>0</y1>
			<x2>183</x2>
			<y2>161.563391</y2>
			<x3>183.306318</x3>
			<y3>162</y3>
			<x4>319.886352</x4>
			<y4>162</y4>
			<x5>321.827934</x5>
			<y5>158.619377</y5>
			<x6>341.72625500000004</x6>
			<y6>99.022886</y6>
			<x7>346.720921</x7>
			<y7>62.121818</y7>
			<x8>348.521387</x8>
			<y8>4.747465</y8>
			<x9>347.938472</x9>
			<y9>0</y9>
			<x10>183</x10>
			<y10>0</y10>
		</polygon>
	</object>
	<object>
		<name>redapple</name>
		<pose>Unspecified</pose>
		<truncated>0</truncated>
		<difficult>0</difficult>
		<occluded>0</occluded>
		<bndbox>
			<xmin>56</xmin>
			<xmax>106</xmax>
			<ymin>261</ymin>
			<ymax>335</ymax>
		</bndbox>
		<polygon>
			<x1>62.241927</x1>
			<y1>263.32719299999997</y1>
			<x2>56.416899</x2>
			<y2>271.299977</y2>
			<x3>54.821206</x3>
			<y3>286.011024</y3>
			<x4>58.356492</x4>
			<y4>303.720845</y4>
			<x5>73.043492</x5>
			<y5>329.133358</y5>
			<x6>83.195712</x6>
			<y6>334.237187</y6>
			<x7>97.05235</x7>
			<y7>330.721415</y7>
			<x8>102.097352</x8>
			<y8>321.937212</y8>
			<x9>104.92389</x9>
			<y9>306.167842</y9>
			<x10>101.412365</x10>
			<y10>277.568763</y10>
			<x11>90.50388</x11>
			<y11>260.764257</y11>
			<x12>72.74711</x12>
			<y12>260.222929</y12>
			<x13>62.241927</x13>
			<y13>263.32719299999997</y13>
		</polygon>
	</object>
	<object>
		<name>mango</name>
		<pose>Unspecified</pose>
		<truncated>0</truncated>
		<difficult>0</difficult>
		<occluded>0</occluded>
		<bndbox>
			<xmin>358</xmin>
			<xmax>411</xmax>
			<ymin>267</ymin>
			<ymax>330</ymax>
		</bndbox>
		<polygon>
			<x1>373.579276</x1>
			<y1>266.32090800000003</y1>
			<x2>366.535281</x2>
			<y2>269.907386</y2>
			<x3>358.577765</x3>
			<y3>282.677981</y3>
			<x4>356.762604</x4>
			<y4>295.601586</y4>
			<x5>359.29839300000003</x5>
			<y5>310.712544</y5>
			<x6>368.31762000000003</x6>
			<y6>323.21304799999996</y6>
			<x7>374.898914</x7>
			<y7>326.940941</y7>
			<x8>382.60132</x8>
			<y8>328.71679</y8>
			<x9>399.139122</x9>
			<y9>324.871813</y9>
			<x10>405.85391100000004</x10>
			<y10>318.604171</y10>
			<x11>409.899416</x11>
			<y11>307.22110499999997</y11>
			<x12>408.496619</x12>
			<y12>284.713472</y12>
			<x13>392.786362</x13>
			<y13>267.591354</y13>
			<x14>373.579276</x14>
			<y14>266.32090800000003</y14>
		</polygon>
	</object>
	<object>
		<name>capsicum</name>
		<pose>Unspecified</pose>
		<truncated>0</truncated>
		<difficult>0</difficult>
		<occluded>0</occluded>
		<bndbox>
			<xmin>382</xmin>
			<xmax>404</xmax>
			<ymin>369</ymin>
			<ymax>404</ymax>
		</bndbox>
		<polygon>
			<x1>401.995052</x1>
			<y1>398.003944</y1>
			<x2>403.37127399999997</x2>
			<y2>381.505455</y2>
			<x3>399.824109</x3>
			<y3>369.24026200000003</y3>
			<x4>391.561147</x4>
			<y4>368.440436</y4>
			<x5>380.824613</x5>
			<y5>375.201887</y5>
			<x6>382.69011</x6>
			<y6>390.395147</y6>
			<x7>391.039047</x7>
			<y7>402.97795199999996</y7>
			<x8>399.082538</x8>
			<y8>401.990336</y8>
			<x9>401.995052</x9>
			<y9>398.003944</y9>
		</polygon>
	</object>
</annotation>
