<annotation>
	<folder></folder>
	<filename>image_38_png.rf.8d55f9c87e708502baa4e3630dda65e8.jpg</filename>
	<path>image_38_png.rf.8d55f9c87e708502baa4e3630dda65e8.jpg</path>
	<source>
		<database>roboflow.ai</database>
	</source>
	<size>
		<width>416</width>
		<height>416</height>
		<depth>3</depth>
	</size>
	<segmented>0</segmented>
	<object>
		<name>mango</name>
		<pose>Unspecified</pose>
		<truncated>0</truncated>
		<difficult>0</difficult>
		<occluded>0</occluded>
		<bndbox>
			<xmin>1</xmin>
			<xmax>118</xmax>
			<ymin>124</ymin>
			<ymax>217</ymax>
		</bndbox>
		<polygon>
			<x1>0</x1>
			<y1>216</y1>
			<x2>116.074523</x2>
			<y2>216</y2>
			<x3>116.789799</x3>
			<y3>212.083539</y3>
			<x4>108.549437</x4>
			<y4>169.690555</y4>
			<x5>93.949705</x5>
			<y5>146.490747</y5>
			<x6>80.071649</x6>
			<y6>133.924884</y6>
			<x7>59.08805</x7>
			<y7>126.331607</y7>
			<x8>28.886178</x8>
			<y8>123.223736</y8>
			<x9>0</x9>
			<y9>127.991984</y9>
			<x10>0</x10>
			<y10>216</y10>
		</polygon>
	</object>
	<object>
		<name>greenapple</name>
		<pose>Unspecified</pose>
		<truncated>0</truncated>
		<difficult>0</difficult>
		<occluded>0</occluded>
		<bndbox>
			<xmin>237</xmin>
			<xmax>410</xmax>
			<ymin>1</ymin>
			<ymax>191</ymax>
		</bndbox>
		<polygon>
			<x1>261.424517</x1>
			<y1>0</y1>
			<x2>246.407271</x2>
			<y2>15.794874</y2>
			<x3>237.647826</x3>
			<y3>39.943838</y3>
			<x4>235.657583</x4>
			<y4>57.38989</y4>
			<x5>242.937914</x5>
			<y5>101.765188</y5>
			<x6>249.06224</x6>
			<y6>119.429632</y6>
			<x7>263.518299</x7>
			<y7>145.350923</y7>
			<x8>291.97159</x8>
			<y8>177.529948</y8>
			<x9>301.263352</x9>
			<y9>183.80448</y9>
			<x10>320.61424</x10>
			<y10>189.91942</y10>
			<x11>358.065329</x11>
			<y11>185.333222</y11>
			<x12>371.820899</x12>
			<y12>179.965854</y12>
			<x13>386.512003</x13>
			<y13>169.029525</y13>
			<x14>401.273289</x14>
			<y14>144.611774</y14>
			<x15>406.31179199999997</x15>
			<y15>122.08394</y15>
			<x16>409.020403</x16>
			<y16>91.030471</y16>
			<x17>408.36890800000003</x17>
			<y17>66.915104</y17>
			<x18>403.155618</x18>
			<y18>40.095053</y18>
			<x19>385.385141</x19>
			<y19>4.043796</y19>
			<x20>380.73039800000004</x20>
			<y20>0</y20>
			<x21>261.424517</x21>
			<y21>0</y21>
		</polygon>
	</object>
	<object>
		<name>mango</name>
		<pose>Unspecified</pose>
		<truncated>0</truncated>
		<difficult>0</difficult>
		<occluded>0</occluded>
		<bndbox>
			<xmin>1</xmin>
			<xmax>57</xmax>
			<ymin>217</ymin>
			<ymax>246</ymax>
		</bndbox>
		<polygon>
			<x1>0</x1>
			<y1>216</y1>
			<x2>0</x2>
			<y2>242.645055</y2>
			<x3>8.481161</x3>
			<y3>245.253825</y3>
			<x4>36.496814</x4>
			<y4>237.114577</y4>
			<x5>50.539732</x5>
			<y5>226.30424299999999</y5>
			<x6>56.237619</x6>
			<y6>216</y6>
			<x7>0</x7>
			<y7>216</y7>
		</polygon>
	</object>
	<object>
		<name>redapple</name>
		<pose>Unspecified</pose>
		<truncated>0</truncated>
		<difficult>0</difficult>
		<occluded>0</occluded>
		<bndbox>
			<xmin>22</xmin>
			<xmax>97</xmax>
			<ymin>303</ymin>
			<ymax>386</ymax>
		</bndbox>
		<polygon>
			<x1>65.531416</x1>
			<y1>306.890391</y1>
			<x2>49.109612</x2>
			<y2>302.001798</y2>
			<x3>37.442272</x3>
			<y3>304.269699</y3>
			<x4>29.544869</x4>
			<y4>312.089763</y4>
			<x5>21.265438</x5>
			<y5>335.247569</y5>
			<x6>23.980665</x6>
			<y6>352.676823</y6>
			<x7>30.392338</x7>
			<y7>364.8983</y7>
			<x8>43.95855</x8>
			<y8>379.32048399999996</y8>
			<x9>57.139426</x9>
			<y9>384.839049</y9>
			<x10>80.162262</x10>
			<y10>382.15956700000004</y10>
			<x11>90.340563</x11>
			<y11>375.691845</y11>
			<x12>93.388824</x12>
			<y12>370.61006399999997</y12>
			<x13>92.667146</x13>
			<y13>359.97611900000004</y13>
			<x14>96.48277</x14>
			<y14>348.460213</y14>
			<x15>91.679312</x15>
			<y15>334.130427</y15>
			<x16>65.531416</x16>
			<y16>306.890391</y16>
		</polygon>
	</object>
	<object>
		<name>greenapple</name>
		<pose>Unspecified</pose>
		<truncated>0</truncated>
		<difficult>0</difficult>
		<occluded>0</occluded>
		<bndbox>
			<xmin>141</xmin>
			<xmax>165</xmax>
			<ymin>277</ymin>
			<ymax>308</ymax>
		</bndbox>
		<polygon>
			<x1>159.952653</x1>
			<y1>304.698098</y1>
			<x2>163.960943</x2>
			<y2>297.634001</y2>
			<x3>157.836617</x3>
			<y3>279.969557</y3>
			<x4>149.049366</x4>
			<y4>276.29051400000003</y4>
			<x5>142.592008</x5>
			<y5>281.137106</y5>
			<x6>139.568245</x6>
			<y6>289.80553299999997</y6>
			<x7>144.203531</x7>
			<y7>303.270157</y7>
			<x8>151.046225</x8>
			<y8>307.327183</y8>
			<x9>159.952653</x9>
			<y9>304.698098</y9>
		</polygon>
	</object>
	<object>
		<name>mango</name>
		<pose>Unspecified</pose>
		<truncated>0</truncated>
		<difficult>0</difficult>
		<occluded>0</occluded>
		<bndbox>
			<xmin>188</xmin>
			<xmax>217</xmax>
			<ymin>224</ymin>
			<ymax>294</ymax>
		</bndbox>
		<polygon>
			<x1>187</x1>
			<y1>293.356206</y1>
			<x2>192.58151900000001</x2>
			<y2>290.747507</y2>
			<x3>204.199865</x3>
			<y3>281.306312</y3>
			<x4>214.448349</x4>
			<y4>261.357169</y4>
			<x5>215.646732</x5>
			<y5>246.758595</y5>
			<x6>211.51595700000001</x6>
			<y6>235.88945999999999</y6>
			<x7>204.480595</x7>
			<y7>227.380624</y7>
			<x8>190.171519</x8>
			<y8>222.979211</y8>
			<x9>187</x9>
			<y9>223.59569199999999</y9>
			<x10>187</x10>
			<y10>293.356206</y10>
		</polygon>
	</object>
</annotation>
