<annotation>
	<folder></folder>
	<filename>image_96_png.rf.ce35c196aabd23f8648f3cbde8d03ba7.jpg</filename>
	<path>image_96_png.rf.ce35c196aabd23f8648f3cbde8d03ba7.jpg</path>
	<source>
		<database>roboflow.ai</database>
	</source>
	<size>
		<width>416</width>
		<height>416</height>
		<depth>3</depth>
	</size>
	<segmented>0</segmented>
	<object>
		<name>redapple</name>
		<pose>Unspecified</pose>
		<truncated>0</truncated>
		<difficult>0</difficult>
		<occluded>0</occluded>
		<bndbox>
			<xmin>204</xmin>
			<xmax>271</xmax>
			<ymin>59</ymin>
			<ymax>134</ymax>
		</bndbox>
		<polygon>
			<x1>255.547451</x1>
			<y1>133</y1>
			<x2>267.342419</x2>
			<y2>124.108362</y2>
			<x3>270.381672</x3>
			<y3>94.829575</y3>
			<x4>267.142203</x4>
			<y4>81.836774</y4>
			<x5>262.169768</x5>
			<y5>75.716279</y5>
			<x6>238.816192</x6>
			<y6>59.458192</y6>
			<x7>223.243641</x7>
			<y7>57.820669</y7>
			<x8>209.615822</x8>
			<y8>61.218466</y8>
			<x9>203</x9>
			<y9>68.049844</y9>
			<x10>203</x10>
			<y10>115.152994</y10>
			<x11>207.211863</x11>
			<y11>126.220135</y11>
			<x12>216.74182</x12>
			<y12>133</y12>
			<x13>255.547451</x13>
			<y13>133</y13>
		</polygon>
	</object>
	<object>
		<name>redapple</name>
		<pose>Unspecified</pose>
		<truncated>0</truncated>
		<difficult>0</difficult>
		<occluded>0</occluded>
		<bndbox>
			<xmin>1</xmin>
			<xmax>37</xmax>
			<ymin>134</ymin>
			<ymax>165</ymax>
		</bndbox>
		<polygon>
			<x1>0</x1>
			<y1>133</y1>
			<x2>0</x2>
			<y2>164.133699</y2>
			<x3>18.07624</x3>
			<y3>159.626786</y3>
			<x4>32.139138</x4>
			<y4>149.680283</y4>
			<x5>35.60507</x5>
			<y5>135.93567</y5>
			<x6>35.606187</x6>
			<y6>133</y6>
			<x7>0</x7>
			<y7>133</y7>
		</polygon>
	</object>
	<object>
		<name>greenapple</name>
		<pose>Unspecified</pose>
		<truncated>0</truncated>
		<difficult>0</difficult>
		<occluded>0</occluded>
		<bndbox>
			<xmin>189</xmin>
			<xmax>204</xmax>
			<ymin>340</ymin>
			<ymax>400</ymax>
		</bndbox>
		<polygon>
			<x1>203</x1>
			<y1>339.332984</y1>
			<x2>197.315638</x2>
			<y2>339.42538</y2>
			<x3>192.123038</x3>
			<y3>343.480139</y3>
			<x4>188.440091</x4>
			<y4>359.118926</y4>
			<x5>189.513615</x5>
			<y5>380.012019</y5>
			<x6>192.754134</x6>
			<y6>390.244461</y6>
			<x7>202.48409</x7>
			<y7>398.858903</y7>
			<x8>203</x8>
			<y8>398.988472</y8>
			<x9>203</x9>
			<y9>339.332984</y9>
		</polygon>
	</object>
	<object>
		<name>mango</name>
		<pose>Unspecified</pose>
		<truncated>0</truncated>
		<difficult>0</difficult>
		<occluded>0</occluded>
		<bndbox>
			<xmin>204</xmin>
			<xmax>237</xmax>
			<ymin>257</ymin>
			<ymax>331</ymax>
		</bndbox>
		<polygon>
			<x1>203</x1>
			<y1>330.108727</y1>
			<x2>205.012866</x2>
			<y2>329.524546</y2>
			<x3>219.291727</x3>
			<y3>320.444229</y3>
			<x4>232.709882</x4>
			<y4>299.618086</y4>
			<x5>235.95985000000002</x5>
			<y5>285.007286</y5>
			<x6>232.720381</x6>
			<y6>272.01448500000004</y6>
			<x7>227.100052</x7>
			<y7>263.295429</y7>
			<x8>208.717862</x8>
			<y8>255.91819800000002</y8>
			<x9>203</x9>
			<y9>257.343821</y9>
			<x10>203</x10>
			<y10>330.108727</y10>
		</polygon>
	</object>
	<object>
		<name>redapple</name>
		<pose>Unspecified</pose>
		<truncated>0</truncated>
		<difficult>0</difficult>
		<occluded>0</occluded>
		<bndbox>
			<xmin>204</xmin>
			<xmax>244</xmax>
			<ymin>372</ymin>
			<ymax>417</ymax>
		</bndbox>
		<polygon>
			<x1>203</x1>
			<y1>416</y1>
			<x2>243.017587</x2>
			<y2>416</y2>
			<x3>240.242395</x3>
			<y3>398.943624</y3>
			<x4>222.082469</x4>
			<y4>375.87041899999997</y4>
			<x5>215.593031</x5>
			<y5>377.488417</y5>
			<x6>210.620595</x6>
			<y6>371.367923</y6>
			<x7>207.155712</x7>
			<y7>382.352175</y7>
			<x8>203</x8>
			<y8>384.747768</y8>
			<x9>203</x9>
			<y9>416</y9>
		</polygon>
	</object>
</annotation>
