<annotation>
	<folder></folder>
	<filename>image_133_png.rf.005a6398176f6a25d15c27a0d5f3cf1a.jpg</filename>
	<path>image_133_png.rf.005a6398176f6a25d15c27a0d5f3cf1a.jpg</path>
	<source>
		<database>roboflow.ai</database>
	</source>
	<size>
		<width>416</width>
		<height>416</height>
		<depth>3</depth>
	</size>
	<segmented>0</segmented>
	<object>
		<name>greenapple</name>
		<pose>Unspecified</pose>
		<truncated>0</truncated>
		<difficult>0</difficult>
		<occluded>0</occluded>
		<bndbox>
			<xmin>154</xmin>
			<xmax>178</xmax>
			<ymin>1</ymin>
			<ymax>28</ymax>
		</bndbox>
		<polygon>
			<x1>156.306455</x1>
			<y1>0</y1>
			<x2>153.086633</x2>
			<y2>3.98846</y2>
			<x3>153.629396</x3>
			<y3>17.492618</y3>
			<x4>162.435524</x4>
			<y4>27.11935</y4>
			<x5>171.737654</x5>
			<y5>25.812021</y5>
			<x6>176.719389</x6>
			<y6>17.868982</y6>
			<x7>174.598199</x7>
			<y7>2.775931</y7>
			<x8>171.236825</x8>
			<y8>0</y8>
			<x9>156.306455</x9>
			<y9>0</y9>
		</polygon>
	</object>
	<object>
		<name>redapple</name>
		<pose>Unspecified</pose>
		<truncated>0</truncated>
		<difficult>0</difficult>
		<occluded>0</occluded>
		<bndbox>
			<xmin>180</xmin>
			<xmax>221</xmax>
			<ymin>129</ymin>
			<ymax>204</ymax>
		</bndbox>
		<polygon>
			<x1>220</x1>
			<y1>133.847751</y1>
			<x2>214.617154</x2>
			<y2>128.429218</y2>
			<x3>198.296316</x3>
			<y3>128.006875</y3>
			<x4>185.381885</x4>
			<y4>132.537967</y4>
			<x5>180.40015</x5>
			<y5>140.481006</y5>
			<x6>178.990157</x6>
			<y6>149.732794</y6>
			<x7>181.610451</x7>
			<y7>168.377151</y7>
			<x8>198.601927</x8>
			<y8>197.676848</y8>
			<x9>208.77749</x9>
			<y9>202.584305</y9>
			<x10>215.421869</x10>
			<y10>201.650498</y10>
			<x11>220</x11>
			<y11>199.37072</y11>
			<x12>220</x12>
			<y12>133.847751</y12>
		</polygon>
	</object>
	<object>
		<name>mango</name>
		<pose>Unspecified</pose>
		<truncated>0</truncated>
		<difficult>0</difficult>
		<occluded>0</occluded>
		<bndbox>
			<xmin>280</xmin>
			<xmax>336</xmax>
			<ymin>141</ymin>
			<ymax>204</ymax>
		</bndbox>
		<polygon>
			<x1>311.204135</x1>
			<y1>203</y1>
			<x2>317.11115</x2>
			<y2>202.169823</y2>
			<x3>328.197601</x3>
			<y3>194.274185</y3>
			<x4>334.879439</x4>
			<y4>174.322499</y4>
			<x5>330.141055</x5>
			<y5>155.070457</y5>
			<x6>313.15267900000003</x6>
			<y6>140.256127</y6>
			<x7>294.963303</x7>
			<y7>141.001752</y7>
			<x8>285.74539</x8>
			<y8>147.729421</y8>
			<x9>279.228886</x9>
			<y9>164.03642</y9>
			<x10>280.270753</x10>
			<y10>181.091886</y10>
			<x11>284.301039</x11>
			<y11>190.484456</y11>
			<x12>295.10048</x12>
			<y12>199.831045</y12>
			<x13>304.509004</x13>
			<y13>203</y13>
			<x14>311.204135</x14>
			<y14>203</y14>
		</polygon>
	</object>
	<object>
		<name>orange</name>
		<pose>Unspecified</pose>
		<truncated>0</truncated>
		<difficult>0</difficult>
		<occluded>0</occluded>
		<bndbox>
			<xmin>1</xmin>
			<xmax>45</xmax>
			<ymin>278</ymin>
			<ymax>354</ymax>
		</bndbox>
		<polygon>
			<x1>0</x1>
			<y1>344.661706</y1>
			<x2>4.972854</x2>
			<y2>350.82257000000004</y2>
			<x3>19.549929</x3>
			<y3>353.300709</y3>
			<x4>30.720599</x4>
			<y4>350.82541100000003</y4>
			<x5>36.865874</x5>
			<y5>346.34029799999996</y5>
			<x6>44.336925</x6>
			<y6>327.183058</y6>
			<x7>40.758983</x7>
			<y7>296.903574</y7>
			<x8>27.507683</x8>
			<y8>279.753307</y8>
			<x9>16.917234</x9>
			<y9>276.714884</y9>
			<x10>5.621789</x10>
			<y10>278.30235500000003</y10>
			<x11>0</x11>
			<y11>281.816372</y11>
			<x12>0</x12>
			<y12>344.661706</y12>
		</polygon>
	</object>
	<object>
		<name>redapple</name>
		<pose>Unspecified</pose>
		<truncated>0</truncated>
		<difficult>0</difficult>
		<occluded>0</occluded>
		<bndbox>
			<xmin>224</xmin>
			<xmax>275</xmax>
			<ymin>205</ymin>
			<ymax>280</ymax>
		</bndbox>
		<polygon>
			<x1>257.674081</x1>
			<y1>204.565986</y1>
			<x2>241.353243</x2>
			<y2>204.143643</y2>
			<x3>230.432127</x3>
			<y3>208.394593</y3>
			<x4>224.785954</x4>
			<y4>216.431013</y4>
			<x5>222.836299</x5>
			<y5>226.664008</y5>
			<x6>225.456592</x6>
			<y6>245.308365</y6>
			<x7>234.181603</x7>
			<y7>264.00012300000003</y7>
			<x8>243.237283</x8>
			<y8>275.402508</y8>
			<x9>253.952507</x9>
			<y9>279.328758</y9>
			<x10>265.123176</x10>
			<y10>276.853459</y10>
			<x11>271.558562</x11>
			<y11>269.611486</y11>
			<x12>274.462765</x12>
			<y12>256.52825</y12>
			<x13>271.964148</x13>
			<y13>224.286353</y13>
			<x14>265.441443</x14>
			<y14>211.622619</y14>
			<x15>257.674081</x15>
			<y15>204.565986</y15>
		</polygon>
	</object>
	<object>
		<name>capsicum</name>
		<pose>Unspecified</pose>
		<truncated>0</truncated>
		<difficult>0</difficult>
		<occluded>0</occluded>
		<bndbox>
			<xmin>362</xmin>
			<xmax>382</xmax>
			<ymin>204</ymin>
			<ymax>221</ymax>
		</bndbox>
		<polygon>
			<x1>361.331603</x1>
			<y1>203</y1>
			<x2>364.280461</x2>
			<y2>215.838954</y2>
			<x3>370.34461999999996</x3>
			<y3>220.418868</y3>
			<x4>380.47652400000004</x4>
			<y4>215.373471</y4>
			<x5>381.286155</x5>
			<y5>203</y5>
			<x6>361.331603</x6>
			<y6>203</y6>
		</polygon>
	</object>
</annotation>
