<annotation>
	<folder></folder>
	<filename>image_87_png.rf.d5f3f6e8fd47f0f5d5a24a5c8603eddc.jpg</filename>
	<path>image_87_png.rf.d5f3f6e8fd47f0f5d5a24a5c8603eddc.jpg</path>
	<source>
		<database>roboflow.ai</database>
	</source>
	<size>
		<width>416</width>
		<height>416</height>
		<depth>3</depth>
	</size>
	<segmented>0</segmented>
	<object>
		<name>orange</name>
		<pose>Unspecified</pose>
		<truncated>0</truncated>
		<difficult>0</difficult>
		<occluded>0</occluded>
		<bndbox>
			<xmin>18</xmin>
			<xmax>74</xmax>
			<ymin>42</ymin>
			<ymax>115</ymax>
		</bndbox>
		<polygon>
			<x1>65.750359</x1>
			<y1>48.54214</y1>
			<x2>46.632042</x2>
			<y2>41.294364</y2>
			<x3>35.596281</x3>
			<y3>43.563668</y3>
			<x4>26.120543</x4>
			<y4>51.433538</y4>
			<x5>20.945841</x5>
			<y5>61.022331</y5>
			<x6>17.260922</x6>
			<y6>86.79269</y6>
			<x7>19.577545</x7>
			<y7>98.720536</y7>
			<x8>26.218616</x8>
			<y8>108.840308</y8>
			<x9>41.673955</x9>
			<y9>114.493185</y9>
			<x10>50.464808</x10>
			<y10>113.55329</y10>
			<x11>60.247868</x11>
			<y11>107.508934</y11>
			<x12>68.967007</x12>
			<y12>93.311783</y12>
			<x13>73.385111</x13>
			<y13>77.395707</y13>
			<x14>73.148029</x14>
			<y14>64.989194</y14>
			<x15>65.750359</x15>
			<y15>48.54214</y15>
		</polygon>
	</object>
	<object>
		<name>capsicum</name>
		<pose>Unspecified</pose>
		<truncated>0</truncated>
		<difficult>0</difficult>
		<occluded>0</occluded>
		<bndbox>
			<xmin>1</xmin>
			<xmax>19</xmax>
			<ymin>131</ymin>
			<ymax>187</ymax>
		</bndbox>
		<polygon>
			<x1>0</x1>
			<y1>185.845712</y1>
			<x2>6.892525</x2>
			<y2>181.012047</y2>
			<x3>11.263801</x3>
			<y3>172.149972</y3>
			<x4>18.139008</x4>
			<y4>146.999742</y4>
			<x5>16.43703</x5>
			<y5>138.722921</y5>
			<x6>5.448095</x6>
			<y6>133.938225</y6>
			<x7>3.557336</x7>
			<y7>130.039147</y7>
			<x8>2.092439</x8>
			<y8>134.16884</y8>
			<x9>0</x9>
			<y9>134.861253</y9>
			<x10>0</x10>
			<y10>185.845712</y10>
		</polygon>
	</object>
	<object>
		<name>orange</name>
		<pose>Unspecified</pose>
		<truncated>0</truncated>
		<difficult>0</difficult>
		<occluded>0</occluded>
		<bndbox>
			<xmin>271</xmin>
			<xmax>329</xmax>
			<ymin>139</ymin>
			<ymax>213</ymax>
		</bndbox>
		<polygon>
			<x1>301.363483</x1>
			<y1>138.033463</y1>
			<x2>290.493089</x2>
			<y2>139.452023</y2>
			<x3>279.079765</x3>
			<y3>150.476815</y3>
			<x4>272.27479900000003</x4>
			<y4>165.046044</y4>
			<x5>270.243558</x5>
			<y5>182.308967</y5>
			<x6>273.174825</x6>
			<y6>197.88784</y6>
			<x7>279.981264</x7>
			<y7>207.156868</y7>
			<x8>304.227456</x8>
			<y8>211.86985</y8>
			<x9>316.58616</x9>
			<y9>202.794597</y9>
			<x10>322.56428700000004</x10>
			<y10>192.479087</y10>
			<x11>327.52532099999996</x11>
			<y11>166.95678</y11>
			<x12>324.73600899999997</x12>
			<y12>154.054163</y12>
			<x13>318.732994</x13>
			<y13>144.058418</y13>
			<x14>301.363483</x14>
			<y14>138.033463</y14>
		</polygon>
	</object>
	<object>
		<name>mango</name>
		<pose>Unspecified</pose>
		<truncated>0</truncated>
		<difficult>0</difficult>
		<occluded>0</occluded>
		<bndbox>
			<xmin>378</xmin>
			<xmax>407</xmax>
			<ymin>120</ymin>
			<ymax>157</ymax>
		</bndbox>
		<polygon>
			<x1>401.585364</x1>
			<y1>150.45152</y1>
			<x2>405.814686</x2>
			<y2>138.913188</y2>
			<x3>401.914627</x3>
			<y3>124.911777</y3>
			<x4>391.72911799999997</x4>
			<y4>119.400363</y4>
			<x5>383.245586</x5>
			<y5>122.165771</y5>
			<x6>377.07973100000004</x6>
			<y6>131.893373</y6>
			<x7>379.89140399999997</x7>
			<y7>146.234642</y7>
			<x8>391.164247</x8>
			<y8>156.371851</y8>
			<x9>401.585364</x9>
			<y9>150.45152</y9>
		</polygon>
	</object>
	<object>
		<name>capsicum</name>
		<pose>Unspecified</pose>
		<truncated>0</truncated>
		<difficult>0</difficult>
		<occluded>0</occluded>
		<bndbox>
			<xmin>370</xmin>
			<xmax>394</xmax>
			<ymin>251</ymin>
			<ymax>285</ymax>
		</bndbox>
		<polygon>
			<x1>382.97199</x1>
			<y1>283.681057</y1>
			<x2>389.918911</x2>
			<y2>271.788085</y2>
			<x3>393.060899</x3>
			<y3>255.623957</y3>
			<x4>386.231046</x4>
			<y4>249.881929</y4>
			<x5>374.72259399999996</x5>
			<y5>251.176463</y5>
			<x6>370.540099</x6>
			<y6>255.660795</y6>
			<x7>369.14691600000003</x7>
			<y7>273.047745</y7>
			<x8>373.87381500000004</x8>
			<y8>282.795438</y8>
			<x9>382.97199</x9>
			<y9>283.681057</y9>
		</polygon>
	</object>
	<object>
		<name>capsicum</name>
		<pose>Unspecified</pose>
		<truncated>0</truncated>
		<difficult>0</difficult>
		<occluded>0</occluded>
		<bndbox>
			<xmin>1</xmin>
			<xmax>13</xmax>
			<ymin>387</ymin>
			<ymax>417</ymax>
		</bndbox>
		<polygon>
			<x1>0</x1>
			<y1>416</y1>
			<x2>3.333315</x2>
			<y2>416</y2>
			<x3>5.686733</x3>
			<y3>413.87127599999997</y3>
			<x4>11.569733</x4>
			<y4>393.825509</y4>
			<x5>8.733594</x5>
			<y5>387.976892</y5>
			<x6>0</x6>
			<y6>386.279253</y6>
			<x7>0</x7>
			<y7>416</y7>
		</polygon>
	</object>
</annotation>
