<annotation>
	<folder></folder>
	<filename>image_134_png.rf.72df39ed243ef0be423032d915bea503.jpg</filename>
	<path>image_134_png.rf.72df39ed243ef0be423032d915bea503.jpg</path>
	<source>
		<database>roboflow.ai</database>
	</source>
	<size>
		<width>416</width>
		<height>416</height>
		<depth>3</depth>
	</size>
	<segmented>0</segmented>
	<object>
		<name>orange</name>
		<pose>Unspecified</pose>
		<truncated>0</truncated>
		<difficult>0</difficult>
		<occluded>0</occluded>
		<bndbox>
			<xmin>374</xmin>
			<xmax>417</xmax>
			<ymin>8</ymin>
			<ymax>83</ymax>
		</bndbox>
		<polygon>
			<x1>416</x1>
			<y1>11.486073</y1>
			<x2>415.585472</x2>
			<y2>10.928315</y2>
			<x3>409.036349</x3>
			<y3>6.993204</y3>
			<x4>387.196542</x4>
			<y4>8.726486</y4>
			<x5>377.36405</x5>
			<y5>16.745992</y5>
			<x6>373.207582</x6>
			<y6>27.990299</y6>
			<x7>373.19701399999997</x7>
			<y7>44.696905</y7>
			<x8>379.95516499999997</x8>
			<y8>63.427874</y8>
			<x9>387.5917</x9>
			<y9>74.515849</y9>
			<x10>398.28848400000004</x10>
			<y10>81.128826</y10>
			<x11>408.333527</x11>
			<y11>82.336309</y11>
			<x12>416</x12>
			<y12>79.452616</y12>
			<x13>416</x13>
			<y13>11.486073</y13>
		</polygon>
	</object>
	<object>
		<name>redapple</name>
		<pose>Unspecified</pose>
		<truncated>0</truncated>
		<difficult>0</difficult>
		<occluded>0</occluded>
		<bndbox>
			<xmin>1</xmin>
			<xmax>42</xmax>
			<ymin>199</ymin>
			<ymax>281</ymax>
		</bndbox>
		<polygon>
			<x1>0</x1>
			<y1>278.457487</y1>
			<x2>8.696361</x2>
			<y2>280.453642</y2>
			<x3>28.136467</x3>
			<y3>274.67868</y3>
			<x4>38.406389</x4>
			<y4>265.622112</y4>
			<x5>40.825466</x5>
			<y5>239.035013</y5>
			<x6>32.755024</x6>
			<y6>223.415231</y6>
			<x7>6.563812</x7>
			<y7>199.321485</y7>
			<x8>0</x8>
			<y8>197.942298</y8>
			<x9>0</x9>
			<y9>278.457487</y9>
		</polygon>
	</object>
	<object>
		<name>capsicum</name>
		<pose>Unspecified</pose>
		<truncated>0</truncated>
		<difficult>0</difficult>
		<occluded>0</occluded>
		<bndbox>
			<xmin>1</xmin>
			<xmax>26</xmax>
			<ymin>328</ymin>
			<ymax>385</ymax>
		</bndbox>
		<polygon>
			<x1>0</x1>
			<y1>373.36141299999997</y1>
			<x2>2.519499</x2>
			<y2>378.505542</y2>
			<x3>7.975928</x3>
			<y3>383.64108999999996</y3>
			<x4>20.64379</x4>
			<y4>381.410636</y4>
			<x5>25.016331</x5>
			<y5>373.824451</y5>
			<x6>25.460806</x6>
			<y6>361.649651</y6>
			<x7>21.545071</x7>
			<y7>337.569996</y7>
			<x8>16.090403</x8>
			<y8>329.650013</y8>
			<x9>2.986872</x9>
			<y9>330.133095</y9>
			<x10>0.14974</x10>
			<y10>327.128477</y10>
			<x11>0.146217</x11>
			<y11>332.69734700000004</y11>
			<x12>0</x12>
			<y12>332.816603</y12>
			<x13>0</x13>
			<y13>373.36141299999997</y13>
		</polygon>
	</object>
	<object>
		<name>greenapple</name>
		<pose>Unspecified</pose>
		<truncated>0</truncated>
		<difficult>0</difficult>
		<occluded>0</occluded>
		<bndbox>
			<xmin>119</xmin>
			<xmax>165</xmax>
			<ymin>188</ymin>
			<ymax>238</ymax>
		</bndbox>
		<polygon>
			<x1>120.127591</x1>
			<y1>187</y1>
			<x2>117.501997</x2>
			<y2>203.213435</y2>
			<x3>122.074759</x3>
			<y3>224.345279</y3>
			<x4>132.332352</x4>
			<y4>234.779753</y4>
			<x5>140.629436</x5>
			<y5>237.351049</y5>
			<x6>159.196441</x6>
			<y6>230.865777</y6>
			<x7>163.790339</x7>
			<y7>218.58441</y7>
			<x8>164.018742</x8>
			<y8>202.751489</y8>
			<x9>160.315556</x9>
			<y9>187.898824</y9>
			<x10>159.099861</x10>
			<y10>187</y10>
			<x11>120.127591</x11>
			<y11>187</y11>
		</polygon>
	</object>
	<object>
		<name>capsicum</name>
		<pose>Unspecified</pose>
		<truncated>0</truncated>
		<difficult>0</difficult>
		<occluded>0</occluded>
		<bndbox>
			<xmin>287</xmin>
			<xmax>323</xmax>
			<ymin>226</ymin>
			<ymax>283</ymax>
		</bndbox>
		<polygon>
			<x1>297.155017</x1>
			<y1>229.861234</y1>
			<x2>286.44766400000003</x2>
			<y2>239.954864</y2>
			<x3>291.23825999999997</x3>
			<y3>261.960394</y3>
			<x4>298.217769</x4>
			<y4>275.996181</y4>
			<x5>304.547297</x5>
			<y5>281.84204</y5>
			<x6>317.870424</x6>
			<y6>279.448209</y6>
			<x7>322.242965</x7>
			<y7>271.862024</y7>
			<x8>322.467845</x8>
			<y8>261.597972</y8>
			<x9>317.898606</x9>
			<y9>234.897259</y9>
			<x10>312.661773</x10>
			<y10>227.850962</y10>
			<x11>300.213505</x11>
			<y11>228.170669</y11>
			<x12>296.72111</x12>
			<y12>225.329427</y12>
			<x13>297.155017</x13>
			<y13>229.861234</y13>
		</polygon>
	</object>
</annotation>
