<annotation>
	<folder></folder>
	<filename>image_223_png.rf.62e1082fc795a975ef8a67fe68e8f8a6.jpg</filename>
	<path>image_223_png.rf.62e1082fc795a975ef8a67fe68e8f8a6.jpg</path>
	<source>
		<database>roboflow.ai</database>
	</source>
	<size>
		<width>416</width>
		<height>416</height>
		<depth>3</depth>
	</size>
	<segmented>0</segmented>
	<object>
		<name>redapple</name>
		<pose>Unspecified</pose>
		<truncated>0</truncated>
		<difficult>0</difficult>
		<occluded>0</occluded>
		<bndbox>
			<xmin>13</xmin>
			<xmax>83</xmax>
			<ymin>1</ymin>
			<ymax>62</ymax>
		</bndbox>
		<polygon>
			<x1>16.857712</x1>
			<y1>0</y1>
			<x2>14.677737</x2>
			<y2>7.914938</y2>
			<x3>12.23508</x3>
			<y3>23.795633</y3>
			<x4>15.945582</x4>
			<y4>44.604749</y4>
			<x5>27.644447</x5>
			<y5>55.368574</y5>
			<x6>40.375262</x6>
			<y6>60.827423</y6>
			<x7>59.925272</x7>
			<y7>58.927701</y7>
			<x8>73.929577</x8>
			<y8>51.192575</y8>
			<x9>81.610611</x9>
			<y9>22.785263</y9>
			<x10>81.153222</x10>
			<y10>14.057744</y10>
			<x11>76.730943</x11>
			<y11>4.662868</y11>
			<x12>72.347186</x12>
			<y12>0</y12>
			<x13>16.857712</x13>
			<y13>0</y13>
		</polygon>
	</object>
	<object>
		<name>capsicum</name>
		<pose>Unspecified</pose>
		<truncated>0</truncated>
		<difficult>0</difficult>
		<occluded>0</occluded>
		<bndbox>
			<xmin>21</xmin>
			<xmax>52</xmax>
			<ymin>109</ymin>
			<ymax>164</ymax>
		</bndbox>
		<polygon>
			<x1>30.663221</x1>
			<y1>112.970196</y1>
			<x2>20.486588</x2>
			<y2>118.754424</y2>
			<x3>20.369418</x3>
			<y3>141.514438</y3>
			<x4>23.71401</x4>
			<y4>155.341539</y4>
			<x5>28.698002</x5>
			<y5>162.956679</y5>
			<x6>41.807574</x6>
			<y6>163.144785</y6>
			<x7>46.758672</x7>
			<y7>157.634414</y7>
			<x8>50.507713</x8>
			<y8>141.685255</y8>
			<x9>50.01743</x9>
			<y9>119.832226</y9>
			<x10>47.03875</x10>
			<y10>112.987141</y10>
			<x11>34.490893</x11>
			<y11>111.019299</y11>
			<x12>31.69517</x12>
			<y12>107.665221</y12>
			<x13>30.663221</x13>
			<y13>112.970196</y13>
		</polygon>
	</object>
	<object>
		<name>greenapple</name>
		<pose>Unspecified</pose>
		<truncated>0</truncated>
		<difficult>0</difficult>
		<occluded>0</occluded>
		<bndbox>
			<xmin>64</xmin>
			<xmax>88</xmax>
			<ymin>292</ymin>
			<ymax>323</ymax>
		</bndbox>
		<polygon>
			<x1>86.626754</x1>
			<y1>314.264883</y1>
			<x2>86.685339</x2>
			<y2>302.88487699999996</y2>
			<x3>79.513076</x3>
			<y3>291.008674</y3>
			<x4>72.282229</x4>
			<y4>290.512477</y4>
			<x5>62.896005</x5>
			<y5>298.880729</y5>
			<x6>62.88316</x6>
			<y6>311.133487</y6>
			<x7>67.95863</x7>
			<y7>320.49413200000004</y7>
			<x8>79.807557</x8>
			<y8>321.62345400000004</y8>
			<x9>86.626754</x9>
			<y9>314.264883</y9>
		</polygon>
	</object>
	<object>
		<name>orange</name>
		<pose>Unspecified</pose>
		<truncated>0</truncated>
		<difficult>0</difficult>
		<occluded>0</occluded>
		<bndbox>
			<xmin>232</xmin>
			<xmax>289</xmax>
			<ymin>222</ymin>
			<ymax>298</ymax>
		</bndbox>
		<polygon>
			<x1>275.569026</x1>
			<y1>226.588607</y1>
			<x2>264.797786</x2>
			<y2>221.027062</y2>
			<x3>256.306295</x3>
			<y3>221.472082</y3>
			<x4>244.032871</x4>
			<y4>224.740752</y4>
			<x5>235.39131700000002</x5>
			<y5>234.82027399999998</y5>
			<x6>230.989086</x6>
			<y6>250.80366700000002</y6>
			<x7>231.858126</x7>
			<y7>267.385952</y7>
			<x8>237.253769</x8>
			<y8>282.855859</y8>
			<x9>244.288815</x9>
			<y9>292.113807</y9>
			<x10>255.014315</x10>
			<y10>296.802601</y10>
			<x11>269.384531</x11>
			<y11>296.049489</y11>
			<x12>278.25478</x12>
			<y12>290.333726</y12>
			<x13>284.845282</x13>
			<y13>278.611396</y13>
			<x14>287.562372</x14>
			<y14>267.967212</y14>
			<x15>286.464636</x15>
			<y15>247.021167</y15>
			<x16>275.569026</x16>
			<y16>226.588607</y16>
		</polygon>
	</object>
	<object>
		<name>mango</name>
		<pose>Unspecified</pose>
		<truncated>0</truncated>
		<difficult>0</difficult>
		<occluded>0</occluded>
		<bndbox>
			<xmin>339</xmin>
			<xmax>417</xmax>
			<ymin>194</ymin>
			<ymax>266</ymax>
		</bndbox>
		<polygon>
			<x1>416</x1>
			<y1>204.888329</y1>
			<x2>415.880858</x2>
			<y2>204.357645</y2>
			<x3>401.523488</x3>
			<y3>192.857996</y3>
			<x4>383.188383</x4>
			<y4>192.94375</y4>
			<x5>368.530887</x5>
			<y5>200.713109</y5>
			<x6>342.56048499999997</x6>
			<y6>230.078926</y6>
			<x7>338.066776</x7>
			<y7>244.316814</y7>
			<x8>344.677324</x8>
			<y8>257.972753</y8>
			<x9>358.80600000000004</x9>
			<y9>265.10864100000003</y9>
			<x10>387.409216</x10>
			<y10>260.98416299999997</y10>
			<x11>403.934809</x11>
			<y11>251.366604</y11>
			<x12>414.96043499999996</x12>
			<y12>236.786392</y12>
			<x13>416</x13>
			<y13>234.103842</y13>
			<x14>416</x14>
			<y14>204.888329</y14>
		</polygon>
	</object>
</annotation>
