<annotation>
	<folder></folder>
	<filename>image_157_png.rf.55106962b3ab8abb508cd6495af04d87.jpg</filename>
	<path>image_157_png.rf.55106962b3ab8abb508cd6495af04d87.jpg</path>
	<source>
		<database>roboflow.ai</database>
	</source>
	<size>
		<width>416</width>
		<height>416</height>
		<depth>3</depth>
	</size>
	<segmented>0</segmented>
	<object>
		<name>greenapple</name>
		<pose>Unspecified</pose>
		<truncated>0</truncated>
		<difficult>0</difficult>
		<occluded>0</occluded>
		<bndbox>
			<xmin>148</xmin>
			<xmax>175</xmax>
			<ymin>102</ymin>
			<ymax>163</ymax>
		</bndbox>
		<polygon>
			<x1>174</x1>
			<y1>101.686144</y1>
			<x2>171.456073</x2>
			<y2>100.6938</y2>
			<x3>164.452842</x3>
			<y3>102.979087</y3>
			<x4>155.304535</x4>
			<y4>113.686503</y4>
			<x5>146.836582</x5>
			<y5>142.994648</y5>
			<x6>148.833246</x6>
			<y6>150.387006</y6>
			<x7>156.591036</x7>
			<y7>158.795204</y7>
			<x8>174</x8>
			<y8>161.864874</y8>
			<x9>174</x9>
			<y9>101.686144</y9>
		</polygon>
	</object>
	<object>
		<name>redapple</name>
		<pose>Unspecified</pose>
		<truncated>0</truncated>
		<difficult>0</difficult>
		<occluded>0</occluded>
		<bndbox>
			<xmin>112</xmin>
			<xmax>175</xmax>
			<ymin>224</ymin>
			<ymax>279</ymax>
		</bndbox>
		<polygon>
			<x1>174</x1>
			<y1>278</y1>
			<x2>174</x2>
			<y2>248.380255</y2>
			<x3>168.46284</x3>
			<y3>237.45169</y3>
			<x4>154.454295</x4>
			<y4>227.061278</y4>
			<x5>143.233034</x5>
			<y5>223.322594</y5>
			<x6>128.736943</x6>
			<y6>226.926797</y6>
			<x7>120.078266</x7>
			<y7>238.600584</y7>
			<x8>112.436994</x8>
			<y8>255.733986</y8>
			<x9>111.012799</x9>
			<y9>278</y9>
			<x10>174</x10>
			<y10>278</y10>
		</polygon>
	</object>
	<object>
		<name>redapple</name>
		<pose>Unspecified</pose>
		<truncated>0</truncated>
		<difficult>0</difficult>
		<occluded>0</occluded>
		<bndbox>
			<xmin>175</xmin>
			<xmax>201</xmax>
			<ymin>93</ymin>
			<ymax>177</ymax>
		</bndbox>
		<polygon>
			<x1>174</x1>
			<y1>175.793301</y1>
			<x2>185.037939</x2>
			<y2>173.048908</y2>
			<x3>199.945288</x3>
			<y3>148.396347</y3>
			<x4>200.470979</x4>
			<y4>137.928604</y4>
			<x5>185.856286</x5>
			<y5>101.03022</y5>
			<x6>175.537996</x6>
			<y6>92.170536</y6>
			<x7>174</x7>
			<y7>91.682813</y7>
			<x8>174</x8>
			<y8>175.793301</y8>
		</polygon>
	</object>
	<object>
		<name>greenapple</name>
		<pose>Unspecified</pose>
		<truncated>0</truncated>
		<difficult>0</difficult>
		<occluded>0</occluded>
		<bndbox>
			<xmin>258</xmin>
			<xmax>283</xmax>
			<ymin>103</ymin>
			<ymax>135</ymax>
		</bndbox>
		<polygon>
			<x1>279.42897600000003</x1>
			<y1>128.090047</y1>
			<x2>282.025537</x2>
			<y2>117.107417</y2>
			<x3>277.731218</x3>
			<y3>104.029703</y3>
			<x4>270.840337</x4>
			<y4>101.934618</y4>
			<x5>259.884006</x5>
			<y5>107.923049</y5>
			<x6>257.13695</x6>
			<y6>119.759179</y6>
			<x7>259.962379</x7>
			<y7>129.937779</y7>
			<x8>271.18363999999997</x8>
			<y8>133.676462</y8>
			<x9>279.42897600000003</x9>
			<y9>128.090047</y9>
		</polygon>
	</object>
	<object>
		<name>orange</name>
		<pose>Unspecified</pose>
		<truncated>0</truncated>
		<difficult>0</difficult>
		<occluded>0</occluded>
		<bndbox>
			<xmin>194</xmin>
			<xmax>219</xmax>
			<ymin>380</ymin>
			<ymax>411</ymax>
		</bndbox>
		<polygon>
			<x1>214.399892</x1>
			<y1>404.067911</y1>
			<x2>217.787073</x2>
			<y2>392.344654</y2>
			<x3>215.451274</x3>
			<y3>383.132425</y3>
			<x4>206.941009</x4>
			<y4>378.99172599999997</y4>
			<x5>198.657528</x5>
			<y5>381.051271</y5>
			<x6>192.898486</x6>
			<y6>394.996415</y6>
			<x7>196.213545</x7>
			<y7>406.141386</y7>
			<x8>204.083686</x8>
			<y8>410.169213</y8>
			<x9>214.399892</x9>
			<y9>404.067911</y9>
		</polygon>
	</object>
	<object>
		<name>redapple</name>
		<pose>Unspecified</pose>
		<truncated>0</truncated>
		<difficult>0</difficult>
		<occluded>0</occluded>
		<bndbox>
			<xmin>341</xmin>
			<xmax>385</xmax>
			<ymin>392</ymin>
			<ymax>417</ymax>
		</bndbox>
		<polygon>
			<x1>384.303339</x1>
			<y1>416</y1>
			<x2>383.61552</x2>
			<y2>410.144209</y2>
			<x3>379.69848</x3>
			<y3>402.413239</y3>
			<x4>366.707339</x4>
			<y4>397.482441</y4>
			<x5>369.04105500000003</x5>
			<y5>391.733683</y5>
			<x6>367.12068</x6>
			<y6>391.39506900000003</y6>
			<x7>364.786964</x7>
			<y7>397.143827</y7>
			<x8>352.96372299999996</x8>
			<y8>396.819143</y8>
			<x9>344.56789200000003</x9>
			<y9>403.259059</y9>
			<x10>340.502441</x10>
			<y10>411.342575</y10>
			<x11>339.68121099999996</x11>
			<y11>416</y11>
			<x12>384.303339</x12>
			<y12>416</y12>
		</polygon>
	</object>
</annotation>
