<annotation>
	<folder></folder>
	<filename>image_150_png.rf.5726189afafe1c0dc01ee5fd8acc1f8d.jpg</filename>
	<path>image_150_png.rf.5726189afafe1c0dc01ee5fd8acc1f8d.jpg</path>
	<source>
		<database>roboflow.ai</database>
	</source>
	<size>
		<width>416</width>
		<height>416</height>
		<depth>3</depth>
	</size>
	<segmented>0</segmented>
	<object>
		<name>orange</name>
		<pose>Unspecified</pose>
		<truncated>0</truncated>
		<difficult>0</difficult>
		<occluded>0</occluded>
		<bndbox>
			<xmin>104</xmin>
			<xmax>127</xmax>
			<ymin>117</ymin>
			<ymax>129</ymax>
		</bndbox>
		<polygon>
			<x1>125.903737</x1>
			<y1>128</y1>
			<x2>123.695296</x2>
			<y2>119.874417</y2>
			<x3>114.978288</x3>
			<y3>115.816753</y3>
			<x4>106.600537</x4>
			<y4>118.059216</y4>
			<x5>102.69942</x5>
			<y5>128</y5>
			<x6>125.903737</x6>
			<y6>128</y6>
		</polygon>
	</object>
	<object>
		<name>greenapple</name>
		<pose>Unspecified</pose>
		<truncated>0</truncated>
		<difficult>0</difficult>
		<occluded>0</occluded>
		<bndbox>
			<xmin>267</xmin>
			<xmax>355</xmax>
			<ymin>13</ymin>
			<ymax>129</ymax>
		</bndbox>
		<polygon>
			<x1>266</x1>
			<y1>128</y1>
			<x2>347.505788</x2>
			<y2>128</y2>
			<x3>349.698846</x3>
			<y3>122.462774</y3>
			<x4>353.83508</x4>
			<y4>96.347624</y4>
			<x5>353.331629</x5>
			<y5>78.421043</y5>
			<x6>350.219427</x6>
			<y6>60.081276</y6>
			<x7>340.48465699999997</x7>
			<y7>37.123228</y7>
			<x8>313.204319</x8>
			<y8>19.417315</y8>
			<x9>282.82724</x9>
			<y9>12.821374</y9>
			<x10>266</x10>
			<y10>11.59865</y10>
			<x11>266</x11>
			<y11>128</y11>
		</polygon>
	</object>
	<object>
		<name>redapple</name>
		<pose>Unspecified</pose>
		<truncated>0</truncated>
		<difficult>0</difficult>
		<occluded>0</occluded>
		<bndbox>
			<xmin>154</xmin>
			<xmax>225</xmax>
			<ymin>152</ymin>
			<ymax>241</ymax>
		</bndbox>
		<polygon>
			<x1>183.539689</x1>
			<y1>151.429652</y1>
			<x2>171.863813</x2>
			<y2>157.611454</y2>
			<x3>156.301132</x3>
			<y3>175.670437</y3>
			<x4>153.167204</x4>
			<y4>191.236231</y4>
			<x5>154.360027</x5>
			<y5>204.81028700000002</y5>
			<x6>161.52323</x6>
			<y6>222.899327</y6>
			<x7>171.231679</x7>
			<y7>233.36041699999998</y7>
			<x8>194.296818</x8>
			<y8>239.690602</y8>
			<x9>209.610073</x9>
			<y9>235.869588</y9>
			<x10>223.529123</x10>
			<y10>211.30388499999998</y10>
			<x11>223.502802</x11>
			<y11>198.806926</y11>
			<x12>208.248459</x12>
			<y12>164.266558</y12>
			<x13>195.141196</x13>
			<y13>154.159493</y13>
			<x14>183.539689</x14>
			<y14>151.429652</y14>
		</polygon>
	</object>
	<object>
		<name>orange</name>
		<pose>Unspecified</pose>
		<truncated>0</truncated>
		<difficult>0</difficult>
		<occluded>0</occluded>
		<bndbox>
			<xmin>9</xmin>
			<xmax>33</xmax>
			<ymin>129</ymin>
			<ymax>153</ymax>
		</bndbox>
		<polygon>
			<x1>10.011539</x1>
			<y1>128</y1>
			<x2>7.713854</x2>
			<y2>138.751392</y2>
			<x3>12.581239</x3>
			<y3>150.230416</y3>
			<x4>23.016245</x4>
			<y4>151.883158</y4>
			<x5>30.26468</x5>
			<y5>144.107777</y5>
			<x6>31.919173</x6>
			<y6>133.661717</y6>
			<x7>30.549633</x7>
			<y7>128</y7>
			<x8>10.011539</x8>
			<y8>128</y8>
		</polygon>
	</object>
	<object>
		<name>capsicum</name>
		<pose>Unspecified</pose>
		<truncated>0</truncated>
		<difficult>0</difficult>
		<occluded>0</occluded>
		<bndbox>
			<xmin>127</xmin>
			<xmax>151</xmax>
			<ymin>279</ymin>
			<ymax>314</ymax>
		</bndbox>
		<polygon>
			<x1>145.026345</x1>
			<y1>305.951324</y1>
			<x2>150.291894</x2>
			<y2>285.369093</y2>
			<x3>147.206014</x3>
			<y3>279.52628500000003</y3>
			<x4>135.466633</x4>
			<y4>277.66695000000004</y4>
			<x5>128.117507</x5>
			<y5>281.857015</y5>
			<x6>126.388645</x6>
			<y6>301.214718</y6>
			<x7>127.894401</x7>
			<y7>308.591943</y7>
			<x8>137.263596</x8>
			<y8>312.752904</y8>
			<x9>145.026345</x9>
			<y9>305.951324</y9>
		</polygon>
	</object>
	<object>
		<name>mango</name>
		<pose>Unspecified</pose>
		<truncated>0</truncated>
		<difficult>0</difficult>
		<occluded>0</occluded>
		<bndbox>
			<xmin>287</xmin>
			<xmax>417</xmax>
			<ymin>233</ymin>
			<ymax>415</ymax>
		</bndbox>
		<polygon>
			<x1>416</x1>
			<y1>232.253311</y1>
			<x2>310.712814</x2>
			<y2>282.717674</y2>
			<x3>296.491693</x3>
			<y3>296.527428</y3>
			<x4>287.175141</x4>
			<y4>317.360385</y4>
			<x5>286.474906</x5>
			<y5>338.665689</y5>
			<x6>291.543671</x6>
			<y6>357.315346</y6>
			<x7>306.495945</x7>
			<y7>381.099765</y7>
			<x8>323.89277400000003</x8>
			<y8>393.670916</y8>
			<x9>345.239914</x9>
			<y9>402.406023</y9>
			<x10>403.00888399999997</x10>
			<y10>413.340414</y10>
			<x11>416</x11>
			<y11>413.657322</y11>
			<x12>416</x12>
			<y12>232.253311</y12>
		</polygon>
	</object>
</annotation>
