<annotation>
	<folder></folder>
	<filename>image_64_png.rf.59cf8bc43300b8847c77db136a4ebc21.jpg</filename>
	<path>image_64_png.rf.59cf8bc43300b8847c77db136a4ebc21.jpg</path>
	<source>
		<database>roboflow.ai</database>
	</source>
	<size>
		<width>416</width>
		<height>416</height>
		<depth>3</depth>
	</size>
	<segmented>0</segmented>
	<object>
		<name>orange</name>
		<pose>Unspecified</pose>
		<truncated>0</truncated>
		<difficult>0</difficult>
		<occluded>0</occluded>
		<bndbox>
			<xmin>181</xmin>
			<xmax>240</xmax>
			<ymin>204</ymin>
			<ymax>275</ymax>
		</bndbox>
		<polygon>
			<x1>228.72731</x1>
			<y1>274</y1>
			<x2>230.887088</x2>
			<y2>272.826306</y2>
			<x3>237.818577</x3>
			<y3>260.401203</y3>
			<x4>239.33090199999998</x4>
			<y4>248.215332</y4>
			<x5>232.737393</x5>
			<y5>220.412109</y5>
			<x6>227.795984</x6>
			<y6>213.248611</y6>
			<x7>214.076216</x7>
			<y7>203.387775</y7>
			<x8>195.387544</x8>
			<y8>205.53488</y8>
			<x9>184.725653</x9>
			<y9>213.277019</y9>
			<x10>179.756749</x10>
			<y10>225.284961</y10>
			<x11>180.01224100000002</x11>
			<y11>242.570955</y11>
			<x12>186.243708</x12>
			<y12>262.237306</y12>
			<x13>192.210518</x13>
			<y13>271.008142</y13>
			<x14>196.58609</x14>
			<y14>274</y14>
			<x15>228.72731</x15>
			<y15>274</y15>
		</polygon>
	</object>
	<object>
		<name>redapple</name>
		<pose>Unspecified</pose>
		<truncated>0</truncated>
		<difficult>0</difficult>
		<occluded>0</occluded>
		<bndbox>
			<xmin>266</xmin>
			<xmax>337</xmax>
			<ymin>8</ymin>
			<ymax>91</ymax>
		</bndbox>
		<polygon>
			<x1>312.355574</x1>
			<y1>12.745436</y1>
			<x2>294.798854</x2>
			<y2>7.350758</y2>
			<x3>280.689548</x3>
			<y3>8.524489</y3>
			<x4>268.436278</x4>
			<y4>18.430181</y4>
			<x5>264.86398299999996</x5>
			<y5>33.791854</y5>
			<x6>264.553499</x6>
			<y6>54.84874</y6>
			<x7>271.81036900000004</x7>
			<y7>76.122429</y7>
			<x8>284.875942</x8>
			<y8>86.122319</y8>
			<x9>297.95068000000003</x9>
			<y9>89.73173</y9>
			<x10>318.230731</x10>
			<y10>85.421072</y10>
			<x11>330.855208</x11>
			<y11>77.261772</y11>
			<x12>334.135349</x12>
			<y12>70.176025</y12>
			<x13>335.559455</x13>
			<y13>54.358316</y13>
			<x14>335.76338899999996</x14>
			<y14>42.450552</y14>
			<x15>332.227756</x15>
			<y15>32.250306</y15>
			<x16>312.355574</x16>
			<y16>12.745436</y16>
		</polygon>
	</object>
	<object>
		<name>greenapple</name>
		<pose>Unspecified</pose>
		<truncated>0</truncated>
		<difficult>0</difficult>
		<occluded>0</occluded>
		<bndbox>
			<xmin>160</xmin>
			<xmax>331</xmax>
			<ymin>275</ymin>
			<ymax>373</ymax>
		</bndbox>
		<polygon>
			<x1>159.10286</x1>
			<y1>274</y1>
			<x2>162.509916</x2>
			<y2>287.004579</y2>
			<x3>171.914974</x3>
			<y3>308.734304</y3>
			<x4>188.507015</x4>
			<y4>335.324921</y4>
			<x5>200.352416</x5>
			<y5>349.234756</y5>
			<x6>223.124367</x6>
			<y6>366.297966</y6>
			<x7>241.52088500000002</x7>
			<y7>372.426787</y7>
			<x8>255.81579499999998</x8>
			<y8>372.126252</y8>
			<x9>294.510696</x9>
			<y9>361.163455</y9>
			<x10>316.40045499999997</x10>
			<y10>341.908284</y10>
			<x11>327.655819</x11>
			<y11>311.223814</y11>
			<x12>329.533284</x12>
			<y12>274</y12>
			<x13>159.10286</x13>
			<y13>274</y13>
		</polygon>
	</object>
</annotation>
