<annotation>
	<folder></folder>
	<filename>image_195_png.rf.a5cb0b22d69cf1185102abbfdc4d36b0.jpg</filename>
	<path>image_195_png.rf.a5cb0b22d69cf1185102abbfdc4d36b0.jpg</path>
	<source>
		<database>roboflow.ai</database>
	</source>
	<size>
		<width>416</width>
		<height>416</height>
		<depth>3</depth>
	</size>
	<segmented>0</segmented>
	<object>
		<name>orange</name>
		<pose>Unspecified</pose>
		<truncated>0</truncated>
		<difficult>0</difficult>
		<occluded>0</occluded>
		<bndbox>
			<xmin>91</xmin>
			<xmax>118</xmax>
			<ymin>163</ymin>
			<ymax>196</ymax>
		</bndbox>
		<polygon>
			<x1>114.622752</x1>
			<y1>186.102918</y1>
			<x2>117.213276</x2>
			<y2>172.948317</y2>
			<x3>113.1005</x3>
			<y3>164.562624</y3>
			<x4>102.717399</x4>
			<y4>161.973826</y4>
			<x5>93.851301</x5>
			<y5>167.123522</y5>
			<x6>89.962888</x6>
			<y6>179.954523</y6>
			<x7>92.994792</x7>
			<y7>189.910789</y7>
			<x8>103.378942</x8>
			<y8>195.259947</y8>
			<x9>114.622752</x9>
			<y9>186.102918</y9>
		</polygon>
	</object>
	<object>
		<name>greenapple</name>
		<pose>Unspecified</pose>
		<truncated>0</truncated>
		<difficult>0</difficult>
		<occluded>0</occluded>
		<bndbox>
			<xmin>172</xmin>
			<xmax>202</xmax>
			<ymin>225</ymin>
			<ymax>258</ymax>
		</bndbox>
		<polygon>
			<x1>192.756738</x1>
			<y1>257</y1>
			<x2>201.0043</x2>
			<y2>223.920837</y2>
			<x3>187.098988</x3>
			<y3>232.694289</y3>
			<x4>173.695533</x4>
			<y4>250.513185</y4>
			<x5>170.614822</x5>
			<y5>257</y5>
			<x6>192.756738</x6>
			<y6>257</y6>
		</polygon>
	</object>
	<object>
		<name>greenapple</name>
		<pose>Unspecified</pose>
		<truncated>0</truncated>
		<difficult>0</difficult>
		<occluded>0</occluded>
		<bndbox>
			<xmin>338</xmin>
			<xmax>388</xmax>
			<ymin>184</ymin>
			<ymax>248</ymax>
		</bndbox>
		<polygon>
			<x1>358.34785</x1>
			<y1>184.20036</y1>
			<x2>347.754035</x2>
			<y2>196.27955</y2>
			<x3>338.893187</x3>
			<y3>215.231046</y3>
			<x4>336.950555</x4>
			<y4>225.787086</y4>
			<x5>341.497361</x5>
			<y5>237.961125</y5>
			<x6>347.12293999999997</x6>
			<y6>243.043871</y6>
			<x7>364.860387</x7>
			<y7>246.54628</y7>
			<x8>376.104195</x8>
			<y8>237.389251</y8>
			<x9>383.885221</x9>
			<y9>222.768688</y9>
			<x10>387.12469</x10>
			<y10>209.775887</y10>
			<x11>378.89808600000003</x11>
			<y11>190.244142</y11>
			<x12>364.836238</x12>
			<y12>183.057998</y12>
			<x13>358.34785</x13>
			<y13>184.20036</y13>
		</polygon>
	</object>
	<object>
		<name>greenapple</name>
		<pose>Unspecified</pose>
		<truncated>0</truncated>
		<difficult>0</difficult>
		<occluded>0</occluded>
		<bndbox>
			<xmin>33</xmin>
			<xmax>79</xmax>
			<ymin>258</ymin>
			<ymax>284</ymax>
		</bndbox>
		<polygon>
			<x1>32.984702</x1>
			<y1>257</y1>
			<x2>32.483152</x2>
			<y2>263.30576</y2>
			<x3>39.842748</x3>
			<y3>278.021172</y3>
			<x4>59.960004</x4>
			<y4>283.036967</y4>
			<x5>72.716616</x5>
			<y5>270.57699</y5>
			<x6>77.579088</x6>
			<y6>257</y6>
			<x7>32.984702</x7>
			<y7>257</y7>
		</polygon>
	</object>
	<object>
		<name>redapple</name>
		<pose>Unspecified</pose>
		<truncated>0</truncated>
		<difficult>0</difficult>
		<occluded>0</occluded>
		<bndbox>
			<xmin>165</xmin>
			<xmax>204</xmax>
			<ymin>258</ymin>
			<ymax>302</ymax>
		</bndbox>
		<polygon>
			<x1>203</x1>
			<y1>257</y1>
			<x2>164.439124</x2>
			<y2>257</y2>
			<x3>165.509275</x3>
			<y3>277.15220899999997</y3>
			<x4>169.624151</x4>
			<y4>291.058622</y4>
			<x5>178.06252</x5>
			<y5>298.68274</y5>
			<x6>189.310529</x6>
			<y6>300.56714999999997</y6>
			<x7>197.960662</x7>
			<y7>296.283642</y7>
			<x8>203</x8>
			<y8>288.96118</y8>
			<x9>203</x9>
			<y9>257</y9>
		</polygon>
	</object>
	<object>
		<name>orange</name>
		<pose>Unspecified</pose>
		<truncated>0</truncated>
		<difficult>0</difficult>
		<occluded>0</occluded>
		<bndbox>
			<xmin>340</xmin>
			<xmax>399</xmax>
			<ymin>384</ymin>
			<ymax>417</ymax>
		</bndbox>
		<polygon>
			<x1>398.006351</x1>
			<y1>416</y1>
			<x2>398.030042</x2>
			<y2>415.904979</y2>
			<x3>391.316241</x3>
			<y3>393.070286</y3>
			<x4>386.339605</x4>
			<y4>388.149341</y4>
			<x5>370.980919</x5>
			<y5>383.399957</y5>
			<x6>354.76047500000004</x6>
			<y6>387.636042</y6>
			<x7>345.031568</x7>
			<y7>399.010844</y7>
			<x8>338.903947</x8>
			<y8>416</y8>
			<x9>398.006351</x9>
			<y9>416</y9>
		</polygon>
	</object>
</annotation>
