<annotation>
	<folder></folder>
	<filename>image_176_png.rf.c276ca1ca61bbe19ae8161f750eac1cd.jpg</filename>
	<path>image_176_png.rf.c276ca1ca61bbe19ae8161f750eac1cd.jpg</path>
	<source>
		<database>roboflow.ai</database>
	</source>
	<size>
		<width>416</width>
		<height>416</height>
		<depth>3</depth>
	</size>
	<segmented>0</segmented>
	<object>
		<name>mango</name>
		<pose>Unspecified</pose>
		<truncated>0</truncated>
		<difficult>0</difficult>
		<occluded>0</occluded>
		<bndbox>
			<xmin>70</xmin>
			<xmax>153</xmax>
			<ymin>21</ymin>
			<ymax>98</ymax>
		</bndbox>
		<polygon>
			<x1>95.931154</x1>
			<y1>31.465278</y1>
			<x2>77.110997</x2>
			<y2>55.392283</y2>
			<x3>69.337138</x3>
			<y3>74.065615</y3>
			<x4>72.482053</x4>
			<y4>86.57789</y4>
			<x5>89.222728</x5>
			<y5>97.179405</y5>
			<x6>110.423679</x6>
			<y6>95.12511</y6>
			<x7>130.604438</x7>
			<y7>85.811757</y7>
			<x8>141.013115</x8>
			<y8>76.021172</y8>
			<x9>152.100556</x9>
			<y9>51.33032</y9>
			<x10>149.80512</x10>
			<y10>34.99744</y10>
			<x11>135.273499</x11>
			<y11>20.384245</y11>
			<x12>114.369763</x12>
			<y12>19.620855</y12>
			<x13>95.931154</x13>
			<y13>31.465278</y13>
		</polygon>
	</object>
	<object>
		<name>greenapple</name>
		<pose>Unspecified</pose>
		<truncated>0</truncated>
		<difficult>0</difficult>
		<occluded>0</occluded>
		<bndbox>
			<xmin>1</xmin>
			<xmax>17</xmax>
			<ymin>196</ymin>
			<ymax>238</ymax>
		</bndbox>
		<polygon>
			<x1>0</x1>
			<y1>237</y1>
			<x2>14.431498</x2>
			<y2>237</y2>
			<x3>16.238558</x3>
			<y3>224.025035</y3>
			<x4>13.943122</x4>
			<y4>207.692156</y4>
			<x5>5.614951</x5>
			<y5>197.758949</y5>
			<x6>0</x6>
			<y6>194.529485</y6>
			<x7>0</x7>
			<y7>237</y7>
		</polygon>
	</object>
	<object>
		<name>capsicum</name>
		<pose>Unspecified</pose>
		<truncated>0</truncated>
		<difficult>0</difficult>
		<occluded>0</occluded>
		<bndbox>
			<xmin>89</xmin>
			<xmax>113</xmax>
			<ymin>147</ymin>
			<ymax>183</ymax>
		</bndbox>
		<polygon>
			<x1>109.112415</x1>
			<y1>179.512111</y1>
			<x2>112.255282</x2>
			<y2>162.414928</y2>
			<x3>108.727794</x3>
			<y3>147.180507</y3>
			<x4>100.867554</x4>
			<y4>145.509278</y4>
			<x5>92.285359</x5>
			<y5>148.566036</y5>
			<x6>88.419512</x6>
			<y6>155.586477</y6>
			<x7>92.202049</x7>
			<y7>172.635662</y7>
			<x8>99.722907</x8>
			<y8>181.757025</y8>
			<x9>109.112415</x9>
			<y9>179.512111</y9>
		</polygon>
	</object>
	<object>
		<name>redapple</name>
		<pose>Unspecified</pose>
		<truncated>0</truncated>
		<difficult>0</difficult>
		<occluded>0</occluded>
		<bndbox>
			<xmin>358</xmin>
			<xmax>409</xmax>
			<ymin>1</ymin>
			<ymax>61</ymax>
		</bndbox>
		<polygon>
			<x1>357.07696599999997</x1>
			<y1>0</y1>
			<x2>357.643732</x2>
			<y2>22.779794</y2>
			<x3>366.694881</x3>
			<y3>42.789743</y3>
			<x4>377.700037</x4>
			<y4>56.973248</y4>
			<x5>385.815326</x5>
			<y5>60.45924</y5>
			<x6>396.691934</x6>
			<y6>58.930632</y6>
			<x7>402.427453</x7>
			<y7>55.348645</y7>
			<x8>406.76020500000004</x8>
			<y8>41.785452</y8>
			<x9>407.863708</x9>
			<y9>24.974883</y9>
			<x10>405.185699</x10>
			<y10>5.919857</y10>
			<x11>402.086417</x11>
			<y11>0</y11>
			<x12>357.07696599999997</x12>
			<y12>0</y12>
		</polygon>
	</object>
	<object>
		<name>capsicum</name>
		<pose>Unspecified</pose>
		<truncated>0</truncated>
		<difficult>0</difficult>
		<occluded>0</occluded>
		<bndbox>
			<xmin>379</xmin>
			<xmax>412</xmax>
			<ymin>132</ymin>
			<ymax>190</ymax>
		</bndbox>
		<polygon>
			<x1>388.242383</x1>
			<y1>136.918419</y1>
			<x2>377.578657</x2>
			<y2>144.894239</y2>
			<x3>378.89709</x3>
			<y3>164.140341</y3>
			<x4>384.718991</x4>
			<y4>180.902913</y4>
			<x5>391.432538</x5>
			<y5>189.212431</y5>
			<x6>405.028298</x6>
			<y6>187.301672</y6>
			<x7>409.021668</x7>
			<y7>181.188613</y7>
			<x8>410.762792</x8>
			<y8>168.914954</y8>
			<x9>409.35900100000003</x9>
			<y9>144.129021</y9>
			<x10>404.684819</x10>
			<y10>135.532889</y10>
			<x11>391.386275</x11>
			<y11>134.625964</y11>
			<x12>389.516601</x12>
			<y12>131.187511</y12>
			<x13>388.242383</x13>
			<y13>136.918419</y13>
		</polygon>
	</object>
	<object>
		<name>capsicum</name>
		<pose>Unspecified</pose>
		<truncated>0</truncated>
		<difficult>0</difficult>
		<occluded>0</occluded>
		<bndbox>
			<xmin>127</xmin>
			<xmax>267</xmax>
			<ymin>246</ymin>
			<ymax>417</ymax>
		</bndbox>
		<polygon>
			<x1>266</x1>
			<y1>416</y1>
			<x2>266</x2>
			<y2>280.794932</y2>
			<x3>250.885517</x3>
			<y3>272.228562</y3>
			<x4>229.132302</x4>
			<y4>275.285777</y4>
			<x5>220.464749</x5>
			<y5>272.802703</y5>
			<x6>215.7484</x6>
			<y6>268.839021</y6>
			<x7>211.541124</x7>
			<y7>253.700137</y7>
			<x8>204.955102</x8>
			<y8>246.298001</y8>
			<x9>198.581961</x9>
			<y9>245.343078</y9>
			<x10>196.117858</x10>
			<y10>247.539995</y10>
			<x11>197.265576</x11>
			<y11>255.706434</y11>
			<x12>201.684711</x12>
			<y12>262.487802</y12>
			<x13>201.472852</x13>
			<y13>270.845318</y13>
			<x14>178.742633</x14>
			<y14>276.815755</y14>
			<x15>166.676141</x15>
			<y15>274.81037200000003</y15>
			<x16>159.70857</x16>
			<y16>279.490818</y16>
			<x17>145.433023</x17>
			<y17>281.497116</y17>
			<x18>132.518075</x18>
			<y18>298.117066</y18>
			<x19>126.359865</x19>
			<y19>333.218815</y19>
			<x20>132.906793</x20>
			<y20>389.667588</y20>
			<x21>141.707373</x21>
			<y21>416</y21>
			<x22>266</x22>
			<y22>416</y22>
		</polygon>
	</object>
	<object>
		<name>redapple</name>
		<pose>Unspecified</pose>
		<truncated>0</truncated>
		<difficult>0</difficult>
		<occluded>0</occluded>
		<bndbox>
			<xmin>267</xmin>
			<xmax>417</xmax>
			<ymin>238</ymin>
			<ymax>417</ymax>
		</bndbox>
		<polygon>
			<x1>266</x1>
			<y1>416</y1>
			<x2>416</x2>
			<y2>416</y2>
			<x3>416</x3>
			<y3>237</y3>
			<x4>266</x4>
			<y4>237</y4>
			<x5>266</x5>
			<y5>416</y5>
		</polygon>
	</object>
</annotation>
