<annotation>
	<folder></folder>
	<filename>image_194_png.rf.869cd954a60c6ca1460a0aafe689de77.jpg</filename>
	<path>image_194_png.rf.869cd954a60c6ca1460a0aafe689de77.jpg</path>
	<source>
		<database>roboflow.ai</database>
	</source>
	<size>
		<width>416</width>
		<height>416</height>
		<depth>3</depth>
	</size>
	<segmented>0</segmented>
	<object>
		<name>redapple</name>
		<pose>Unspecified</pose>
		<truncated>0</truncated>
		<difficult>0</difficult>
		<occluded>0</occluded>
		<bndbox>
			<xmin>1</xmin>
			<xmax>35</xmax>
			<ymin>1</ymin>
			<ymax>64</ymax>
		</bndbox>
		<polygon>
			<x1>0</x1>
			<y1>0</y1>
			<x2>0</x2>
			<y2>59.066326</y2>
			<x3>4.132083</x3>
			<y3>62.49905</y3>
			<x4>16.701513</x4>
			<y4>62.93394</y4>
			<x5>23.913402</x5>
			<y5>57.488466</y5>
			<x6>30.825286</x6>
			<y6>42.263141</y6>
			<x7>34.049723</x7>
			<y7>11.584669</y7>
			<x8>31.215043</x8>
			<y8>0.652204</y8>
			<x9>30.721389</x9>
			<y9>0</y9>
			<x10>0</x10>
			<y10>0</y10>
		</polygon>
	</object>
	<object>
		<name>mango</name>
		<pose>Unspecified</pose>
		<truncated>0</truncated>
		<difficult>0</difficult>
		<occluded>0</occluded>
		<bndbox>
			<xmin>108</xmin>
			<xmax>134</xmax>
			<ymin>10</ymin>
			<ymax>47</ymax>
		</bndbox>
		<polygon>
			<x1>132.209867</x1>
			<y1>37.853508</y1>
			<x2>133.303576</x2>
			<y2>21.130458</y2>
			<x3>127.657842</x3>
			<y3>11.674961</y3>
			<x4>117.334893</x4>
			<y4>8.817554</y4>
			<x5>107.876523</x5>
			<y5>16.685546</y5>
			<x6>106.586748</x6>
			<y6>28.956935</y6>
			<x7>115.055349</x7>
			<y7>43.140181</y7>
			<x8>124.064898</x8>
			<y8>45.859544</y8>
			<x9>132.209867</x9>
			<y9>37.853508</y9>
		</polygon>
	</object>
	<object>
		<name>capsicum</name>
		<pose>Unspecified</pose>
		<truncated>0</truncated>
		<difficult>0</difficult>
		<occluded>0</occluded>
		<bndbox>
			<xmin>106</xmin>
			<xmax>130</xmax>
			<ymin>146</ymin>
			<ymax>159</ymax>
		</bndbox>
		<polygon>
			<x1>128.678933</x1>
			<y1>158</y1>
			<x2>129.058681</x2>
			<y2>156.274537</y2>
			<x3>126.512194</x3>
			<y3>148.917205</y3>
			<x4>117.975092</x4>
			<y4>148.019919</y4>
			<x5>116.938072</x5>
			<y5>145.252293</y5>
			<x6>106.350555</x6>
			<y6>151.229185</y6>
			<x7>105.2705</x7>
			<y7>158</y7>
			<x8>128.678933</x8>
			<y8>158</y8>
		</polygon>
	</object>
	<object>
		<name>orange</name>
		<pose>Unspecified</pose>
		<truncated>0</truncated>
		<difficult>0</difficult>
		<occluded>0</occluded>
		<bndbox>
			<xmin>179</xmin>
			<xmax>347</xmax>
			<ymin>1</ymin>
			<ymax>159</ymax>
		</bndbox>
		<polygon>
			<x1>215.56089500000002</x1>
			<y1>0</y1>
			<x2>204.560123</x2>
			<y2>10.499862</y2>
			<x3>189.595397</x3>
			<y3>32.854696</y3>
			<x4>178</x4>
			<y4>64.154657</y4>
			<x5>178</x5>
			<y5>148.623455</y5>
			<x6>180.898336</x6>
			<y6>158</y6>
			<x7>329.78230099999996</x7>
			<y7>158</y7>
			<x8>331.459196</x8>
			<y8>154.996674</y8>
			<x9>339.672668</x9>
			<y9>133.704678</y9>
			<x10>344.971145</x10>
			<y10>108.56146</y10>
			<x11>345.741222</x11>
			<y11>69.649129</y11>
			<x12>337.617503</x12>
			<y12>39.550338</y12>
			<x13>326.037843</x13>
			<y13>17.064211</y13>
			<x14>318.329882</x14>
			<y14>8.278175</y14>
			<x15>302.123517</x15>
			<y15>0</y15>
			<x16>215.56089500000002</x16>
			<y16>0</y16>
		</polygon>
	</object>
	<object>
		<name>greenapple</name>
		<pose>Unspecified</pose>
		<truncated>0</truncated>
		<difficult>0</difficult>
		<occluded>0</occluded>
		<bndbox>
			<xmin>34</xmin>
			<xmax>77</xmax>
			<ymin>159</ymin>
			<ymax>178</ymax>
		</bndbox>
		<polygon>
			<x1>32.661767</x1>
			<y1>158</y1>
			<x2>32.61793</x2>
			<y2>158.320517</y2>
			<x3>38.551857</x3>
			<y3>171.351147</y3>
			<x4>45.314924</x4>
			<y4>176.493028</y4>
			<x5>64.543484</x5>
			<y5>176.74161</y5>
			<x6>72.872707</x6>
			<y6>166.982518</y6>
			<x7>76.286904</x7>
			<y7>158</y7>
			<x8>32.661767</x8>
			<y8>158</y8>
		</polygon>
	</object>
	<object>
		<name>mango</name>
		<pose>Unspecified</pose>
		<truncated>0</truncated>
		<difficult>0</difficult>
		<occluded>0</occluded>
		<bndbox>
			<xmin>1</xmin>
			<xmax>63</xmax>
			<ymin>391</ymin>
			<ymax>417</ymax>
		</bndbox>
		<polygon>
			<x1>0</x1>
			<y1>416</y1>
			<x2>61.57214</x2>
			<y2>416</y2>
			<x3>60.383652</x3>
			<y3>405.832961</y3>
			<x4>47.790597</x4>
			<y4>392.98863900000003</y4>
			<x5>30.151818</x5>
			<y5>390.248518</y5>
			<x6>7.190938</x6>
			<y6>400.242182</y6>
			<x7>0</x7>
			<y7>406.689634</y7>
			<x8>0</x8>
			<y8>416</y8>
		</polygon>
	</object>
	<object>
		<name>redapple</name>
		<pose>Unspecified</pose>
		<truncated>0</truncated>
		<difficult>0</difficult>
		<occluded>0</occluded>
		<bndbox>
			<xmin>179</xmin>
			<xmax>313</xmax>
			<ymin>159</ymin>
			<ymax>409</ymax>
		</bndbox>
		<polygon>
			<x1>178</x1>
			<y1>158</y1>
			<x2>178</x2>
			<y2>407.530701</y2>
			<x3>182.146174</x3>
			<y3>407.966481</y3>
			<x4>196.858144</x4>
			<y4>400.650664</y4>
			<x5>218.425311</x5>
			<y5>397.60020099999997</y5>
			<x6>233.229409</x6>
			<y6>389.40785700000004</y6>
			<x7>248.95477499999998</x7>
			<y7>372.450235</y7>
			<x8>281.026769</x8>
			<y8>319.989864</y8>
			<x9>293.905643</x9>
			<y9>285.89506</y9>
			<x10>308.246732</x10>
			<y10>231.571096</y10>
			<x11>311.74755</x11>
			<y11>198.263041</y11>
			<x12>311.308166</x12>
			<y12>164.540853</y12>
			<x13>310.498565</x13>
			<y13>158</y13>
			<x14>178</x14>
			<y14>158</y14>
		</polygon>
	</object>
</annotation>
