<annotation>
	<folder></folder>
	<filename>image_58_png.rf.ebd8995ac4c6786524b7acbf684b50d3.jpg</filename>
	<path>image_58_png.rf.ebd8995ac4c6786524b7acbf684b50d3.jpg</path>
	<source>
		<database>roboflow.ai</database>
	</source>
	<size>
		<width>416</width>
		<height>416</height>
		<depth>3</depth>
	</size>
	<segmented>0</segmented>
	<object>
		<name>redapple</name>
		<pose>Unspecified</pose>
		<truncated>0</truncated>
		<difficult>0</difficult>
		<occluded>0</occluded>
		<bndbox>
			<xmin>12</xmin>
			<xmax>82</xmax>
			<ymin>34</ymin>
			<ymax>116</ymax>
		</bndbox>
		<polygon>
			<x1>42.788486</x1>
			<y1>33.241725</y1>
			<x2>28.558403</x2>
			<y2>37.892197</y2>
			<x3>19.606813</x3>
			<y3>50.633026</y3>
			<x4>12.797227</x4>
			<y4>66.436405</y4>
			<x5>10.921937</x5>
			<y5>88.479548</y5>
			<x6>17.883296</x6>
			<y6>102.236355</y6>
			<x7>28.211027</x7>
			<y7>112.111983</y7>
			<x8>48.522931</x8>
			<y8>114.798567</y8>
			<x9>64.397779</x9>
			<y9>112.228018</y9>
			<x10>78.896487</x10>
			<y10>87.041011</y10>
			<x11>81.34522</x11>
			<y11>73.153552</y11>
			<x12>67.422503</x12>
			<y12>45.639938</y12>
			<x13>54.340583</x13>
			<y13>36.173624</y13>
			<x14>42.788486</x14>
			<y14>33.241725</y14>
		</polygon>
	</object>
	<object>
		<name>redapple</name>
		<pose>Unspecified</pose>
		<truncated>0</truncated>
		<difficult>0</difficult>
		<occluded>0</occluded>
		<bndbox>
			<xmin>1</xmin>
			<xmax>137</xmax>
			<ymin>159</ymin>
			<ymax>417</ymax>
		</bndbox>
		<polygon>
			<x1>0</x1>
			<y1>158</y1>
			<x2>0</x2>
			<y2>416</y2>
			<x3>78.959115</x3>
			<y3>416</y3>
			<x4>100.555215</x4>
			<y4>381.07108900000003</y4>
			<x5>115.28381</x5>
			<y5>346.975095</y5>
			<x6>127.526205</x6>
			<y6>307.965955</y6>
			<x7>135.752578</x7>
			<y7>257.509255</y7>
			<x8>135.907534</x8>
			<y8>210.99906</y8>
			<x9>131.433012</x9>
			<y9>186.941322</y9>
			<x10>126.116418</x10>
			<y10>175.264436</y10>
			<x11>115.635641</x11>
			<y11>166.256773</y11>
			<x12>95.59113</x12>
			<y12>158</y12>
			<x13>0</x13>
			<y13>158</y13>
		</polygon>
	</object>
	<object>
		<name>capsicum</name>
		<pose>Unspecified</pose>
		<truncated>0</truncated>
		<difficult>0</difficult>
		<occluded>0</occluded>
		<bndbox>
			<xmin>225</xmin>
			<xmax>245</xmax>
			<ymin>250</ymin>
			<ymax>304</ymax>
		</bndbox>
		<polygon>
			<x1>224</x1>
			<y1>302.678414</y1>
			<x2>225.477802</x2>
			<y2>303.11953900000003</y2>
			<x3>230.795031</x3>
			<y3>299.582348</y3>
			<x4>237.642719</x4>
			<y4>287.365496</y4>
			<x5>243.725814</x5>
			<y5>264.274399</y5>
			<x6>240.207033</x6>
			<y6>253.80946799999998</y6>
			<x7>225.556552</x7>
			<y7>249.436288</y7>
			<x8>224</x8>
			<y8>250.12015200000002</y8>
			<x9>224</x9>
			<y9>302.678414</y9>
		</polygon>
	</object>
	<object>
		<name>mango</name>
		<pose>Unspecified</pose>
		<truncated>0</truncated>
		<difficult>0</difficult>
		<occluded>0</occluded>
		<bndbox>
			<xmin>354</xmin>
			<xmax>378</xmax>
			<ymin>159</ymin>
			<ymax>172</ymax>
		</bndbox>
		<polygon>
			<x1>352.820055</x1>
			<y1>158</y1>
			<x2>357.913209</x2>
			<y2>168.064923</y2>
			<x3>368.164736</x3>
			<y3>170.767496</y3>
			<x4>376.351097</x4>
			<y4>162.366498</y4>
			<x5>376.73026400000003</x5>
			<y5>158</y5>
			<x6>352.820055</x6>
			<y6>158</y6>
		</polygon>
	</object>
</annotation>
