<annotation>
	<folder></folder>
	<filename>image_3_png.rf.490493a6b054110767b8add62801b4b4.jpg</filename>
	<path>image_3_png.rf.490493a6b054110767b8add62801b4b4.jpg</path>
	<source>
		<database>roboflow.ai</database>
	</source>
	<size>
		<width>416</width>
		<height>416</height>
		<depth>3</depth>
	</size>
	<segmented>0</segmented>
	<object>
		<name>mango</name>
		<pose>Unspecified</pose>
		<truncated>0</truncated>
		<difficult>0</difficult>
		<occluded>0</occluded>
		<bndbox>
			<xmin>1</xmin>
			<xmax>144</xmax>
			<ymin>33</ymin>
			<ymax>154</ymax>
		</bndbox>
		<polygon>
			<x1>0</x1>
			<y1>153</y1>
			<x2>134.007615</x2>
			<y2>153</y2>
			<x3>136.995628</x3>
			<y3>148.460815</y3>
			<x4>142.759477</x4>
			<y4>122.624224</y4>
			<x5>136.804538</x5>
			<y5>85.027529</y5>
			<x6>128.171887</x6>
			<y6>66.577062</y6>
			<x7>112.835356</x7>
			<y7>48.174959</y7>
			<x8>96.098379</x8>
			<y8>38.907725</y8>
			<x9>69.736724</x9>
			<y9>32.780761</y9>
			<x10>50.159977</x10>
			<y10>31.956875</y10>
			<x11>13.308083</x11>
			<y11>37.136071</y11>
			<x12>0</x12>
			<y12>43.365953</y12>
			<x13>0</x13>
			<y13>153</y13>
		</polygon>
	</object>
	<object>
		<name>greenapple</name>
		<pose>Unspecified</pose>
		<truncated>0</truncated>
		<difficult>0</difficult>
		<occluded>0</occluded>
		<bndbox>
			<xmin>1</xmin>
			<xmax>38</xmax>
			<ymin>234</ymin>
			<ymax>294</ymax>
		</bndbox>
		<polygon>
			<x1>0</x1>
			<y1>284.828527</y1>
			<x2>8.657283</x2>
			<y2>293.020983</y2>
			<x3>30.908463</x3>
			<y3>288.999978</y3>
			<x4>34.652669</x4>
			<y4>282.217131</y4>
			<x5>37.041862</x5>
			<y5>265.792865</y5>
			<x6>35.113087</x6>
			<y6>247.294035</y6>
			<x7>18.295081</x7>
			<y7>232.67536</y7>
			<x8>4.229256</x8>
			<y8>232.864573</y8>
			<x9>0</x9>
			<y9>238.027851</y9>
			<x10>0</x10>
			<y10>284.828527</y10>
		</polygon>
	</object>
	<object>
		<name>capsicum</name>
		<pose>Unspecified</pose>
		<truncated>0</truncated>
		<difficult>0</difficult>
		<occluded>0</occluded>
		<bndbox>
			<xmin>1</xmin>
			<xmax>11</xmax>
			<ymin>348</ymin>
			<ymax>383</ymax>
		</bndbox>
		<polygon>
			<x1>0</x1>
			<y1>381.604081</y1>
			<x2>6.786574</x2>
			<y2>379.982962</y2>
			<x3>9.833836</x3>
			<y3>363.466211</y3>
			<x4>6.423586</x4>
			<y4>348.750808</y4>
			<x5>0</x5>
			<y5>347.389706</y5>
			<x6>0</x6>
			<y6>381.604081</y6>
		</polygon>
	</object>
	<object>
		<name>redapple</name>
		<pose>Unspecified</pose>
		<truncated>0</truncated>
		<difficult>0</difficult>
		<occluded>0</occluded>
		<bndbox>
			<xmin>213</xmin>
			<xmax>269</xmax>
			<ymin>154</ymin>
			<ymax>181</ymax>
		</bndbox>
		<polygon>
			<x1>212</x1>
			<y1>153</y1>
			<x2>212</x2>
			<y2>170.069779</y2>
			<x3>218.718852</x3>
			<y3>176.449429</y3>
			<x4>230.645131</x4>
			<y4>180.136129</y4>
			<x5>249.85233</x5>
			<y5>178.330538</y5>
			<x6>264.125648</x6>
			<y6>170.067919</y6>
			<x7>268.136244</x7>
			<y7>153</y7>
			<x8>212</x8>
			<y8>153</y8>
		</polygon>
	</object>
	<object>
		<name>capsicum</name>
		<pose>Unspecified</pose>
		<truncated>0</truncated>
		<difficult>0</difficult>
		<occluded>0</occluded>
		<bndbox>
			<xmin>213</xmin>
			<xmax>223</xmax>
			<ymin>231</ymin>
			<ymax>267</ymax>
		</bndbox>
		<polygon>
			<x1>212</x1>
			<y1>265.134787</y1>
			<x2>215.243483</x2>
			<y2>266.318343</y2>
			<x3>222.32019</x3>
			<y3>254.598119</y3>
			<x4>220.926304</x4>
			<y4>235.130311</y4>
			<x5>216.896858</x5>
			<y5>230.33378299999998</y5>
			<x6>212</x6>
			<y6>231.021991</y6>
			<x7>212</x7>
			<y7>265.134787</y7>
		</polygon>
	</object>
	<object>
		<name>orange</name>
		<pose>Unspecified</pose>
		<truncated>0</truncated>
		<difficult>0</difficult>
		<occluded>0</occluded>
		<bndbox>
			<xmin>220</xmin>
			<xmax>244</xmax>
			<ymin>377</ymin>
			<ymax>408</ymax>
		</bndbox>
		<polygon>
			<x1>243.180272</x1>
			<y1>398.25041799999997</y1>
			<x2>241.744231</x2>
			<y2>383.257558</y2>
			<x3>237.591602</x3>
			<y3>377.584538</y3>
			<x4>228.00908</x4>
			<y4>376.249859</y4>
			<x5>219.123501</x5>
			<y5>384.649085</y5>
			<x6>220.43636</x6>
			<y6>398.765452</y6>
			<x7>226.151493</x7>
			<y7>406.006485</y7>
			<x8>235.075946</x8>
			<y8>407.43365</y8>
			<x9>243.180272</x9>
			<y9>398.25041799999997</y9>
		</polygon>
	</object>
</annotation>
