<annotation>
	<folder></folder>
	<filename>image_20_png.rf.b30487a074db640a5e0c998c556a5d5a.jpg</filename>
	<path>image_20_png.rf.b30487a074db640a5e0c998c556a5d5a.jpg</path>
	<source>
		<database>roboflow.ai</database>
	</source>
	<size>
		<width>416</width>
		<height>416</height>
		<depth>3</depth>
	</size>
	<segmented>0</segmented>
	<object>
		<name>redapple</name>
		<pose>Unspecified</pose>
		<truncated>0</truncated>
		<difficult>0</difficult>
		<occluded>0</occluded>
		<bndbox>
			<xmin>1</xmin>
			<xmax>126</xmax>
			<ymin>32</ymin>
			<ymax>167</ymax>
		</bndbox>
		<polygon>
			<x1>0</x1>
			<y1>166</y1>
			<x2>124.472839</x2>
			<y2>166</y2>
			<x3>125.323405</x3>
			<y3>156.277987</y3>
			<x4>124.282224</x4>
			<y4>121.987791</y4>
			<x5>118.8747</x5>
			<y5>83.715686</y5>
			<x6>112.338379</x6>
			<y6>66.04428</y6>
			<x7>106.947766</x7>
			<y7>58.372851</y7>
			<x8>93.536178</x8>
			<y8>49.999677</y8>
			<x9>51.382767</x9>
			<y9>39.111921</y9>
			<x10>39.976422</x10>
			<y10>30.914184</y10>
			<x11>37.65862</x11>
			<y11>34.311308</y11>
			<x12>0</x12>
			<y12>31.016606</y12>
			<x13>0</x13>
			<y13>166</y13>
		</polygon>
	</object>
	<object>
		<name>orange</name>
		<pose>Unspecified</pose>
		<truncated>0</truncated>
		<difficult>0</difficult>
		<occluded>0</occluded>
		<bndbox>
			<xmin>297</xmin>
			<xmax>417</xmax>
			<ymin>1</ymin>
			<ymax>167</ymax>
		</bndbox>
		<polygon>
			<x1>356.111622</x1>
			<y1>0</y1>
			<x2>355.321353</x2>
			<y2>0.179262</y2>
			<x3>337.517035</x3>
			<y3>11.221255</y3>
			<x4>313.080325</x4>
			<y4>44.1824</y4>
			<x5>299.694103</x5>
			<y5>81.710243</y5>
			<x6>296.134523</x6>
			<y6>114.697947</y6>
			<x7>298.000397</x7>
			<y7>147.26034</y7>
			<x8>304.243685</x8>
			<y8>166</y8>
			<x9>416</x9>
			<y9>166</y9>
			<x10>416</x10>
			<y10>4.197605</y10>
			<x11>412.37100499999997</x11>
			<y11>2.470531</y11>
			<x12>396.45327499999996</x12>
			<y12>0</y12>
			<x13>356.111622</x13>
			<y13>0</y13>
		</polygon>
	</object>
	<object>
		<name>redapple</name>
		<pose>Unspecified</pose>
		<truncated>0</truncated>
		<difficult>0</difficult>
		<occluded>0</occluded>
		<bndbox>
			<xmin>138</xmin>
			<xmax>209</xmax>
			<ymin>247</ymin>
			<ymax>335</ymax>
		</bndbox>
		<polygon>
			<x1>164.261594</x1>
			<y1>246.084987</y1>
			<x2>153.688399</x2>
			<y2>251.459787</y2>
			<x3>138.210339</x3>
			<y3>274.404995</y3>
			<x4>137.003402</x4>
			<y4>295.89883599999996</y4>
			<x5>142.793169</x5>
			<y5>314.404902</y5>
			<x6>151.881711</x6>
			<y6>325.999764</y6>
			<x7>164.112749</x7>
			<y7>332.469699</y7>
			<x8>184.165184</x8>
			<y8>334.22406</y8>
			<x9>195.997069</x9>
			<y9>329.859358</y9>
			<x10>208.211196</x10>
			<y10>305.728616</y10>
			<x11>206.709632</x11>
			<y11>292.0976</y11>
			<x12>189.470224</x12>
			<y12>258.190197</y12>
			<x13>174.878087</x13>
			<y13>247.91378600000002</y13>
			<x14>164.261594</x14>
			<y14>246.084987</y14>
		</polygon>
	</object>
	<object>
		<name>greenapple</name>
		<pose>Unspecified</pose>
		<truncated>0</truncated>
		<difficult>0</difficult>
		<occluded>0</occluded>
		<bndbox>
			<xmin>341</xmin>
			<xmax>417</xmax>
			<ymin>282</ymin>
			<ymax>417</ymax>
		</bndbox>
		<polygon>
			<x1>416</x1>
			<y1>416</y1>
			<x2>416</x2>
			<y2>281.21045100000003</y2>
			<x3>393.42900599999996</x3>
			<y3>281.151075</y3>
			<x4>376.761941</x4>
			<y4>286.89270799999997</y4>
			<x5>363.558385</x5>
			<y5>299.237192</y5>
			<x6>354.287177</x6>
			<y6>312.825689</y6>
			<x7>342.941041</x7>
			<y7>342.432229</y7>
			<x8>340.449028</x8>
			<y8>386.313049</y8>
			<x9>346.735568</x9>
			<y9>416</y9>
			<x10>416</x10>
			<y10>416</y10>
		</polygon>
	</object>
</annotation>
