<annotation>
	<folder></folder>
	<filename>image_25_png.rf.db079e78625db443b18be398eeff8e05.jpg</filename>
	<path>image_25_png.rf.db079e78625db443b18be398eeff8e05.jpg</path>
	<source>
		<database>roboflow.ai</database>
	</source>
	<size>
		<width>416</width>
		<height>416</height>
		<depth>3</depth>
	</size>
	<segmented>0</segmented>
	<object>
		<name>redapple</name>
		<pose>Unspecified</pose>
		<truncated>0</truncated>
		<difficult>0</difficult>
		<occluded>0</occluded>
		<bndbox>
			<xmin>67</xmin>
			<xmax>250</xmax>
			<ymin>1</ymin>
			<ymax>184</ymax>
		</bndbox>
		<polygon>
			<x1>249</x1>
			<y1>0</y1>
			<x2>67.999604</x2>
			<y2>0</y2>
			<x3>66.435812</x3>
			<y3>27.607767</y3>
			<x4>75.961221</x4>
			<y4>100.19017</y4>
			<x5>86.146106</x5>
			<y5>129.408995</y5>
			<x6>105.479914</x6>
			<y6>170.864177</y6>
			<x7>115.151291</x7>
			<y7>183</y7>
			<x8>240.957655</x8>
			<y8>183</y8>
			<x9>248.621114</x9>
			<y9>170.579486</y9>
			<x10>249</x10>
			<y10>169.494629</y10>
			<x11>249</x11>
			<y11>0</y11>
		</polygon>
	</object>
	<object>
		<name>redapple</name>
		<pose>Unspecified</pose>
		<truncated>0</truncated>
		<difficult>0</difficult>
		<occluded>0</occluded>
		<bndbox>
			<xmin>124</xmin>
			<xmax>200</xmax>
			<ymin>184</ymin>
			<ymax>248</ymax>
		</bndbox>
		<polygon>
			<x1>127.843413</x1>
			<y1>183</y1>
			<x2>123.319485</x2>
			<y2>196.952178</y2>
			<x3>126.466594</x3>
			<y3>214.53942</y3>
			<x4>136.360958</x4>
			<y4>232.079874</y4>
			<x5>147.910605</x5>
			<y5>242.175878</y5>
			<x6>160.701714</x6>
			<y6>246.688545</y6>
			<x7>178.708094</x7>
			<y7>245.059389</y7>
			<x8>193.071346</x8>
			<y8>236.730427</y8>
			<x9>199.154416</x9>
			<y9>207.929722</y9>
			<x10>192.157739</x10>
			<y10>191.784977</y10>
			<x11>183.94176</x11>
			<y11>183</y11>
			<x12>127.843413</x12>
			<y12>183</y12>
		</polygon>
	</object>
	<object>
		<name>capsicum</name>
		<pose>Unspecified</pose>
		<truncated>0</truncated>
		<difficult>0</difficult>
		<occluded>0</occluded>
		<bndbox>
			<xmin>250</xmin>
			<xmax>397</xmax>
			<ymin>196</ymin>
			<ymax>417</ymax>
		</bndbox>
		<polygon>
			<x1>389.04022299999997</x1>
			<y1>416</y1>
			<x2>393.721139</x2>
			<y2>379.60134400000004</y2>
			<x3>395.580037</x3>
			<y3>320.74408900000003</y3>
			<x4>389.368019</x4>
			<y4>276.543282</y4>
			<x5>382.039721</x5>
			<y5>253.233329</y5>
			<x6>371.358815</x6>
			<y6>234.901939</y6>
			<x7>347.26654</x7>
			<y7>222.061303</y7>
			<x8>328.184037</x8>
			<y8>225.644651</y8>
			<x9>315.51716899999997</x9>
			<y9>222.016</y9>
			<x10>311.46022</x10>
			<y10>217.177306</y10>
			<x11>308.02353</x11>
			<y11>202.335193</y11>
			<x12>301.60695499999997</x12>
			<y12>195.123691</y12>
			<x13>292.748555</x13>
			<y13>194.56570299999998</y13>
			<x14>291.879814</x14>
			<y14>202.80109</y14>
			<x15>298.006809</x15>
			<y15>212.75772</y15>
			<x16>298.33843</x16>
			<y16>219.92293</y16>
			<x17>282.277854</x17>
			<y17>225.786004</y17>
			<x18>268.53486399999997</x18>
			<y18>224.111548</y18>
			<x19>249</x19>
			<y19>229.56677100000002</y19>
			<x20>249</x20>
			<y20>392.705395</y20>
			<x21>253.520608</x21>
			<y21>405.615582</y21>
			<x22>258.767509</x22>
			<y22>416</y22>
			<x23>389.04022299999997</x23>
			<y23>416</y23>
		</polygon>
	</object>
</annotation>
