<annotation>
	<folder></folder>
	<filename>image_145_png.rf.6f685be44727cf83fc4dfea2170b037c.jpg</filename>
	<path>image_145_png.rf.6f685be44727cf83fc4dfea2170b037c.jpg</path>
	<source>
		<database>roboflow.ai</database>
	</source>
	<size>
		<width>416</width>
		<height>416</height>
		<depth>3</depth>
	</size>
	<segmented>0</segmented>
	<object>
		<name>orange</name>
		<pose>Unspecified</pose>
		<truncated>0</truncated>
		<difficult>0</difficult>
		<occluded>0</occluded>
		<bndbox>
			<xmin>1</xmin>
			<xmax>27</xmax>
			<ymin>1</ymin>
			<ymax>40</ymax>
		</bndbox>
		<polygon>
			<x1>0</x1>
			<y1>0</y1>
			<x2>0</x2>
			<y2>39.475044</y2>
			<x3>11.998086</x3>
			<y3>38.34998</y3>
			<x4>21.02807</x4>
			<y4>27.659111</y4>
			<x5>24.777716</x5>
			<y5>16.18264</y5>
			<x6>25.650062</x6>
			<y6>0</y6>
			<x7>0</x7>
			<y7>0</y7>
		</polygon>
	</object>
	<object>
		<name>capsicum</name>
		<pose>Unspecified</pose>
		<truncated>0</truncated>
		<difficult>0</difficult>
		<occluded>0</occluded>
		<bndbox>
			<xmin>354</xmin>
			<xmax>385</xmax>
			<ymin>1</ymin>
			<ymax>34</ymax>
		</bndbox>
		<polygon>
			<x1>352.7934</x1>
			<y1>0</y1>
			<x2>352.662773</x2>
			<y2>11.473249</y2>
			<x3>356.198482</x3>
			<y3>25.455866</y3>
			<x4>360.92791</x4>
			<y4>32.39548</y4>
			<x5>374.763905</x5>
			<y5>33.031743</y5>
			<x6>381.192013</x6>
			<y6>24.141832</y6>
			<x7>383.640721</x7>
			<y7>13.565839</y7>
			<x8>384.186024</x8>
			<y8>0</y8>
			<x9>352.7934</x9>
			<y9>0</y9>
		</polygon>
	</object>
	<object>
		<name>greenapple</name>
		<pose>Unspecified</pose>
		<truncated>0</truncated>
		<difficult>0</difficult>
		<occluded>0</occluded>
		<bndbox>
			<xmin>1</xmin>
			<xmax>159</xmax>
			<ymin>333</ymin>
			<ymax>417</ymax>
		</bndbox>
		<polygon>
			<x1>0</x1>
			<y1>416</y1>
			<x2>158</x2>
			<y2>416</y2>
			<x3>158</x3>
			<y3>389.713492</y3>
			<x4>152.443818</x4>
			<y4>370.211793</y4>
			<x5>136.219884</x5>
			<y5>345.917399</y5>
			<x6>111.670043</x6>
			<y6>334.934898</y6>
			<x7>72.121119</x7>
			<y7>332.114144</y7>
			<x8>28.118472</x8>
			<y8>338.148838</y8>
			<x9>7.380043</x9>
			<y9>356.94401600000003</y9>
			<x10>0</x10>
			<y10>371.054462</y10>
			<x11>0</x11>
			<y11>416</y11>
		</polygon>
	</object>
	<object>
		<name>greenapple</name>
		<pose>Unspecified</pose>
		<truncated>0</truncated>
		<difficult>0</difficult>
		<occluded>0</occluded>
		<bndbox>
			<xmin>249</xmin>
			<xmax>273</xmax>
			<ymin>229</ymin>
			<ymax>259</ymax>
		</bndbox>
		<polygon>
			<x1>271.66474800000003</x1>
			<y1>252.004286</y1>
			<x2>271.450312</x2>
			<y2>239.719238</y2>
			<x3>266.659616</x3>
			<y3>229.26961</y3>
			<x4>258.073323</x4>
			<y4>227.663943</y4>
			<x5>248.966755</x5>
			<y5>233.967294</y5>
			<x6>247.94152</x6>
			<y6>250.662835</y6>
			<x7>255.31877500000002</x7>
			<y7>258.434002</y7>
			<x8>267.807884</x8>
			<y8>257.338233</y8>
			<x9>271.66474800000003</x9>
			<y9>252.004286</y9>
		</polygon>
	</object>
</annotation>
