<annotation>
	<folder></folder>
	<filename>image_175_png.rf.8554825db35bf83ea32ec3521bb78678.jpg</filename>
	<path>image_175_png.rf.8554825db35bf83ea32ec3521bb78678.jpg</path>
	<source>
		<database>roboflow.ai</database>
	</source>
	<size>
		<width>416</width>
		<height>416</height>
		<depth>3</depth>
	</size>
	<segmented>0</segmented>
	<object>
		<name>redapple</name>
		<pose>Unspecified</pose>
		<truncated>0</truncated>
		<difficult>0</difficult>
		<occluded>0</occluded>
		<bndbox>
			<xmin>4</xmin>
			<xmax>71</xmax>
			<ymin>205</ymin>
			<ymax>242</ymax>
		</bndbox>
		<polygon>
			<x1>69.70416</x1>
			<y1>241</y1>
			<x2>51.868027</x2>
			<y2>211.148356</y2>
			<x3>36.853628</x3>
			<y3>203.864112</y3>
			<x4>25.665458</x4>
			<y4>203.668822</y4>
			<x5>12.961914</x5>
			<y5>214.858101</y5>
			<x6>3.44179</x6>
			<y6>232.247343</y6>
			<x7>3.289012</x7>
			<y7>241</y7>
			<x8>69.70416</x8>
			<y8>241</y8>
		</polygon>
	</object>
	<object>
		<name>orange</name>
		<pose>Unspecified</pose>
		<truncated>0</truncated>
		<difficult>0</difficult>
		<occluded>0</occluded>
		<bndbox>
			<xmin>164</xmin>
			<xmax>219</xmax>
			<ymin>96</ymin>
			<ymax>170</ymax>
		</bndbox>
		<polygon>
			<x1>205.259202</x1>
			<y1>97.96006</y1>
			<x2>185.561326</x2>
			<y2>94.98292</y2>
			<x3>172.949683</x3>
			<y3>100.907179</y3>
			<x4>164.807081</x4>
			<y4>114.809382</y4>
			<x5>163.123222</x5>
			<y5>135.84649</y5>
			<x6>164.898484</x6>
			<y6>147.288498</y6>
			<x7>169.321575</x7>
			<y7>157.898953</y7>
			<x8>177.065937</x8>
			<y8>166.81184</y8>
			<x9>198.753514</x9>
			<y9>168.945939</y9>
			<x10>205.380741</x10>
			<y10>166.428306</y10>
			<x11>212.78863</x11>
			<y11>156.902132</y11>
			<x12>217.65591</x12>
			<y12>142.064987</y12>
			<x13>217.426655</x13>
			<y13>117.483402</y13>
			<x14>213.646375</x14>
			<y14>107.761938</y14>
			<x15>205.259202</x15>
			<y15>97.96006</y15>
		</polygon>
	</object>
	<object>
		<name>orange</name>
		<pose>Unspecified</pose>
		<truncated>0</truncated>
		<difficult>0</difficult>
		<occluded>0</occluded>
		<bndbox>
			<xmin>1</xmin>
			<xmax>18</xmax>
			<ymin>286</ymin>
			<ymax>317</ymax>
		</bndbox>
		<polygon>
			<x1>0</x1>
			<y1>314.209114</y1>
			<x2>7.767447</x2>
			<y2>315.82959700000004</y2>
			<x3>15.80283</x3>
			<y3>308.06991800000003</y3>
			<x4>16.706028</x4>
			<y4>294.04135</y4>
			<x5>13.522608</x5>
			<y5>287.841387</y5>
			<x6>5.0129</x6>
			<y6>285.059538</y6>
			<x7>0</x7>
			<y7>286.034543</y7>
			<x8>0</x8>
			<y8>314.209114</y8>
		</polygon>
	</object>
	<object>
		<name>mango</name>
		<pose>Unspecified</pose>
		<truncated>0</truncated>
		<difficult>0</difficult>
		<occluded>0</occluded>
		<bndbox>
			<xmin>221</xmin>
			<xmax>408</xmax>
			<ymin>242</ymin>
			<ymax>383</ymax>
		</bndbox>
		<polygon>
			<x1>220</x1>
			<y1>241</y1>
			<x2>220</x2>
			<y2>380.33304799999996</y2>
			<x3>255.730606</x3>
			<y3>382.13407900000004</y3>
			<x4>295.952974</x4>
			<y4>378.44731</y4>
			<x5>323.089374</x5>
			<y5>370.14326800000003</y5>
			<x6>356.97553600000003</x6>
			<y6>352.301567</y6>
			<x7>380.346973</x7>
			<y7>333.398559</y7>
			<x8>397.825896</x8>
			<y8>312.637155</y8>
			<x9>406.075715</x9>
			<y9>292.592427</y9>
			<x10>406.826242</x10>
			<y10>249.594757</y10>
			<x11>403.663507</x11>
			<y11>241</y11>
			<x12>220</x12>
			<y12>241</y12>
		</polygon>
	</object>
</annotation>
