<annotation>
	<folder></folder>
	<filename>image_179_png.rf.473ff1249c24128b68fb9156754e36c3.jpg</filename>
	<path>image_179_png.rf.473ff1249c24128b68fb9156754e36c3.jpg</path>
	<source>
		<database>roboflow.ai</database>
	</source>
	<size>
		<width>416</width>
		<height>416</height>
		<depth>3</depth>
	</size>
	<segmented>0</segmented>
	<object>
		<name>capsicum</name>
		<pose>Unspecified</pose>
		<truncated>0</truncated>
		<difficult>0</difficult>
		<occluded>0</occluded>
		<bndbox>
			<xmin>287</xmin>
			<xmax>313</xmax>
			<ymin>62</ymin>
			<ymax>98</ymax>
		</bndbox>
		<polygon>
			<x1>304.387088</x1>
			<y1>90.335523</y1>
			<x2>312.030052</x2>
			<y2>69.716349</y2>
			<x3>309.494368</x3>
			<y3>63.37014</y3>
			<x4>299.613422</x4>
			<y4>60.722548</y4>
			<x5>290.52808600000003</x5>
			<y5>63.010452</y5>
			<x6>286.327622</x6>
			<y6>76.051879</y6>
			<x7>286.502151</x7>
			<y7>91.210043</y7>
			<x8>295.67475</x8>
			<y8>96.501221</y8>
			<x9>304.387088</x9>
			<y9>90.335523</y9>
		</polygon>
	</object>
	<object>
		<name>mango</name>
		<pose>Unspecified</pose>
		<truncated>0</truncated>
		<difficult>0</difficult>
		<occluded>0</occluded>
		<bndbox>
			<xmin>50</xmin>
			<xmax>140</xmax>
			<ymin>125</ymin>
			<ymax>164</ymax>
		</bndbox>
		<polygon>
			<x1>54.375376</x1>
			<y1>124</y1>
			<x2>49.117767</x2>
			<y2>135.287408</y2>
			<x3>52.635561</x3>
			<y3>148.508011</y3>
			<x4>64.816076</x4>
			<y4>158.383007</y4>
			<x5>86.790273</x5>
			<y5>163.326513</y5>
			<x6>109.572052</x6>
			<y6>159.986247</y6>
			<x7>128.550303</x7>
			<y7>147.126667</y7>
			<x8>137.597991</x8>
			<y8>134.43958800000001</y8>
			<x9>138.705611</x9>
			<y9>124</y9>
			<x10>54.375376</x10>
			<y10>124</y10>
		</polygon>
	</object>
	<object>
		<name>greenapple</name>
		<pose>Unspecified</pose>
		<truncated>0</truncated>
		<difficult>0</difficult>
		<occluded>0</occluded>
		<bndbox>
			<xmin>346</xmin>
			<xmax>374</xmax>
			<ymin>202</ymin>
			<ymax>236</ymax>
		</bndbox>
		<polygon>
			<x1>369.43859299999997</x1>
			<y1>227.580981</y1>
			<x2>372.744212</x2>
			<y2>215.24424399999998</y2>
			<x3>369.17679999999996</x3>
			<y3>204.84373399999998</y3>
			<x4>360.1907</x4>
			<y4>201.491453</y4>
			<x5>348.607327</x5>
			<y5>207.832322</y5>
			<x6>345.252091</x6>
			<y6>222.989152</y6>
			<x7>349.291734</x7>
			<y7>231.627271</y7>
			<x8>359.59529399999997</x8>
			<y8>235.332563</y8>
			<x9>369.43859299999997</x9>
			<y9>227.580981</y9>
		</polygon>
	</object>
	<object>
		<name>orange</name>
		<pose>Unspecified</pose>
		<truncated>0</truncated>
		<difficult>0</difficult>
		<occluded>0</occluded>
		<bndbox>
			<xmin>395</xmin>
			<xmax>417</xmax>
			<ymin>125</ymin>
			<ymax>185</ymax>
		</bndbox>
		<polygon>
			<x1>416</x1>
			<y1>124</y1>
			<x2>401.330237</x2>
			<y2>124</y2>
			<x3>399.226808</x3>
			<y3>126.949523</y3>
			<x4>393.560033</x4>
			<y4>148.098215</y4>
			<x5>394.393292</x5>
			<y5>163.432886</y5>
			<x6>398.196819</x6>
			<y6>172.9522</y6>
			<x7>407.742415</x7>
			<y7>182.121172</y7>
			<x8>416</x8>
			<y8>183.884616</y8>
			<x9>416</x9>
			<y9>124</y9>
		</polygon>
	</object>
</annotation>
