<annotation>
	<folder></folder>
	<filename>image_189_png.rf.4c74d9e51d65ede7f8f60120e13d2014.jpg</filename>
	<path>image_189_png.rf.4c74d9e51d65ede7f8f60120e13d2014.jpg</path>
	<source>
		<database>roboflow.ai</database>
	</source>
	<size>
		<width>416</width>
		<height>416</height>
		<depth>3</depth>
	</size>
	<segmented>0</segmented>
	<object>
		<name>orange</name>
		<pose>Unspecified</pose>
		<truncated>0</truncated>
		<difficult>0</difficult>
		<occluded>0</occluded>
		<bndbox>
			<xmin>44</xmin>
			<xmax>100</xmax>
			<ymin>187</ymin>
			<ymax>213</ymax>
		</bndbox>
		<polygon>
			<x1>99.125498</x1>
			<y1>212</y1>
			<x2>98.303718</x2>
			<y2>204.181287</y2>
			<x3>83.563434</x3>
			<y3>185.897769</y3>
			<x4>58.018904</x4>
			<y4>186.779628</y4>
			<x5>50.479974</x5>
			<y5>192.079451</y5>
			<x6>43.398335</x6>
			<y6>208.149095</y6>
			<x7>43.561846</x7>
			<y7>212</y7>
			<x8>99.125498</x8>
			<y8>212</y8>
		</polygon>
	</object>
	<object>
		<name>greenapple</name>
		<pose>Unspecified</pose>
		<truncated>0</truncated>
		<difficult>0</difficult>
		<occluded>0</occluded>
		<bndbox>
			<xmin>272</xmin>
			<xmax>297</xmax>
			<ymin>222</ymin>
			<ymax>254</ymax>
		</bndbox>
		<polygon>
			<x1>295.89236</x1>
			<y1>240.178697</y1>
			<x2>294.1942</x2>
			<y2>230.440789</y2>
			<x3>287.157704</x3>
			<y3>221.263962</y3>
			<x4>279.056485</x4>
			<y4>221.213945</y4>
			<x5>271.131408</x5>
			<y5>229.258825</y5>
			<x6>272.724566</x6>
			<y6>244.416711</y6>
			<x7>279.667347</x7>
			<y7>252.701897</y7>
			<x8>291.58489</x8>
			<y8>250.547823</y8>
			<x9>295.89236</x9>
			<y9>240.178697</y9>
		</polygon>
	</object>
</annotation>
