<annotation>
	<folder></folder>
	<filename>image_89_png.rf.d1de4f49fb4c3c53cdc5b83e939dc065.jpg</filename>
	<path>image_89_png.rf.d1de4f49fb4c3c53cdc5b83e939dc065.jpg</path>
	<source>
		<database>roboflow.ai</database>
	</source>
	<size>
		<width>416</width>
		<height>416</height>
		<depth>3</depth>
	</size>
	<segmented>0</segmented>
	<object>
		<name>orange</name>
		<pose>Unspecified</pose>
		<truncated>0</truncated>
		<difficult>0</difficult>
		<occluded>0</occluded>
		<bndbox>
			<xmin>68</xmin>
			<xmax>93</xmax>
			<ymin>30</ymin>
			<ymax>61</ymax>
		</bndbox>
		<polygon>
			<x1>88.687323</x1>
			<y1>54.105018</y1>
			<x2>92.100261</x2>
			<y2>42.282768</y2>
			<x3>89.260562</x3>
			<y3>32.020304</y3>
			<x4>81.190119</x4>
			<y4>28.822404</y4>
			<x5>72.057357</x5>
			<y5>31.64921</y5>
			<x6>66.900837</x6>
			<y6>45.826314</y6>
			<x7>70.384688</x7>
			<y7>56.20236</y7>
			<x8>78.303371</x8>
			<y8>60.260933</y8>
			<x9>88.687323</x9>
			<y9>54.105018</y9>
		</polygon>
	</object>
	<object>
		<name>mango</name>
		<pose>Unspecified</pose>
		<truncated>0</truncated>
		<difficult>0</difficult>
		<occluded>0</occluded>
		<bndbox>
			<xmin>329</xmin>
			<xmax>352</xmax>
			<ymin>1</ymin>
			<ymax>14</ymax>
		</bndbox>
		<polygon>
			<x1>328.149583</x1>
			<y1>0</y1>
			<x2>332.821859</x2>
			<y2>9.99446</y2>
			<x3>342.976515</x3>
			<y3>12.672432</y3>
			<x4>350.291471</x4>
			<y4>5.08794</y4>
			<x5>350.95943</x5>
			<y5>0</y5>
			<x6>328.149583</x6>
			<y6>0</y6>
		</polygon>
	</object>
	<object>
		<name>redapple</name>
		<pose>Unspecified</pose>
		<truncated>0</truncated>
		<difficult>0</difficult>
		<occluded>0</occluded>
		<bndbox>
			<xmin>179</xmin>
			<xmax>222</xmax>
			<ymin>240</ymin>
			<ymax>275</ymax>
		</bndbox>
		<polygon>
			<x1>178</x1>
			<y1>274</y1>
			<x2>221.441695</x2>
			<y2>274</y2>
			<x3>212.383547</x3>
			<y3>252.325141</y3>
			<x4>198.933913</x4>
			<y4>241.966721</y4>
			<x5>186.846804</x5>
			<y5>238.948007</y5>
			<x6>178</x6>
			<y6>244.088738</y6>
			<x7>178</x7>
			<y7>274</y7>
		</polygon>
	</object>
	<object>
		<name>capsicum</name>
		<pose>Unspecified</pose>
		<truncated>0</truncated>
		<difficult>0</difficult>
		<occluded>0</occluded>
		<bndbox>
			<xmin>291</xmin>
			<xmax>316</xmax>
			<ymin>249</ymin>
			<ymax>275</ymax>
		</bndbox>
		<polygon>
			<x1>311.793727</x1>
			<y1>274</y1>
			<x2>313.211732</x2>
			<y2>271.878733</y2>
			<x3>314.655106</x3>
			<y3>256.159468</y3>
			<x4>305.41100900000004</x4>
			<y4>248.317463</y4>
			<x5>293.398123</x5>
			<y5>252.411289</y5>
			<x6>289.607442</x6>
			<y6>258.842343</y6>
			<x7>289.515763</x7>
			<y7>274</y7>
			<x8>311.793727</x8>
			<y8>274</y8>
		</polygon>
	</object>
	<object>
		<name>capsicum</name>
		<pose>Unspecified</pose>
		<truncated>0</truncated>
		<difficult>0</difficult>
		<occluded>0</occluded>
		<bndbox>
			<xmin>309</xmin>
			<xmax>333</xmax>
			<ymin>375</ymin>
			<ymax>413</ymax>
		</bndbox>
		<polygon>
			<x1>307.83342500000003</x1>
			<y1>391.09421199999997</y1>
			<x2>308.62602400000003</x2>
			<y2>405.43287399999997</y2>
			<x3>317.37773000000004</x3>
			<y3>412.30062699999996</y3>
			<x4>327.57281</x4>
			<y4>403.449115</y4>
			<x5>332.351587</x5>
			<y5>383.880813</y5>
			<x6>329.397239</x6>
			<y6>378.035292</y6>
			<x7>322.159818</x7>
			<y7>377.646572</y7>
			<x8>322.122707</x8>
			<y8>374.090301</y8>
			<x9>320.22736599999996</x9>
			<y9>377.305828</y9>
			<x10>310.45045300000004</x10>
			<y10>380.019052</y10>
			<x11>307.83342500000003</x11>
			<y11>391.09421199999997</y11>
		</polygon>
	</object>
</annotation>
