<annotation>
	<folder></folder>
	<filename>image_140_png.rf.50adf85953af0bac0f22053c1af5814e.jpg</filename>
	<path>image_140_png.rf.50adf85953af0bac0f22053c1af5814e.jpg</path>
	<source>
		<database>roboflow.ai</database>
	</source>
	<size>
		<width>416</width>
		<height>416</height>
		<depth>3</depth>
	</size>
	<segmented>0</segmented>
	<object>
		<name>orange</name>
		<pose>Unspecified</pose>
		<truncated>0</truncated>
		<difficult>0</difficult>
		<occluded>0</occluded>
		<bndbox>
			<xmin>171</xmin>
			<xmax>188</xmax>
			<ymin>30</ymin>
			<ymax>96</ymax>
		</bndbox>
		<polygon>
			<x1>187</x1>
			<y1>28.628537</y1>
			<x2>181.241391</x2>
			<y2>29.594792</y2>
			<x3>173.979963</x3>
			<y3>36.997468</y3>
			<x4>169.787883</x4>
			<y4>51.091136</y4>
			<x5>173.27878</x5>
			<y5>73.521587</y5>
			<x6>179.636255</x6>
			<y6>87.781055</y6>
			<x7>187</x7>
			<y7>95.13997</y7>
			<x8>187</x8>
			<y8>28.628537</y8>
		</polygon>
	</object>
	<object>
		<name>capsicum</name>
		<pose>Unspecified</pose>
		<truncated>0</truncated>
		<difficult>0</difficult>
		<occluded>0</occluded>
		<bndbox>
			<xmin>188</xmin>
			<xmax>353</xmax>
			<ymin>1</ymin>
			<ymax>201</ymax>
		</bndbox>
		<polygon>
			<x1>187</x1>
			<y1>0</y1>
			<x2>187</x2>
			<y2>88.047465</y2>
			<x3>212.937093</x3>
			<y3>143.551124</y3>
			<x4>239.267745</x4>
			<y4>181.723748</y4>
			<x5>254.858885</x5>
			<y5>193.681004</y5>
			<x6>268.040225</x6>
			<y6>198.782826</y6>
			<x7>306.281164</x7>
			<y7>200.432688</y7>
			<x8>317.49347</x8>
			<y8>197.637146</y8>
			<x9>324.751694</x9>
			<y9>193.031367</y9>
			<x10>332.457091</x10>
			<y10>181.789864</y10>
			<x11>344.570145</x11>
			<y11>160.129076</y11>
			<x12>351.188039</x12>
			<y12>138.906353</y12>
			<x13>352.104802</x13>
			<y13>106.056617</y13>
			<x14>348.20837</x14>
			<y14>53.902214</y14>
			<x15>337.497684</x15>
			<y15>2.514763</y15>
			<x16>336.412729</x16>
			<y16>0</y16>
			<x17>187</x17>
			<y17>0</y17>
		</polygon>
	</object>
	<object>
		<name>orange</name>
		<pose>Unspecified</pose>
		<truncated>0</truncated>
		<difficult>0</difficult>
		<occluded>0</occluded>
		<bndbox>
			<xmin>79</xmin>
			<xmax>104</xmax>
			<ymin>303</ymin>
			<ymax>334</ymax>
		</bndbox>
		<polygon>
			<x1>103.31307</x1>
			<y1>322.943016</y1>
			<x2>101.569224</x2>
			<y2>310.329342</y2>
			<x3>94.545795</x3>
			<y3>301.828114</y3>
			<x4>84.874568</x4>
			<y4>302.375355</y4>
			<x5>78.053907</x5>
			<y5>308.736103</y5>
			<x6>79.135003</x6>
			<y6>324.31112</y6>
			<x7>87.696309</x7>
			<y7>333.360945</y7>
			<x8>96.707988</x8>
			<y8>332.97814800000003</y8>
			<x9>103.31307</x9>
			<y9>322.943016</y9>
		</polygon>
	</object>
	<object>
		<name>capsicum</name>
		<pose>Unspecified</pose>
		<truncated>0</truncated>
		<difficult>0</difficult>
		<occluded>0</occluded>
		<bndbox>
			<xmin>298</xmin>
			<xmax>324</xmax>
			<ymin>261</ymin>
			<ymax>298</ymax>
		</bndbox>
		<polygon>
			<x1>318.441325</x1>
			<y1>296.687657</y1>
			<x2>323.28975</x2>
			<y2>285.226444</y2>
			<x3>319.576869</x3>
			<y3>264.715405</y3>
			<x4>314.306896</x4>
			<y4>260.437158</y4>
			<x5>308.808532</x5>
			<y5>263.672121</y5>
			<x6>305.076434</x6>
			<y6>259.942471</y6>
			<x7>297.152257</x7>
			<y7>270.306489</y7>
			<x8>299.118088</x8>
			<y8>281.000751</y8>
			<x9>308.770098</x9>
			<y9>297.234898</y9>
			<x10>318.441325</x10>
			<y10>296.687657</y10>
		</polygon>
	</object>
</annotation>
