<annotation>
	<folder></folder>
	<filename>image_57_png.rf.ae49d6d15ab22f619e3edc09ddd98bd1.jpg</filename>
	<path>image_57_png.rf.ae49d6d15ab22f619e3edc09ddd98bd1.jpg</path>
	<source>
		<database>roboflow.ai</database>
	</source>
	<size>
		<width>416</width>
		<height>416</height>
		<depth>3</depth>
	</size>
	<segmented>0</segmented>
	<object>
		<name>orange</name>
		<pose>Unspecified</pose>
		<truncated>0</truncated>
		<difficult>0</difficult>
		<occluded>0</occluded>
		<bndbox>
			<xmin>178</xmin>
			<xmax>204</xmax>
			<ymin>90</ymin>
			<ymax>154</ymax>
		</bndbox>
		<polygon>
			<x1>203</x1>
			<y1>153</y1>
			<x2>203</x2>
			<y2>89.688536</y2>
			<x3>199.358654</x3>
			<y3>89.150393</y3>
			<x4>185.476834</x4>
			<y4>95.883692</y4>
			<x5>178.388608</x5>
			<y5>109.381027</y5>
			<x6>176.611511</x6>
			<y6>120.5741</y6>
			<x7>179.212026</x7>
			<y7>142.421776</y7>
			<x8>184.265587</x8>
			<y8>153</y8>
			<x9>203</x9>
			<y9>153</y9>
		</polygon>
	</object>
	<object>
		<name>greenapple</name>
		<pose>Unspecified</pose>
		<truncated>0</truncated>
		<difficult>0</difficult>
		<occluded>0</occluded>
		<bndbox>
			<xmin>208</xmin>
			<xmax>378</xmax>
			<ymin>95</ymin>
			<ymax>154</ymax>
		</bndbox>
		<polygon>
			<x1>377.38946799999997</x1>
			<y1>153</y1>
			<x2>367.475325</x2>
			<y2>126.384525</y2>
			<x3>351.96139900000003</x3>
			<y3>106.586425</y3>
			<x4>331.85509</x4>
			<y4>97.307903</y4>
			<x5>292.55583</x5>
			<y5>97.066944</y5>
			<x6>284.03011</x6>
			<y6>94.13365</y6>
			<x7>278.878702</x7>
			<y7>98.263538</y7>
			<x8>236.799047</x8>
			<y8>105.624229</y8>
			<x9>222.712535</x9>
			<y9>117.894236</y9>
			<x10>209.664213</x10>
			<y10>142.030808</y10>
			<x11>207.215029</x11>
			<y11>153</y11>
			<x12>377.38946799999997</x12>
			<y12>153</y12>
		</polygon>
	</object>
	<object>
		<name>orange</name>
		<pose>Unspecified</pose>
		<truncated>0</truncated>
		<difficult>0</difficult>
		<occluded>0</occluded>
		<bndbox>
			<xmin>204</xmin>
			<xmax>249</xmax>
			<ymin>349</ymin>
			<ymax>417</ymax>
		</bndbox>
		<polygon>
			<x1>203</x1>
			<y1>416</y1>
			<x2>237.47065700000002</x2>
			<y2>416</y2>
			<x3>246.056889</x3>
			<y3>404.462935</y3>
			<x4>248.198399</x4>
			<y4>389.558783</y4>
			<x5>245.757606</x5>
			<y5>369.53673200000003</y5>
			<x6>237.561408</x6>
			<y6>354.617211</y6>
			<x7>230.083958</x7>
			<y7>347.913007</y7>
			<x8>207.356974</x8>
			<y8>348.061761</y8>
			<x9>203</x9>
			<y9>350.47547</y9>
			<x10>203</x10>
			<y10>416</y10>
		</polygon>
	</object>
	<object>
		<name>mango</name>
		<pose>Unspecified</pose>
		<truncated>0</truncated>
		<difficult>0</difficult>
		<occluded>0</occluded>
		<bndbox>
			<xmin>285</xmin>
			<xmax>341</xmax>
			<ymin>185</ymin>
			<ymax>252</ymax>
		</bndbox>
		<polygon>
			<x1>332.673279</x1>
			<y1>197.288454</y1>
			<x2>322.904677</x2>
			<y2>188.02530000000002</y2>
			<x3>313.61524</x3>
			<y3>184.239022</y3>
			<x4>303.357393</x4>
			<y4>185.136467</y4>
			<x5>292.814994</x5>
			<y5>190.657806</y5>
			<x6>286.695177</x6>
			<y6>199.471418</y6>
			<x7>283.550367</x7>
			<y7>210.78414800000002</y7>
			<x8>284.224144</x8>
			<y8>226.361795</y8>
			<x9>287.838038</x9>
			<y9>236.16341699999998</y9>
			<x10>296.922784</x10>
			<y10>245.486401</y10>
			<x11>310.475081</x11>
			<y11>250.739326</y11>
			<x12>319.36521500000003</x12>
			<y12>249.96154</y12>
			<x13>331.799462</x13>
			<y13>242.435087</y13>
			<x14>336.63142700000003</x14>
			<y14>234.653948</y14>
			<x15>339.536654</x15>
			<y15>220.602778</y15>
			<x16>338.498464</x16>
			<y16>208.736212</y16>
			<x17>332.673279</x17>
			<y17>197.288454</y17>
		</polygon>
	</object>
</annotation>
