<annotation>
	<folder></folder>
	<filename>image_214_png.rf.d3a0c0090d87da1e8f330ebad5088891.jpg</filename>
	<path>image_214_png.rf.d3a0c0090d87da1e8f330ebad5088891.jpg</path>
	<source>
		<database>roboflow.ai</database>
	</source>
	<size>
		<width>416</width>
		<height>416</height>
		<depth>3</depth>
	</size>
	<segmented>0</segmented>
	<object>
		<name>redapple</name>
		<pose>Unspecified</pose>
		<truncated>0</truncated>
		<difficult>0</difficult>
		<occluded>0</occluded>
		<bndbox>
			<xmin>1</xmin>
			<xmax>54</xmax>
			<ymin>1</ymin>
			<ymax>63</ymax>
		</bndbox>
		<polygon>
			<x1>0</x1>
			<y1>0</y1>
			<x2>0</x2>
			<y2>56.670681</y2>
			<x3>2.966674</x3>
			<y3>58.757432</y3>
			<x4>18.441269</x4>
			<y4>61.537985</y4>
			<x5>38.769707</x5>
			<y5>56.989902</y5>
			<x6>45.134992</x6>
			<y6>48.085819</y6>
			<x7>52.778368</x7>
			<y7>28.772514</y7>
			<x8>52.098656</x8>
			<y8>12.839825</y8>
			<x9>44.116273</x9>
			<y9>0</y9>
			<x10>0</x10>
			<y10>0</y10>
		</polygon>
	</object>
	<object>
		<name>mango</name>
		<pose>Unspecified</pose>
		<truncated>0</truncated>
		<difficult>0</difficult>
		<occluded>0</occluded>
		<bndbox>
			<xmin>107</xmin>
			<xmax>134</xmax>
			<ymin>1</ymin>
			<ymax>23</ymax>
		</bndbox>
		<polygon>
			<x1>106.3952</x1>
			<y1>0</y1>
			<x2>105.633277</x2>
			<y2>6.205359</y2>
			<x3>113.773851</x3>
			<y3>20.412587</y3>
			<x4>123.405533</x4>
			<y4>22.475722</y4>
			<x5>130.749719</x5>
			<y5>16.333372</y5>
			<x6>132.666857</x6>
			<y6>0.719537</y6>
			<x7>132.33923</x7>
			<y7>0</y7>
			<x8>106.3952</x8>
			<y8>0</y8>
		</polygon>
	</object>
	<object>
		<name>capsicum</name>
		<pose>Unspecified</pose>
		<truncated>0</truncated>
		<difficult>0</difficult>
		<occluded>0</occluded>
		<bndbox>
			<xmin>234</xmin>
			<xmax>399</xmax>
			<ymin>1</ymin>
			<ymax>146</ymax>
		</bndbox>
		<polygon>
			<x1>234.530111</x1>
			<y1>0</y1>
			<x2>233.134925</x2>
			<y2>10.282831</y2>
			<x3>238.567299</x3>
			<y3>78.749326</y3>
			<x4>250.33445799999998</x4>
			<y4>122.458766</y4>
			<x5>261.508079</x5>
			<y5>138.799432</y5>
			<x6>269.930209</x6>
			<y6>145</y6>
			<x7>340.608854</x7>
			<y7>145</y7>
			<x8>358.306595</x8>
			<y8>128.671975</y8>
			<x9>364.022667</x9>
			<y9>119.68818</y9>
			<x10>376.190199</x10>
			<y10>90.364217</y10>
			<x11>390.381375</x11>
			<y11>44.558985</y11>
			<x12>398.243526</x12>
			<y12>0</y12>
			<x13>234.530111</x13>
			<y13>0</y13>
		</polygon>
	</object>
	<object>
		<name>redapple</name>
		<pose>Unspecified</pose>
		<truncated>0</truncated>
		<difficult>0</difficult>
		<occluded>0</occluded>
		<bndbox>
			<xmin>110</xmin>
			<xmax>154</xmax>
			<ymin>146</ymin>
			<ymax>180</ymax>
		</bndbox>
		<polygon>
			<x1>108.935849</x1>
			<y1>145</y1>
			<x2>113.751417</x2>
			<y2>166.013284</y2>
			<x3>121.775316</x3>
			<y3>175.803622</y3>
			<x4>130.002064</x4>
			<y4>178.574766</y4>
			<x5>138.761351</x5>
			<y5>177.008733</y5>
			<x6>147.393796</x6>
			<y6>165.741485</y6>
			<x7>152.237475</x7>
			<y7>153.128521</y7>
			<x8>153.235532</x8>
			<y8>145</y8>
			<x9>108.935849</x9>
			<y9>145</y9>
		</polygon>
	</object>
	<object>
		<name>capsicum</name>
		<pose>Unspecified</pose>
		<truncated>0</truncated>
		<difficult>0</difficult>
		<occluded>0</occluded>
		<bndbox>
			<xmin>76</xmin>
			<xmax>109</xmax>
			<ymin>383</ymin>
			<ymax>417</ymax>
		</bndbox>
		<polygon>
			<x1>104.434023</x1>
			<y1>416</y1>
			<x2>108.142818</x2>
			<y2>399.54103599999996</y2>
			<x3>106.06834</x3>
			<y3>389.600681</y3>
			<x4>91.882005</x4>
			<y4>381.69522900000004</y4>
			<x5>89.944534</x5>
			<y5>386.740414</y5>
			<x6>82.590179</x6>
			<y6>387.598439</y6>
			<x7>77.406646</x7>
			<y7>392.245057</y7>
			<x8>74.637447</x8>
			<y8>414.798375</y8>
			<x9>74.785158</x9>
			<y9>416</y9>
			<x10>104.434023</x10>
			<y10>416</y10>
		</polygon>
	</object>
	<object>
		<name>redapple</name>
		<pose>Unspecified</pose>
		<truncated>0</truncated>
		<difficult>0</difficult>
		<occluded>0</occluded>
		<bndbox>
			<xmin>200</xmin>
			<xmax>242</xmax>
			<ymin>146</ymin>
			<ymax>231</ymax>
		</bndbox>
		<polygon>
			<x1>199</x1>
			<y1>145</y1>
			<x2>199</x2>
			<y2>227.898524</y2>
			<x3>216.056861</x3>
			<y3>229.992843</y3>
			<x4>229.137454</x4>
			<y4>225.435348</y4>
			<x5>241.42166</x5>
			<y5>200.528275</y5>
			<x6>239.337015</x6>
			<y6>185.303595</y6>
			<x7>225.21652</x7>
			<y7>155.393408</y7>
			<x8>208.908452</x8>
			<y8>145</y8>
			<x9>199</x9>
			<y9>145</y9>
		</polygon>
	</object>
	<object>
		<name>capsicum</name>
		<pose>Unspecified</pose>
		<truncated>0</truncated>
		<difficult>0</difficult>
		<occluded>0</occluded>
		<bndbox>
			<xmin>286</xmin>
			<xmax>310</xmax>
			<ymin>288</ymin>
			<ymax>323</ymax>
		</bndbox>
		<polygon>
			<x1>304.492105</x1>
			<y1>314.814399</y1>
			<x2>308.995926</x2>
			<y2>294.235093</y2>
			<x3>305.739697</x3>
			<y3>288.55220099999997</y3>
			<x4>296.001508</x4>
			<y4>287.356502</y4>
			<x5>287.67841799999997</x5>
			<y5>290.737119</y5>
			<x6>285.431591</x6>
			<y6>303.66893500000003</y6>
			<x7>287.622744</x7>
			<y7>318.026179</y7>
			<x8>297.041409</x8>
			<y8>321.824185</y8>
			<x9>304.492105</x9>
			<y9>314.814399</y9>
		</polygon>
	</object>
</annotation>
