<annotation>
	<folder></folder>
	<filename>image_91_png.rf.5f9169aa5ee7698a2d5810e200cb8721.jpg</filename>
	<path>image_91_png.rf.5f9169aa5ee7698a2d5810e200cb8721.jpg</path>
	<source>
		<database>roboflow.ai</database>
	</source>
	<size>
		<width>416</width>
		<height>416</height>
		<depth>3</depth>
	</size>
	<segmented>0</segmented>
	<object>
		<name>orange</name>
		<pose>Unspecified</pose>
		<truncated>0</truncated>
		<difficult>0</difficult>
		<occluded>0</occluded>
		<bndbox>
			<xmin>73</xmin>
			<xmax>133</xmax>
			<ymin>151</ymin>
			<ymax>196</ymax>
		</bndbox>
		<polygon>
			<x1>129.417698</x1>
			<y1>195</y1>
			<x2>131.564531</x2>
			<y2>179.724492</y2>
			<x3>122.409256</x3>
			<y3>157.524316</y3>
			<x4>116.891748</x4>
			<y4>153.111754</y4>
			<x5>100.967005</x5>
			<y5>149.964395</y5>
			<x6>85.126606</x6>
			<y6>155.92171</y6>
			<x7>76.559341</x7>
			<y7>168.356888</y7>
			<x8>71.796131</x8>
			<y8>187.691666</y8>
			<x9>72.052363</x9>
			<y9>195</y9>
			<x10>129.417698</x10>
			<y10>195</y10>
		</polygon>
	</object>
	<object>
		<name>mango</name>
		<pose>Unspecified</pose>
		<truncated>0</truncated>
		<difficult>0</difficult>
		<occluded>0</occluded>
		<bndbox>
			<xmin>1</xmin>
			<xmax>83</xmax>
			<ymin>279</ymin>
			<ymax>349</ymax>
		</bndbox>
		<polygon>
			<x1>0</x1>
			<y1>335.94443</y1>
			<x2>9.018588</x2>
			<y2>343.976895</y2>
			<x3>30.962103</x3>
			<y3>347.970137</y3>
			<x4>51.90189</x4>
			<y4>344.54805899999997</y4>
			<x5>71.545142</x5>
			<y5>330.941663</y5>
			<x6>82.076492</x6>
			<y6>314.236108</y6>
			<x7>81.239051</x7>
			<y7>295.932774</y7>
			<x8>76.891559</x8>
			<y8>288.04751699999997</y8>
			<x9>66.39998</x9>
			<y9>280.208048</y9>
			<x10>53.02493</x10>
			<y10>278.328308</y10>
			<x11>30.12106</x11>
			<y11>286.020762</y11>
			<x12>0.823668</x12>
			<y12>310.091024</y12>
			<x13>0</x13>
			<y13>311.933149</y13>
			<x14>0</x14>
			<y14>335.94443</y14>
		</polygon>
	</object>
	<object>
		<name>greenapple</name>
		<pose>Unspecified</pose>
		<truncated>0</truncated>
		<difficult>0</difficult>
		<occluded>0</occluded>
		<bndbox>
			<xmin>144</xmin>
			<xmax>168</xmax>
			<ymin>280</ymin>
			<ymax>312</ymax>
		</bndbox>
		<polygon>
			<x1>164.289673</x1>
			<y1>306.695495</y1>
			<x2>167.381602</x2>
			<y2>294.40009</y2>
			<x3>163.660691</x3>
			<y3>282.056484</y3>
			<x4>156.555045</x4>
			<y4>279.239287</y4>
			<x5>144.727161</x5>
			<y5>285.76052400000003</y5>
			<x6>142.679933</x6>
			<y6>295.47490700000003</y6>
			<x7>146.944281</x7>
			<y7>308.804169</y7>
			<x8>157.519004</x8>
			<y8>311.199631</y8>
			<x9>164.289673</x9>
			<y9>306.695495</y9>
		</polygon>
	</object>
	<object>
		<name>redapple</name>
		<pose>Unspecified</pose>
		<truncated>0</truncated>
		<difficult>0</difficult>
		<occluded>0</occluded>
		<bndbox>
			<xmin>297</xmin>
			<xmax>370</xmax>
			<ymin>196</ymin>
			<ymax>260</ymax>
		</bndbox>
		<polygon>
			<x1>298.941635</x1>
			<y1>195</y1>
			<x2>295.967983</x2>
			<y2>211.614054</y2>
			<x3>298.518878</x3>
			<y3>227.430352</y3>
			<x4>305.751039</x4>
			<y4>243.904559</y4>
			<x5>319.75387</x5>
			<y5>255.87463</y5>
			<x6>338.353622</x6>
			<y6>259.397937</y6>
			<x7>353.14932</x7>
			<y7>256.021645</y7>
			<x8>367.358208</x8>
			<y8>232.55867899999998</y8>
			<x9>368.56919700000003</x9>
			<y9>219.089643</y9>
			<x10>358.114688</x10>
			<y10>195</y10>
			<x11>298.941635</x11>
			<y11>195</y11>
		</polygon>
	</object>
	<object>
		<name>greenapple</name>
		<pose>Unspecified</pose>
		<truncated>0</truncated>
		<difficult>0</difficult>
		<occluded>0</occluded>
		<bndbox>
			<xmin>271</xmin>
			<xmax>298</xmax>
			<ymin>303</ymin>
			<ymax>337</ymax>
		</bndbox>
		<polygon>
			<x1>293.84601499999997</x1>
			<y1>328.613204</y1>
			<x2>296.937944</x2>
			<y2>316.317799</y2>
			<x3>292.966401</x3>
			<y3>305.75753299999997</y3>
			<x4>283.311063</x4>
			<y4>301.67271800000003</y4>
			<x5>272.82068300000003</x5>
			<y5>308.381929</y5>
			<x6>270.146875</x6>
			<y6>322.554661</y6>
			<x7>274.118418</x7>
			<y7>333.11492699999997</y7>
			<x8>283.899073</x8>
			<y8>336.30807200000004</y8>
			<x9>293.84601499999997</x9>
			<y9>328.613204</y9>
		</polygon>
	</object>
</annotation>
