<annotation>
	<folder></folder>
	<filename>image_12_png.rf.1cbe82079ef086283e144198e85364b1.jpg</filename>
	<path>image_12_png.rf.1cbe82079ef086283e144198e85364b1.jpg</path>
	<source>
		<database>roboflow.ai</database>
	</source>
	<size>
		<width>416</width>
		<height>416</height>
		<depth>3</depth>
	</size>
	<segmented>0</segmented>
	<object>
		<name>orange</name>
		<pose>Unspecified</pose>
		<truncated>0</truncated>
		<difficult>0</difficult>
		<occluded>0</occluded>
		<bndbox>
			<xmin>4</xmin>
			<xmax>169</xmax>
			<ymin>132</ymin>
			<ymax>217</ymax>
		</bndbox>
		<polygon>
			<x1>167.689643</x1>
			<y1>216</y1>
			<x2>166.410445</x2>
			<y2>204.098187</y2>
			<x3>150.772383</x3>
			<y3>168.161488</y3>
			<x4>128.498081</x4>
			<y4>143.074366</y4>
			<x5>95.805605</x5>
			<y5>131.660472</y5>
			<x6>59.089656</x6>
			<y6>130.959227</y6>
			<x7>38.0832</x7>
			<y7>142.561916</y7>
			<x8>28.742715</x8>
			<y8>151.802919</y8>
			<x9>8.409497</x9>
			<y9>188.749644</y9>
			<x10>3.021056</x10>
			<y10>210.910764</y10>
			<x11>2.781169</x11>
			<y11>216</y11>
			<x12>167.689643</x12>
			<y12>216</y12>
		</polygon>
	</object>
	<object>
		<name>mango</name>
		<pose>Unspecified</pose>
		<truncated>0</truncated>
		<difficult>0</difficult>
		<occluded>0</occluded>
		<bndbox>
			<xmin>238</xmin>
			<xmax>313</xmax>
			<ymin>1</ymin>
			<ymax>156</ymax>
		</bndbox>
		<polygon>
			<x1>237</x1>
			<y1>0</y1>
			<x2>237</x2>
			<y2>154.632395</y2>
			<x3>246.289583</x3>
			<y3>150.704966</y3>
			<x4>272.808853</x4>
			<y4>131.812172</y4>
			<x5>297.002635</x5>
			<y5>106.04006</y5>
			<x6>308.407019</x6>
			<y6>86.189104</y6>
			<x7>312.443338</x7>
			<y7>63.223697</y7>
			<x8>309.307395</x8>
			<y8>28.382088</y8>
			<x9>296.922445</x9>
			<y9>4.526984</y9>
			<x10>292.367515</x10>
			<y10>0</y10>
			<x11>237</x11>
			<y11>0</y11>
		</polygon>
	</object>
	<object>
		<name>redapple</name>
		<pose>Unspecified</pose>
		<truncated>0</truncated>
		<difficult>0</difficult>
		<occluded>0</occluded>
		<bndbox>
			<xmin>121</xmin>
			<xmax>193</xmax>
			<ymin>217</ymin>
			<ymax>276</ymax>
		</bndbox>
		<polygon>
			<x1>122.284385</x1>
			<y1>216</y1>
			<x2>120.228675</x2>
			<y2>219.924372</y2>
			<x3>119.745594</x3>
			<y3>235.70237</y3>
			<x4>125.141237</x4>
			<y4>251.172278</y4>
			<x5>134.410291</x5>
			<y5>265.564038</y5>
			<x6>148.630445</x6>
			<y6>274.445431</y6>
			<x7>170.930439</x7>
			<y7>275.027035</y7>
			<x8>182.459194</x8>
			<y8>270.047094</y8>
			<x9>186.149648</x9>
			<y9>265.477941</y9>
			<x10>192.23702</x10>
			<y10>244.15534</y10>
			<x11>190.897744</x11>
			<y11>231.098294</y11>
			<x12>180.557193</x12>
			<y12>216</y12>
			<x13>122.284385</x13>
			<y13>216</y13>
		</polygon>
	</object>
	<object>
		<name>orange</name>
		<pose>Unspecified</pose>
		<truncated>0</truncated>
		<difficult>0</difficult>
		<occluded>0</occluded>
		<bndbox>
			<xmin>255</xmin>
			<xmax>311</xmax>
			<ymin>226</ymin>
			<ymax>298</ymax>
		</bndbox>
		<polygon>
			<x1>268.781998</x1>
			<y1>225.251045</y1>
			<x2>258.226609</x2>
			<y2>236.306017</y2>
			<x3>254.340352</x3>
			<y3>249.636921</y3>
			<x4>254.556201</x4>
			<y4>266.253439</y4>
			<x5>260.089062</x5>
			<y5>284.34160199999997</y5>
			<x6>274.492171</x6>
			<y6>296.714001</y6>
			<x7>290.16877</x7>
			<y7>295.892425</y7>
			<x8>299.084759</x8>
			<y8>291.049413</y8>
			<x9>306.935904</x9>
			<y9>278.385867</y9>
			<x10>309.515777</x10>
			<y10>265.123427</y10>
			<x11>308.692475</x11>
			<y11>249.413894</y11>
			<x12>304.83191</x12>
			<y12>238.239281</y12>
			<x13>292.342637</x13>
			<y13>224.891434</y13>
			<x14>268.781998</x14>
			<y14>225.251045</y14>
		</polygon>
	</object>
</annotation>
