<annotation>
	<folder></folder>
	<filename>image_178_png.rf.acec74b787793eea850be4e262c6f699.jpg</filename>
	<path>image_178_png.rf.acec74b787793eea850be4e262c6f699.jpg</path>
	<source>
		<database>roboflow.ai</database>
	</source>
	<size>
		<width>416</width>
		<height>416</height>
		<depth>3</depth>
	</size>
	<segmented>0</segmented>
	<object>
		<name>mango</name>
		<pose>Unspecified</pose>
		<truncated>0</truncated>
		<difficult>0</difficult>
		<occluded>0</occluded>
		<bndbox>
			<xmin>274</xmin>
			<xmax>350</xmax>
			<ymin>88</ymin>
			<ymax>154</ymax>
		</bndbox>
		<polygon>
			<x1>297.752574</x1>
			<y1>87</y1>
			<x2>293.244022</x2>
			<y2>90.51771600000001</y2>
			<x3>273.426193</x3>
			<y3>125.307515</y3>
			<x4>274.268603</x4>
			<y4>139.569555</y4>
			<x5>282.77684</x5>
			<y5>149.206776</y5>
			<x6>297.248911</x6>
			<y6>152.834522</y6>
			<x7>324.713681</x7>
			<y7>143.27327</y7>
			<x8>338.13102100000003</x8>
			<y8>131.787409</y8>
			<x9>346.656424</x9>
			<y9>114.285206</y9>
			<x10>348.581034</x10>
			<y10>100.237775</y10>
			<x11>342.777398</x11>
			<y11>87</y11>
			<x12>297.752574</x12>
			<y12>87</y12>
		</polygon>
	</object>
	<object>
		<name>capsicum</name>
		<pose>Unspecified</pose>
		<truncated>0</truncated>
		<difficult>0</difficult>
		<occluded>0</occluded>
		<bndbox>
			<xmin>161</xmin>
			<xmax>186</xmax>
			<ymin>240</ymin>
			<ymax>275</ymax>
		</bndbox>
		<polygon>
			<x1>185.429166</x1>
			<y1>262.11974499999997</y1>
			<x2>182.035486</x2>
			<y2>243.06678</y2>
			<x3>177.568189</x3>
			<y3>238.753574</y3>
			<x4>167.349379</x4>
			<y4>241.301409</y4>
			<x5>160.320513</x5>
			<y5>248.480931</y5>
			<x6>162.017353</x6>
			<y6>258.00741400000004</y6>
			<x7>168.820165</x7>
			<y7>271.687863</y7>
			<x8>179.674218</x8>
			<y8>274.408673</y8>
			<x9>185.429166</x9>
			<y9>262.11974499999997</y9>
		</polygon>
	</object>
	<object>
		<name>redapple</name>
		<pose>Unspecified</pose>
		<truncated>0</truncated>
		<difficult>0</difficult>
		<occluded>0</occluded>
		<bndbox>
			<xmin>316</xmin>
			<xmax>391</xmax>
			<ymin>208</ymin>
			<ymax>290</ymax>
		</bndbox>
		<polygon>
			<x1>357.238071</x1>
			<y1>211.142431</y1>
			<x2>340.637654</x2>
			<y2>207.140837</y2>
			<x3>329.14149199999997</x3>
			<y3>210.00715200000002</y3>
			<x4>321.68627000000004</x4>
			<y4>218.197482</y4>
			<x5>314.647104</x5>
			<y5>241.660658</y5>
			<x6>318.254821</x6>
			<y6>258.851249</y6>
			<x7>325.271669</x7>
			<y7>270.66932399999996</y7>
			<x8>339.52455299999997</x8>
			<y8>284.30127100000004</y8>
			<x9>352.931592</x9>
			<y9>289.099064</y9>
			<x10>375.70988</x10>
			<y10>285.228809</y10>
			<x11>385.505768</x11>
			<y11>278.263896</y11>
			<x12>388.27622299999996</x12>
			<y12>273.050619</y12>
			<x13>387.005739</x13>
			<y13>262.51333</y13>
			<x14>390.205985</x14>
			<y14>250.861361</y14>
			<x15>384.680524</x15>
			<y15>236.862432</y15>
			<x16>357.238071</x16>
			<y16>211.142431</y16>
		</polygon>
	</object>
</annotation>
