<annotation>
	<folder></folder>
	<filename>image_62_png.rf.54ff3c8b03cf0f4c070a3d988e5f6321.jpg</filename>
	<path>image_62_png.rf.54ff3c8b03cf0f4c070a3d988e5f6321.jpg</path>
	<source>
		<database>roboflow.ai</database>
	</source>
	<size>
		<width>416</width>
		<height>416</height>
		<depth>3</depth>
	</size>
	<segmented>0</segmented>
	<object>
		<name>greenapple</name>
		<pose>Unspecified</pose>
		<truncated>0</truncated>
		<difficult>0</difficult>
		<occluded>0</occluded>
		<bndbox>
			<xmin>242</xmin>
			<xmax>267</xmax>
			<ymin>65</ymin>
			<ymax>96</ymax>
		</bndbox>
		<polygon>
			<x1>265.992751</x1>
			<y1>82.218608</y1>
			<x2>262.78144499999996</x2>
			<y2>70.286549</y2>
			<x3>256.148387</x3>
			<y3>64.488082</y3>
			<x4>246.276824</x4>
			<y4>65.685301</y4>
			<x5>241.28389900000002</x5>
			<y5>73.954947</y5>
			<x6>243.386673</x6>
			<y6>87.023678</y6>
			<x7>252.507127</x7>
			<y7>94.996571</y7>
			<x8>261.549558</x8>
			<y8>93.074543</y8>
			<x9>265.992751</x9>
			<y9>82.218608</y9>
		</polygon>
	</object>
	<object>
		<name>mango</name>
		<pose>Unspecified</pose>
		<truncated>0</truncated>
		<difficult>0</difficult>
		<occluded>0</occluded>
		<bndbox>
			<xmin>45</xmin>
			<xmax>99</xmax>
			<ymin>138</ymin>
			<ymax>174</ymax>
		</bndbox>
		<polygon>
			<x1>43.932183</x1>
			<y1>137</y1>
			<x2>43.528762</x2>
			<y2>142.663126</y2>
			<x3>49.314553</x3>
			<y3>160.355283</y3>
			<x4>57.143232</x4>
			<y4>168.602752</y4>
			<x5>67.468372</x5>
			<y5>172.715397</y5>
			<x6>82.044395</x6>
			<y6>171.41926</y6>
			<x7>89.891206</x7>
			<y7>167.048231</y7>
			<x8>95.992663</x8>
			<y8>157.641912</y8>
			<x9>97.852304</x9>
			<y9>147.335128</y9>
			<x10>95.655505</x10>
			<y10>137</y10>
			<x11>43.932183</x11>
			<y11>137</y11>
		</polygon>
	</object>
	<object>
		<name>redapple</name>
		<pose>Unspecified</pose>
		<truncated>0</truncated>
		<difficult>0</difficult>
		<occluded>0</occluded>
		<bndbox>
			<xmin>150</xmin>
			<xmax>221</xmax>
			<ymin>138</ymin>
			<ymax>185</ymax>
		</bndbox>
		<polygon>
			<x1>149.45925</x1>
			<y1>137</y1>
			<x2>149.182298</x2>
			<y2>148.266583</y2>
			<x3>152.663938</x3>
			<y3>164.646411</y3>
			<x4>156.713444</x4>
			<y4>170.994029</y4>
			<x5>171.088089</x5>
			<y5>181.454293</y5>
			<x6>183.16765</x6>
			<y6>184.292979</y6>
			<x7>204.944596</x7>
			<y7>178.763101</y7>
			<x8>217.04228799999999</x8>
			<y8>168.983289</y8>
			<x9>220.037661</x9>
			<y9>138.612087</y9>
			<x10>219.366328</x10>
			<y10>137</y10>
			<x11>149.45925</x11>
			<y11>137</y11>
		</polygon>
	</object>
	<object>
		<name>orange</name>
		<pose>Unspecified</pose>
		<truncated>0</truncated>
		<difficult>0</difficult>
		<occluded>0</occluded>
		<bndbox>
			<xmin>312</xmin>
			<xmax>369</xmax>
			<ymin>138</ymin>
			<ymax>176</ymax>
		</bndbox>
		<polygon>
			<x1>310.87583</x1>
			<y1>137</y1>
			<x2>312.63370299999997</x2>
			<y2>148.664707</y2>
			<x3>316.770298</x3>
			<y3>158.597998</y3>
			<x4>320.819803</x4>
			<y4>164.945616</y4>
			<x5>333.536185</x5>
			<y5>173.956263</y5>
			<x6>345.89514399999996</x6>
			<y6>174.933469</y6>
			<x7>359.371702</x7>
			<y7>168.464754</y7>
			<x8>366.861091</x8>
			<y8>156.060284</y8>
			<x9>368.25808900000004</x9>
			<y9>146.752884</y9>
			<x10>367.050348</x10>
			<y10>137</y10>
			<x11>310.87583</x11>
			<y11>137</y11>
		</polygon>
	</object>
	<object>
		<name>mango</name>
		<pose>Unspecified</pose>
		<truncated>0</truncated>
		<difficult>0</difficult>
		<occluded>0</occluded>
		<bndbox>
			<xmin>332</xmin>
			<xmax>387</xmax>
			<ymin>380</ymin>
			<ymax>417</ymax>
		</bndbox>
		<polygon>
			<x1>385.627291</x1>
			<y1>416</y1>
			<x2>386.049248</x2>
			<y2>411.482949</y2>
			<x3>383.117341</x3>
			<y3>397.68941</y3>
			<x4>365.984965</x4>
			<y4>380.606951</y4>
			<x5>358.79310899999996</x5>
			<y5>378.53144499999996</y5>
			<x6>343.937687</x6>
			<y6>381.68906200000004</y6>
			<x7>334.423545</x7>
			<y7>390.919722</y7>
			<x8>331.55152799999996</x8>
			<y8>399.639602</y8>
			<x9>330.80041800000004</x9>
			<y9>408.809715</y9>
			<x10>332.598923</x10>
			<y10>416</y10>
			<x11>385.627291</x11>
			<y11>416</y11>
		</polygon>
	</object>
</annotation>
