<annotation>
	<folder></folder>
	<filename>image_126_png.rf.50b6f649199ce386e97fe6a04a12b9bb.jpg</filename>
	<path>image_126_png.rf.50b6f649199ce386e97fe6a04a12b9bb.jpg</path>
	<source>
		<database>roboflow.ai</database>
	</source>
	<size>
		<width>416</width>
		<height>416</height>
		<depth>3</depth>
	</size>
	<segmented>0</segmented>
	<object>
		<name>mango</name>
		<pose>Unspecified</pose>
		<truncated>0</truncated>
		<difficult>0</difficult>
		<occluded>0</occluded>
		<bndbox>
			<xmin>258</xmin>
			<xmax>290</xmax>
			<ymin>112</ymin>
			<ymax>175</ymax>
		</bndbox>
		<polygon>
			<x1>257</x1>
			<y1>174</y1>
			<x2>273.001873</x2>
			<y2>174</y2>
			<x3>280.7309</x3>
			<y3>164.736864</y3>
			<x4>288.667455</x4>
			<y4>139.204026</y4>
			<x5>284.454332</x5>
			<y5>123.480434</y5>
			<x6>268.422821</x6>
			<y6>110.923568</y6>
			<x7>257</x7>
			<y7>111.911057</y7>
			<x8>257</x8>
			<y8>174</y8>
		</polygon>
	</object>
	<object>
		<name>orange</name>
		<pose>Unspecified</pose>
		<truncated>0</truncated>
		<difficult>0</difficult>
		<occluded>0</occluded>
		<bndbox>
			<xmin>98</xmin>
			<xmax>258</xmax>
			<ymin>235</ymin>
			<ymax>417</ymax>
		</bndbox>
		<polygon>
			<x1>257</x1>
			<y1>416</y1>
			<x2>257</x2>
			<y2>281.533945</y2>
			<x3>239.133081</x3>
			<y3>258.074108</y3>
			<x4>211.991382</x4>
			<y4>238.195461</y4>
			<x5>182.685489</x5>
			<y5>233.876704</y5>
			<x6>137.524515</x6>
			<y6>241.296302</y6>
			<x7>124.90671</x7>
			<y7>249.35848099999998</y7>
			<x8>111.112582</x8>
			<y8>266.162104</y8>
			<x9>100.783779</x9>
			<y9>293.272191</y9>
			<x10>97.963008</x10>
			<y10>309.008012</y10>
			<x11>96.826284</x11>
			<y11>333.655089</y11>
			<x12>99.583412</x12>
			<y12>354.450064</y12>
			<x13>116.675982</x13>
			<y13>405.10886</y13>
			<x14>123.411311</x14>
			<y14>416</y14>
			<x15>257</x15>
			<y15>416</y15>
		</polygon>
	</object>
	<object>
		<name>capsicum</name>
		<pose>Unspecified</pose>
		<truncated>0</truncated>
		<difficult>0</difficult>
		<occluded>0</occluded>
		<bndbox>
			<xmin>343</xmin>
			<xmax>417</xmax>
			<ymin>175</ymin>
			<ymax>402</ymax>
		</bndbox>
		<polygon>
			<x1>416</x1>
			<y1>174</y1>
			<x2>393.59180200000003</x2>
			<y2>174</y2>
			<x3>353.185034</x3>
			<y3>186.962803</y3>
			<x4>342.485339</x4>
			<y4>204.809773</y4>
			<x5>341.622276</x5>
			<y5>246.236019</y5>
			<x6>355.243508</x6>
			<y6>299.697458</y6>
			<x7>385.69567</x7>
			<y7>360.820308</y7>
			<x8>412.03193899999997</x8>
			<y8>398.70351500000004</y8>
			<x9>416</x9>
			<y9>400.96351000000004</y9>
			<x10>416</x10>
			<y10>174</y10>
		</polygon>
	</object>
</annotation>
