<annotation>
	<folder></folder>
	<filename>image_151_png.rf.58e82a21f39d091d531d19e9472e781f.jpg</filename>
	<path>image_151_png.rf.58e82a21f39d091d531d19e9472e781f.jpg</path>
	<source>
		<database>roboflow.ai</database>
	</source>
	<size>
		<width>416</width>
		<height>416</height>
		<depth>3</depth>
	</size>
	<segmented>0</segmented>
	<object>
		<name>greenapple</name>
		<pose>Unspecified</pose>
		<truncated>0</truncated>
		<difficult>0</difficult>
		<occluded>0</occluded>
		<bndbox>
			<xmin>108</xmin>
			<xmax>151</xmax>
			<ymin>21</ymin>
			<ymax>83</ymax>
		</bndbox>
		<polygon>
			<x1>107.047768</x1>
			<y1>68.789702</y1>
			<x2>119.297437</x2>
			<y2>81.731557</y2>
			<x3>140.971931</x3>
			<y3>79.690057</y3>
			<x4>147.239371</x4>
			<y4>69.400116</y4>
			<x5>149.702997</x5>
			<y5>38.48098</y5>
			<x6>143.025774</x6>
			<y6>27.963851</y6>
			<x7>132.4177</x7>
			<y7>20.369497</y7>
			<x8>118.794231</x8>
			<y8>20.177884</y8>
			<x9>111.705993</x9>
			<y9>27.794074</y9>
			<x10>108.201109</x10>
			<y10>38.844824</y10>
			<x11>107.047768</x11>
			<y11>68.789702</y11>
		</polygon>
	</object>
	<object>
		<name>greenapple</name>
		<pose>Unspecified</pose>
		<truncated>0</truncated>
		<difficult>0</difficult>
		<occluded>0</occluded>
		<bndbox>
			<xmin>349</xmin>
			<xmax>373</xmax>
			<ymin>71</ymin>
			<ymax>104</ymax>
		</bndbox>
		<polygon>
			<x1>371.273678</x1>
			<y1>96.235907</y1>
			<x2>371.526517</x2>
			<y2>88.072356</y2>
			<x3>367.46986300000003</x3>
			<y3>75.606712</y3>
			<x4>358.31406300000003</x4>
			<y4>69.747425</y4>
			<x5>348.65258600000004</x5>
			<y5>80.215239</y5>
			<x6>347.72094100000004</x6>
			<y6>88.414364</y6>
			<x7>353.861346</x7>
			<y7>101.676394</y7>
			<x8>361.422883</x8>
			<y8>103.091287</y8>
			<x9>371.273678</x9>
			<y9>96.235907</y9>
		</polygon>
	</object>
	<object>
		<name>greenapple</name>
		<pose>Unspecified</pose>
		<truncated>0</truncated>
		<difficult>0</difficult>
		<occluded>0</occluded>
		<bndbox>
			<xmin>78</xmin>
			<xmax>192</xmax>
			<ymin>277</ymin>
			<ymax>417</ymax>
		</bndbox>
		<polygon>
			<x1>191</x1>
			<y1>416</y1>
			<x2>191</x2>
			<y2>276.244731</y2>
			<x3>158.664028</x3>
			<y3>276.28463</y3>
			<x4>113.373278</x4>
			<y4>282.280573</y4>
			<x5>93.766346</x5>
			<y5>297.797551</y5>
			<x6>81.373454</x6>
			<y6>321.08675800000003</y6>
			<x7>76.842266</x7>
			<y7>338.530417</y7>
			<x8>77.898477</x8>
			<y8>384.660098</y8>
			<x9>81.607633</x9>
			<y9>403.483076</y9>
			<x10>86.463364</x10>
			<y10>416</y10>
			<x11>191</x11>
			<y11>416</y11>
		</polygon>
	</object>
	<object>
		<name>capsicum</name>
		<pose>Unspecified</pose>
		<truncated>0</truncated>
		<difficult>0</difficult>
		<occluded>0</occluded>
		<bndbox>
			<xmin>210</xmin>
			<xmax>233</xmax>
			<ymin>331</ymin>
			<ymax>368</ymax>
		</bndbox>
		<polygon>
			<x1>230.941576</x1>
			<y1>357.1905</y1>
			<x2>231.84208</x2>
			<y2>335.409173</y2>
			<x3>228.164065</x3>
			<y3>330.16839600000003</y3>
			<x4>217.303153</x4>
			<y4>330.737592</y4>
			<x5>210.025596</x5>
			<y5>334.741348</y5>
			<x6>209.47259</x6>
			<y6>350.165341</y6>
			<x7>214.255381</x7>
			<y7>363.49852</y7>
			<x8>223.269192</x8>
			<y8>366.648481</y8>
			<x9>230.941576</x9>
			<y9>357.1905</y9>
		</polygon>
	</object>
	<object>
		<name>redapple</name>
		<pose>Unspecified</pose>
		<truncated>0</truncated>
		<difficult>0</difficult>
		<occluded>0</occluded>
		<bndbox>
			<xmin>356</xmin>
			<xmax>406</xmax>
			<ymin>173</ymin>
			<ymax>249</ymax>
		</bndbox>
		<polygon>
			<x1>392.866269</x1>
			<y1>173.925727</y1>
			<x2>376.432912</x2>
			<y2>172.070197</y2>
			<x3>362.998761</x3>
			<y3>175.491017</y3>
			<x4>357.268137</x4>
			<y4>183.036058</y4>
			<x5>355.026208</x5>
			<y5>192.209441</y5>
			<x6>356.020136</x6>
			<y6>211.17471799999998</y6>
			<x7>370.574017</x7>
			<y7>242.107593</y7>
			<x8>380.40862400000003</x8>
			<y8>247.931306</y8>
			<x9>387.196694</x9>
			<y9>247.575558</y9>
			<x10>395.200388</x10>
			<y10>244.439336</y10>
			<x11>402.004646</x11>
			<y11>231.404495</y11>
			<x12>404.594073</x12>
			<y12>215.87377800000002</y12>
			<x13>403.505485</x13>
			<y13>195.102283</y13>
			<x14>398.675365</x14>
			<y14>180.865997</y14>
			<x15>392.866269</x15>
			<y15>173.925727</y15>
		</polygon>
	</object>
	<object>
		<name>orange</name>
		<pose>Unspecified</pose>
		<truncated>0</truncated>
		<difficult>0</difficult>
		<occluded>0</occluded>
		<bndbox>
			<xmin>386</xmin>
			<xmax>417</xmax>
			<ymin>362</ymin>
			<ymax>417</ymax>
		</bndbox>
		<polygon>
			<x1>416</x1>
			<y1>416</y1>
			<x2>416</x2>
			<y2>361.719374</y2>
			<x3>401.984754</x3>
			<y3>360.90475100000003</y3>
			<x4>392.765435</x4>
			<y4>366.82144800000003</y4>
			<x5>385.377029</x5>
			<y5>381.69808</y5>
			<x6>387.854372</x6>
			<y6>415.980627</y6>
			<x7>387.8669</x7>
			<y7>416</y7>
			<x8>416</x8>
			<y8>416</y8>
		</polygon>
	</object>
</annotation>
