<annotation>
	<folder></folder>
	<filename>image_61_png.rf.94ac0ce71b27c2bd317330d1ac1933f4.jpg</filename>
	<path>image_61_png.rf.94ac0ce71b27c2bd317330d1ac1933f4.jpg</path>
	<source>
		<database>roboflow.ai</database>
	</source>
	<size>
		<width>416</width>
		<height>416</height>
		<depth>3</depth>
	</size>
	<segmented>0</segmented>
	<object>
		<name>capsicum</name>
		<pose>Unspecified</pose>
		<truncated>0</truncated>
		<difficult>0</difficult>
		<occluded>0</occluded>
		<bndbox>
			<xmin>107</xmin>
			<xmax>130</xmax>
			<ymin>152</ymin>
			<ymax>187</ymax>
		</bndbox>
		<polygon>
			<x1>129.198979</x1>
			<y1>176.989015</y1>
			<x2>128.579417</x2>
			<y2>155.479297</y2>
			<x3>123.943706</x3>
			<y3>150.652044</y3>
			<x4>110.667205</x4>
			<y4>152.282193</y4>
			<x5>106.118157</x5>
			<y5>159.136601</y5>
			<x6>110.72067</x6>
			<y6>180.157274</y6>
			<x7>116.128998</x7>
			<y7>185.78907</y7>
			<x8>123.539867</x8>
			<y8>185.778537</y8>
			<x9>129.198979</x9>
			<y9>176.989015</y9>
		</polygon>
	</object>
	<object>
		<name>orange</name>
		<pose>Unspecified</pose>
		<truncated>0</truncated>
		<difficult>0</difficult>
		<occluded>0</occluded>
		<bndbox>
			<xmin>196</xmin>
			<xmax>254</xmax>
			<ymin>1</ymin>
			<ymax>58</ymax>
		</bndbox>
		<polygon>
			<x1>197.177518</x1>
			<y1>0</y1>
			<x2>197.00471</x2>
			<y2>0.335409</y2>
			<x3>194.871245</x3>
			<y3>15.887299</y3>
			<x4>199.691343</x4>
			<y4>38.680072</y4>
			<x5>208.070286</x5>
			<y5>52.041793</y5>
			<x6>216.133915</x6>
			<y6>57.347559</y6>
			<x7>238.92155400000001</x7>
			<y7>56.348405</y7>
			<x8>248.00858499999998</x8>
			<y8>48.037394</y8>
			<x9>252.90614399999998</x9>
			<y9>33.045524</y9>
			<x10>250.643617</x10>
			<y10>3.642866</y10>
			<x11>248.74436300000002</x11>
			<y11>0</y11>
			<x12>197.177518</x12>
			<y12>0</y12>
		</polygon>
	</object>
	<object>
		<name>redapple</name>
		<pose>Unspecified</pose>
		<truncated>0</truncated>
		<difficult>0</difficult>
		<occluded>0</occluded>
		<bndbox>
			<xmin>331</xmin>
			<xmax>403</xmax>
			<ymin>80</ymin>
			<ymax>162</ymax>
		</bndbox>
		<polygon>
			<x1>373.480727</x1>
			<y1>82.098788</y1>
			<x2>360.987909</x2>
			<y2>79.135673</y2>
			<x3>344.392281</x3>
			<y3>81.17336</y3>
			<x4>336.632902</x4>
			<y4>89.321355</y4>
			<x5>330.276768</x5>
			<y5>114.385805</y5>
			<x6>331.23377600000003</x6>
			<y6>133.155865</y6>
			<x7>337.621243</x7>
			<y7>146.762109</y7>
			<x8>351.093199</x8>
			<y8>157.699672</y8>
			<x9>361.594542</x9>
			<y9>160.907308</y9>
			<x10>382.064327</x10>
			<y10>157.494527</y10>
			<x11>395.243101</x11>
			<y11>149.580522</y11>
			<x12>401.6103</x12>
			<y12>119.118267</y12>
			<x13>400.52236700000003</x13>
			<y13>110.257769</y13>
			<x14>393.024836</x14>
			<y14>98.586639</y14>
			<x15>383.53583000000003</x15>
			<y15>87.160032</y15>
			<x16>373.480727</x16>
			<y16>82.098788</y16>
		</polygon>
	</object>
	<object>
		<name>greenapple</name>
		<pose>Unspecified</pose>
		<truncated>0</truncated>
		<difficult>0</difficult>
		<occluded>0</occluded>
		<bndbox>
			<xmin>180</xmin>
			<xmax>205</xmax>
			<ymin>95</ymin>
			<ymax>126</ymax>
		</bndbox>
		<polygon>
			<x1>203.519375</x1>
			<y1>113.760313</y1>
			<x2>202.105063</x2>
			<y2>102.241666</y2>
			<x3>195.042705</x3>
			<y3>94.114735</y3>
			<x4>184.976535</x4>
			<y4>94.451297</y4>
			<x5>178.762392</x5>
			<y5>104.208377</y5>
			<x6>180.285497</x6>
			<y6>116.613074</y6>
			<x7>189.448123</x7>
			<y7>125.381533</y7>
			<x8>197.414025</x8>
			<y8>124.403443</y8>
			<x9>203.519375</x9>
			<y9>113.760313</y9>
		</polygon>
	</object>
	<object>
		<name>mango</name>
		<pose>Unspecified</pose>
		<truncated>0</truncated>
		<difficult>0</difficult>
		<occluded>0</occluded>
		<bndbox>
			<xmin>55</xmin>
			<xmax>135</xmax>
			<ymin>346</ymin>
			<ymax>417</ymax>
		</bndbox>
		<polygon>
			<x1>98.606143</x1>
			<y1>416</y1>
			<x2>104.238985</x2>
			<y2>414.334439</y2>
			<x3>119.191647</x3>
			<y3>404.403812</y3>
			<x4>131.064903</x4>
			<y4>385.85721</y4>
			<x5>134.188573</x5>
			<y5>372.88196</y5>
			<x6>129.357408</x6>
			<y6>355.486994</y6>
			<x7>114.557801</x7>
			<y7>344.712446</y7>
			<x8>93.87043</x8>
			<y8>346.35312799999997</y8>
			<x9>76.588847</x9>
			<y9>359.26793499999997</y9>
			<x10>56.40118</x10>
			<y10>386.93009</y10>
			<x11>53.614955</x11>
			<y11>397.165682</y11>
			<x12>54.594094</x12>
			<y12>405.140131</y12>
			<x13>61.874039</x13>
			<y13>415.03916100000004</y13>
			<x14>65.676274</x14>
			<y14>416</y14>
			<x15>98.606143</x15>
			<y15>416</y15>
		</polygon>
	</object>
	<object>
		<name>redapple</name>
		<pose>Unspecified</pose>
		<truncated>0</truncated>
		<difficult>0</difficult>
		<occluded>0</occluded>
		<bndbox>
			<xmin>337</xmin>
			<xmax>414</xmax>
			<ymin>318</ymin>
			<ymax>404</ymax>
		</bndbox>
		<polygon>
			<x1>354.77362500000004</x1>
			<y1>318.207758</y1>
			<x2>346.241627</x2>
			<y2>325.551212</y2>
			<x3>336.34878000000003</x3>
			<y3>349.251098</y3>
			<x4>338.633438</x4>
			<y4>367.85814300000004</y4>
			<x5>347.55634699999996</x5>
			<y5>385.65011400000003</y5>
			<x6>356.936561</x6>
			<y6>396.190672</y6>
			<x7>374.62012</x7>
			<y7>403.013483</y7>
			<x8>395.862522</x8>
			<y8>400.40524400000004</y8>
			<x9>405.830964</x9>
			<y9>393.784825</y9>
			<x10>412.524543</x10>
			<y10>365.98072</y10>
			<x11>405.593109</x11>
			<y11>347.944227</y11>
			<x12>384.297242</x12>
			<y12>322.677385</y12>
			<x13>371.478045</x13>
			<y13>317.056121</y13>
			<x14>354.77362500000004</x14>
			<y14>318.207758</y14>
		</polygon>
	</object>
</annotation>
