<annotation>
	<folder></folder>
	<filename>image_156_png.rf.77ea7c98cee5d0d6d37c0aec9a9836ad.jpg</filename>
	<path>image_156_png.rf.77ea7c98cee5d0d6d37c0aec9a9836ad.jpg</path>
	<source>
		<database>roboflow.ai</database>
	</source>
	<size>
		<width>416</width>
		<height>416</height>
		<depth>3</depth>
	</size>
	<segmented>0</segmented>
	<object>
		<name>orange</name>
		<pose>Unspecified</pose>
		<truncated>0</truncated>
		<difficult>0</difficult>
		<occluded>0</occluded>
		<bndbox>
			<xmin>39</xmin>
			<xmax>97</xmax>
			<ymin>152</ymin>
			<ymax>192</ymax>
		</bndbox>
		<polygon>
			<x1>95.294886</x1>
			<y1>191</y1>
			<x2>95.544804</x2>
			<y2>190.32842</y2>
			<x3>96.188498</x3>
			<y3>176.688419</y3>
			<x4>89.043817</x4>
			<y4>158.346461</y4>
			<x5>65.464827</x5>
			<y5>150.627493</y5>
			<x6>55.73277</x6>
			<y6>153.721215</y6>
			<x7>45.570884</x7>
			<y7>164.068031</y7>
			<x8>38.225988</x8>
			<y8>187.997661</y8>
			<x9>38.29095</x9>
			<y9>191</y9>
			<x10>95.294886</x10>
			<y10>191</y10>
		</polygon>
	</object>
	<object>
		<name>redapple</name>
		<pose>Unspecified</pose>
		<truncated>0</truncated>
		<difficult>0</difficult>
		<occluded>0</occluded>
		<bndbox>
			<xmin>371</xmin>
			<xmax>417</xmax>
			<ymin>127</ymin>
			<ymax>192</ymax>
		</bndbox>
		<polygon>
			<x1>416</x1>
			<y1>191</y1>
			<x2>416</x2>
			<y2>129.373618</y2>
			<x3>403.75483299999996</x3>
			<y3>126.320555</y3>
			<x4>388.184382</x4>
			<y4>133.4788</y4>
			<x5>380.402306</x5>
			<y5>145.339002</y5>
			<x6>370.46268499999996</x6>
			<y6>171.381791</y6>
			<x7>370.899864</x7>
			<y7>183.451218</y7>
			<x8>375.17085</x8>
			<y8>191</y8>
			<x9>416</x9>
			<y9>191</y9>
		</polygon>
	</object>
	<object>
		<name>capsicum</name>
		<pose>Unspecified</pose>
		<truncated>0</truncated>
		<difficult>0</difficult>
		<occluded>0</occluded>
		<bndbox>
			<xmin>159</xmin>
			<xmax>184</xmax>
			<ymin>251</ymin>
			<ymax>290</ymax>
		</bndbox>
		<polygon>
			<x1>157.722034</x1>
			<y1>267.648182</y1>
			<x2>157.727283</x2>
			<y2>281.449983</y2>
			<x3>166.165651</x3>
			<y3>289.074101</y3>
			<x4>176.977531</x4>
			<y4>281.649445</y4>
			<x5>183.45857</x5>
			<y5>261.184563</y5>
			<x6>180.860695</x6>
			<y6>255.016643</y6>
			<x7>173.506349</x7>
			<y7>254.10303199999998</y7>
			<x8>173.721263</x8>
			<y8>250.476484</y8>
			<x9>171.559517</x9>
			<y9>253.61763200000001</y9>
			<x10>161.394482</x10>
			<y10>255.683368</y10>
			<x11>157.722034</x11>
			<y11>267.648182</y11>
		</polygon>
	</object>
	<object>
		<name>orange</name>
		<pose>Unspecified</pose>
		<truncated>0</truncated>
		<difficult>0</difficult>
		<occluded>0</occluded>
		<bndbox>
			<xmin>122</xmin>
			<xmax>148</xmax>
			<ymin>398</ymin>
			<ymax>417</ymax>
		</bndbox>
		<polygon>
			<x1>144.987011</x1>
			<y1>416</y1>
			<x2>146.745636</x2>
			<y2>411.19666900000004</y2>
			<x3>144.57864</x3>
			<y3>400.536016</y3>
			<x4>136.5743</x4>
			<y4>396.700244</y4>
			<x5>127.923117</x5>
			<y5>398.223393</y5>
			<x6>121.006999</x6>
			<y6>412.139568</y6>
			<x7>121.865699</x7>
			<y7>416</y7>
			<x8>144.987011</x8>
			<y8>416</y8>
		</polygon>
	</object>
	<object>
		<name>mango</name>
		<pose>Unspecified</pose>
		<truncated>0</truncated>
		<difficult>0</difficult>
		<occluded>0</occluded>
		<bndbox>
			<xmin>196</xmin>
			<xmax>244</xmax>
			<ymin>192</ymin>
			<ymax>253</ymax>
		</bndbox>
		<polygon>
			<x1>211.714782</x1>
			<y1>191</y1>
			<x2>205.755897</x2>
			<y2>192.330837</y2>
			<x3>196.890849</x3>
			<y3>200.240893</y3>
			<x4>195</x4>
			<y4>203.923729</y4>
			<x5>195</x5>
			<y5>242.142346</y5>
			<x6>202.533226</x6>
			<y6>249.4894</y6>
			<x7>221.135582</x7>
			<y7>252.287422</y7>
			<x8>237.136911</x8>
			<y8>240.63644399999998</y8>
			<x9>243.183921</x9>
			<y9>216.383216</y9>
			<x10>234.524337</x10>
			<y10>195.823484</y10>
			<x11>221.01317699999998</x11>
			<y11>191</y11>
			<x12>211.714782</x12>
			<y12>191</y12>
		</polygon>
	</object>
	<object>
		<name>redapple</name>
		<pose>Unspecified</pose>
		<truncated>0</truncated>
		<difficult>0</difficult>
		<occluded>0</occluded>
		<bndbox>
			<xmin>320</xmin>
			<xmax>371</xmax>
			<ymin>329</ymin>
			<ymax>404</ymax>
		</bndbox>
		<polygon>
			<x1>334.935603</x1>
			<y1>329.422691</y1>
			<x2>327.80037200000004</x2>
			<y2>335.923972</y2>
			<x3>322.828987</x3>
			<y3>344.804828</y3>
			<x4>318.942673</x4>
			<y4>363.15654900000004</y4>
			<x5>325.44366</x5>
			<y5>395.138509</y5>
			<x6>332.800106</x6>
			<y6>401.57284000000004</y6>
			<x7>343.399171</x7>
			<y7>403.295451</y7>
			<x8>352.914213</x8>
			<y8>398.307555</y8>
			<x9>359.183487</x9>
			<y9>389.75030100000004</y9>
			<x10>369.985917</x10>
			<y10>357.482404</y10>
			<x11>365.651925</x11>
			<y11>336.16109700000004</y11>
			<x12>344.884675</x12>
			<y12>328.223142</y12>
			<x13>334.935603</x13>
			<y13>329.422691</y13>
		</polygon>
	</object>
</annotation>
