<annotation>
	<folder></folder>
	<filename>image_130_png.rf.7912299f800d3e6bb50e0ce97e0a208b.jpg</filename>
	<path>image_130_png.rf.7912299f800d3e6bb50e0ce97e0a208b.jpg</path>
	<source>
		<database>roboflow.ai</database>
	</source>
	<size>
		<width>416</width>
		<height>416</height>
		<depth>3</depth>
	</size>
	<segmented>0</segmented>
	<object>
		<name>capsicum</name>
		<pose>Unspecified</pose>
		<truncated>0</truncated>
		<difficult>0</difficult>
		<occluded>0</occluded>
		<bndbox>
			<xmin>11</xmin>
			<xmax>32</xmax>
			<ymin>1</ymin>
			<ymax>11</ymax>
		</bndbox>
		<polygon>
			<x1>9.828119</x1>
			<y1>0</y1>
			<x2>16.727635</x2>
			<y2>10.4641</y2>
			<x3>27.920633</x3>
			<y3>9.274503</y3>
			<x4>31.155973</x4>
			<y4>0</y4>
			<x5>9.828119</x5>
			<y5>0</y5>
		</polygon>
	</object>
	<object>
		<name>greenapple</name>
		<pose>Unspecified</pose>
		<truncated>0</truncated>
		<difficult>0</difficult>
		<occluded>0</occluded>
		<bndbox>
			<xmin>48</xmin>
			<xmax>72</xmax>
			<ymin>116</ymin>
			<ymax>145</ymax>
		</bndbox>
		<polygon>
			<x1>71.053883</x1>
			<y1>129.814745</y1>
			<x2>68.791935</x2>
			<y2>121.37304</y2>
			<x3>62.333578</x3>
			<y3>114.960539</y3>
			<x4>51.546185</x4>
			<y4>115.136674</y4>
			<x5>47.037737</x5>
			<y5>123.582943</y5>
			<x6>49.167058</x6>
			<y6>136.584081</y6>
			<x7>57.115212</x7>
			<y7>143.502172</y7>
			<x8>67.450214</x8>
			<y8>141.637695</y8>
			<x9>71.053883</x9>
			<y9>129.814745</y9>
		</polygon>
	</object>
	<object>
		<name>mango</name>
		<pose>Unspecified</pose>
		<truncated>0</truncated>
		<difficult>0</difficult>
		<occluded>0</occluded>
		<bndbox>
			<xmin>188</xmin>
			<xmax>417</xmax>
			<ymin>44</ymin>
			<ymax>209</ymax>
		</bndbox>
		<polygon>
			<x1>416</x1>
			<y1>64.098001</y1>
			<x2>412.39335700000004</x2>
			<y2>59.149216</y2>
			<x3>390.81084699999997</x3>
			<y3>46.836649</y3>
			<x4>367.47328600000003</x4>
			<y4>43.137358</y4>
			<x5>340.61789999999996</x5>
			<y5>43.999782</y5>
			<x6>308.396073</x6>
			<y6>52.633595</y6>
			<x7>291.836632</x7>
			<y7>61.59458</y7>
			<x8>261.205893</x8>
			<y8>88.802424</y8>
			<x9>197.339092</x9>
			<y9>163.821349</y9>
			<x10>187.963376</x10>
			<y10>184.429149</y10>
			<x11>186.905398</x11>
			<y11>208</y11>
			<x12>401.640059</x12>
			<y12>208</y12>
			<x13>416</x13>
			<y13>190.14452</y13>
			<x14>416</x14>
			<y14>64.098001</y14>
		</polygon>
	</object>
	<object>
		<name>redapple</name>
		<pose>Unspecified</pose>
		<truncated>0</truncated>
		<difficult>0</difficult>
		<occluded>0</occluded>
		<bndbox>
			<xmin>47</xmin>
			<xmax>116</xmax>
			<ymin>209</ymin>
			<ymax>254</ymax>
		</bndbox>
		<polygon>
			<x1>46.142695</x1>
			<y1>208</y1>
			<x2>48.24335</x2>
			<y2>228.3671</y2>
			<x3>55.879465</x3>
			<y3>241.702256</y3>
			<x4>69.155001</x4>
			<y4>250.811995</y4>
			<x5>79.989178</x5>
			<y5>253.337661</y5>
			<x6>95.378585</x6>
			<y6>250.118861</y6>
			<x7>112.523042</x7>
			<y7>238.286783</y7>
			<x8>115.089305</x8>
			<y8>227.64658500000002</y8>
			<x9>114.949239</x9>
			<y9>208</y9>
			<x10>46.142695</x10>
			<y10>208</y10>
		</polygon>
	</object>
	<object>
		<name>greenapple</name>
		<pose>Unspecified</pose>
		<truncated>0</truncated>
		<difficult>0</difficult>
		<occluded>0</occluded>
		<bndbox>
			<xmin>64</xmin>
			<xmax>88</xmax>
			<ymin>312</ymin>
			<ymax>343</ymax>
		</bndbox>
		<polygon>
			<x1>87.258309</x1>
			<y1>331.010471</y1>
			<x2>83.685976</x2>
			<y2>320.205546</y2>
			<x3>75.917234</x3>
			<y3>311.429824</y3>
			<x4>70.004834</x4>
			<y4>312.109267</y4>
			<x5>62.969185</x5>
			<y5>321.23269700000003</y5>
			<x6>63.561926</x6>
			<y6>331.026443</y6>
			<x7>71.151257</x7>
			<y7>341.659797</y7>
			<x8>82.344255</x8>
			<y8>340.4702</y8>
			<x9>87.258309</x9>
			<y9>331.010471</y9>
		</polygon>
	</object>
	<object>
		<name>orange</name>
		<pose>Unspecified</pose>
		<truncated>0</truncated>
		<difficult>0</difficult>
		<occluded>0</occluded>
		<bndbox>
			<xmin>159</xmin>
			<xmax>175</xmax>
			<ymin>301</ymin>
			<ymax>368</ymax>
		</bndbox>
		<polygon>
			<x1>158</x1>
			<y1>366.61294799999996</y1>
			<x2>161.516175</x2>
			<y2>365.670792</y2>
			<x3>169.636015</x3>
			<y3>358.066412</y3>
			<x4>173.8247</x4>
			<y4>343.372369</y4>
			<x5>173.364585</x5>
			<y5>329.01919</y5>
			<x6>168.435084</x6>
			<y6>313.149241</y6>
			<x7>160.619558</x7>
			<y7>301.671717</y7>
			<x8>158</x8>
			<y8>299.800694</y8>
			<x9>158</x9>
			<y9>366.61294799999996</y9>
		</polygon>
	</object>
	<object>
		<name>capsicum</name>
		<pose>Unspecified</pose>
		<truncated>0</truncated>
		<difficult>0</difficult>
		<occluded>0</occluded>
		<bndbox>
			<xmin>217</xmin>
			<xmax>254</xmax>
			<ymin>229</ymin>
			<ymax>283</ymax>
		</bndbox>
		<polygon>
			<x1>246.996821</x1>
			<y1>280.33655899999997</y1>
			<x2>252.542674</x2>
			<y2>270.707538</y2>
			<x3>252.21518700000001</x3>
			<y3>251.794925</y3>
			<x4>248.775481</x4>
			<y4>236.430567</y4>
			<x5>240.37493899999998</x5>
			<y5>227.824135</y5>
			<x6>224.12753700000002</x6>
			<y6>230.368055</y6>
			<x7>215.87507</x7>
			<y7>242.531868</y7>
			<x8>222.840325</x8>
			<y8>265.99935</y8>
			<x9>234.540221</x9>
			<y9>281.864735</y9>
			<x10>246.996821</x10>
			<y10>280.33655899999997</y10>
		</polygon>
	</object>
	<object>
		<name>greenapple</name>
		<pose>Unspecified</pose>
		<truncated>0</truncated>
		<difficult>0</difficult>
		<occluded>0</occluded>
		<bndbox>
			<xmin>241</xmin>
			<xmax>267</xmax>
			<ymin>373</ymin>
			<ymax>404</ymax>
		</bndbox>
		<polygon>
			<x1>266.067141</x1>
			<y1>391.943195</y1>
			<x2>263.12660900000003</x2>
			<y2>380.96898</y2>
			<x3>254.726066</x3>
			<y3>372.362548</y3>
			<x4>246.28646500000002</x4>
			<y4>373.719153</y4>
			<x5>240.33500600000002</x5>
			<y5>384.361634</y5>
			<x6>243.501733</x6>
			<y6>396.18002</y6>
			<x7>250.818085</x7>
			<y7>403.267402</y7>
			<x8>261.784889</x8>
			<y8>401.233635</y8>
			<x9>266.067141</x9>
			<y9>391.943195</y9>
		</polygon>
	</object>
	<object>
		<name>mango</name>
		<pose>Unspecified</pose>
		<truncated>0</truncated>
		<difficult>0</difficult>
		<occluded>0</occluded>
		<bndbox>
			<xmin>347</xmin>
			<xmax>401</xmax>
			<ymin>228</ymin>
			<ymax>290</ymax>
		</bndbox>
		<polygon>
			<x1>350.331407</x1>
			<y1>236.362114</y1>
			<x2>345.86974299999997</x2>
			<y2>247.510185</y2>
			<x3>345.877468</x3>
			<y3>260.175023</y3>
			<x4>353.60715</x4>
			<y4>278.91378199999997</y4>
			<x5>364.534895</x5>
			<y5>286.843052</y5>
			<x6>377.264473</x6>
			<y6>288.860846</y6>
			<x7>385.477881</x7>
			<y7>286.66007</y7>
			<x8>395.898728</x8>
			<y8>277.534359</y8>
			<x9>399.814433</x9>
			<y9>259.294344</y9>
			<x10>392.264162</x10>
			<y10>238.697954</y10>
			<x11>375.556644</x11>
			<y11>226.888694</y11>
			<x12>358.677441</x12>
			<y12>229.601905</y12>
			<x13>350.331407</x13>
			<y13>236.362114</y13>
		</polygon>
	</object>
</annotation>
