<annotation>
	<folder></folder>
	<filename>image_176_png.rf.8786501e1937e096d3e289dde8cac6d3.jpg</filename>
	<path>image_176_png.rf.8786501e1937e096d3e289dde8cac6d3.jpg</path>
	<source>
		<database>roboflow.ai</database>
	</source>
	<size>
		<width>416</width>
		<height>416</height>
		<depth>3</depth>
	</size>
	<segmented>0</segmented>
	<object>
		<name>mango</name>
		<pose>Unspecified</pose>
		<truncated>0</truncated>
		<difficult>0</difficult>
		<occluded>0</occluded>
		<bndbox>
			<xmin>132</xmin>
			<xmax>171</xmax>
			<ymin>170</ymin>
			<ymax>221</ymax>
		</bndbox>
		<polygon>
			<x1>170</x1>
			<y1>220</y1>
			<x2>170</x2>
			<y2>169.183315</y2>
			<x3>144.941255</x3>
			<y3>185.320892</y3>
			<x4>131.733096</x4>
			<y4>200.181921</y4>
			<x5>130.65358</x5>
			<y5>212.814088</y5>
			<x6>136.407678</x6>
			<y6>220</y6>
			<x7>170</x7>
			<y7>220</y7>
		</polygon>
	</object>
	<object>
		<name>redapple</name>
		<pose>Unspecified</pose>
		<truncated>0</truncated>
		<difficult>0</difficult>
		<occluded>0</occluded>
		<bndbox>
			<xmin>9</xmin>
			<xmax>59</xmax>
			<ymin>113</ymin>
			<ymax>188</ymax>
		</bndbox>
		<polygon>
			<x1>14.098746</x1>
			<y1>122.278958</y1>
			<x2>8.428993</x2>
			<y2>151.447308</y2>
			<x3>15.5508</x3>
			<y3>178.515656</y3>
			<x4>22.474941</x4>
			<y4>185.365289</y4>
			<x5>35.242176</x5>
			<y5>186.929702</y5>
			<x6>43.074021</x6>
			<y6>182.031056</y6>
			<x7>50.11979</x7>
			<y7>170.55861</y7>
			<x8>57.63081</x8>
			<y8>138.996308</y8>
			<x9>52.620912</x9>
			<y9>118.759476</y9>
			<x10>32.585916</x10>
			<y10>112.113209</y10>
			<x11>21.954917</x11>
			<y11>113.715896</y11>
			<x12>14.098746</x12>
			<y12>122.278958</y12>
		</polygon>
	</object>
	<object>
		<name>redapple</name>
		<pose>Unspecified</pose>
		<truncated>0</truncated>
		<difficult>0</difficult>
		<occluded>0</occluded>
		<bndbox>
			<xmin>175</xmin>
			<xmax>245</xmax>
			<ymin>1</ymin>
			<ymax>37</ymax>
		</bndbox>
		<polygon>
			<x1>174.322114</x1>
			<y1>0</y1>
			<x2>175.65766</x2>
			<y2>8.694654</y2>
			<x3>183.196066</x3>
			<y3>23.001976</y3>
			<x4>197.068672</x4>
			<y4>33.036826</y4>
			<x5>213.64159899999999</x5>
			<y5>36.258276</y5>
			<x6>228.765532</x6>
			<y6>32.777069</y6>
			<x7>242.85707100000002</x7>
			<y7>9.832177</y7>
			<x8>243.828778</x8>
			<y8>0</y8>
			<x9>174.322114</x9>
			<y9>0</y9>
		</polygon>
	</object>
	<object>
		<name>capsicum</name>
		<pose>Unspecified</pose>
		<truncated>0</truncated>
		<difficult>0</difficult>
		<occluded>0</occluded>
		<bndbox>
			<xmin>171</xmin>
			<xmax>186</xmax>
			<ymin>72</ymin>
			<ymax>127</ymax>
		</bndbox>
		<polygon>
			<x1>170</x1>
			<y1>125.950842</y1>
			<x2>176.253722</x2>
			<y2>118.88484</y2>
			<x3>183.839249</x3>
			<y3>101.09631</y3>
			<x4>185.238061</x4>
			<y4>90.360779</y4>
			<x5>183.150476</x5>
			<y5>79.864848</y5>
			<x6>170</x6>
			<y6>71.296355</y6>
			<x7>170</x7>
			<y7>125.950842</y7>
		</polygon>
	</object>
	<object>
		<name>redapple</name>
		<pose>Unspecified</pose>
		<truncated>0</truncated>
		<difficult>0</difficult>
		<occluded>0</occluded>
		<bndbox>
			<xmin>1</xmin>
			<xmax>33</xmax>
			<ymin>297</ymin>
			<ymax>381</ymax>
		</bndbox>
		<polygon>
			<x1>0</x1>
			<y1>379.640816</y1>
			<x2>13.015992</x2>
			<y2>376.913653</y2>
			<x3>20.528542</x3>
			<y3>370.118371</y3>
			<x4>26.076666</x4>
			<y4>359.272098</y4>
			<x5>31.133684</x5>
			<y5>347.413079</y5>
			<x6>32.04139</x6>
			<y6>335.6648</y6>
			<x7>18.953328</x7>
			<y7>307.43673</y7>
			<x8>7.560578</x8>
			<y8>298.801202</y8>
			<x9>0</x9>
			<y9>296.40089</y9>
			<x10>0</x10>
			<y10>379.640816</y10>
		</polygon>
	</object>
	<object>
		<name>greenapple</name>
		<pose>Unspecified</pose>
		<truncated>0</truncated>
		<difficult>0</difficult>
		<occluded>0</occluded>
		<bndbox>
			<xmin>274</xmin>
			<xmax>300</xmax>
			<ymin>241</ymin>
			<ymax>273</ymax>
		</bndbox>
		<polygon>
			<x1>295.475249</x1>
			<y1>267.717579</y1>
			<x2>299.378243</x2>
			<y2>254.71695499999998</y2>
			<x3>296.136636</x3>
			<y3>243.079417</y3>
			<x4>287.199418</x4>
			<y4>239.507626</y4>
			<x5>276.372283</x5>
			<y5>245.658618</y5>
			<x6>273.304016</x6>
			<y6>257.90421200000003</y6>
			<x7>275.563411</x7>
			<y7>267.516255</y7>
			<x8>286.980486</x8>
			<y8>272.487367</y8>
			<x9>295.475249</x9>
			<y9>267.717579</y9>
		</polygon>
	</object>
</annotation>
