<annotation>
	<folder></folder>
	<filename>image_193_png.rf.980bd40093d6953bd46a340904689c13.jpg</filename>
	<path>image_193_png.rf.980bd40093d6953bd46a340904689c13.jpg</path>
	<source>
		<database>roboflow.ai</database>
	</source>
	<size>
		<width>416</width>
		<height>416</height>
		<depth>3</depth>
	</size>
	<segmented>0</segmented>
	<object>
		<name>mango</name>
		<pose>Unspecified</pose>
		<truncated>0</truncated>
		<difficult>0</difficult>
		<occluded>0</occluded>
		<bndbox>
			<xmin>58</xmin>
			<xmax>142</xmax>
			<ymin>1</ymin>
			<ymax>32</ymax>
		</bndbox>
		<polygon>
			<x1>141</x1>
			<y1>0</y1>
			<x2>58.661865</x2>
			<y2>0</y2>
			<x3>57.109419</x3>
			<y3>7.303684</y3>
			<x4>61.249228</x4>
			<y4>20.099184</y4>
			<x5>70.631694</x5>
			<y5>27.592976</y5>
			<x6>101.380957</x6>
			<y6>31.37919</y6>
			<x7>121.80795</x7>
			<y7>25.638688</y7>
			<x8>134.448586</x8>
			<y8>14.576819</y8>
			<x9>141</x9>
			<y9>4.299306</y9>
			<x10>141</x10>
			<y10>0</y10>
		</polygon>
	</object>
	<object>
		<name>orange</name>
		<pose>Unspecified</pose>
		<truncated>0</truncated>
		<difficult>0</difficult>
		<occluded>0</occluded>
		<bndbox>
			<xmin>169</xmin>
			<xmax>351</xmax>
			<ymin>30</ymin>
			<ymax>242</ymax>
		</bndbox>
		<polygon>
			<x1>296.152052</x1>
			<y1>241</y1>
			<x2>307.097162</x2>
			<y2>232.209013</y2>
			<x3>330.11823400000003</x3>
			<y3>201.355625</y3>
			<x4>343.108318</x4>
			<y4>169.286666</y4>
			<x5>348.514022</x5>
			<y5>143.854829</y5>
			<x6>349.609087</x6>
			<y6>119.339898</y6>
			<x7>342.350797</x7>
			<y7>85.716759</y7>
			<x8>333.422661</x8>
			<y8>66.403981</y8>
			<x9>325.255711</x9>
			<y9>56.418812</y9>
			<x10>299.27141800000004</x10>
			<y10>39.896705</y10>
			<x11>260.4523</x11>
			<y11>28.895703</y11>
			<x12>242.926241</x12>
			<y12>30.669912</y12>
			<x13>223.908953</x13>
			<y13>39.459799</y13>
			<x14>195.637438</x14>
			<y14>69.197172</y14>
			<x15>177.777502</x15>
			<y15>104.813917</y15>
			<x16>170.224263</x16>
			<y16>137.121933</y16>
			<x17>168.107872</x17>
			<y17>169.669004</y17>
			<x18>175.463257</x18>
			<y18>206.062525</y18>
			<x19>185.234102</x19>
			<y19>224.637844</y19>
			<x20>199.874799</x20>
			<y20>239.665377</y20>
			<x21>202.284144</x21>
			<y21>241</y21>
			<x22>296.152052</x22>
			<y22>241</y22>
		</polygon>
	</object>
	<object>
		<name>redapple</name>
		<pose>Unspecified</pose>
		<truncated>0</truncated>
		<difficult>0</difficult>
		<occluded>0</occluded>
		<bndbox>
			<xmin>1</xmin>
			<xmax>47</xmax>
			<ymin>324</ymin>
			<ymax>415</ymax>
		</bndbox>
		<polygon>
			<x1>0</x1>
			<y1>410.008191</y1>
			<x2>14.484313</x2>
			<y2>413.745491</y2>
			<x3>28.728844</x3>
			<y3>411.273772</y3>
			<x4>44.82184</x4>
			<y4>387.197007</y4>
			<x5>45.648977</x5>
			<y5>373.624102</y5>
			<x6>31.730538</x6>
			<y6>335.835561</y6>
			<x7>19.439352</x7>
			<y7>325.890338</y7>
			<x8>9.124867</x8>
			<y8>322.781346</y8>
			<x9>0</x9>
			<y9>325.539732</y9>
			<x10>0</x10>
			<y10>410.008191</y10>
		</polygon>
	</object>
</annotation>
