<annotation>
	<folder></folder>
	<filename>image_54_png.rf.cd1ac666ff9287863a15babff00c2769.jpg</filename>
	<path>image_54_png.rf.cd1ac666ff9287863a15babff00c2769.jpg</path>
	<source>
		<database>roboflow.ai</database>
	</source>
	<size>
		<width>416</width>
		<height>416</height>
		<depth>3</depth>
	</size>
	<segmented>0</segmented>
	<object>
		<name>redapple</name>
		<pose>Unspecified</pose>
		<truncated>0</truncated>
		<difficult>0</difficult>
		<occluded>0</occluded>
		<bndbox>
			<xmin>1</xmin>
			<xmax>28</xmax>
			<ymin>92</ymin>
			<ymax>163</ymax>
		</bndbox>
		<polygon>
			<x1>0</x1>
			<y1>162.465649</y1>
			<x2>13.330952</x2>
			<y2>158.893631</y2>
			<x3>23.412445</x3>
			<y3>150.740722</y3>
			<x4>26.589256</x4>
			<y4>124.448788</y4>
			<x5>22.546219</x5>
			<y5>111.903164</y5>
			<x6>0</x6>
			<y6>90.587857</y6>
			<x7>0</x7>
			<y7>162.465649</y7>
		</polygon>
	</object>
	<object>
		<name>orange</name>
		<pose>Unspecified</pose>
		<truncated>0</truncated>
		<difficult>0</difficult>
		<occluded>0</occluded>
		<bndbox>
			<xmin>109</xmin>
			<xmax>146</xmax>
			<ymin>71</ymin>
			<ymax>145</ymax>
		</bndbox>
		<polygon>
			<x1>145</x1>
			<y1>71.03832</y1>
			<x2>143.392637</x2>
			<y2>69.527898</y2>
			<x3>118.777966</x3>
			<y3>74.306186</y3>
			<x4>111.875471</x4>
			<y4>81.607285</y4>
			<x5>108.061768</x5>
			<y5>95.349519</y5>
			<x6>111.8331</x6>
			<y6>117.053914</y6>
			<x7>116.920587</x7>
			<y7>128.411082</y7>
			<x8>128.411715</x8>
			<y8>140.778189</y8>
			<x9>136.768402</x9>
			<y9>143.990602</y9>
			<x10>145</x10>
			<y10>142.820718</y10>
			<x11>145</x11>
			<y11>71.03832</y11>
		</polygon>
	</object>
	<object>
		<name>orange</name>
		<pose>Unspecified</pose>
		<truncated>0</truncated>
		<difficult>0</difficult>
		<occluded>0</occluded>
		<bndbox>
			<xmin>146</xmin>
			<xmax>205</xmax>
			<ymin>56</ymin>
			<ymax>130</ymax>
		</bndbox>
		<polygon>
			<x1>157.895917</x1>
			<y1>58.911823</y1>
			<x2>149.494674</x2>
			<y2>65.705914</y2>
			<x3>145.045172</x3>
			<y3>79.61851</y3>
			<x4>149.497951</x4>
			<y4>103.866102</y4>
			<x5>154.585438</x5>
			<y5>115.22327</y5>
			<x6>164.986468</x6>
			<y6>126.065274</y6>
			<x7>173.343155</x7>
			<y7>129.277688</y7>
			<x8>195.368981</x8>
			<y8>122.467289</y8>
			<x9>203.81477999999998</x9>
			<y9>105.666695</y9>
			<x10>203.359389</x10>
			<y10>91.251167</y10>
			<x11>197.72630800000002</x11>
			<y11>72.771417</y11>
			<x12>187.506778</x12>
			<y12>60.063585</y12>
			<x13>179.331592</x13>
			<y13>54.985345</y13>
			<x14>157.895917</x14>
			<y14>58.911823</y14>
		</polygon>
	</object>
	<object>
		<name>mango</name>
		<pose>Unspecified</pose>
		<truncated>0</truncated>
		<difficult>0</difficult>
		<occluded>0</occluded>
		<bndbox>
			<xmin>33</xmin>
			<xmax>88</xmax>
			<ymin>209</ymin>
			<ymax>270</ymax>
		</bndbox>
		<polygon>
			<x1>65.400861</x1>
			<y1>207.70341</y1>
			<x2>47.098534</x2>
			<y2>208.064519</y2>
			<x3>38.470142</x3>
			<y3>214.010877</y3>
			<x4>33.112043</x4>
			<y4>224.532544</y4>
			<x5>32.295835</x5>
			<y5>239.288795</y5>
			<x6>35.475924</x6>
			<y6>251.157048</y6>
			<x7>41.153562</x7>
			<y7>259.630294</y7>
			<x8>50.418846</x8>
			<y8>266.233638</y8>
			<x9>64.724876</x9>
			<y9>268.76052500000003</y9>
			<x10>74.670515</x10>
			<y10>265.187003</y10>
			<x11>85.70516</x11>
			<y11>250.418521</y11>
			<x12>86.521367</x12>
			<y12>235.662269</y12>
			<x13>83.568428</x13>
			<y13>224.641748</y13>
			<x14>78.117939</x14>
			<y14>217.016234</y14>
			<x15>65.400861</x15>
			<y15>207.70341</y15>
		</polygon>
	</object>
	<object>
		<name>redapple</name>
		<pose>Unspecified</pose>
		<truncated>0</truncated>
		<difficult>0</difficult>
		<occluded>0</occluded>
		<bndbox>
			<xmin>84</xmin>
			<xmax>146</xmax>
			<ymin>314</ymin>
			<ymax>394</ymax>
		</bndbox>
		<polygon>
			<x1>145</x1>
			<y1>333.69455300000004</y1>
			<x2>122.996723</x2>
			<y2>315.839812</y2>
			<x3>107.191945</x3>
			<y3>312.80591400000003</y3>
			<x4>97.427806</x4>
			<y4>314.51361099999997</y4>
			<x5>88.572265</x5>
			<y5>319.612237</y5>
			<x6>83.032665</x6>
			<y6>331.999729</y6>
			<x7>83.534796</x7>
			<y7>361.848879</y7>
			<x8>90.666626</x8>
			<y8>380.835638</y8>
			<x9>104.655302</x9>
			<y9>389.807738</y9>
			<x10>117.053935</x10>
			<y10>392.845712</y10>
			<x11>135.492113</x11>
			<y11>387.905217</y11>
			<x12>145</x12>
			<y12>380.933617</y12>
			<x13>145</x13>
			<y13>333.69455300000004</y13>
		</polygon>
	</object>
	<object>
		<name>redapple</name>
		<pose>Unspecified</pose>
		<truncated>0</truncated>
		<difficult>0</difficult>
		<occluded>0</occluded>
		<bndbox>
			<xmin>282</xmin>
			<xmax>349</xmax>
			<ymin>220</ymin>
			<ymax>298</ymax>
		</bndbox>
		<polygon>
			<x1>294.42780600000003</x1>
			<y1>220.513611</y1>
			<x2>287.661163</x2>
			<y2>223.235324</y2>
			<x3>280.622815</x3>
			<y3>235.115809</y3>
			<x4>280.716297</x4>
			<y4>265.983052</y4>
			<x5>287.848127</x5>
			<y5>284.969811</y5>
			<x6>309.557692</x6>
			<y6>297.324687</y6>
			<x7>329.721768</x7>
			<y7>293.738933</y7>
			<x8>345.29830400000003</x8>
			<y8>283.205035</y8>
			<x9>348.158854</x9>
			<y9>276.078375</y9>
			<x10>347.975168</x10>
			<y10>252.504076</y10>
			<x11>343.069183</x11>
			<y11>239.281082</y11>
			<x12>323.630017</x12>
			<y12>222.683467</y12>
			<x13>307.59809</x13>
			<y13>218.801838</y13>
			<x14>294.42780600000003</x14>
			<y14>220.513611</y14>
		</polygon>
	</object>
	<object>
		<name>capsicum</name>
		<pose>Unspecified</pose>
		<truncated>0</truncated>
		<difficult>0</difficult>
		<occluded>0</occluded>
		<bndbox>
			<xmin>402</xmin>
			<xmax>417</xmax>
			<ymin>192</ymin>
			<ymax>210</ymax>
		</bndbox>
		<polygon>
			<x1>416</x1>
			<y1>191</y1>
			<x2>401.463414</x2>
			<y2>191</y2>
			<x3>405.012326</x3>
			<y3>200.877144</y3>
			<x4>413.23316</x4>
			<y4>208.66894200000002</y4>
			<x5>416</x5>
			<y5>207.637746</y5>
			<x6>416</x6>
			<y6>191</y6>
		</polygon>
	</object>
</annotation>
