<annotation>
	<folder></folder>
	<filename>image_219_png.rf.c15afe975ccda4daf0d7dd5fb86af0c6.jpg</filename>
	<path>image_219_png.rf.c15afe975ccda4daf0d7dd5fb86af0c6.jpg</path>
	<source>
		<database>roboflow.ai</database>
	</source>
	<size>
		<width>416</width>
		<height>416</height>
		<depth>3</depth>
	</size>
	<segmented>0</segmented>
	<object>
		<name>greenapple</name>
		<pose>Unspecified</pose>
		<truncated>0</truncated>
		<difficult>0</difficult>
		<occluded>0</occluded>
		<bndbox>
			<xmin>30</xmin>
			<xmax>56</xmax>
			<ymin>21</ymin>
			<ymax>53</ymax>
		</bndbox>
		<polygon>
			<x1>55.377124</x1>
			<y1>41.171584</y1>
			<x2>53.207371</x2>
			<y2>28.790624</y2>
			<x3>44.249499</x3>
			<y3>19.817096</y3>
			<x4>35.548798</x4>
			<y4>20.905676</y4>
			<x5>29.268259</x5>
			<y5>32.477135</y5>
			<x6>32.947234</x6>
			<y6>45.429798</y6>
			<x7>41.300064</x7>
			<y7>51.782607</y7>
			<x8>50.452857</x8>
			<y8>49.669518</y8>
			<x9>55.377124</x9>
			<y9>41.171584</y9>
		</polygon>
	</object>
	<object>
		<name>greenapple</name>
		<pose>Unspecified</pose>
		<truncated>0</truncated>
		<difficult>0</difficult>
		<occluded>0</occluded>
		<bndbox>
			<xmin>188</xmin>
			<xmax>223</xmax>
			<ymin>57</ymin>
			<ymax>120</ymax>
		</bndbox>
		<polygon>
			<x1>187</x1>
			<y1>112.924152</y1>
			<x2>190.860886</x2>
			<y2>116.791786</y2>
			<x3>199.060766</x3>
			<y3>119.499368</y3>
			<x4>217.616761</x4>
			<y4>113.37511</y4>
			<x5>222.186397</x5>
			<y5>100.358374</y5>
			<x6>221.873737</x6>
			<y6>81.107729</y6>
			<x7>218.799803</x7>
			<y7>70.775786</y7>
			<x8>204.257134</x8>
			<y8>58.490935</y8>
			<x9>195.403483</x9>
			<y9>55.934289</y9>
			<x10>187</x10>
			<y10>57.874385</y10>
			<x11>187</x11>
			<y11>112.924152</y11>
		</polygon>
	</object>
	<object>
		<name>orange</name>
		<pose>Unspecified</pose>
		<truncated>0</truncated>
		<difficult>0</difficult>
		<occluded>0</occluded>
		<bndbox>
			<xmin>327</xmin>
			<xmax>386</xmax>
			<ymin>39</ymin>
			<ymax>115</ymax>
		</bndbox>
		<polygon>
			<x1>370.126777</x1>
			<y1>43.200278</y1>
			<x2>361.97562700000003</x2>
			<y2>37.721043</y2>
			<x3>339.796147</x3>
			<y3>40.081174</y3>
			<x4>329.641713</x4>
			<y4>49.786588</y4>
			<x5>326.129208</x5>
			<y5>64.399535</y5>
			<x6>328.80654100000004</x6>
			<y6>84.944522</y6>
			<x7>333.59137699999997</x7>
			<y7>96.721742</y7>
			<x8>341.64506800000004</x8>
			<y8>107.744287</y8>
			<x9>351.10376099999996</x9>
			<y9>112.921653</y9>
			<x10>364.332128</x10>
			<y10>113.548183</y10>
			<x11>375.042873</x11>
			<y11>109.235143</y11>
			<x12>382.582223</x12>
			<y12>100.133469</y12>
			<x13>385.440957</x13>
			<y13>85.671458</y13>
			<x14>385.183787</x14>
			<y14>75.609349</y14>
			<x15>379.03592000000003</x15>
			<y15>54.945462</y15>
			<x16>370.126777</x16>
			<y16>43.200278</y16>
		</polygon>
	</object>
	<object>
		<name>mango</name>
		<pose>Unspecified</pose>
		<truncated>0</truncated>
		<difficult>0</difficult>
		<occluded>0</occluded>
		<bndbox>
			<xmin>306</xmin>
			<xmax>337</xmax>
			<ymin>157</ymin>
			<ymax>191</ymax>
		</bndbox>
		<polygon>
			<x1>335.600009</x1>
			<y1>179.990272</y1>
			<x2>331.969764</x2>
			<y2>164.265955</y2>
			<x3>323.867343</x3>
			<y3>156.015065</y3>
			<x4>311.494427</x4>
			<y4>156.111173</y4>
			<x5>305.262618</x5>
			<y5>164.910977</y5>
			<x6>306.7786</x6>
			<y6>177.442872</y6>
			<x7>320.667498</x7>
			<y7>189.878657</y7>
			<x8>331.329513</x8>
			<y8>188.337272</y8>
			<x9>335.600009</x9>
			<y9>179.990272</y9>
		</polygon>
	</object>
	<object>
		<name>capsicum</name>
		<pose>Unspecified</pose>
		<truncated>0</truncated>
		<difficult>0</difficult>
		<occluded>0</occluded>
		<bndbox>
			<xmin>12</xmin>
			<xmax>49</xmax>
			<ymin>281</ymin>
			<ymax>337</ymax>
		</bndbox>
		<polygon>
			<x1>30.644855</x1>
			<y1>336.173192</y1>
			<x2>44.221093</x2>
			<y2>329.358331</y2>
			<x3>47.726839</x3>
			<y3>302.785194</y3>
			<x4>41.126879</x4>
			<y4>283.14581599999997</y4>
			<x5>36.849624</x5>
			<y5>279.532624</y5>
			<x6>27.293471</x6>
			<y6>279.898567</y6>
			<x7>13.918913</x7>
			<y7>287.587</y7>
			<x8>11.35932</x8>
			<y8>297.379277</y8>
			<x9>20.024811</x9>
			<y9>322.982731</y9>
			<x10>30.644855</x10>
			<y10>336.173192</y10>
		</polygon>
	</object>
	<object>
		<name>greenapple</name>
		<pose>Unspecified</pose>
		<truncated>0</truncated>
		<difficult>0</difficult>
		<occluded>0</occluded>
		<bndbox>
			<xmin>146</xmin>
			<xmax>170</xmax>
			<ymin>256</ymin>
			<ymax>286</ymax>
		</bndbox>
		<polygon>
			<x1>168.876132</x1>
			<y1>275.73581</y1>
			<x2>167.56183</x2>
			<y2>264.07749</y2>
			<x3>159.9115</x3>
			<y3>254.802091</y3>
			<x4>152.31666</x4>
			<y4>254.715229</y4>
			<x5>144.77731</x5>
			<y5>263.816903</y5>
			<x6>145.88993</x6>
			<y6>274.60165</y6>
			<x7>154.395712</x7>
			<y7>284.599688</y7>
			<x8>163.951865</x8>
			<y8>284.233745</y8>
			<x9>168.876132</x9>
			<y9>275.73581</y9>
		</polygon>
	</object>
	<object>
		<name>mango</name>
		<pose>Unspecified</pose>
		<truncated>0</truncated>
		<difficult>0</difficult>
		<occluded>0</occluded>
		<bndbox>
			<xmin>164</xmin>
			<xmax>188</xmax>
			<ymin>399</ymin>
			<ymax>417</ymax>
		</bndbox>
		<polygon>
			<x1>187</x1>
			<y1>416</y1>
			<x2>187</x2>
			<y2>404.88838499999997</y2>
			<x3>179.960374</x3>
			<y3>398.315133</y3>
			<x4>168.442909</x4>
			<y4>399.13388</y4>
			<x5>162.864872</x5>
			<y5>407.78274899999997</y5>
			<x6>164.33506</x6>
			<y6>416</y6>
			<x7>187</x7>
			<y7>416</y7>
		</polygon>
	</object>
	<object>
		<name>orange</name>
		<pose>Unspecified</pose>
		<truncated>0</truncated>
		<difficult>0</difficult>
		<occluded>0</occluded>
		<bndbox>
			<xmin>188</xmin>
			<xmax>241</xmax>
			<ymin>209</ymin>
			<ymax>253</ymax>
		</bndbox>
		<polygon>
			<x1>187</x1>
			<y1>208</y1>
			<x2>187</x2>
			<y2>233.870677</y2>
			<x3>195.869831</x3>
			<y3>246.270849</y3>
			<x4>206.837746</x4>
			<y4>252.01991900000002</y4>
			<x5>229.921407</x5>
			<y5>247.61077</y5>
			<x6>235.902806</x6>
			<y6>240.709047</y6>
			<x7>240.06908099999998</x7>
			<y7>225.945166</y7>
			<x8>239.860641</x8>
			<y8>213.111402</y8>
			<x9>238.504072</x9>
			<y9>208</y9>
			<x10>187</x10>
			<y10>208</y10>
		</polygon>
	</object>
	<object>
		<name>mango</name>
		<pose>Unspecified</pose>
		<truncated>0</truncated>
		<difficult>0</difficult>
		<occluded>0</occluded>
		<bndbox>
			<xmin>188</xmin>
			<xmax>259</xmax>
			<ymin>294</ymin>
			<ymax>374</ymax>
		</bndbox>
		<polygon>
			<x1>187</x1>
			<y1>365.95511899999997</y1>
			<x2>188.947629</x2>
			<y2>368.406613</y2>
			<x3>205.799482</x3>
			<y3>372.79726900000003</y3>
			<x4>225.864699</x4>
			<y4>367.244714</y4>
			<x5>242.104751</x5>
			<y5>357.054459</y5>
			<x6>253.914598</x6>
			<y6>339.60578499999997</y6>
			<x7>258.178334</x7>
			<y7>319.298596</y7>
			<x8>250.875874</x8>
			<y8>302.58180600000003</y8>
			<x9>244.032266</x9>
			<y9>296.800701</y9>
			<x10>231.506399</x10>
			<y10>293.251582</y10>
			<x11>218.430981</x11>
			<y11>296.27028</y11>
			<x12>201.488428</x12>
			<y12>309.383124</y12>
			<x13>187</x13>
			<y13>334.386178</y13>
			<x14>187</x14>
			<y14>365.95511899999997</y14>
		</polygon>
	</object>
	<object>
		<name>redapple</name>
		<pose>Unspecified</pose>
		<truncated>0</truncated>
		<difficult>0</difficult>
		<occluded>0</occluded>
		<bndbox>
			<xmin>354</xmin>
			<xmax>402</xmax>
			<ymin>387</ymin>
			<ymax>417</ymax>
		</bndbox>
		<polygon>
			<x1>401.335425</x1>
			<y1>416</y1>
			<x2>400.114213</x2>
			<y2>406.147629</y2>
			<x3>391.90757199999996</x3>
			<y3>391.47985600000004</y3>
			<x4>385.063963</x4>
			<y4>385.69875</y4>
			<x5>368.768422</x5>
			<y5>386.700468</y5>
			<x6>358.259357</x6>
			<y6>391.88708099999997</y6>
			<x7>353.33509100000003</x7>
			<y7>400.385015</y7>
			<x8>354.731336</x8>
			<y8>416</y8>
			<x9>401.335425</x9>
			<y9>416</y9>
		</polygon>
	</object>
</annotation>
