<annotation>
	<folder></folder>
	<filename>image_107_png.rf.b01f79216a74ae988379cde2e132e5e1.jpg</filename>
	<path>image_107_png.rf.b01f79216a74ae988379cde2e132e5e1.jpg</path>
	<source>
		<database>roboflow.ai</database>
	</source>
	<size>
		<width>416</width>
		<height>416</height>
		<depth>3</depth>
	</size>
	<segmented>0</segmented>
	<object>
		<name>greenapple</name>
		<pose>Unspecified</pose>
		<truncated>0</truncated>
		<difficult>0</difficult>
		<occluded>0</occluded>
		<bndbox>
			<xmin>138</xmin>
			<xmax>183</xmax>
			<ymin>1</ymin>
			<ymax>51</ymax>
		</bndbox>
		<polygon>
			<x1>141.876603</x1>
			<y1>0</y1>
			<x2>138.968071</x2>
			<y2>7.127643</y2>
			<x3>137.429562</x3>
			<y3>35.07217</y3>
			<x4>143.67942</x4>
			<y4>44.869349</y4>
			<x5>152.551593</x5>
			<y5>50.117905</y5>
			<x6>171.426374</x6>
			<y6>47.987304</y6>
			<x7>179.30903</x7>
			<y7>35.241731</y7>
			<x8>182.465132</x8>
			<y8>22.57866</y8>
			<x9>182.182267</x9>
			<y9>6.373337</y9>
			<x10>178.116561</x10>
			<y10>0</y10>
			<x11>141.876603</x11>
			<y11>0</y11>
		</polygon>
	</object>
	<object>
		<name>redapple</name>
		<pose>Unspecified</pose>
		<truncated>0</truncated>
		<difficult>0</difficult>
		<occluded>0</occluded>
		<bndbox>
			<xmin>281</xmin>
			<xmax>352</xmax>
			<ymin>64</ymin>
			<ymax>109</ymax>
		</bndbox>
		<polygon>
			<x1>350.244166</x1>
			<y1>108</y1>
			<x2>351.158679</x2>
			<y2>105.088013</y2>
			<x3>348.206356</x3>
			<y3>90.730425</y3>
			<x4>328.232055</x4>
			<y4>68.564827</y4>
			<x5>303.814067</x5>
			<y5>62.687053</y5>
			<x6>291.094855</x6>
			<y6>69.213059</y6>
			<x7>283.934565</x7>
			<y7>84.647733</y7>
			<x8>280.19752900000003</x8>
			<y8>102.724364</y8>
			<x9>280.899757</x9>
			<y9>108</y9>
			<x10>350.244166</x10>
			<y10>108</y10>
		</polygon>
	</object>
	<object>
		<name>redapple</name>
		<pose>Unspecified</pose>
		<truncated>0</truncated>
		<difficult>0</difficult>
		<occluded>0</occluded>
		<bndbox>
			<xmin>67</xmin>
			<xmax>139</xmax>
			<ymin>245</ymin>
			<ymax>328</ymax>
		</bndbox>
		<polygon>
			<x1>102.292838</x1>
			<y1>244.48669</y1>
			<x2>86.762735</x2>
			<y2>244.757769</y2>
			<x3>76.100619</x3>
			<y3>253.049009</y3>
			<x4>69.615551</x4>
			<y4>268.471897</y4>
			<x5>66.004233</x5>
			<y5>293.750894</y5>
			<x6>70.322714</x6>
			<y6>308.985205</y6>
			<x7>81.346269</x7>
			<y7>321.40076999999997</y7>
			<x8>91.568885</x8>
			<y8>326.62575300000003</y8>
			<x9>107.789923</x9>
			<y9>327.24318400000004</y9>
			<x10>127.920859</x10>
			<y10>319.687237</y10>
			<x11>133.149773</x11>
			<y11>309.68969500000003</y11>
			<x12>138.190108</x12>
			<y12>288.888605</y12>
			<x13>135.206356</x13>
			<y13>272.73042499999997</y13>
			<x14>115.891563</x14>
			<y14>249.652745</y14>
			<x15>102.292838</x15>
			<y15>244.48669</y15>
		</polygon>
	</object>
	<object>
		<name>greenapple</name>
		<pose>Unspecified</pose>
		<truncated>0</truncated>
		<difficult>0</difficult>
		<occluded>0</occluded>
		<bndbox>
			<xmin>57</xmin>
			<xmax>80</xmax>
			<ymin>384</ymin>
			<ymax>415</ymax>
		</bndbox>
		<polygon>
			<x1>79.447343</x1>
			<y1>406.087502</y1>
			<x2>78.567831</x2>
			<y2>394.395443</y2>
			<x3>72.977479</x3>
			<y3>383.686182</y3>
			<x4>66.884768</x4>
			<y4>382.89196</y4>
			<x5>57.55738</x5>
			<y5>390.259331</y5>
			<x6>55.704577</x6>
			<y6>400.197942</y6>
			<x7>60.651135</x7>
			<y7>412.719581</y7>
			<x8>72.161336</x8>
			<y8>414.31981</y8>
			<x9>79.447343</x9>
			<y9>406.087502</y9>
		</polygon>
	</object>
	<object>
		<name>mango</name>
		<pose>Unspecified</pose>
		<truncated>0</truncated>
		<difficult>0</difficult>
		<occluded>0</occluded>
		<bndbox>
			<xmin>190</xmin>
			<xmax>217</xmax>
			<ymin>238</ymin>
			<ymax>273</ymax>
		</bndbox>
		<polygon>
			<x1>216.122971</x1>
			<y1>265.01403</y1>
			<x2>215.840106</x2>
			<y2>248.808706</y2>
			<x3>209.590248</x3>
			<y3>239.011527</y3>
			<x4>197.389111</x4>
			<y4>236.522789</y4>
			<x5>188.768374</x5>
			<y5>245.678965</y5>
			<x6>188.98838</x6>
			<y6>258.283106</y6>
			<x7>199.352429</x7>
			<y7>271.610751</y7>
			<x8>209.496471</x8>
			<y8>272.334256</y8>
			<x9>216.122971</x9>
			<y9>265.01403</y9>
		</polygon>
	</object>
	<object>
		<name>mango</name>
		<pose>Unspecified</pose>
		<truncated>0</truncated>
		<difficult>0</difficult>
		<occluded>0</occluded>
		<bndbox>
			<xmin>233</xmin>
			<xmax>306</xmax>
			<ymin>123</ymin>
			<ymax>197</ymax>
		</bndbox>
		<polygon>
			<x1>232</x1>
			<y1>191.55829799999998</y1>
			<x2>238.645084</x2>
			<y2>195.594705</y2>
			<x3>270.333366</x3>
			<y3>192.339873</y3>
			<x4>285.062528</x4>
			<y4>184.878214</y4>
			<x5>301.581635</x5>
			<y5>163.876761</y5>
			<x6>304.62773500000003</x6>
			<y6>144.911619</y6>
			<x7>296.91742999999997</x7>
			<y7>128.835942</y7>
			<x8>284.63772</x8>
			<y8>121.845725</y8>
			<x9>267.081952</x9>
			<y9>122.152162</y9>
			<x10>251.018061</x10>
			<y10>130.537689</y10>
			<x11>232</x11>
			<y11>151.427044</y11>
			<x12>232</x12>
			<y12>191.55829799999998</y12>
		</polygon>
	</object>
	<object>
		<name>orange</name>
		<pose>Unspecified</pose>
		<truncated>0</truncated>
		<difficult>0</difficult>
		<occluded>0</occluded>
		<bndbox>
			<xmin>397</xmin>
			<xmax>417</xmax>
			<ymin>144</ymin>
			<ymax>219</ymax>
		</bndbox>
		<polygon>
			<x1>416</x1>
			<y1>143.349309</y1>
			<x2>405.33007499999997</x2>
			<y2>148.557274</y2>
			<x3>400.08544800000004</x3>
			<y3>157.654519</y3>
			<x4>396.254122</x4>
			<y4>170.329377</y4>
			<x5>397.32221200000004</x5>
			<y5>192.824985</y5>
			<x6>404.37301</x6>
			<y6>209.812744</y6>
			<x7>409.86907299999996</x7>
			<y7>215.12023</y7>
			<x8>416</x8>
			<y8>217.717919</y8>
			<x9>416</x9>
			<y9>143.349309</y9>
		</polygon>
	</object>
</annotation>
