<annotation>
	<folder></folder>
	<filename>image_133_png.rf.20335a6446b17d387abb02a4698ff41e.jpg</filename>
	<path>image_133_png.rf.20335a6446b17d387abb02a4698ff41e.jpg</path>
	<source>
		<database>roboflow.ai</database>
	</source>
	<size>
		<width>416</width>
		<height>416</height>
		<depth>3</depth>
	</size>
	<segmented>0</segmented>
	<object>
		<name>capsicum</name>
		<pose>Unspecified</pose>
		<truncated>0</truncated>
		<difficult>0</difficult>
		<occluded>0</occluded>
		<bndbox>
			<xmin>63</xmin>
			<xmax>86</xmax>
			<ymin>112</ymin>
			<ymax>147</ymax>
		</bndbox>
		<polygon>
			<x1>81.472125</x1>
			<y1>137.951392</y1>
			<x2>85.27508</x2>
			<y2>117.140358</y2>
			<x3>82.455412</x3>
			<y3>111.607731</y3>
			<x4>71.963843</x4>
			<y4>110.689838</y4>
			<x5>64.444924</x5>
			<y5>113.555976</y5>
			<x6>61.833129</x6>
			<y6>128.304296</y6>
			<x7>64.620101</x7>
			<y7>141.762968</y7>
			<x8>72.838537</x8>
			<y8>146.005946</y8>
			<x9>81.472125</x9>
			<y9>137.951392</y9>
		</polygon>
	</object>
	<object>
		<name>redapple</name>
		<pose>Unspecified</pose>
		<truncated>0</truncated>
		<difficult>0</difficult>
		<occluded>0</occluded>
		<bndbox>
			<xmin>222</xmin>
			<xmax>270</xmax>
			<ymin>1</ymin>
			<ymax>55</ymax>
		</bndbox>
		<polygon>
			<x1>222.386031</x1>
			<y1>0</y1>
			<x2>221.117759</x2>
			<y2>14.496409</y2>
			<x3>230.899309</x3>
			<y3>46.186819</y3>
			<x4>239.543995</x4>
			<y4>53.110057</y4>
			<x5>246.101226</x5>
			<y5>53.68374</y5>
			<x6>254.199376</x6>
			<y6>51.749268</y6>
			<x7>262.483206</x7>
			<y7>40.140155</y7>
			<x8>267.06217</x8>
			<y8>25.563941</y8>
			<x9>268.821465</x9>
			<y9>5.455099</y9>
			<x10>267.789862</x10>
			<y10>0</y10>
			<x11>222.386031</x11>
			<y11>0</y11>
		</polygon>
	</object>
	<object>
		<name>orange</name>
		<pose>Unspecified</pose>
		<truncated>0</truncated>
		<difficult>0</difficult>
		<occluded>0</occluded>
		<bndbox>
			<xmin>225</xmin>
			<xmax>279</xmax>
			<ymin>166</ymin>
			<ymax>213</ymax>
		</bndbox>
		<polygon>
			<x1>276.431096</x1>
			<y1>212</y1>
			<x2>277.981774</x2>
			<y2>187.740372</y2>
			<x3>268.364303</x3>
			<y3>169.279161</y3>
			<x4>244.987746</x4>
			<y4>164.591009</y4>
			<x5>235.348675</x5>
			<y5>169.033637</y5>
			<x6>226.256141</x6>
			<y6>182.333976</y6>
			<x7>224.249678</x7>
			<y7>212</y7>
			<x8>276.431096</x8>
			<y8>212</y8>
		</polygon>
	</object>
	<object>
		<name>mango</name>
		<pose>Unspecified</pose>
		<truncated>0</truncated>
		<difficult>0</difficult>
		<occluded>0</occluded>
		<bndbox>
			<xmin>363</xmin>
			<xmax>390</xmax>
			<ymin>99</ymin>
			<ymax>135</ymax>
		</bndbox>
		<polygon>
			<x1>388.325232</x1>
			<y1>124.515534</y1>
			<x2>389.319616</x2>
			<y2>113.149668</y2>
			<x3>383.75677</x3>
			<y3>101.210117</y3>
			<x4>373.49467400000003</x4>
			<y4>97.669332</y4>
			<x5>363.046898</x5>
			<y5>103.803186</y5>
			<x6>361.823041</x6>
			<y6>117.791945</y6>
			<x7>372.32570699999997</x7>
			<y7>133.687632</y7>
			<x8>381.582321</x8>
			<y8>133.616491</y8>
			<x9>388.325232</x9>
			<y9>124.515534</y9>
		</polygon>
	</object>
	<object>
		<name>orange</name>
		<pose>Unspecified</pose>
		<truncated>0</truncated>
		<difficult>0</difficult>
		<occluded>0</occluded>
		<bndbox>
			<xmin>75</xmin>
			<xmax>230</xmax>
			<ymin>355</ymin>
			<ymax>417</ymax>
		</bndbox>
		<polygon>
			<x1>228.868204</x1>
			<y1>416</y1>
			<x2>223.927074</x2>
			<y2>400.73122</y2>
			<x3>206.320641</x3>
			<y3>375.404139</y3>
			<x4>173.446898</x4>
			<y4>358.432226</y4>
			<x5>139.50228</x5>
			<y5>353.700478</y5>
			<x6>123.305979</x6>
			<y6>357.56942200000003</y6>
			<x7>104.377598</x7>
			<y7>370.009236</y7>
			<x8>89.733314</x8>
			<y8>386.34781899999996</y8>
			<x9>78.946877</x9>
			<y9>403.904909</y9>
			<x10>73.857876</x10>
			<y10>416</y10>
			<x11>228.868204</x11>
			<y11>416</y11>
		</polygon>
	</object>
	<object>
		<name>mango</name>
		<pose>Unspecified</pose>
		<truncated>0</truncated>
		<difficult>0</difficult>
		<occluded>0</occluded>
		<bndbox>
			<xmin>292</xmin>
			<xmax>417</xmax>
			<ymin>279</ymin>
			<ymax>417</ymax>
		</bndbox>
		<polygon>
			<x1>416</x1>
			<y1>416</y1>
			<x2>416</x2>
			<y2>277.604331</y2>
			<x3>401.624274</x3>
			<y3>282.968714</y3>
			<x4>312.413831</x4>
			<y4>335.952092</y4>
			<x5>299.966189</x5>
			<y5>349.839888</y5>
			<x6>291.496681</x6>
			<y6>371.12364</y6>
			<x7>292.207295</x7>
			<y7>393.21055</y7>
			<x8>297.966918</x8>
			<y8>410.453254</y8>
			<x9>302.293436</x9>
			<y9>416</y9>
			<x10>416</x10>
			<y10>416</y10>
		</polygon>
	</object>
</annotation>
