<annotation>
	<folder></folder>
	<filename>image_5_png.rf.1c7130e8427e035544cefd5e437fe648.jpg</filename>
	<path>image_5_png.rf.1c7130e8427e035544cefd5e437fe648.jpg</path>
	<source>
		<database>roboflow.ai</database>
	</source>
	<size>
		<width>416</width>
		<height>416</height>
		<depth>3</depth>
	</size>
	<segmented>0</segmented>
	<object>
		<name>redapple</name>
		<pose>Unspecified</pose>
		<truncated>0</truncated>
		<difficult>0</difficult>
		<occluded>0</occluded>
		<bndbox>
			<xmin>53</xmin>
			<xmax>254</xmax>
			<ymin>1</ymin>
			<ymax>204</ymax>
		</bndbox>
		<polygon>
			<x1>253</x1>
			<y1>0</y1>
			<x2>87.762527</x2>
			<y2>0</y2>
			<x3>78.159304</x3>
			<y3>15.35303</y3>
			<x4>66.419658</x4>
			<y4>42.105474</y4>
			<x5>58.444191</x5>
			<y5>71.875581</y5>
			<x6>51.753024</x6>
			<y6>148.355971</y6>
			<x7>55.536918</x7>
			<y7>181.843231</y7>
			<x8>59.975994</x8>
			<y8>203</y8>
			<x9>235.916652</x9>
			<y9>203</y9>
			<x10>236.372049</x10>
			<y10>202.144824</y10>
			<x11>251.666576</x11>
			<y11>157.781115</y11>
			<x12>253</x12>
			<y12>151.639909</y12>
			<x13>253</x13>
			<y13>0</y13>
		</polygon>
	</object>
	<object>
		<name>capsicum</name>
		<pose>Unspecified</pose>
		<truncated>0</truncated>
		<difficult>0</difficult>
		<occluded>0</occluded>
		<bndbox>
			<xmin>283</xmin>
			<xmax>306</xmax>
			<ymin>81</ymin>
			<ymax>117</ymax>
		</bndbox>
		<polygon>
			<x1>297.219101</x1>
			<y1>114.975265</y1>
			<x2>303.871895</x2>
			<y2>100.323374</y2>
			<x3>305.116763</x3>
			<y3>86.094464</y3>
			<x4>298.25467100000003</x4>
			<y4>80.117426</y4>
			<x5>285.28441399999997</x5>
			<y5>82.567131</y5>
			<x6>282.230331</x6>
			<y6>86.780502</y6>
			<x7>281.85116800000003</x7>
			<y7>106.461834</y7>
			<x8>287.735778</x8>
			<y8>115.93781</y8>
			<x9>297.219101</x9>
			<y9>114.975265</y9>
		</polygon>
	</object>
	<object>
		<name>capsicum</name>
		<pose>Unspecified</pose>
		<truncated>0</truncated>
		<difficult>0</difficult>
		<occluded>0</occluded>
		<bndbox>
			<xmin>114</xmin>
			<xmax>254</xmax>
			<ymin>258</ymin>
			<ymax>417</ymax>
		</bndbox>
		<polygon>
			<x1>253</x1>
			<y1>416</y1>
			<x2>253</x2>
			<y2>296.068992</y2>
			<x3>252.588917</x3>
			<y3>295.727861</y3>
			<x4>231.268428</x4>
			<y4>293.86256000000003</y4>
			<x5>221.07501</x5>
			<y5>287.594068</y5>
			<x6>218.200651</x6>
			<y6>266.73197600000003</y6>
			<x7>211.649775</x7>
			<y7>257.19771000000003</y7>
			<x8>205.653388</x8>
			<y8>256.673094</y8>
			<x9>202.87655</x9>
			<y9>265.391291</y9>
			<x10>206.606755</x10>
			<y10>276.471007</y10>
			<x11>204.729594</x11>
			<y11>282.579574</y11>
			<x12>188.428011</x12>
			<y12>284.737826</y12>
			<x13>178.667445</x13>
			<y13>281.195545</y13>
			<x14>152.527491</x14>
			<y14>280.700824</y14>
			<x15>134.03753</x15>
			<y15>292.52486899999997</y15>
			<x16>125.074723</x16>
			<y16>310.559116</y16>
			<x17>118.387955</x17>
			<y17>333.27306</y17>
			<x18>112.77619</x18>
			<y18>382.068356</y18>
			<x19>116.186773</x19>
			<y19>416</y19>
			<x20>253</x20>
			<y20>416</y20>
		</polygon>
	</object>
	<object>
		<name>greenapple</name>
		<pose>Unspecified</pose>
		<truncated>0</truncated>
		<difficult>0</difficult>
		<occluded>0</occluded>
		<bndbox>
			<xmin>291</xmin>
			<xmax>417</xmax>
			<ymin>204</ymin>
			<ymax>393</ymax>
		</bndbox>
		<polygon>
			<x1>416</x1>
			<y1>203</y1>
			<x2>311.374775</x2>
			<y2>203</y2>
			<x3>301.491496</x3>
			<y3>217.978989</y3>
			<x4>293.783415</x4>
			<y4>237.019124</y4>
			<x5>289.528295</x5>
			<y5>262.63415</y5>
			<x6>289.625816</x6>
			<y6>292.21443999999997</y6>
			<x7>293.599292</x7>
			<y7>315.861034</y7>
			<x8>301.492556</x8>
			<y8>340.746678</y8>
			<x9>311.773637</x9>
			<y9>361.360661</y9>
			<x10>324.52033900000004</x10>
			<y10>376.813675</y10>
			<x11>339.066398</x11>
			<y11>387.04742899999997</y11>
			<x12>352.82455500000003</x12>
			<y12>390.93945199999996</y12>
			<x13>393.700149</x13>
			<y13>391.827263</y13>
			<x14>416</x14>
			<y14>382.036031</y14>
			<x15>416</x15>
			<y15>203</y15>
		</polygon>
	</object>
</annotation>
