<annotation>
	<folder></folder>
	<filename>image_220_png.rf.7c5610b216181d78666821873c412e64.jpg</filename>
	<path>image_220_png.rf.7c5610b216181d78666821873c412e64.jpg</path>
	<source>
		<database>roboflow.ai</database>
	</source>
	<size>
		<width>416</width>
		<height>416</height>
		<depth>3</depth>
	</size>
	<segmented>0</segmented>
	<object>
		<name>redapple</name>
		<pose>Unspecified</pose>
		<truncated>0</truncated>
		<difficult>0</difficult>
		<occluded>0</occluded>
		<bndbox>
			<xmin>3</xmin>
			<xmax>71</xmax>
			<ymin>93</ymin>
			<ymax>172</ymax>
		</bndbox>
		<polygon>
			<x1>54.390865</x1>
			<y1>101.362058</y1>
			<x2>44.132438</x2>
			<y2>94.793629</y2>
			<x3>18.425941</x3>
			<y3>92.176318</y3>
			<x4>10.415998</x4>
			<y4>96.862113</y4>
			<x5>3.877988</x5>
			<y5>112.02125</y5>
			<x6>1.958706</x6>
			<y6>136.321461</y6>
			<x7>3.5533</x7>
			<y7>147.667583</y7>
			<x8>8.294688</x8>
			<y8>157.681435</y8>
			<x9>21.128095</x9>
			<y9>168.338063</y9>
			<x10>28.811543</x10>
			<y10>170.818294</y10>
			<x11>48.550943</x11>
			<y11>168.93412</y11>
			<x12>63.508368</x12>
			<y12>161.491886</y12>
			<x13>67.22698</x13>
			<y13>154.739146</y13>
			<x14>70.454045</x14>
			<y14>130.255139</y14>
			<x15>66.284472</x15>
			<y15>114.820819</y15>
			<x16>54.390865</x16>
			<y16>101.362058</y16>
		</polygon>
	</object>
	<object>
		<name>orange</name>
		<pose>Unspecified</pose>
		<truncated>0</truncated>
		<difficult>0</difficult>
		<occluded>0</occluded>
		<bndbox>
			<xmin>129</xmin>
			<xmax>152</xmax>
			<ymin>73</ymin>
			<ymax>102</ymax>
		</bndbox>
		<polygon>
			<x1>150.594961</x1>
			<y1>93.18156</y1>
			<x2>149.163614</x2>
			<y2>78.252424</y2>
			<x3>143.605087</x3>
			<y3>71.913485</y3>
			<x4>135.63573</x4>
			<y4>72.143487</y4>
			<x5>127.99377</x5>
			<y5>79.447617</y5>
			<x6>128.403242</x6>
			<y6>91.850315</y6>
			<x7>134.983645</x7>
			<y7>100.715693</y7>
			<x8>143.729553</x8>
			<y8>101.26657</y8>
			<x9>150.594961</x9>
			<y9>93.18156</y9>
		</polygon>
	</object>
	<object>
		<name>orange</name>
		<pose>Unspecified</pose>
		<truncated>0</truncated>
		<difficult>0</difficult>
		<occluded>0</occluded>
		<bndbox>
			<xmin>208</xmin>
			<xmax>232</xmax>
			<ymin>41</ymin>
			<ymax>71</ymax>
		</bndbox>
		<polygon>
			<x1>214.983645</x1>
			<y1>69.715693</y1>
			<x2>223.729553</x2>
			<y2>70.26657</y2>
			<x3>230.594961</x3>
			<y3>62.18156</y3>
			<x4>229.940166</x4>
			<y4>48.033305</y4>
			<x5>225.689422</x5>
			<y5>41.510568</y5>
			<x6>216.820852</x6>
			<y6>40.086912</y6>
			<x7>210.527261</x7>
			<y7>42.751453</y7>
			<x8>207.33988</x8>
			<y8>48.539515</y8>
			<x9>208.525903</x9>
			<y9>61.723093</y9>
			<x10>214.983645</x10>
			<y10>69.715693</y10>
		</polygon>
	</object>
	<object>
		<name>mango</name>
		<pose>Unspecified</pose>
		<truncated>0</truncated>
		<difficult>0</difficult>
		<occluded>0</occluded>
		<bndbox>
			<xmin>1</xmin>
			<xmax>51</xmax>
			<ymin>249</ymin>
			<ymax>310</ymax>
		</bndbox>
		<polygon>
			<x1>0</x1>
			<y1>294.064373</y1>
			<x2>0.413915</x2>
			<y2>295.67505900000003</y2>
			<x3>9.078652</x3>
			<y3>305.13752</y3>
			<x4>18.969097</x4>
			<y4>309.08761400000003</y4>
			<x5>40.302188</x5>
			<y5>304.309409</y5>
			<x6>48.393303</x6>
			<y6>290.712032</y6>
			<x7>49.659596</x7>
			<y7>280.743873</y7>
			<x8>46.797806</x8>
			<y8>265.125756</y8>
			<x9>33.351094</x9>
			<y9>250.105235</y9>
			<x10>13.774942</x10>
			<y10>248.406397</y10>
			<x11>3.272095</x11>
			<y11>254.332562</y11>
			<x12>0</x12>
			<y12>260.84781</y12>
			<x13>0</x13>
			<y13>294.064373</y13>
		</polygon>
	</object>
</annotation>
