<annotation>
	<folder></folder>
	<filename>image_107_png.rf.c9776e24917b1be2f2c5f834fd859b4d.jpg</filename>
	<path>image_107_png.rf.c9776e24917b1be2f2c5f834fd859b4d.jpg</path>
	<source>
		<database>roboflow.ai</database>
	</source>
	<size>
		<width>416</width>
		<height>416</height>
		<depth>3</depth>
	</size>
	<segmented>0</segmented>
	<object>
		<name>greenapple</name>
		<pose>Unspecified</pose>
		<truncated>0</truncated>
		<difficult>0</difficult>
		<occluded>0</occluded>
		<bndbox>
			<xmin>77</xmin>
			<xmax>122</xmax>
			<ymin>34</ymin>
			<ymax>97</ymax>
		</bndbox>
		<polygon>
			<x1>80.479271</x1>
			<y1>40.897042</y1>
			<x2>76.165522</x2>
			<y2>53.983679</y2>
			<x3>76.577459</x3>
			<y3>82.089509</y3>
			<x4>83.538837</x4>
			<y4>91.466294</y4>
			<x5>92.814727</x5>
			<y5>96.101572</y5>
			<x6>111.617343</x6>
			<y6>92.640951</y6>
			<x7>118.639699</x7>
			<y7>79.317342</y7>
			<x8>120.921991</x8>
			<y8>66.408436</y8>
			<x9>119.503247</x9>
			<y9>50.192119</y9>
			<x10>112.541869</x10>
			<y10>40.815336</y10>
			<x11>100.242096</x11>
			<y11>32.813404</y11>
			<x12>87.974542</x12>
			<y12>32.978873</y12>
			<x13>80.479271</x13>
			<y13>40.897042</y13>
		</polygon>
	</object>
	<object>
		<name>mango</name>
		<pose>Unspecified</pose>
		<truncated>0</truncated>
		<difficult>0</difficult>
		<occluded>0</occluded>
		<bndbox>
			<xmin>197</xmin>
			<xmax>271</xmax>
			<ymin>171</ymin>
			<ymax>196</ymax>
		</bndbox>
		<polygon>
			<x1>195.934467</x1>
			<y1>170</y1>
			<x2>195.758621</x2>
			<y2>170.468764</y2>
			<x3>196.546812</x3>
			<y3>179.47782899999999</y3>
			<x4>204.342981</x4>
			<y4>190.597182</y4>
			<x5>215.650327</x5>
			<y5>195.054731</y5>
			<x6>246.562859</x6>
			<y6>189.626828</y6>
			<x7>264.656103</x7>
			<y7>178.058049</y7>
			<x8>269.677608</x8>
			<y8>170</y8>
			<x9>195.934467</x9>
			<y9>170</y9>
		</polygon>
	</object>
	<object>
		<name>capsicum</name>
		<pose>Unspecified</pose>
		<truncated>0</truncated>
		<difficult>0</difficult>
		<occluded>0</occluded>
		<bndbox>
			<xmin>271</xmin>
			<xmax>367</xmax>
			<ymin>259</ymin>
			<ymax>417</ymax>
		</bndbox>
		<polygon>
			<x1>270</x1>
			<y1>416</y1>
			<x2>365.039555</x2>
			<y2>416</y2>
			<x3>365.95484799999997</x3>
			<y3>406.051567</y3>
			<x4>364.170766</x4>
			<y4>354.462923</y4>
			<x5>356.672034</x5>
			<y5>323.34589700000004</y5>
			<x6>343.111154</x6>
			<y6>300.92946</y6>
			<x7>322.291462</x7>
			<y7>289.133913</y7>
			<x8>302.654054</x8>
			<y8>290.851964</y8>
			<x9>289.315253</x9>
			<y9>286.572144</y9>
			<x10>285.030263</x10>
			<y10>268.790986</y10>
			<x11>277.391733</x11>
			<y11>259.47344599999997</y11>
			<x12>271.816879</x12>
			<y12>258.145578</y12>
			<x13>270</x13>
			<y13>259.403232</y13>
			<x14>270</x14>
			<y14>271.664859</y14>
			<x15>273.504301</x15>
			<y15>285.232016</y15>
			<x16>270</x16>
			<y16>286.337081</y16>
			<x17>270</x17>
			<y17>416</y17>
		</polygon>
	</object>
</annotation>
