<annotation>
	<folder></folder>
	<filename>image_126_png.rf.c1ad4555fd2b719187267d883820a599.jpg</filename>
	<path>image_126_png.rf.c1ad4555fd2b719187267d883820a599.jpg</path>
	<source>
		<database>roboflow.ai</database>
	</source>
	<size>
		<width>416</width>
		<height>416</height>
		<depth>3</depth>
	</size>
	<segmented>0</segmented>
	<object>
		<name>redapple</name>
		<pose>Unspecified</pose>
		<truncated>0</truncated>
		<difficult>0</difficult>
		<occluded>0</occluded>
		<bndbox>
			<xmin>12</xmin>
			<xmax>85</xmax>
			<ymin>10</ymin>
			<ymax>99</ymax>
		</bndbox>
		<polygon>
			<x1>37.614874</x1>
			<y1>9.397707</y1>
			<x2>20.166412</x2>
			<y2>24.07074</y2>
			<x3>12.978587</x3>
			<y3>36.941532</y3>
			<x4>11.493934</x4>
			<y4>53.911194</y4>
			<x5>17.049281</x5>
			<y5>75.096681</y5>
			<x6>25.981544</x6>
			<y6>88.477823</y6>
			<x7>40.729961</x7>
			<y7>96.967953</y7>
			<x8>57.440324</x8>
			<y8>98.429921</y8>
			<x9>72.024006</x9>
			<y9>93.405993</y9>
			<x10>83.569719</x10>
			<y10>69.216772</y10>
			<x11>83.483124</x11>
			<y11>54.809574</y11>
			<x12>65.653441</x12>
			<y12>19.950551</y12>
			<x13>50.314749</x13>
			<y13>10.508803</y13>
			<x14>37.614874</x14>
			<y14>9.397707</y14>
		</polygon>
	</object>
	<object>
		<name>capsicum</name>
		<pose>Unspecified</pose>
		<truncated>0</truncated>
		<difficult>0</difficult>
		<occluded>0</occluded>
		<bndbox>
			<xmin>1</xmin>
			<xmax>36</xmax>
			<ymin>138</ymin>
			<ymax>196</ymax>
		</bndbox>
		<polygon>
			<x1>21.331339</x1>
			<y1>195</y1>
			<x2>29.06179</x2>
			<y2>184.144809</y2>
			<x3>34.713209</x3>
			<y3>165.739739</y3>
			<x4>34.982471</x4>
			<y4>154.96358</y4>
			<x5>31.831519</x5>
			<y5>144.788166</y5>
			<x6>17.004963</x6>
			<y6>137.191176</y6>
			<x7>1.874304</x7>
			<y7>148.467085</y7>
			<x8>0</x8>
			<y8>163.642253</y8>
			<x9>0</x9>
			<y9>169.175584</y9>
			<x10>5.319882</x10>
			<y10>193.767354</y10>
			<x11>13.743717</x11>
			<y11>195</y11>
			<x12>21.331339</x12>
			<y12>195</y12>
		</polygon>
	</object>
	<object>
		<name>orange</name>
		<pose>Unspecified</pose>
		<truncated>0</truncated>
		<difficult>0</difficult>
		<occluded>0</occluded>
		<bndbox>
			<xmin>146</xmin>
			<xmax>171</xmax>
			<ymin>16</ymin>
			<ymax>48</ymax>
		</bndbox>
		<polygon>
			<x1>169.222847</x1>
			<y1>37.111488</y1>
			<x2>169.570248</x2>
			<y2>25.442188</y2>
			<x3>164.926189</x3>
			<y3>16.936099</y3>
			<x4>156.983354</x4>
			<y4>15.341214</y4>
			<x5>147.825127</x5>
			<y5>19.939831</y5>
			<x6>144.56965</x6>
			<y6>34.054636</y6>
			<x7>149.05743</x7>
			<y7>44.347007</y7>
			<x8>160.264197</x8>
			<y8>47.127424</y8>
			<x9>169.222847</x9>
			<y9>37.111488</y9>
		</polygon>
	</object>
	<object>
		<name>orange</name>
		<pose>Unspecified</pose>
		<truncated>0</truncated>
		<difficult>0</difficult>
		<occluded>0</occluded>
		<bndbox>
			<xmin>220</xmin>
			<xmax>278</xmax>
			<ymin>126</ymin>
			<ymax>196</ymax>
		</bndbox>
		<polygon>
			<x1>264.074531</x1>
			<y1>195</y1>
			<x2>268.230006</x2>
			<y2>191.414751</y2>
			<x3>273.178169</x3>
			<y3>181.047943</y3>
			<x4>276.937327</x4>
			<y4>153.477557</y4>
			<x5>267.371491</x5>
			<y5>131.941198</y5>
			<x6>243.699268</x6>
			<y6>125.370265</y6>
			<x7>230.374275</x7>
			<y7>131.40429</y7>
			<x8>221.84962</x8>
			<y8>144.158126</y8>
			<x9>218.559301</x9>
			<y9>166.36967</y9>
			<x10>219.626869</x10>
			<y10>177.262787</y10>
			<x11>223.368094</x11>
			<y11>188.389819</y11>
			<x12>229.182557</x12>
			<y12>195</y12>
			<x13>264.074531</x13>
			<y13>195</y13>
		</polygon>
	</object>
	<object>
		<name>mango</name>
		<pose>Unspecified</pose>
		<truncated>0</truncated>
		<difficult>0</difficult>
		<occluded>0</occluded>
		<bndbox>
			<xmin>1</xmin>
			<xmax>66</xmax>
			<ymin>244</ymin>
			<ymax>315</ymax>
		</bndbox>
		<polygon>
			<x1>0</x1>
			<y1>312.638401</y1>
			<x2>15.163349</x2>
			<y2>313.965022</y2>
			<x3>37.846144</x3>
			<y3>308.74969799999997</y3>
			<x4>54.469912</x4>
			<y4>295.804466</y4>
			<x5>63.897399</x5>
			<y5>280.429689</y5>
			<x6>65.069494</x6>
			<y6>267.03258900000003</y6>
			<x7>62.508818</x7>
			<y7>257.808794</y7>
			<x8>51.415032</x8>
			<y8>246.038497</y8>
			<x9>32.187291</x9>
			<y9>242.556334</y9>
			<x10>9.782211</x10>
			<y10>252.295838</y10>
			<x11>0</x11>
			<y11>261.24935600000003</y11>
			<x12>0</x12>
			<y12>312.638401</y12>
		</polygon>
	</object>
	<object>
		<name>capsicum</name>
		<pose>Unspecified</pose>
		<truncated>0</truncated>
		<difficult>0</difficult>
		<occluded>0</occluded>
		<bndbox>
			<xmin>128</xmin>
			<xmax>154</xmax>
			<ymin>233</ymin>
			<ymax>274</ymax>
		</bndbox>
		<polygon>
			<x1>139.341644</x1>
			<y1>272.630583</y1>
			<x2>144.254965</x2>
			<y2>270.36051399999997</y2>
			<x3>151.208371</x3>
			<y3>260.16914099999997</y3>
			<x4>153.361438</x4>
			<y4>243.257958</y4>
			<x5>151.156618</x5>
			<y5>237.665203</y5>
			<x6>141.521098</x6>
			<y6>232.32232199999999</y6>
			<x7>129.611075</x7>
			<y7>237.580165</y7>
			<x8>127.024011</x8>
			<y8>251.753449</y8>
			<x9>129.19399</x9>
			<y9>265.442944</y9>
			<x10>139.341644</x10>
			<y10>272.630583</y10>
		</polygon>
	</object>
	<object>
		<name>greenapple</name>
		<pose>Unspecified</pose>
		<truncated>0</truncated>
		<difficult>0</difficult>
		<occluded>0</occluded>
		<bndbox>
			<xmin>217</xmin>
			<xmax>254</xmax>
			<ymin>237</ymin>
			<ymax>298</ymax>
		</bndbox>
		<polygon>
			<x1>216</x1>
			<y1>293.441202</y1>
			<x2>218.93158</x2>
			<y2>297.130718</y2>
			<x3>239.808709</x3>
			<y3>297.157278</y3>
			<x4>250.21717</x4>
			<y4>278.268419</y4>
			<x5>253.42935</x5>
			<y5>256.950014</y5>
			<x6>240.208884</x6>
			<y6>238.693823</y6>
			<x7>225.660044</x7>
			<y7>235.621011</y7>
			<x8>216.935813</x8>
			<y8>242.957527</y8>
			<x9>216</x9>
			<y9>245.31327</y9>
			<x10>216</x10>
			<y10>293.441202</y10>
		</polygon>
	</object>
</annotation>
