<annotation>
	<folder></folder>
	<filename>image_191_png.rf.1a5d35558926c1cdf63c83407a2543d9.jpg</filename>
	<path>image_191_png.rf.1a5d35558926c1cdf63c83407a2543d9.jpg</path>
	<source>
		<database>roboflow.ai</database>
	</source>
	<size>
		<width>416</width>
		<height>416</height>
		<depth>3</depth>
	</size>
	<segmented>0</segmented>
	<object>
		<name>orange</name>
		<pose>Unspecified</pose>
		<truncated>0</truncated>
		<difficult>0</difficult>
		<occluded>0</occluded>
		<bndbox>
			<xmin>187</xmin>
			<xmax>233</xmax>
			<ymin>20</ymin>
			<ymax>92</ymax>
		</bndbox>
		<polygon>
			<x1>232</x1>
			<y1>26.719987</y1>
			<x2>222.083989</x2>
			<y2>19.289004</y2>
			<x3>200.508378</x3>
			<y3>20.453257</y3>
			<x4>191.809473</x4>
			<y4>27.267327</y4>
			<x5>186.046264</x5>
			<y5>43.244155</y5>
			<x6>187.32443</x6>
			<y6>57.979399</y6>
			<x7>193.195822</x7>
			<y7>76.304914</y7>
			<x8>202.344129</x8>
			<y8>87.012331</y8>
			<x9>210.288475</x9>
			<y9>90.891747</y9>
			<x10>222.751841</x10>
			<y10>90.454192</y10>
			<x11>232</x11>
			<y11>85.446439</y11>
			<x12>232</x12>
			<y12>26.719987</y12>
		</polygon>
	</object>
	<object>
		<name>mango</name>
		<pose>Unspecified</pose>
		<truncated>0</truncated>
		<difficult>0</difficult>
		<occluded>0</occluded>
		<bndbox>
			<xmin>164</xmin>
			<xmax>193</xmax>
			<ymin>132</ymin>
			<ymax>165</ymax>
		</bndbox>
		<polygon>
			<x1>176.277224</x1>
			<y1>163.771614</y1>
			<x2>186.820214</x2>
			<y2>163.672673</y2>
			<x3>192.055649</x3>
			<y3>152.189088</y3>
			<x4>190.099213</x4>
			<y4>141.093587</y4>
			<x5>183.172271</x5>
			<y5>131.754557</y5>
			<x6>171.198535</x6>
			<y6>131.225741</y6>
			<x7>163.930375</x7>
			<y7>138.667569</y7>
			<x8>163.063466</x8>
			<y8>144.980682</y8>
			<x9>166.149657</x9>
			<y9>154.99694</y9>
			<x10>176.277224</x10>
			<y10>163.771614</y10>
		</polygon>
	</object>
	<object>
		<name>capsicum</name>
		<pose>Unspecified</pose>
		<truncated>0</truncated>
		<difficult>0</difficult>
		<occluded>0</occluded>
		<bndbox>
			<xmin>199</xmin>
			<xmax>223</xmax>
			<ymin>261</ymin>
			<ymax>292</ymax>
		</bndbox>
		<polygon>
			<x1>218.153808</x1>
			<y1>291</y1>
			<x2>221.934133</x2>
			<y2>284.206383</y2>
			<x3>219.752996</x3>
			<y3>264.350139</y3>
			<x4>215.799895</x4>
			<y4>260.646996</y4>
			<x5>207.47827</x5>
			<y5>262.114323</y5>
			<x6>206.386659</x6>
			<y6>259.666694</y6>
			<x7>206.838145</x7>
			<y7>262.227194</y7>
			<x8>197.988744</x8>
			<y8>268.187764</y8>
			<x9>199.305056</x9>
			<y9>279.396136</y9>
			<x10>204.276227</x10>
			<y10>291</y10>
			<x11>218.153808</x11>
			<y11>291</y11>
		</polygon>
	</object>
	<object>
		<name>mango</name>
		<pose>Unspecified</pose>
		<truncated>0</truncated>
		<difficult>0</difficult>
		<occluded>0</occluded>
		<bndbox>
			<xmin>244</xmin>
			<xmax>274</xmax>
			<ymin>245</ymin>
			<ymax>279</ymax>
		</bndbox>
		<polygon>
			<x1>272.893081</x1>
			<y1>268.392777</y1>
			<x2>270.334665</x2>
			<y2>253.883276</y2>
			<x3>262.918093</x3>
			<y3>245.510618</y3>
			<x4>251.433987</x4>
			<y4>244.015429</y4>
			<x5>243.337063</x5>
			<y5>254.2435</y5>
			<x6>244.803869</x6>
			<y6>266.305372</y6>
			<x7>256.813666</x7>
			<y7>278.268303</y7>
			<x8>266.71653200000003</x8>
			<y8>278.282233</y8>
			<x9>272.893081</x9>
			<y9>268.392777</y9>
		</polygon>
	</object>
	<object>
		<name>orange</name>
		<pose>Unspecified</pose>
		<truncated>0</truncated>
		<difficult>0</difficult>
		<occluded>0</occluded>
		<bndbox>
			<xmin>270</xmin>
			<xmax>327</xmax>
			<ymin>133</ymin>
			<ymax>206</ymax>
		</bndbox>
		<polygon>
			<x1>302.959566</x1>
			<y1>131.965821</y1>
			<x2>284.735075</x2>
			<y2>133.419218</y2>
			<x3>274.115795</x3>
			<y3>140.571902</y3>
			<x4>268.880361</x4>
			<y4>152.055487</y4>
			<x5>268.53914199999997</x5>
			<y5>168.836344</y5>
			<x6>273.920904</x6>
			<y6>188.128232</y6>
			<x7>279.4171</x7>
			<y7>196.839505</y7>
			<x8>290.034297</x8>
			<y8>204.647806</y8>
			<x9>305.999278</x9>
			<y9>205.352895</y9>
			<x10>316.919548</x10>
			<y10>199.907211</y10>
			<x11>324.075358</x11>
			<y11>188.085012</y11>
			<x12>325.959672</x12>
			<y12>176.312284</y12>
			<x13>320.50370399999997</x13>
			<y13>149.113153</y13>
			<x14>315.948623</x14>
			<y14>141.996009</y14>
			<x15>302.959566</x15>
			<y15>131.965821</y15>
		</polygon>
	</object>
	<object>
		<name>redapple</name>
		<pose>Unspecified</pose>
		<truncated>0</truncated>
		<difficult>0</difficult>
		<occluded>0</occluded>
		<bndbox>
			<xmin>361</xmin>
			<xmax>417</xmax>
			<ymin>1</ymin>
			<ymax>26</ymax>
		</bndbox>
		<polygon>
			<x1>416</x1>
			<y1>0</y1>
			<x2>360.215561</x2>
			<y2>0</y2>
			<x3>363.37269000000003</x3>
			<y3>10.428772</y3>
			<x4>375.721622</x4>
			<y4>20.571831</y4>
			<x5>388.29733799999997</x5>
			<y5>24.514648</y5>
			<x6>408.141215</x6>
			<y6>21.015637</y6>
			<x7>416</x7>
			<y7>16.320731</y7>
			<x8>416</x8>
			<y8>0</y8>
		</polygon>
	</object>
	<object>
		<name>greenapple</name>
		<pose>Unspecified</pose>
		<truncated>0</truncated>
		<difficult>0</difficult>
		<occluded>0</occluded>
		<bndbox>
			<xmin>360</xmin>
			<xmax>417</xmax>
			<ymin>319</ymin>
			<ymax>417</ymax>
		</bndbox>
		<polygon>
			<x1>416</x1>
			<y1>416</y1>
			<x2>416</x2>
			<y2>318.452831</y2>
			<x3>387.145075</x3>
			<y3>326.182737</y3>
			<x4>371.47900000000004</x4>
			<y4>342.145634</y4>
			<x5>364.28504599999997</x5>
			<y5>357.494704</y5>
			<x6>359.763942</x6>
			<y6>376.77266099999997</y6>
			<x7>359.083589</x7>
			<y7>395.37339</y7>
			<x8>362.153618</x8>
			<y8>416</y8>
			<x9>416</x9>
			<y9>416</y9>
		</polygon>
	</object>
</annotation>
