<annotation>
	<folder></folder>
	<filename>image_157_png.rf.7e910287119ca98b5d5238308ce8e78b.jpg</filename>
	<path>image_157_png.rf.7e910287119ca98b5d5238308ce8e78b.jpg</path>
	<source>
		<database>roboflow.ai</database>
	</source>
	<size>
		<width>416</width>
		<height>416</height>
		<depth>3</depth>
	</size>
	<segmented>0</segmented>
	<object>
		<name>orange</name>
		<pose>Unspecified</pose>
		<truncated>0</truncated>
		<difficult>0</difficult>
		<occluded>0</occluded>
		<bndbox>
			<xmin>1</xmin>
			<xmax>12</xmax>
			<ymin>1</ymin>
			<ymax>26</ymax>
		</bndbox>
		<polygon>
			<x1>0</x1>
			<y1>0</y1>
			<x2>0</x2>
			<y2>25.439505</y2>
			<x3>3.589009</x3>
			<y3>25.335923</y3>
			<x4>10.862986</x4>
			<y4>15.413457</y4>
			<x5>10.167605</x5>
			<y5>5.720994</y5>
			<x6>6.834193</x6>
			<y6>0</y6>
			<x7>0</x7>
			<y7>0</y7>
		</polygon>
	</object>
	<object>
		<name>greenapple</name>
		<pose>Unspecified</pose>
		<truncated>0</truncated>
		<difficult>0</difficult>
		<occluded>0</occluded>
		<bndbox>
			<xmin>37</xmin>
			<xmax>80</xmax>
			<ymin>149</ymin>
			<ymax>200</ymax>
		</bndbox>
		<polygon>
			<x1>74.879672</x1>
			<y1>199</y1>
			<x2>76.877156</x2>
			<y2>195.709503</y2>
			<x3>78.878513</x3>
			<y3>176.737862</y3>
			<x4>77.161258</x4>
			<y4>164.518961</y4>
			<x5>71.234748</x5>
			<y5>155.561685</y5>
			<x6>60.97632</x6>
			<y6>148.993255</y6>
			<x7>47.530511</x7>
			<y7>148.212889</y7>
			<x8>41.482242</x8>
			<y8>152.622987</y8>
			<x9>36.006692</x9>
			<y9>165.85277</y9>
			<x10>37.030372</x10>
			<y10>196.859515</y10>
			<x11>38.425286</x11>
			<y11>199</y11>
			<x12>74.879672</x12>
			<y12>199</y12>
		</polygon>
	</object>
	<object>
		<name>mango</name>
		<pose>Unspecified</pose>
		<truncated>0</truncated>
		<difficult>0</difficult>
		<occluded>0</occluded>
		<bndbox>
			<xmin>213</xmin>
			<xmax>406</xmax>
			<ymin>1</ymin>
			<ymax>200</ymax>
		</bndbox>
		<polygon>
			<x1>262.496531</x1>
			<y1>0</y1>
			<x2>251.770323</x2>
			<y2>5.228497</y2>
			<x3>226.269465</x3>
			<y3>23.052689</y3>
			<x4>212</x4>
			<y4>36.331413</y4>
			<x5>212</x5>
			<y5>199</y5>
			<x6>224.528308</x6>
			<y6>199</y6>
			<x7>274.99565</x7>
			<y7>194.208175</y7>
			<x8>321.503105</x8>
			<y8>178.771803</y8>
			<x9>352.235093</x9>
			<y9>160.212423</y9>
			<x10>379.247567</x10>
			<y10>134.16563</y10>
			<x11>401.11008300000003</x11>
			<y11>99.94244</y11>
			<x12>405.1137</x12>
			<y12>76.239313</y12>
			<x13>398.16351</x13>
			<y13>36.275293</y13>
			<x14>385.942505</x14>
			<y14>15.742405</y14>
			<x15>374.94811200000004</x15>
			<y15>3.937303</y15>
			<x16>367.941435</x16>
			<y16>0</y16>
			<x17>262.496531</x17>
			<y17>0</y17>
		</polygon>
	</object>
	<object>
		<name>redapple</name>
		<pose>Unspecified</pose>
		<truncated>0</truncated>
		<difficult>0</difficult>
		<occluded>0</occluded>
		<bndbox>
			<xmin>1</xmin>
			<xmax>53</xmax>
			<ymin>263</ymin>
			<ymax>348</ymax>
		</bndbox>
		<polygon>
			<x1>0</x1>
			<y1>341.264364</y1>
			<x2>0.904647</x2>
			<y2>342.118943</y2>
			<x3>15.617653</x3>
			<y3>347.17130499999996</y3>
			<x4>34.5805</x4>
			<y4>344.50625</y4>
			<x5>45.614578</x5>
			<y5>337.615406</y5>
			<x6>52.274346</x6>
			<y6>309.088895</y6>
			<x7>49.494631</x7>
			<y7>298.799347</y7>
			<x8>23.786329</x8>
			<y8>267.70173</y8>
			<x9>11.034997</x9>
			<y9>262.373674</y9>
			<x10>0</x10>
			<y10>262.450214</y10>
			<x11>0</x11>
			<y11>341.264364</y11>
		</polygon>
	</object>
	<object>
		<name>greenapple</name>
		<pose>Unspecified</pose>
		<truncated>0</truncated>
		<difficult>0</difficult>
		<occluded>0</occluded>
		<bndbox>
			<xmin>98</xmin>
			<xmax>124</xmax>
			<ymin>243</ymin>
			<ymax>273</ymax>
		</bndbox>
		<polygon>
			<x1>122.688065</x1>
			<y1>264.482208</y1>
			<x2>121.747362</x2>
			<y2>253.044187</y2>
			<x3>113.491195</x3>
			<y3>241.744271</y3>
			<x4>106.17573</x4>
			<y4>241.882375</y4>
			<x5>97.47131</x5>
			<y5>251.115859</y5>
			<x6>98.534672</x6>
			<y6>263.426659</y6>
			<x7>104.461184</x7>
			<y7>272.383935</y7>
			<x8>116.476549</x8>
			<y8>272.47532</y8>
			<x9>122.688065</x9>
			<y9>264.482208</y9>
		</polygon>
	</object>
	<object>
		<name>redapple</name>
		<pose>Unspecified</pose>
		<truncated>0</truncated>
		<difficult>0</difficult>
		<occluded>0</occluded>
		<bndbox>
			<xmin>338</xmin>
			<xmax>411</xmax>
			<ymin>200</ymin>
			<ymax>241</ymax>
		</bndbox>
		<polygon>
			<x1>336.861726</x1>
			<y1>199</y1>
			<x2>337.821921</x2>
			<y2>207.720421</y2>
			<x3>345.138289</x3>
			<y3>221.82247</y3>
			<x4>355.478792</x4>
			<y4>233.71947</y4>
			<x5>368.35278400000004</x5>
			<y5>239.92030599999998</y5>
			<x6>391.48430099999996</x6>
			<y6>238.449418</y6>
			<x7>403.826161</x7>
			<y7>231.374778</y7>
			<x8>409.668791</x8>
			<y8>206.523176</y8>
			<x9>407.68859599999996</x9>
			<y9>199</y9>
			<x10>336.861726</x10>
			<y10>199</y10>
		</polygon>
	</object>
	<object>
		<name>orange</name>
		<pose>Unspecified</pose>
		<truncated>0</truncated>
		<difficult>0</difficult>
		<occluded>0</occluded>
		<bndbox>
			<xmin>376</xmin>
			<xmax>417</xmax>
			<ymin>326</ymin>
			<ymax>399</ymax>
		</bndbox>
		<polygon>
			<x1>416</x1>
			<y1>327.126105</y1>
			<x2>415.111879</x2>
			<y2>325.910566</y2>
			<x3>390.958487</x3>
			<y3>324.855016</y3>
			<x4>379.515841</x4>
			<y4>333.58331599999997</y4>
			<x5>375.225412</x5>
			<y5>345.756524</y5>
			<x6>374.817746</x6>
			<y6>361.834133</y6>
			<x7>379.355302</x7>
			<y7>379.886788</y7>
			<x8>387.73413</x8>
			<y8>392.059484</y8>
			<x9>397.86989700000004</x9>
			<y9>397.755135</y9>
			<x10>416</x10>
			<y10>393.821731</y10>
			<x11>416</x11>
			<y11>327.126105</y11>
		</polygon>
	</object>
</annotation>
