<annotation>
	<folder></folder>
	<filename>image_212_png.rf.75479e07745b4e0ec4fb47b9b1e304b3.jpg</filename>
	<path>image_212_png.rf.75479e07745b4e0ec4fb47b9b1e304b3.jpg</path>
	<source>
		<database>roboflow.ai</database>
	</source>
	<size>
		<width>416</width>
		<height>416</height>
		<depth>3</depth>
	</size>
	<segmented>0</segmented>
	<object>
		<name>greenapple</name>
		<pose>Unspecified</pose>
		<truncated>0</truncated>
		<difficult>0</difficult>
		<occluded>0</occluded>
		<bndbox>
			<xmin>1</xmin>
			<xmax>37</xmax>
			<ymin>9</ymin>
			<ymax>72</ymax>
		</bndbox>
		<polygon>
			<x1>0</x1>
			<y1>68.407275</y1>
			<x2>16.992168</x2>
			<y2>70.819018</y2>
			<x3>29.881785</x3>
			<y3>53.638736</y3>
			<x4>36.004674</x4>
			<y4>33.063862</y4>
			<x5>25.483441</x5>
			<y5>13.227316</y5>
			<x6>11.548358</x6>
			<y6>8.177778</y6>
			<x7>1.921001</x7>
			<y7>14.200798</y7>
			<x8>0</x8>
			<y8>17.571085</y8>
			<x9>0</x9>
			<y9>68.407275</y9>
		</polygon>
	</object>
	<object>
		<name>orange</name>
		<pose>Unspecified</pose>
		<truncated>0</truncated>
		<difficult>0</difficult>
		<occluded>0</occluded>
		<bndbox>
			<xmin>216</xmin>
			<xmax>276</xmax>
			<ymin>187</ymin>
			<ymax>233</ymax>
		</bndbox>
		<polygon>
			<x1>271.40029300000003</x1>
			<y1>232</y1>
			<x2>274.927694</x2>
			<y2>216.721149</y2>
			<x3>272.52575</x3>
			<y3>203.340017</y3>
			<x4>266.713871</x4>
			<y4>192.836384</y4>
			<x5>249.069591</x5>
			<y5>186.014323</y5>
			<x6>237.839634</x6>
			<y6>187.086425</y6>
			<x7>225.704051</x7>
			<y7>198.02749</y7>
			<x8>218.179375</x8>
			<y8>212.781624</y8>
			<x9>215.466418</x9>
			<y9>230.479001</y9>
			<x10>215.697396</x10>
			<y10>232</y10>
			<x11>271.40029300000003</x11>
			<y11>232</y11>
		</polygon>
	</object>
	<object>
		<name>mango</name>
		<pose>Unspecified</pose>
		<truncated>0</truncated>
		<difficult>0</difficult>
		<occluded>0</occluded>
		<bndbox>
			<xmin>328</xmin>
			<xmax>357</xmax>
			<ymin>171</ymin>
			<ymax>209</ymax>
		</bndbox>
		<polygon>
			<x1>351.684761</x1>
			<y1>202.375417</y1>
			<x2>356.45117300000004</x2>
			<y2>190.649231</y2>
			<x3>352.946706</x3>
			<y3>176.097376</y3>
			<x4>342.671596</x4>
			<y4>170.060438</y4>
			<x5>333.847498</x5>
			<y5>172.604162</y5>
			<x6>327.155098</x6>
			<y6>182.397298</y6>
			<x7>329.52802399999996</x7>
			<y7>197.260131</y7>
			<x8>340.75406699999996</x8>
			<y8>208.097538</y8>
			<x9>351.684761</x9>
			<y9>202.375417</y9>
		</polygon>
	</object>
	<object>
		<name>greenapple</name>
		<pose>Unspecified</pose>
		<truncated>0</truncated>
		<difficult>0</difficult>
		<occluded>0</occluded>
		<bndbox>
			<xmin>20</xmin>
			<xmax>69</xmax>
			<ymin>233</ymin>
			<ymax>281</ymax>
		</bndbox>
		<polygon>
			<x1>29.784816</x1>
			<y1>232</y1>
			<x2>19.295008</x2>
			<y2>258.01132</y2>
			<x3>23.201104</x3>
			<y3>270.823526</y3>
			<x4>27.611195</x4>
			<y4>275.506418</y4>
			<x5>46.509589</x5>
			<y5>279.869456</y5>
			<x6>54.431978</x6>
			<y6>275.285184</y6>
			<x7>58.645171</x7>
			<y7>268.928391</y7>
			<x8>68.128769</x8>
			<y8>242.716098</y8>
			<x9>63.393376</x9>
			<y9>232</y9>
			<x10>29.784816</x10>
			<y10>232</y10>
		</polygon>
	</object>
	<object>
		<name>redapple</name>
		<pose>Unspecified</pose>
		<truncated>0</truncated>
		<difficult>0</difficult>
		<occluded>0</occluded>
		<bndbox>
			<xmin>1</xmin>
			<xmax>31</xmax>
			<ymin>328</ymin>
			<ymax>404</ymax>
		</bndbox>
		<polygon>
			<x1>0</x1>
			<y1>401.513553</y1>
			<x2>6.513907</x2>
			<y2>402.566458</y2>
			<x3>12.932145</x3>
			<y3>398.551111</y3>
			<x4>22.612642</x4>
			<y4>383.378503</y4>
			<x5>30.09201</x5>
			<y5>353.95493999999997</y5>
			<x6>25.63661</x6>
			<y6>334.602616</y6>
			<x7>5.385655</x7>
			<y7>327.178758</y7>
			<x8>0</x8>
			<y8>327.69291599999997</y8>
			<x9>0</x9>
			<y9>401.513553</y9>
		</polygon>
	</object>
	<object>
		<name>capsicum</name>
		<pose>Unspecified</pose>
		<truncated>0</truncated>
		<difficult>0</difficult>
		<occluded>0</occluded>
		<bndbox>
			<xmin>152</xmin>
			<xmax>177</xmax>
			<ymin>233</ymin>
			<ymax>252</ymax>
		</bndbox>
		<polygon>
			<x1>152.474979</x1>
			<y1>232</y1>
			<x2>151.349383</x2>
			<y2>239.02445</y2>
			<x3>155.206254</x3>
			<y3>249.07673499999999</y3>
			<x4>162.374611</x4>
			<y4>250.731681</y4>
			<x5>167.940366</x5>
			<y5>247.435708</y5>
			<x6>175.572774</x6>
			<y6>232</y6>
			<x7>152.474979</x7>
			<y7>232</y7>
		</polygon>
	</object>
</annotation>
