<annotation>
	<folder></folder>
	<filename>image_62_png.rf.9fbdf67d2a6ab453f9c6beaeec351bdb.jpg</filename>
	<path>image_62_png.rf.9fbdf67d2a6ab453f9c6beaeec351bdb.jpg</path>
	<source>
		<database>roboflow.ai</database>
	</source>
	<size>
		<width>416</width>
		<height>416</height>
		<depth>3</depth>
	</size>
	<segmented>0</segmented>
	<object>
		<name>capsicum</name>
		<pose>Unspecified</pose>
		<truncated>0</truncated>
		<difficult>0</difficult>
		<occluded>0</occluded>
		<bndbox>
			<xmin>2</xmin>
			<xmax>34</xmax>
			<ymin>107</ymin>
			<ymax>163</ymax>
		</bndbox>
		<polygon>
			<x1>14.34143</x1>
			<y1>110.949526</y1>
			<x2>7.615772</x2>
			<y2>111.490978</y2>
			<x3>1.992299</x3>
			<y3>116.559838</y3>
			<x4>0.637404</x4>
			<y4>142.412771</y4>
			<x5>7.003105</x5>
			<y5>161.518891</y5>
			<x6>22.36466</x6>
			<y6>162.323956</y6>
			<x7>27.41368</x7>
			<y7>155.437132</y7>
			<x8>32.355452</x8>
			<y8>137.81754</y8>
			<x9>33.289863</x9>
			<y9>119.987932</y9>
			<x10>30.370879</x10>
			<y10>111.789593</y10>
			<x11>19.110127</x11>
			<y11>109.411584</y11>
			<x12>15.95754</x12>
			<y12>105.670649</y12>
			<x13>14.34143</x13>
			<y13>110.949526</y13>
		</polygon>
	</object>
	<object>
		<name>greenapple</name>
		<pose>Unspecified</pose>
		<truncated>0</truncated>
		<difficult>0</difficult>
		<occluded>0</occluded>
		<bndbox>
			<xmin>145</xmin>
			<xmax>167</xmax>
			<ymin>1</ymin>
			<ymax>10</ymax>
		</bndbox>
		<polygon>
			<x1>144.236738</x1>
			<y1>0</y1>
			<x2>149.659432</x2>
			<y2>8.087979</y2>
			<x3>159.009944</x3>
			<y3>8.578019</y3>
			<x4>165.534779</x4>
			<y4>0</y4>
			<x5>144.236738</x5>
			<y5>0</y5>
		</polygon>
	</object>
	<object>
		<name>redapple</name>
		<pose>Unspecified</pose>
		<truncated>0</truncated>
		<difficult>0</difficult>
		<occluded>0</occluded>
		<bndbox>
			<xmin>58</xmin>
			<xmax>129</xmax>
			<ymin>229</ymin>
			<ymax>270</ymax>
		</bndbox>
		<polygon>
			<x1>56.845728</x1>
			<y1>228</y1>
			<x2>58.318344</x2>
			<y2>248.456641</y2>
			<x3>67.729382</x3>
			<y3>260.570929</y3>
			<x4>78.088638</x4>
			<y4>267.371337</y4>
			<x5>100.129131</x5>
			<y5>268.526431</y5>
			<x6>116.485624</x6>
			<y6>263.126135</y6>
			<x7>128.139247</x7>
			<y7>232.449363</y7>
			<x8>127.662133</x8>
			<y8>228</y8>
			<x9>56.845728</x9>
			<y9>228</y9>
		</polygon>
	</object>
	<object>
		<name>greenapple</name>
		<pose>Unspecified</pose>
		<truncated>0</truncated>
		<difficult>0</difficult>
		<occluded>0</occluded>
		<bndbox>
			<xmin>298</xmin>
			<xmax>417</xmax>
			<ymin>310</ymin>
			<ymax>417</ymax>
		</bndbox>
		<polygon>
			<x1>416</x1>
			<y1>416</y1>
			<x2>416</x2>
			<y2>312.073467</y2>
			<x3>387.56478100000004</x3>
			<y3>309.115501</y3>
			<x4>342.62902099999997</x4>
			<y4>310.336234</y4>
			<x5>321.84468100000004</x5>
			<y5>323.549836</y5>
			<x6>307.318795</x6>
			<y6>345.13679</y6>
			<x7>301.08795499999997</x7>
			<y7>361.794897</y7>
			<x8>297.369422</x8>
			<y8>407.19039399999997</y8>
			<x9>298.158991</x9>
			<y9>416</y9>
			<x10>416</x10>
			<y10>416</y10>
		</polygon>
	</object>
</annotation>
