<annotation>
	<folder></folder>
	<filename>image_32_png.rf.1614f68f393f5708a6e0afcc4be9122b.jpg</filename>
	<path>image_32_png.rf.1614f68f393f5708a6e0afcc4be9122b.jpg</path>
	<source>
		<database>roboflow.ai</database>
	</source>
	<size>
		<width>416</width>
		<height>416</height>
		<depth>3</depth>
	</size>
	<segmented>0</segmented>
	<object>
		<name>orange</name>
		<pose>Unspecified</pose>
		<truncated>0</truncated>
		<difficult>0</difficult>
		<occluded>0</occluded>
		<bndbox>
			<xmin>100</xmin>
			<xmax>150</xmax>
			<ymin>1</ymin>
			<ymax>179</ymax>
		</bndbox>
		<polygon>
			<x1>149</x1>
			<y1>0</y1>
			<x2>125.706786</x2>
			<y2>0</y2>
			<x3>108.295183</x3>
			<y3>34.654537</y3>
			<x4>100.836281</x4>
			<y4>66.549666</y4>
			<x5>98.761524</x5>
			<y5>98.684349</y5>
			<x6>106.068943</x6>
			<y6>134.623037</y6>
			<x7>115.756812</x7>
			<y7>152.9701</y7>
			<x8>130.264892</x8>
			<y8>167.81733</y8>
			<x9>149</x9>
			<y9>178.173418</y9>
			<x10>149</x10>
			<y10>0</y10>
		</polygon>
	</object>
	<object>
		<name>orange</name>
		<pose>Unspecified</pose>
		<truncated>0</truncated>
		<difficult>0</difficult>
		<occluded>0</occluded>
		<bndbox>
			<xmin>215</xmin>
			<xmax>273</xmax>
			<ymin>1</ymin>
			<ymax>61</ymax>
		</bndbox>
		<polygon>
			<x1>220.752549</x1>
			<y1>0</y1>
			<x2>219.367978</x2>
			<y2>1.691518</y2>
			<x3>214.019421</x3>
			<y3>20.462011</y3>
			<x4>214.889047</x4>
			<y4>38.74446</y4>
			<x5>218.06490300000002</x5>
			<y5>49.373191</y5>
			<x6>226.15891299999998</x6>
			<y6>59.237548</y6>
			<x7>249.82955800000002</x7>
			<y7>59.744498</y7>
			<x8>260.488041</x8>
			<y8>51.151466</y8>
			<x9>266.964467</x9>
			<y9>39.85975</y9>
			<x10>272.410967</x10>
			<y10>23.824715</y10>
			<x11>272.203218</x11>
			<y11>12.017115</y11>
			<x12>267.336363</x12>
			<y12>0</y12>
			<x13>220.752549</x13>
			<y13>0</y13>
		</polygon>
	</object>
	<object>
		<name>mango</name>
		<pose>Unspecified</pose>
		<truncated>0</truncated>
		<difficult>0</difficult>
		<occluded>0</occluded>
		<bndbox>
			<xmin>327</xmin>
			<xmax>414</xmax>
			<ymin>1</ymin>
			<ymax>60</ymax>
		</bndbox>
		<polygon>
			<x1>359.434793</x1>
			<y1>0</y1>
			<x2>358.227856</x2>
			<y2>0.44117</y2>
			<x3>333.476792</x3>
			<y3>17.802173</y3>
			<x4>325.798279</x4>
			<y4>31.553019</y4>
			<x5>329.07207900000003</x5>
			<y5>44.917209</y5>
			<x6>341.06617800000004</x6>
			<y6>55.610555</y6>
			<x7>366.134798</x7>
			<y7>59.129294</y7>
			<x8>388.959541</x8>
			<y8>54.027162</y8>
			<x9>401.93611699999997</x9>
			<y9>44.117095</y9>
			<x10>412.582738</x10>
			<y10>29.18738</y10>
			<x11>413.013143</x11>
			<y11>11.181262</y11>
			<x12>404.770587</x12>
			<y12>0</y12>
			<x13>359.434793</x13>
			<y13>0</y13>
		</polygon>
	</object>
	<object>
		<name>greenapple</name>
		<pose>Unspecified</pose>
		<truncated>0</truncated>
		<difficult>0</difficult>
		<occluded>0</occluded>
		<bndbox>
			<xmin>324</xmin>
			<xmax>372</xmax>
			<ymin>136</ymin>
			<ymax>188</ymax>
		</bndbox>
		<polygon>
			<x1>361.494867</x1>
			<y1>187</y1>
			<x2>366.91225299999996</x2>
			<y2>176.928972</y2>
			<x3>371.42677000000003</x3>
			<y3>158.886078</y3>
			<x4>360.62289599999997</x4>
			<y4>139.39692</y4>
			<x5>347.34062900000004</x5>
			<y5>134.763927</y5>
			<x6>337.234218</x6>
			<y6>140.759664</y6>
			<x7>330.573768</x7>
			<y7>152.917145</y7>
			<x8>326.12160600000004</x8>
			<y8>154.685449</y8>
			<x9>328.635586</x9>
			<y9>158.839332</y9>
			<x10>322.821037</x10>
			<y10>176.605897</y10>
			<x11>328.021523</x11>
			<y11>187</y11>
			<x12>361.494867</x12>
			<y12>187</y12>
		</polygon>
	</object>
	<object>
		<name>mango</name>
		<pose>Unspecified</pose>
		<truncated>0</truncated>
		<difficult>0</difficult>
		<occluded>0</occluded>
		<bndbox>
			<xmin>91</xmin>
			<xmax>146</xmax>
			<ymin>286</ymin>
			<ymax>350</ymax>
		</bndbox>
		<polygon>
			<x1>120.050931</x1>
			<y1>285.059571</y1>
			<x2>105.946486</x2>
			<y2>287.490859</y2>
			<x3>99.274174</x3>
			<y3>293.31165699999997</y3>
			<x4>92.613724</x4>
			<y4>305.469138</y4>
			<x5>90.221413</x5>
			<y5>316.72407899999996</y5>
			<x6>92.011159</x6>
			<y6>330.677703</y6>
			<x7>97.689133</x7>
			<y7>339.12363500000004</y7>
			<x8>116.735454</x8>
			<y8>348.601337</y8>
			<x9>135.562165</x9>
			<y9>339.934755</y9>
			<x10>142.872629</x10>
			<y10>327.91544</y10>
			<x11>145.448965</x11>
			<y11>315.794734</y11>
			<x12>144.03913</x12>
			<y12>306.446262</y12>
			<x13>136.86524</x13>
			<y13>292.253083</y13>
			<x14>120.050931</x14>
			<y14>285.059571</y14>
		</polygon>
	</object>
	<object>
		<name>capsicum</name>
		<pose>Unspecified</pose>
		<truncated>0</truncated>
		<difficult>0</difficult>
		<occluded>0</occluded>
		<bndbox>
			<xmin>170</xmin>
			<xmax>197</xmax>
			<ymin>228</ymin>
			<ymax>267</ymax>
		</bndbox>
		<polygon>
			<x1>178.395644</x1>
			<y1>266.089564</y1>
			<x2>183.497821</x2>
			<y2>264.459424</y2>
			<x3>191.556244</x3>
			<y3>255.31373200000002</y3>
			<x4>195.702715</x4>
			<y4>239.002369</y4>
			<x5>194.206799</x5>
			<y5>233.25512</y5>
			<x6>185.376692</x6>
			<y6>226.853822</y6>
			<x7>173.03827</x7>
			<y7>230.565371</y7>
			<x8>168.793856</x8>
			<y8>244.141276</y8>
			<x9>169.283572</x9>
			<y9>257.818571</y9>
			<x10>178.395644</x10>
			<y10>266.089564</y10>
		</polygon>
	</object>
</annotation>
