<annotation>
	<folder></folder>
	<filename>image_220_png.rf.a6961ced5083b5892fbd8d3436f03439.jpg</filename>
	<path>image_220_png.rf.a6961ced5083b5892fbd8d3436f03439.jpg</path>
	<source>
		<database>roboflow.ai</database>
	</source>
	<size>
		<width>416</width>
		<height>416</height>
		<depth>3</depth>
	</size>
	<segmented>0</segmented>
	<object>
		<name>greenapple</name>
		<pose>Unspecified</pose>
		<truncated>0</truncated>
		<difficult>0</difficult>
		<occluded>0</occluded>
		<bndbox>
			<xmin>75</xmin>
			<xmax>99</xmax>
			<ymin>35</ymin>
			<ymax>65</ymax>
		</bndbox>
		<polygon>
			<x1>97.934761</x1>
			<y1>53.510963</y1>
			<x2>96.564898</x2>
			<y2>43.003013</y2>
			<x3>90.345893</x3>
			<y3>35.233345</y3>
			<x4>80.766783</x4>
			<y4>34.40178</y4>
			<x5>74.333921</x5>
			<y5>42.835017</y5>
			<x6>75.56011</x6>
			<y6>56.06445</y6>
			<x7>84.540028</x7>
			<y7>64.195303</y7>
			<x8>93.614626</x8>
			<y8>62.43138</y8>
			<x9>97.934761</x9>
			<y9>53.510963</y9>
		</polygon>
	</object>
	<object>
		<name>redapple</name>
		<pose>Unspecified</pose>
		<truncated>0</truncated>
		<difficult>0</difficult>
		<occluded>0</occluded>
		<bndbox>
			<xmin>336</xmin>
			<xmax>407</xmax>
			<ymin>13</ymin>
			<ymax>92</ymax>
		</bndbox>
		<polygon>
			<x1>373.25676</x1>
			<y1>11.592022</y1>
			<x2>349.081226</x2>
			<y2>11.802009</y2>
			<x3>338.759251</x3>
			<y3>20.991214</y3>
			<x4>335.136296</x4>
			<y4>36.95893</y4>
			<x5>335.307775</x5>
			<y5>62.065453</y5>
			<x6>342.392131</x6>
			<y6>77.747582</y6>
			<x7>355.765675</x7>
			<y7>87.717956</y7>
			<x8>365.849296</x8>
			<y8>91.145011</y8>
			<x9>388.535791</x9>
			<y9>86.735203</y9>
			<x10>400.97049400000003</x10>
			<y10>78.033178</y10>
			<x11>405.791832</x11>
			<y11>47.466889</y11>
			<x12>403.941955</x12>
			<y12>37.950097</y12>
			<x13>399.187491</x13>
			<y13>30.793602</y13>
			<x14>385.141265</x14>
			<y14>17.362576</y14>
			<x15>373.25676</x15>
			<y15>11.592022</y15>
		</polygon>
	</object>
	<object>
		<name>orange</name>
		<pose>Unspecified</pose>
		<truncated>0</truncated>
		<difficult>0</difficult>
		<occluded>0</occluded>
		<bndbox>
			<xmin>107</xmin>
			<xmax>166</xmax>
			<ymin>311</ymin>
			<ymax>385</ymax>
		</bndbox>
		<polygon>
			<x1>145.827387</x1>
			<y1>309.73170500000003</y1>
			<x2>122.46821</x2>
			<y2>310.68086</y2>
			<x3>114.066294</x3>
			<y3>315.905436</y3>
			<x4>107.346085</x4>
			<y4>329.78164000000004</y4>
			<x5>106.435049</x5>
			<y5>338.937247</y5>
			<x6>111.455671</x6>
			<y6>361.30548899999997</y6>
			<x7>118.683701</x7>
			<y7>374.26613399999997</y7>
			<x8>127.495448</x8>
			<y8>381.531825</y8>
			<x9>138.059085</x9>
			<y9>383.967721</y9>
			<x10>151.502811</x10>
			<y10>380.456674</y10>
			<x11>161.176601</x11>
			<y11>371.393464</y11>
			<x12>164.368534</x12>
			<y12>363.590198</y12>
			<x13>165.374251</x13>
			<y13>344.539815</y13>
			<x14>161.530822</x14>
			<y14>328.227714</y14>
			<x15>145.827387</x15>
			<y15>309.73170500000003</y15>
		</polygon>
	</object>
	<object>
		<name>redapple</name>
		<pose>Unspecified</pose>
		<truncated>0</truncated>
		<difficult>0</difficult>
		<occluded>0</occluded>
		<bndbox>
			<xmin>305</xmin>
			<xmax>357</xmax>
			<ymin>210</ymin>
			<ymax>282</ymax>
		</bndbox>
		<polygon>
			<x1>322.686867</x1>
			<y1>208.707413</y1>
			<x2>307.011237</x2>
			<y2>218.039411</y2>
			<x3>304.32381499999997</x3>
			<y3>228.438165</y3>
			<x4>305.718174</x4>
			<y4>242.532761</y4>
			<x5>311.506159</x5>
			<y5>258.466879</y5>
			<x6>325.265038</x6>
			<y6>277.340872</y6>
			<x7>341.51867</x7>
			<y7>281.364302</y7>
			<x8>350.088757</x8>
			<y8>277.00489</y8>
			<x9>353.928877</x9>
			<y9>269.07563</y9>
			<x10>355.58277699999996</x10>
			<y10>249.899252</y10>
			<x11>351.21034099999997</x11>
			<y11>227.405016</y11>
			<x12>344.798668</x12>
			<y12>215.183539</y12>
			<x13>338.26781800000003</x13>
			<y13>209.270191</y13>
			<x14>322.686867</x14>
			<y14>208.707413</y14>
		</polygon>
	</object>
</annotation>
