<annotation>
	<folder></folder>
	<filename>image_46_png.rf.26585ee82ddfc7571c9b3ca49bbc3603.jpg</filename>
	<path>image_46_png.rf.26585ee82ddfc7571c9b3ca49bbc3603.jpg</path>
	<source>
		<database>roboflow.ai</database>
	</source>
	<size>
		<width>416</width>
		<height>416</height>
		<depth>3</depth>
	</size>
	<segmented>0</segmented>
	<object>
		<name>mango</name>
		<pose>Unspecified</pose>
		<truncated>0</truncated>
		<difficult>0</difficult>
		<occluded>0</occluded>
		<bndbox>
			<xmin>167</xmin>
			<xmax>184</xmax>
			<ymin>158</ymin>
			<ymax>209</ymax>
		</bndbox>
		<polygon>
			<x1>166</x1>
			<y1>208</y1>
			<x2>176.866495</x2>
			<y2>208</y2>
			<x3>177.076443</x3>
			<y3>207.794288</y3>
			<x4>183.401255</x4>
			<y4>186.635151</y4>
			<x5>180.763116</x5>
			<y5>172.717933</y5>
			<x6>174.853739</x6>
			<y6>163.91287</y6>
			<x7>166</x7>
			<y7>157.432391</y7>
			<x8>166</x8>
			<y8>208</y8>
		</polygon>
	</object>
	<object>
		<name>orange</name>
		<pose>Unspecified</pose>
		<truncated>0</truncated>
		<difficult>0</difficult>
		<occluded>0</occluded>
		<bndbox>
			<xmin>287</xmin>
			<xmax>311</xmax>
			<ymin>142</ymin>
			<ymax>173</ymax>
		</bndbox>
		<polygon>
			<x1>309.635682</x1>
			<y1>162.620426</y1>
			<x2>310.283088</x2>
			<y2>149.957862</y2>
			<x3>305.631211</x3>
			<y3>142.194296</y3>
			<x4>296.84301600000003</x4>
			<y4>141.270619</y4>
			<x5>288.839672</x5>
			<y5>145.885409</y5>
			<x6>285.975161</x6>
			<y6>160.133605</y6>
			<x7>291.695479</x7>
			<y7>170.737457</y7>
			<x8>302.511718</x8>
			<y8>171.874289</y8>
			<x9>309.635682</x9>
			<y9>162.620426</y9>
		</polygon>
	</object>
	<object>
		<name>capsicum</name>
		<pose>Unspecified</pose>
		<truncated>0</truncated>
		<difficult>0</difficult>
		<occluded>0</occluded>
		<bndbox>
			<xmin>168</xmin>
			<xmax>182</xmax>
			<ymin>1</ymin>
			<ymax>5</ymax>
		</bndbox>
		<polygon>
			<x1>166.868483</x1>
			<y1>0</y1>
			<x2>168.411998</x2>
			<y2>4.103201</y2>
			<x3>179.322766</x3>
			<y3>4.340639</y3>
			<x4>181.200189</x4>
			<y4>0</y4>
			<x5>166.868483</x5>
			<y5>0</y5>
		</polygon>
	</object>
	<object>
		<name>orange</name>
		<pose>Unspecified</pose>
		<truncated>0</truncated>
		<difficult>0</difficult>
		<occluded>0</occluded>
		<bndbox>
			<xmin>98</xmin>
			<xmax>153</xmax>
			<ymin>389</ymin>
			<ymax>417</ymax>
		</bndbox>
		<polygon>
			<x1>151.987936</x1>
			<y1>416</y1>
			<x2>152.399205</x2>
			<y2>412.087041</y2>
			<x3>142.703023</x3>
			<y3>393.79067599999996</y3>
			<x4>117.974062</x4>
			<y4>388.46357</y4>
			<x5>109.389234</x5>
			<y5>392.107915</y5>
			<x6>98.128954</x6>
			<y6>408.201667</y6>
			<x7>97.478256</x7>
			<y7>416</y7>
			<x8>151.987936</x8>
			<y8>416</y8>
		</polygon>
	</object>
	<object>
		<name>greenapple</name>
		<pose>Unspecified</pose>
		<truncated>0</truncated>
		<difficult>0</difficult>
		<occluded>0</occluded>
		<bndbox>
			<xmin>167</xmin>
			<xmax>206</xmax>
			<ymin>296</ymin>
			<ymax>359</ymax>
		</bndbox>
		<polygon>
			<x1>166</x1>
			<y1>355.06440499999997</y1>
			<x2>189.20627</x2>
			<y2>358.398931</y2>
			<x3>199.506945</x3>
			<y3>344.93230800000003</y3>
			<x4>205.235968</x4>
			<y4>316.435916</y4>
			<x5>200.773149</x5>
			<y5>306.873563</y5>
			<x6>191.483697</x6>
			<y6>297.71324</y6>
			<x7>178.828474</x7>
			<y7>294.564464</y7>
			<x8>171.690205</x8>
			<y8>297.45151799999996</y8>
			<x9>166</x9>
			<y9>306.343928</y9>
			<x10>166</x10>
			<y10>355.06440499999997</y10>
		</polygon>
	</object>
</annotation>
