<annotation>
	<folder></folder>
	<filename>image_132_png.rf.a6d8abd23b8d2d320f1e2b77c1e8d76c.jpg</filename>
	<path>image_132_png.rf.a6d8abd23b8d2d320f1e2b77c1e8d76c.jpg</path>
	<source>
		<database>roboflow.ai</database>
	</source>
	<size>
		<width>416</width>
		<height>416</height>
		<depth>3</depth>
	</size>
	<segmented>0</segmented>
	<object>
		<name>greenapple</name>
		<pose>Unspecified</pose>
		<truncated>0</truncated>
		<difficult>0</difficult>
		<occluded>0</occluded>
		<bndbox>
			<xmin>1</xmin>
			<xmax>14</xmax>
			<ymin>11</ymin>
			<ymax>44</ymax>
		</bndbox>
		<polygon>
			<x1>0</x1>
			<y1>42.318549</y1>
			<x2>0.927815</x2>
			<y2>42.610901</y2>
			<x3>9.471663</x3>
			<y3>36.119786</y3>
			<x4>12.82013</x4>
			<y4>24.667615</y4>
			<x5>7.935982</x5>
			<y5>12.255196</y5>
			<x6>0</x6>
			<y6>10.42303</y6>
			<x7>0</x7>
			<y7>42.318549</y7>
		</polygon>
	</object>
	<object>
		<name>orange</name>
		<pose>Unspecified</pose>
		<truncated>0</truncated>
		<difficult>0</difficult>
		<occluded>0</occluded>
		<bndbox>
			<xmin>1</xmin>
			<xmax>36</xmax>
			<ymin>200</ymin>
			<ymax>275</ymax>
		</bndbox>
		<polygon>
			<x1>0</x1>
			<y1>274</y1>
			<x2>15.842526</x2>
			<y2>274</y2>
			<x3>26.170319</x3>
			<y3>262.85025</y3>
			<x4>34.516235</x4>
			<y4>232.803388</y4>
			<x5>28.555062</x5>
			<y5>209.797897</y5>
			<x6>19.089806</x6>
			<y6>201.970257</y6>
			<x7>8.387813</x7>
			<y7>199.499508</y7>
			<x8>0</x8>
			<y8>200.65975</y8>
			<x9>0</x9>
			<y9>274</y9>
		</polygon>
	</object>
	<object>
		<name>redapple</name>
		<pose>Unspecified</pose>
		<truncated>0</truncated>
		<difficult>0</difficult>
		<occluded>0</occluded>
		<bndbox>
			<xmin>133</xmin>
			<xmax>208</xmax>
			<ymin>55</ymin>
			<ymax>142</ymax>
		</bndbox>
		<polygon>
			<x1>179.937742</x1>
			<y1>57.607343</y1>
			<x2>165.891378</x2>
			<y2>54.364484</y2>
			<x3>156.834271</x3>
			<y3>56.975497</y3>
			<x4>143.553699</x4>
			<y4>71.777073</y4>
			<x5>132.894024</x5>
			<y5>96.587751</y5>
			<x6>132.271562</x6>
			<y6>111.490477</y6>
			<x7>141.013341</x7>
			<y7>128.555108</y7>
			<x8>149.809724</x8>
			<y8>136.228324</y8>
			<x9>172.551457</x9>
			<y9>141.478667</y9>
			<x10>187.165682</x10>
			<y10>139.210215</y10>
			<x11>193.290661</x11>
			<y11>134.041464</y11>
			<x12>206.419712</x12>
			<y12>110.741288</y12>
			<x13>206.785545</x13>
			<y13>93.898511</y13>
			<x14>191.409622</x14>
			<y14>65.898248</y14>
			<x15>179.937742</x15>
			<y15>57.607343</y15>
		</polygon>
	</object>
	<object>
		<name>greenapple</name>
		<pose>Unspecified</pose>
		<truncated>0</truncated>
		<difficult>0</difficult>
		<occluded>0</occluded>
		<bndbox>
			<xmin>254</xmin>
			<xmax>278</xmax>
			<ymin>1</ymin>
			<ymax>65</ymax>
		</bndbox>
		<polygon>
			<x1>253</x1>
			<y1>63.737629</y1>
			<x2>262.993398</x2>
			<y2>60.940468</y2>
			<x3>277.052048</x3>
			<y3>27.510486</y3>
			<x4>270.985766</x4>
			<y4>11.063542</y4>
			<x5>255.912883</x5>
			<y5>0.060476</y5>
			<x6>253</x6>
			<y6>0.625939</y6>
			<x7>253</x7>
			<y7>63.737629</y7>
		</polygon>
	</object>
	<object>
		<name>orange</name>
		<pose>Unspecified</pose>
		<truncated>0</truncated>
		<difficult>0</difficult>
		<occluded>0</occluded>
		<bndbox>
			<xmin>371</xmin>
			<xmax>417</xmax>
			<ymin>54</ymin>
			<ymax>132</ymax>
		</bndbox>
		<polygon>
			<x1>416</x1>
			<y1>57.546938</y1>
			<x2>404.962693</x2>
			<y2>53.279376</y2>
			<x3>393.43620999999996</x3>
			<y3>54.379887</y3>
			<x4>380.98012900000003</x4>
			<y4>65.610203</y4>
			<x5>373.25667599999997</x5>
			<y5>80.75434</y5>
			<x6>370.471975</x6>
			<y6>98.919481</y6>
			<x7>372.987761</x7>
			<y7>115.48713</y7>
			<x8>379.828027</x8>
			<y8>125.529948</y8>
			<x9>405.24525800000004</x9>
			<y9>131.397978</y9>
			<x10>416</x10>
			<y10>124.055527</y10>
			<x11>416</x11>
			<y11>57.546938</y11>
		</polygon>
	</object>
	<object>
		<name>orange</name>
		<pose>Unspecified</pose>
		<truncated>0</truncated>
		<difficult>0</difficult>
		<occluded>0</occluded>
		<bndbox>
			<xmin>127</xmin>
			<xmax>154</xmax>
			<ymin>275</ymin>
			<ymax>296</ymax>
		</bndbox>
		<polygon>
			<x1>128.661857</x1>
			<y1>274</y1>
			<x2>126.287942</x2>
			<y2>279.593354</y2>
			<x3>129.371589</x3>
			<y3>290.649692</y3>
			<x4>137.448591</x4>
			<y4>295.335621</y4>
			<x5>148.667937</x5>
			<y5>289.462194</y5>
			<x6>152.891401</x6>
			<y6>277.271629</y6>
			<x7>152.166736</x7>
			<y7>274</y7>
			<x8>128.661857</x8>
			<y8>274</y8>
		</polygon>
	</object>
	<object>
		<name>capsicum</name>
		<pose>Unspecified</pose>
		<truncated>0</truncated>
		<difficult>0</difficult>
		<occluded>0</occluded>
		<bndbox>
			<xmin>254</xmin>
			<xmax>357</xmax>
			<ymin>315</ymin>
			<ymax>417</ymax>
		</bndbox>
		<polygon>
			<x1>253</x1>
			<y1>416</y1>
			<x2>355.29839400000003</x2>
			<y2>416</y2>
			<x3>356.166289</x3>
			<y3>403.202426</y3>
			<x4>349.485734</x4>
			<y4>377.209646</y4>
			<x5>334.311839</x5>
			<y5>360.540848</y5>
			<x6>312.907855</x6>
			<y6>355.599349</y6>
			<x7>303.442598</x7>
			<y7>347.771711</y7>
			<x8>303.501295</x8>
			<y8>326.156016</y8>
			<x9>298.204901</x9>
			<y9>315.529227</y9>
			<x10>292.185031</x10>
			<y10>314.13943</y10>
			<x11>288.117183</x11>
			<y11>322.604314</y11>
			<x12>290.325833</x12>
			<y12>334.399045</y12>
			<x13>287.545226</x13>
			<y13>340.339905</y13>
			<x14>270.667748</x14>
			<y14>340.20504</y14>
			<x15>261.252999</x15>
			<y15>335.210268</y15>
			<x16>253</x16>
			<y16>333.890696</y16>
			<x17>253</x17>
			<y17>416</y17>
		</polygon>
	</object>
</annotation>
