<annotation>
	<folder></folder>
	<filename>image_216_png.rf.6523f1cc8ce49ceb2d2a005828782c99.jpg</filename>
	<path>image_216_png.rf.6523f1cc8ce49ceb2d2a005828782c99.jpg</path>
	<source>
		<database>roboflow.ai</database>
	</source>
	<size>
		<width>416</width>
		<height>416</height>
		<depth>3</depth>
	</size>
	<segmented>0</segmented>
	<object>
		<name>capsicum</name>
		<pose>Unspecified</pose>
		<truncated>0</truncated>
		<difficult>0</difficult>
		<occluded>0</occluded>
		<bndbox>
			<xmin>114</xmin>
			<xmax>149</xmax>
			<ymin>52</ymin>
			<ymax>109</ymax>
		</bndbox>
		<polygon>
			<x1>113.007586</x1>
			<y1>64.974141</y1>
			<x2>116.811747</x2>
			<y2>88.084124</y2>
			<x3>122.875303</x3>
			<y3>101.582065</y3>
			<x4>128.890209</x4>
			<y4>107.751174</y4>
			<x5>142.983277</x5>
			<y5>105.929045</y5>
			<x6>147.894341</x6>
			<y6>95.80157</y6>
			<x7>148.48428</x7>
			<y7>84.679465</y7>
			<x8>145.343037</x8>
			<y8>61.440625</y8>
			<x9>139.647428</x9>
			<y9>53.374879</y9>
			<x10>124.032388</x10>
			<y10>50.906418</y10>
			<x11>123.074501</x11>
			<y11>56.596329</y11>
			<x12>113.007586</x12>
			<y12>64.974141</y12>
		</polygon>
	</object>
	<object>
		<name>capsicum</name>
		<pose>Unspecified</pose>
		<truncated>0</truncated>
		<difficult>0</difficult>
		<occluded>0</occluded>
		<bndbox>
			<xmin>214</xmin>
			<xmax>236</xmax>
			<ymin>113</ymin>
			<ymax>148</ymax>
		</bndbox>
		<polygon>
			<x1>233.654344</x1>
			<y1>144.12264</y1>
			<x2>234.882875</x2>
			<y2>129.207261</y2>
			<x3>230.292638</x3>
			<y3>112.671078</y3>
			<x4>223.982763</x4>
			<y4>112.063021</y4>
			<x5>213.891522</x5>
			<y5>116.776418</y5>
			<x6>212.590014</x6>
			<y6>120.69855</y6>
			<x7>215.510796</x7>
			<y7>135.72467</y7>
			<x8>223.219482</x8>
			<y8>147.068258</y8>
			<x9>233.654344</x9>
			<y9>144.12264</y9>
		</polygon>
	</object>
	<object>
		<name>orange</name>
		<pose>Unspecified</pose>
		<truncated>0</truncated>
		<difficult>0</difficult>
		<occluded>0</occluded>
		<bndbox>
			<xmin>1</xmin>
			<xmax>14</xmax>
			<ymin>349</ymin>
			<ymax>378</ymax>
		</bndbox>
		<polygon>
			<x1>0</x1>
			<y1>376.811965</y1>
			<x2>7.606136</x2>
			<y2>377.109551</y2>
			<x3>13.351928</x3>
			<y3>367.73710800000003</y3>
			<x4>11.609495</x4>
			<y4>355.233798</y4>
			<x5>6.085696</x5>
			<y5>348.051941</y5>
			<x6>0</x6>
			<y6>347.989041</y6>
			<x7>0</x7>
			<y7>376.811965</y7>
		</polygon>
	</object>
	<object>
		<name>mango</name>
		<pose>Unspecified</pose>
		<truncated>0</truncated>
		<difficult>0</difficult>
		<occluded>0</occluded>
		<bndbox>
			<xmin>118</xmin>
			<xmax>148</xmax>
			<ymin>321</ymin>
			<ymax>356</ymax>
		</bndbox>
		<polygon>
			<x1>147.285499</x1>
			<y1>345.372203</y1>
			<x2>144.192906</x2>
			<y2>329.462193</y2>
			<x3>137.171463</x3>
			<y3>321.654163</y3>
			<x4>124.551714</x4>
			<y4>320.43805</y4>
			<x5>116.988981</x5>
			<y5>331.080956</y5>
			<x6>119.394331</x6>
			<y6>343.45540800000003</y6>
			<x7>131.915247</x7>
			<y7>354.780879</y7>
			<x8>141.539708</x8>
			<y8>354.744645</y8>
			<x9>147.285499</x9>
			<y9>345.372203</y9>
		</polygon>
	</object>
	<object>
		<name>orange</name>
		<pose>Unspecified</pose>
		<truncated>0</truncated>
		<difficult>0</difficult>
		<occluded>0</occluded>
		<bndbox>
			<xmin>209</xmin>
			<xmax>251</xmax>
			<ymin>334</ymin>
			<ymax>409</ymax>
		</bndbox>
		<polygon>
			<x1>208</x1>
			<y1>402.616389</y1>
			<x2>214.859162</x2>
			<y2>407.47874</y2>
			<x3>225.981267</x3>
			<y3>408.06868</y3>
			<x4>240.884737</x4>
			<y4>403.337167</y4>
			<x5>247.29344700000001</x5>
			<y5>393.835866</y5>
			<x6>250.19143300000002</x6>
			<y6>380.43054900000004</y6>
			<x7>245.847514</x7>
			<y7>351.004483</y7>
			<x8>237.967017</x8>
			<y8>338.77700600000003</y8>
			<x9>229.963361</x9>
			<y9>332.994471</y9>
			<x10>210.71444</x10>
			<y10>333.066938</y10>
			<x11>208</x11>
			<y11>334.248833</y11>
			<x12>208</x12>
			<y12>402.616389</y12>
		</polygon>
	</object>
</annotation>
