<annotation>
	<folder></folder>
	<filename>image_6_png.rf.c86d474b4c0ed226427acd7683b11cbb.jpg</filename>
	<path>image_6_png.rf.c86d474b4c0ed226427acd7683b11cbb.jpg</path>
	<source>
		<database>roboflow.ai</database>
	</source>
	<size>
		<width>416</width>
		<height>416</height>
		<depth>3</depth>
	</size>
	<segmented>0</segmented>
	<object>
		<name>capsicum</name>
		<pose>Unspecified</pose>
		<truncated>0</truncated>
		<difficult>0</difficult>
		<occluded>0</occluded>
		<bndbox>
			<xmin>329</xmin>
			<xmax>353</xmax>
			<ymin>11</ymin>
			<ymax>49</ymax>
		</bndbox>
		<polygon>
			<x1>341.828486</x1>
			<y1>47.842769</y1>
			<x2>348.815131</x2>
			<y2>40.29935</y2>
			<x3>351.935408</x3>
			<y3>18.491838</y3>
			<x4>348.924371</x4>
			<y4>13.060987</y4>
			<x5>342.259249</x5>
			<y5>14.469365</y5>
			<x6>339.859606</x6>
			<y6>9.949398</y6>
			<x7>329.58633199999997</x7>
			<y7>17.320573</y7>
			<x8>328.377822</x8>
			<y8>27.803335</y8>
			<x9>332.717789</x9>
			<y9>45.607615</y9>
			<x10>341.828486</x10>
			<y10>47.842769</y10>
		</polygon>
	</object>
	<object>
		<name>mango</name>
		<pose>Unspecified</pose>
		<truncated>0</truncated>
		<difficult>0</difficult>
		<occluded>0</occluded>
		<bndbox>
			<xmin>196</xmin>
			<xmax>229</xmax>
			<ymin>245</ymin>
			<ymax>307</ymax>
		</bndbox>
		<polygon>
			<x1>228</x1>
			<y1>243.75567999999998</y1>
			<x2>200.82073</x2>
			<y2>268.228004</y2>
			<x3>194.689416</x3>
			<y3>284.604665</y3>
			<x4>199.350907</x4>
			<y4>296.273903</y4>
			<x5>209.500662</x5>
			<y5>303.83656199999996</y5>
			<x6>228</x6>
			<y6>305.557163</y6>
			<x7>228</x7>
			<y7>243.75567999999998</y7>
		</polygon>
	</object>
	<object>
		<name>redapple</name>
		<pose>Unspecified</pose>
		<truncated>0</truncated>
		<difficult>0</difficult>
		<occluded>0</occluded>
		<bndbox>
			<xmin>203</xmin>
			<xmax>229</xmax>
			<ymin>371</ymin>
			<ymax>417</ymax>
		</bndbox>
		<polygon>
			<x1>228</x1>
			<y1>416</y1>
			<x2>228</x2>
			<y2>369.929043</y2>
			<x3>226.478795</x3>
			<y3>369.760623</y3>
			<x4>217.612036</x4>
			<y4>375.44782599999996</y4>
			<x5>203.317221</x5>
			<y5>396.669706</y5>
			<x6>202.352649</x6>
			<y6>415.074827</y6>
			<x7>202.64535</x7>
			<y7>416</y7>
			<x8>228</x8>
			<y8>416</y8>
		</polygon>
	</object>
	<object>
		<name>greenapple</name>
		<pose>Unspecified</pose>
		<truncated>0</truncated>
		<difficult>0</difficult>
		<occluded>0</occluded>
		<bndbox>
			<xmin>229</xmin>
			<xmax>369</xmax>
			<ymin>222</ymin>
			<ymax>417</ymax>
		</bndbox>
		<polygon>
			<x1>320.15233</x1>
			<y1>416</y1>
			<x2>330.108792</x2>
			<y2>411.694112</y2>
			<x3>340.65765899999997</x3>
			<y3>399.06433200000004</y3>
			<x4>350.870723</x4>
			<y4>380.265062</y4>
			<x5>367.09468100000004</x5>
			<y5>322.23294</y5>
			<x6>368.47264</x6>
			<y6>295.939909</y6>
			<x7>366.10465</x7>
			<y7>278.238976</y7>
			<x8>361.107358</x8>
			<y8>260.40024900000003</y8>
			<x9>349.063211</x9>
			<y9>238.67684400000002</y9>
			<x10>320.172531</x10>
			<y10>223.980125</y10>
			<x11>289.370083</x11>
			<y11>220.60815300000002</y11>
			<x12>247.774831</x12>
			<y12>221.943605</y12>
			<x13>231.631557</x13>
			<y13>228.128305</y13>
			<x14>228</x14>
			<y14>231.761483</y14>
			<x15>228</x15>
			<y15>401.826148</y15>
			<x16>230.852601</x16>
			<y16>406.49231599999996</y16>
			<x17>241.567819</x17>
			<y17>415.84229300000004</y17>
			<x18>241.917907</x18>
			<y18>416</y18>
			<x19>320.15233</x19>
			<y19>416</y19>
		</polygon>
	</object>
</annotation>
