<annotation>
	<folder></folder>
	<filename>image_213_png.rf.5688896383c6fbf13927d0c9d0e9d853.jpg</filename>
	<path>image_213_png.rf.5688896383c6fbf13927d0c9d0e9d853.jpg</path>
	<source>
		<database>roboflow.ai</database>
	</source>
	<size>
		<width>416</width>
		<height>416</height>
		<depth>3</depth>
	</size>
	<segmented>0</segmented>
	<object>
		<name>capsicum</name>
		<pose>Unspecified</pose>
		<truncated>0</truncated>
		<difficult>0</difficult>
		<occluded>0</occluded>
		<bndbox>
			<xmin>102</xmin>
			<xmax>135</xmax>
			<ymin>37</ymin>
			<ymax>91</ymax>
		</bndbox>
		<polygon>
			<x1>124.074265</x1>
			<y1>90.278289</y1>
			<x2>128.751779</x2>
			<y2>84.722125</y2>
			<x3>133.904178</x3>
			<y3>67.296217</y3>
			<x4>134.25169</x4>
			<y4>48.129337</y4>
			<x5>129.287589</x5>
			<y5>37.266951</y5>
			<x6>116.300341</x6>
			<y6>35.668804</y6>
			<x7>100.744857</x7>
			<y7>43.239684</y7>
			<x8>100.524716</x8>
			<y8>69.703696</y8>
			<x9>108.375487</x9>
			<y9>89.639894</y9>
			<x10>124.074265</x10>
			<y10>90.278289</y10>
		</polygon>
	</object>
	<object>
		<name>mango</name>
		<pose>Unspecified</pose>
		<truncated>0</truncated>
		<difficult>0</difficult>
		<occluded>0</occluded>
		<bndbox>
			<xmin>251</xmin>
			<xmax>279</xmax>
			<ymin>3</ymin>
			<ymax>39</ymax>
		</bndbox>
		<polygon>
			<x1>277.718478</x1>
			<y1>29.853417</y1>
			<x2>276.734107</x2>
			<y2>12.534626</y2>
			<x3>267.694747</x3>
			<y3>2.655792</y3>
			<x4>259.496465</x4>
			<y4>1.886475</y4>
			<x5>250.109593</x5>
			<y5>11.17452</y5>
			<x6>250.332494</x6>
			<y6>23.944505</y6>
			<x7>260.799267</x7>
			<y7>37.448101</y7>
			<x8>271.043139</x8>
			<y8>38.181714</y8>
			<x9>277.718478</x9>
			<y9>29.853417</y9>
		</polygon>
	</object>
	<object>
		<name>orange</name>
		<pose>Unspecified</pose>
		<truncated>0</truncated>
		<difficult>0</difficult>
		<occluded>0</occluded>
		<bndbox>
			<xmin>163</xmin>
			<xmax>189</xmax>
			<ymin>367</ymin>
			<ymax>399</ymax>
		</bndbox>
		<polygon>
			<x1>188.198591</x1>
			<y1>386.464423</y1>
			<x2>187.277906</x2>
			<y2>372.794198</y2>
			<x3>181.013764</x3>
			<y3>365.604181</y3>
			<x4>170.10395</x4>
			<y4>365.794613</y4>
			<x5>162.730826</x5>
			<y5>373.222669</y5>
			<x6>162.287784</x6>
			<y6>386.916698</y6>
			<x7>167.901906</x7>
			<y7>395.942899</y7>
			<x8>179.541348</x8>
			<y8>398.476991</y8>
			<x9>188.198591</x9>
			<y9>386.464423</y9>
		</polygon>
	</object>
	<object>
		<name>orange</name>
		<pose>Unspecified</pose>
		<truncated>0</truncated>
		<difficult>0</difficult>
		<occluded>0</occluded>
		<bndbox>
			<xmin>249</xmin>
			<xmax>302</xmax>
			<ymin>250</ymin>
			<ymax>275</ymax>
		</bndbox>
		<polygon>
			<x1>247.903752</x1>
			<y1>249</y1>
			<x2>248.108868</x2>
			<y2>252.336571</y2>
			<x3>253.07297</x3>
			<y3>263.198958</y3>
			<x4>261.414545</x4>
			<y4>272.177552</y4>
			<x5>283.947878</x5>
			<y5>273.609071</y5>
			<x6>290.718748</x6>
			<y6>270.753626</y6>
			<x7>298.044108</x7>
			<y7>260.589145</y7>
			<x8>301.391102</x8>
			<y8>249</y8>
			<x9>247.903752</x9>
			<y9>249</y9>
		</polygon>
	</object>
</annotation>
