<annotation>
	<folder></folder>
	<filename>image_188_png.rf.a157bb874ea1a0c4e3f2fd66008c2934.jpg</filename>
	<path>image_188_png.rf.a157bb874ea1a0c4e3f2fd66008c2934.jpg</path>
	<source>
		<database>roboflow.ai</database>
	</source>
	<size>
		<width>416</width>
		<height>416</height>
		<depth>3</depth>
	</size>
	<segmented>0</segmented>
	<object>
		<name>greenapple</name>
		<pose>Unspecified</pose>
		<truncated>0</truncated>
		<difficult>0</difficult>
		<occluded>0</occluded>
		<bndbox>
			<xmin>1</xmin>
			<xmax>39</xmax>
			<ymin>1</ymin>
			<ymax>55</ymax>
		</bndbox>
		<polygon>
			<x1>0</x1>
			<y1>0</y1>
			<x2>0</x2>
			<y2>46.991097</y2>
			<x3>2.608317</x3>
			<y3>50.112733</y3>
			<x4>11.547442</x4>
			<y4>54.238829</y4>
			<x5>30.264719</x5>
			<y5>50.350652</y5>
			<x6>37.308598</x6>
			<y6>38.151182</y6>
			<x7>38.210357</x7>
			<y7>17.688005</y7>
			<x8>35.538816</x8>
			<y8>5.180001</y8>
			<x9>29.345209</x9>
			<y9>0</y9>
			<x10>0</x10>
			<y10>0</y10>
		</polygon>
	</object>
	<object>
		<name>redapple</name>
		<pose>Unspecified</pose>
		<truncated>0</truncated>
		<difficult>0</difficult>
		<occluded>0</occluded>
		<bndbox>
			<xmin>128</xmin>
			<xmax>167</xmax>
			<ymin>1</ymin>
			<ymax>18</ymax>
		</bndbox>
		<polygon>
			<x1>126.885214</x1>
			<y1>0</y1>
			<x2>136.917136</x2>
			<y2>13.138215</y2>
			<x3>146.529833</x3>
			<y3>17.157628</y3>
			<x4>157.30697</x4>
			<y4>15.450697</y4>
			<x5>164.390838</x5>
			<y5>7.863155</y5>
			<x6>165.989794</x6>
			<y6>0</y6>
			<x7>126.885214</x7>
			<y7>0</y7>
		</polygon>
	</object>
	<object>
		<name>capsicum</name>
		<pose>Unspecified</pose>
		<truncated>0</truncated>
		<difficult>0</difficult>
		<occluded>0</occluded>
		<bndbox>
			<xmin>128</xmin>
			<xmax>155</xmax>
			<ymin>91</ymin>
			<ymax>125</ymax>
		</bndbox>
		<polygon>
			<x1>150.455859</x1>
			<y1>124</y1>
			<x2>154.002603</x2>
			<y2>116.652169</y2>
			<x3>152.495503</x3>
			<y3>98.417822</y3>
			<x4>148.271375</x4>
			<y4>93.544944</y4>
			<x5>138.80139</x5>
			<y5>90.42658</y5>
			<x6>128.349667</x6>
			<y6>98.547537</y6>
			<x7>127.367928</x7>
			<y7>109.786857</y7>
			<x8>133.192062</x8>
			<y8>124</y8>
			<x9>150.455859</x9>
			<y9>124</y9>
		</polygon>
	</object>
	<object>
		<name>orange</name>
		<pose>Unspecified</pose>
		<truncated>0</truncated>
		<difficult>0</difficult>
		<occluded>0</occluded>
		<bndbox>
			<xmin>326</xmin>
			<xmax>351</xmax>
			<ymin>1</ymin>
			<ymax>25</ymax>
		</bndbox>
		<polygon>
			<x1>325.50852199999997</x1>
			<y1>0</y1>
			<x2>325.283408</x2>
			<y2>13.216279</y2>
			<x3>332.241811</x3>
			<y3>22.274353</y3>
			<x4>341.426371</x4>
			<y4>23.590619</y4>
			<x5>349.571957</x5>
			<y5>13.987613</y5>
			<x6>348.921129</x6>
			<y6>1.159561</y6>
			<x7>348.125947</x7>
			<y7>0</y7>
			<x8>325.50852199999997</x8>
			<y8>0</y8>
		</polygon>
	</object>
	<object>
		<name>capsicum</name>
		<pose>Unspecified</pose>
		<truncated>0</truncated>
		<difficult>0</difficult>
		<occluded>0</occluded>
		<bndbox>
			<xmin>1</xmin>
			<xmax>127</xmax>
			<ymin>125</ymin>
			<ymax>372</ymax>
		</bndbox>
		<polygon>
			<x1>0</x1>
			<y1>124</y1>
			<x2>0</x2>
			<y2>338.728794</y2>
			<x3>6.179569</x3>
			<y3>349.315238</y3>
			<x4>18.423818</x4>
			<y4>361.230725</y4>
			<x5>31.975219</x5>
			<y5>368.320918</y5>
			<x6>82.184881</x6>
			<y6>371.452318</y6>
			<x7>91.86031</x7>
			<y7>367.14892299999997</y7>
			<x8>99.332325</x8>
			<y8>357.6526</y8>
			<x9>115.298082</x9>
			<y9>332.032563</y9>
			<x10>120.954829</x10>
			<y10>315.434532</y10>
			<x11>124.573615</x11>
			<y11>281.60988599999996</y11>
			<x12>125.543604</x12>
			<y12>222.342502</y12>
			<x13>118.796144</x13>
			<y13>175.38127</y13>
			<x14>110.758777</x14>
			<y14>150.791997</y14>
			<x15>94.923983</x15>
			<y15>129.285019</y15>
			<x16>83.965256</x16>
			<y16>124</y16>
			<x17>9.793467</x17>
			<y17>124</y17>
			<x18>8.546927</x18>
			<y18>124.492753</y18>
			<x19>3.84158</x19>
			<y19>124</y19>
			<x20>0</x20>
			<y20>124</y20>
		</polygon>
	</object>
</annotation>
