<annotation>
	<folder></folder>
	<filename>image_45_png.rf.372d25c64ffac9cf2896cd38c60da02b.jpg</filename>
	<path>image_45_png.rf.372d25c64ffac9cf2896cd38c60da02b.jpg</path>
	<source>
		<database>roboflow.ai</database>
	</source>
	<size>
		<width>416</width>
		<height>416</height>
		<depth>3</depth>
	</size>
	<segmented>0</segmented>
	<object>
		<name>mango</name>
		<pose>Unspecified</pose>
		<truncated>0</truncated>
		<difficult>0</difficult>
		<occluded>0</occluded>
		<bndbox>
			<xmin>108</xmin>
			<xmax>162</xmax>
			<ymin>129</ymin>
			<ymax>193</ymax>
		</bndbox>
		<polygon>
			<x1>119.791815</x1>
			<y1>132.814473</y1>
			<x2>109.934494</x2>
			<y2>146.992353</y2>
			<x3>107.159395</x3>
			<y3>163.559292</y3>
			<x4>109.526636</x4>
			<y4>174.383069</y4>
			<x5>115.994336</x5>
			<y5>183.796145</y5>
			<x6>127.297116</x6>
			<y6>190.978069</y6>
			<x7>137.821991</x7>
			<y7>191.898876</y7>
			<x8>150.200183</x8>
			<y8>186.788769</y8>
			<x9>161.02257</x9>
			<y9>169.156432</y9>
			<x10>160.73909</x10>
			<y10>149.667734</y10>
			<x11>148.384681</x11>
			<y11>131.777134</y11>
			<x12>130.777582</x12>
			<y12>128.467268</y12>
			<x13>119.791815</x13>
			<y13>132.814473</y13>
		</polygon>
	</object>
	<object>
		<name>redapple</name>
		<pose>Unspecified</pose>
		<truncated>0</truncated>
		<difficult>0</difficult>
		<occluded>0</occluded>
		<bndbox>
			<xmin>389</xmin>
			<xmax>417</xmax>
			<ymin>36</ymin>
			<ymax>108</ymax>
		</bndbox>
		<polygon>
			<x1>416</x1>
			<y1>36.6801</y1>
			<x2>408.58641</x2>
			<y2>34.987399</y2>
			<x3>398.565708</x3>
			<y3>35.880147</y3>
			<x4>391.95412799999997</x4>
			<y4>43.264212</y4>
			<x5>388.32431199999996</x5>
			<y5>54.448037</y5>
			<x6>387.522627</x6>
			<y6>71.187627</y6>
			<x7>396.905025</x7>
			<y7>100.319603</y7>
			<x8>404.91877999999997</x8>
			<y8>107.213774</y8>
			<x9>416</x9>
			<y9>106.842595</y9>
			<x10>416</x10>
			<y10>36.6801</y10>
		</polygon>
	</object>
	<object>
		<name>greenapple</name>
		<pose>Unspecified</pose>
		<truncated>0</truncated>
		<difficult>0</difficult>
		<occluded>0</occluded>
		<bndbox>
			<xmin>363</xmin>
			<xmax>386</xmax>
			<ymin>182</ymin>
			<ymax>200</ymax>
		</bndbox>
		<polygon>
			<x1>385.298314</x1>
			<y1>199</y1>
			<x2>385.473587</x2>
			<y2>193.100074</y2>
			<x3>381.132931</x3>
			<y3>182.103645</y3>
			<x4>373.31609000000003</x4>
			<y4>180.535038</y4>
			<x5>364.07329100000004</x5>
			<y5>187.6889</y5>
			<x6>362.470885</x6>
			<y6>199</y6>
			<x7>385.298314</x7>
			<y7>199</y7>
		</polygon>
	</object>
	<object>
		<name>mango</name>
		<pose>Unspecified</pose>
		<truncated>0</truncated>
		<difficult>0</difficult>
		<occluded>0</occluded>
		<bndbox>
			<xmin>63</xmin>
			<xmax>118</xmax>
			<ymin>200</ymin>
			<ymax>234</ymax>
		</bndbox>
		<polygon>
			<x1>62.732146</x1>
			<y1>199</y1>
			<x2>62.006312</x2>
			<y2>203.100861</y2>
			<x3>64.800912</x3>
			<y3>216.616195</y3>
			<x4>71.926417</x4>
			<y4>226.086822</y4>
			<x5>91.857473</x5>
			<y5>233.13889799999998</y5>
			<x6>103.501046</x6>
			<y6>228.849244</y6>
			<x7>110.77043</x7>
			<y7>221.522729</y7>
			<x8>116.834552</x8>
			<y8>205.243543</y8>
			<x9>116.954829</x9>
			<y9>199</y9>
			<x10>62.732146</x10>
			<y10>199</y10>
		</polygon>
	</object>
	<object>
		<name>greenapple</name>
		<pose>Unspecified</pose>
		<truncated>0</truncated>
		<difficult>0</difficult>
		<occluded>0</occluded>
		<bndbox>
			<xmin>62</xmin>
			<xmax>84</xmax>
			<ymin>281</ymin>
			<ymax>311</ymax>
		</bndbox>
		<polygon>
			<x1>82.500046</x1>
			<y1>302.21331299999997</y1>
			<x2>81.832491</x2>
			<y2>287.114626</y2>
			<x3>77.765564</x3>
			<y3>280.565758</y3>
			<x4>69.214102</x4>
			<y4>279.81760199999997</y4>
			<x5>60.552293</x5>
			<y5>287.907017</y5>
			<x6>60.638858</x6>
			<y6>302.070152</y6>
			<x7>66.602385</x7>
			<y7>309.669673</y7>
			<x8>76.546271</x8>
			<y8>309.654928</y8>
			<x9>82.500046</x9>
			<y9>302.21331299999997</y9>
		</polygon>
	</object>
	<object>
		<name>greenapple</name>
		<pose>Unspecified</pose>
		<truncated>0</truncated>
		<difficult>0</difficult>
		<occluded>0</occluded>
		<bndbox>
			<xmin>250</xmin>
			<xmax>273</xmax>
			<ymin>201</ymin>
			<ymax>232</ymax>
		</bndbox>
		<polygon>
			<x1>270.601255</x1>
			<y1>224.35273</y1>
			<x2>271.599853</x2>
			<y2>212.938703</y2>
			<x3>266.60139300000003</x3>
			<y3>201.884724</y3>
			<x4>258.784552</x4>
			<y4>200.316116</y4>
			<x5>248.653502</x5>
			<y5>210.046435</y5>
			<x6>248.81688300000002</x6>
			<y6>223.331567</y6>
			<x7>252.88380899999999</x7>
			<y7>229.880435</y7>
			<x8>264.06649</x8>
			<y8>230.858793</y8>
			<x9>270.601255</x9>
			<y9>224.35273</y9>
		</polygon>
	</object>
	<object>
		<name>capsicum</name>
		<pose>Unspecified</pose>
		<truncated>0</truncated>
		<difficult>0</difficult>
		<occluded>0</occluded>
		<bndbox>
			<xmin>386</xmin>
			<xmax>409</xmax>
			<ymin>346</ymin>
			<ymax>381</ymax>
		</bndbox>
		<polygon>
			<x1>403.027864</x1>
			<y1>377.494168</y1>
			<x2>407.622747</x2>
			<y2>362.855885</y2>
			<x3>407.612996</x3>
			<y3>347.814748</y3>
			<x4>397.241751</x4>
			<y4>345.13793599999997</y4>
			<x5>388.459843</x5>
			<y5>347.02378699999997</y5>
			<x6>385.367733</x6>
			<y6>352.061598</y6>
			<x7>386.23220200000003</x7>
			<y7>372.48584800000003</y7>
			<x8>392.19572700000003</x8>
			<y8>380.08537</y8>
			<x9>403.027864</x9>
			<y9>377.494168</y9>
		</polygon>
	</object>
</annotation>
