<annotation>
	<folder></folder>
	<filename>image_25_png.rf.565013e0218df3250de22f1b9903eca7.jpg</filename>
	<path>image_25_png.rf.565013e0218df3250de22f1b9903eca7.jpg</path>
	<source>
		<database>roboflow.ai</database>
	</source>
	<size>
		<width>416</width>
		<height>416</height>
		<depth>3</depth>
	</size>
	<segmented>0</segmented>
	<object>
		<name>redapple</name>
		<pose>Unspecified</pose>
		<truncated>0</truncated>
		<difficult>0</difficult>
		<occluded>0</occluded>
		<bndbox>
			<xmin>1</xmin>
			<xmax>171</xmax>
			<ymin>1</ymin>
			<ymax>109</ymax>
		</bndbox>
		<polygon>
			<x1>0</x1>
			<y1>0</y1>
			<x2>0</x2>
			<y2>108</y2>
			<x3>111.634588</x3>
			<y3>108</y3>
			<x4>134.363548</x4>
			<y4>79.169573</y4>
			<x5>147.84431</x5>
			<y5>56.586828</y5>
			<x6>163.098952</x6>
			<y6>21.280593</y6>
			<x7>169.83924</x7>
			<y7>0</y7>
			<x8>0</x8>
			<y8>0</y8>
		</polygon>
	</object>
	<object>
		<name>redapple</name>
		<pose>Unspecified</pose>
		<truncated>0</truncated>
		<difficult>0</difficult>
		<occluded>0</occluded>
		<bndbox>
			<xmin>278</xmin>
			<xmax>417</xmax>
			<ymin>1</ymin>
			<ymax>109</ymax>
		</bndbox>
		<polygon>
			<x1>416</x1>
			<y1>0</y1>
			<x2>276.89025</x2>
			<y2>0</y2>
			<x3>278.424281</x3>
			<y3>30.80572</y3>
			<x4>283.986332</x4>
			<y4>56.156564</y4>
			<x5>288.976513</x5>
			<y5>66.461054</y5>
			<x6>325.671427</x6>
			<y6>108</y6>
			<x7>357.505127</x7>
			<y7>108</y7>
			<x8>360.90066</x8>
			<y8>106.578282</y8>
			<x9>384.685965</x9>
			<y9>106.534429</y9>
			<x10>399.237616</x10>
			<y10>100.028486</y10>
			<x11>416</x11>
			<y11>84.850398</y11>
			<x12>416</x12>
			<y12>0</y12>
		</polygon>
	</object>
	<object>
		<name>greenapple</name>
		<pose>Unspecified</pose>
		<truncated>0</truncated>
		<difficult>0</difficult>
		<occluded>0</occluded>
		<bndbox>
			<xmin>97</xmin>
			<xmax>196</xmax>
			<ymin>251</ymin>
			<ymax>417</ymax>
		</bndbox>
		<polygon>
			<x1>195</x1>
			<y1>416</y1>
			<x2>195</x2>
			<y2>252.926954</y2>
			<x3>154.212151</x3>
			<y3>249.943475</y3>
			<x4>134.918009</x4>
			<y4>259.261369</y4>
			<x5>117.419604</x5>
			<y5>277.329366</y5>
			<x6>105.811069</x6>
			<y6>297.475687</y6>
			<x7>100.81725</x7>
			<y7>312.373632</y7>
			<x8>95.521112</x8>
			<y8>346.815253</y8>
			<x9>96.51551</x9>
			<y9>374.078585</y9>
			<x10>101.378209</x10>
			<y10>403.027288</y10>
			<x11>105.312499</x11>
			<y11>416</y11>
			<x12>195</x12>
			<y12>416</y12>
		</polygon>
	</object>
	<object>
		<name>orange</name>
		<pose>Unspecified</pose>
		<truncated>0</truncated>
		<difficult>0</difficult>
		<occluded>0</occluded>
		<bndbox>
			<xmin>375</xmin>
			<xmax>417</xmax>
			<ymin>275</ymin>
			<ymax>354</ymax>
		</bndbox>
		<polygon>
			<x1>416</x1>
			<y1>275.18138</y1>
			<x2>411.916057</x2>
			<y2>274.04960600000004</y2>
			<x3>397.91441699999996</x3>
			<y3>274.128312</y3>
			<x4>385.70851400000004</x4>
			<y4>282.95712100000003</y4>
			<x5>377.170576</x5>
			<y5>298.099608</y5>
			<x6>374.373165</x6>
			<y6>312.491041</y6>
			<x7>375.26921500000003</x7>
			<y7>329.467309</y7>
			<x8>379.909719</x8>
			<y8>341.57072800000003</y8>
			<x9>390.141409</x9>
			<y9>350.093715</y9>
			<x10>400.748272</x10>
			<y10>353.088929</y10>
			<x11>413.577037</x11>
			<y11>351.84879</y11>
			<x12>416</x12>
			<y12>349.850862</y12>
			<x13>416</x13>
			<y13>275.18138</y13>
		</polygon>
	</object>
	<object>
		<name>mango</name>
		<pose>Unspecified</pose>
		<truncated>0</truncated>
		<difficult>0</difficult>
		<occluded>0</occluded>
		<bndbox>
			<xmin>196</xmin>
			<xmax>264</xmax>
			<ymin>367</ymin>
			<ymax>417</ymax>
		</bndbox>
		<polygon>
			<x1>195</x1>
			<y1>416</y1>
			<x2>254.519342</x2>
			<y2>416</y2>
			<x3>262.396486</x3>
			<y3>406.472737</y3>
			<x4>263.372664</x4>
			<y4>387.060044</y4>
			<x5>254.364842</x5>
			<y5>372.240806</y5>
			<x6>234.673667</x6>
			<y6>365.61288</y6>
			<x7>213.383453</x7>
			<y7>370.808979</y7>
			<x8>195</x8>
			<y8>382.662042</y8>
			<x9>195</x9>
			<y9>416</y9>
		</polygon>
	</object>
	<object>
		<name>redapple</name>
		<pose>Unspecified</pose>
		<truncated>0</truncated>
		<difficult>0</difficult>
		<occluded>0</occluded>
		<bndbox>
			<xmin>337</xmin>
			<xmax>401</xmax>
			<ymin>384</ymin>
			<ymax>417</ymax>
		</bndbox>
		<polygon>
			<x1>399.908348</x1>
			<y1>416</y1>
			<x2>391.18316300000004</x2>
			<y2>395.101794</y2>
			<x3>377.757031</x3>
			<y3>385.024421</y3>
			<x4>366.301474</x4>
			<y4>382.797687</y4>
			<x5>355.643619</x5>
			<y5>387.260157</y5>
			<x6>338.819071</x6>
			<y6>405.459139</y6>
			<x7>336.411546</x7>
			<y7>416</y7>
			<x8>399.908348</x8>
			<y8>416</y8>
		</polygon>
	</object>
</annotation>
