<annotation>
	<folder></folder>
	<filename>image_85_png.rf.5fcf71f7ea25a0c8facd544db5a3ad35.jpg</filename>
	<path>image_85_png.rf.5fcf71f7ea25a0c8facd544db5a3ad35.jpg</path>
	<source>
		<database>roboflow.ai</database>
	</source>
	<size>
		<width>416</width>
		<height>416</height>
		<depth>3</depth>
	</size>
	<segmented>0</segmented>
	<object>
		<name>mango</name>
		<pose>Unspecified</pose>
		<truncated>0</truncated>
		<difficult>0</difficult>
		<occluded>0</occluded>
		<bndbox>
			<xmin>1</xmin>
			<xmax>41</xmax>
			<ymin>139</ymin>
			<ymax>200</ymax>
		</bndbox>
		<polygon>
			<x1>27.467024</x1>
			<y1>199</y1>
			<x2>33.102801</x2>
			<y2>194.971389</y2>
			<x3>39.992423</x3>
			<y3>183.484729</y3>
			<x4>40.444238</x4>
			<y4>157.60026</y4>
			<x5>27.350506</x5>
			<y5>141.300591</y5>
			<x6>8.004702</x6>
			<y6>138.284389</y6>
			<x7>0</x7>
			<y7>141.930183</y7>
			<x8>0</x8>
			<y8>195.748322</y8>
			<x9>4.43529</x9>
			<y9>199</y9>
			<x10>27.467024</x10>
			<y10>199</y10>
		</polygon>
	</object>
	<object>
		<name>capsicum</name>
		<pose>Unspecified</pose>
		<truncated>0</truncated>
		<difficult>0</difficult>
		<occluded>0</occluded>
		<bndbox>
			<xmin>292</xmin>
			<xmax>417</xmax>
			<ymin>1</ymin>
			<ymax>200</ymax>
		</bndbox>
		<polygon>
			<x1>374.41697899999997</x1>
			<y1>0</y1>
			<x2>376.114714</x2>
			<y2>3.148887</y2>
			<x3>374.63707899999997</x3>
			<y3>11.158652</y3>
			<x4>357.841468</x4>
			<y4>15.329684</y4>
			<x5>345.867036</x5>
			<y5>11.549309</y5>
			<x6>321.078085</x6>
			<y6>13.795136</y6>
			<x7>304.095517</x7>
			<y7>28.676982</y7>
			<x8>293.488437</x8>
			<y8>61.526908</y8>
			<x9>290.500782</x9>
			<y9>117.72367</y9>
			<x10>301.446946</x10>
			<y10>180.413525</y10>
			<x11>307.66675499999997</x11>
			<y11>199</y11>
			<x12>416</x12>
			<y12>199</y12>
			<x13>416</x13>
			<y13>21.052442</y13>
			<x14>401.882745</x14>
			<y14>21.455466</y14>
			<x15>389.286344</x15>
			<y15>14.985716</y15>
			<x16>387.30764899999997</x16>
			<y16>0</y16>
			<x17>374.41697899999997</x17>
			<y17>0</y17>
		</polygon>
	</object>
	<object>
		<name>orange</name>
		<pose>Unspecified</pose>
		<truncated>0</truncated>
		<difficult>0</difficult>
		<occluded>0</occluded>
		<bndbox>
			<xmin>174</xmin>
			<xmax>198</xmax>
			<ymin>401</ymin>
			<ymax>417</ymax>
		</bndbox>
		<polygon>
			<x1>196.924715</x1>
			<y1>416</y1>
			<x2>197.182225</x2>
			<y2>414.32827599999996</y2>
			<x3>192.719384</x3>
			<y3>401.75061900000003</y3>
			<x4>184.057334</x4>
			<y4>399.813742</y4>
			<x5>175.286226</x5>
			<y5>404.124841</y5>
			<x6>172.978473</x6>
			<y6>416</y6>
			<x7>196.924715</x7>
			<y7>416</y7>
		</polygon>
	</object>
	<object>
		<name>capsicum</name>
		<pose>Unspecified</pose>
		<truncated>0</truncated>
		<difficult>0</difficult>
		<occluded>0</occluded>
		<bndbox>
			<xmin>328</xmin>
			<xmax>362</xmax>
			<ymin>281</ymin>
			<ymax>335</ymax>
		</bndbox>
		<polygon>
			<x1>349.34128</x1>
			<y1>334.10052099999996</y1>
			<x2>354.115718</x2>
			<y2>328.82682</y2>
			<x3>359.761402</x3>
			<y3>311.96141</y3>
			<x4>360.757286</x4>
			<y4>293.229156</y4>
			<x5>356.263285</x5>
			<y5>282.436634</y5>
			<x6>343.588985</x6>
			<y6>280.429725</y6>
			<x7>328.084053</x7>
			<y7>287.301804</y7>
			<x8>326.963529</x8>
			<y8>313.174601</y8>
			<x9>333.976566</x9>
			<y9>332.93949</y9>
			<x10>349.34128</x10>
			<y10>334.10052099999996</y10>
		</polygon>
	</object>
</annotation>
