<annotation>
	<folder></folder>
	<filename>image_199_png.rf.7292a801ef11e425afcd103f165921d5.jpg</filename>
	<path>image_199_png.rf.7292a801ef11e425afcd103f165921d5.jpg</path>
	<source>
		<database>roboflow.ai</database>
	</source>
	<size>
		<width>416</width>
		<height>416</height>
		<depth>3</depth>
	</size>
	<segmented>0</segmented>
	<object>
		<name>orange</name>
		<pose>Unspecified</pose>
		<truncated>0</truncated>
		<difficult>0</difficult>
		<occluded>0</occluded>
		<bndbox>
			<xmin>30</xmin>
			<xmax>89</xmax>
			<ymin>1</ymin>
			<ymax>42</ymax>
		</bndbox>
		<polygon>
			<x1>30.328148</x1>
			<y1>0</y1>
			<x2>28.997497</x2>
			<y2>9.139726</y2>
			<x3>32.638681</x3>
			<y3>27.004794</y3>
			<x4>36.97778</x4>
			<y4>33.208746</y4>
			<x5>46.082441</x5>
			<y5>39.346519</y5>
			<x6>62.045047</x6>
			<y6>41.254683</y6>
			<x7>73.978587</x7>
			<y7>35.20061</y7>
			<x8>80.139298</x8>
			<y8>27.222157</y8>
			<x9>85.447759</x9>
			<y9>16.374004</y9>
			<x10>88.334938</x10>
			<y10>0</y10>
			<x11>30.328148</x11>
			<y11>0</y11>
		</polygon>
	</object>
	<object>
		<name>redapple</name>
		<pose>Unspecified</pose>
		<truncated>0</truncated>
		<difficult>0</difficult>
		<occluded>0</occluded>
		<bndbox>
			<xmin>129</xmin>
			<xmax>184</xmax>
			<ymin>97</ymin>
			<ymax>182</ymax>
		</bndbox>
		<polygon>
			<x1>183</x1>
			<y1>105.142408</y1>
			<x2>182.033658</x2>
			<y2>104.109774</y2>
			<x3>159.097355</x3>
			<y3>95.533109</y3>
			<x4>146.001532</x4>
			<y4>100.475764</y4>
			<x5>136.779757</x5>
			<y5>114.259796</y5>
			<x6>127.828751</x6>
			<y6>138.062799</y6>
			<x7>128.835337</x7>
			<y7>155.463317</y7>
			<x8>137.86215</x8>
			<y8>169.745641</y8>
			<x9>146.153146</x9>
			<y9>176.646419</y9>
			<x10>169.20588</x10>
			<y10>180.711238</y10>
			<x11>183</x11>
			<y11>177.275736</y11>
			<x12>183</x12>
			<y12>105.142408</y12>
		</polygon>
	</object>
	<object>
		<name>greenapple</name>
		<pose>Unspecified</pose>
		<truncated>0</truncated>
		<difficult>0</difficult>
		<occluded>0</occluded>
		<bndbox>
			<xmin>98</xmin>
			<xmax>123</xmax>
			<ymin>227</ymin>
			<ymax>260</ymax>
		</bndbox>
		<polygon>
			<x1>120.500994</x1>
			<y1>252.799551</y1>
			<x2>122.361191</x2>
			<y2>242.249851</y2>
			<x3>117.944925</x3>
			<y3>228.78049</y3>
			<x4>109.537497</x4>
			<y4>226.391558</y4>
			<x5>98.766239</x5>
			<y5>233.557047</y5>
			<x6>96.634593</x6>
			<y6>249.497736</y6>
			<x7>103.143241</x7>
			<y7>258.803663</y7>
			<x8>113.333017</x8>
			<y8>258.787445</y8>
			<x9>120.500994</x9>
			<y9>252.799551</y9>
		</polygon>
	</object>
	<object>
		<name>greenapple</name>
		<pose>Unspecified</pose>
		<truncated>0</truncated>
		<difficult>0</difficult>
		<occluded>0</occluded>
		<bndbox>
			<xmin>294</xmin>
			<xmax>318</xmax>
			<ymin>48</ymin>
			<ymax>80</ymax>
		</bndbox>
		<polygon>
			<x1>315.507629</x1>
			<y1>72.404274</y1>
			<x2>316.864192</x2>
			<y2>60.859294</y2>
			<x3>313.455192</x3>
			<y3>49.380493</y3>
			<x4>305.04776400000003</x4>
			<y4>46.991561</y4>
			<x5>296.56248800000003</x5>
			<y5>52.74718</y5>
			<x6>293.229977</x6>
			<y6>63.943747</y6>
			<x7>295.980327</x7>
			<y7>75.30641</y7>
			<x8>306.867336</x8>
			<y8>79.039035</y8>
			<x9>315.507629</x9>
			<y9>72.404274</y9>
		</polygon>
	</object>
	<object>
		<name>redapple</name>
		<pose>Unspecified</pose>
		<truncated>0</truncated>
		<difficult>0</difficult>
		<occluded>0</occluded>
		<bndbox>
			<xmin>142</xmin>
			<xmax>184</xmax>
			<ymin>342</ymin>
			<ymax>417</ymax>
		</bndbox>
		<polygon>
			<x1>183</x1>
			<y1>416</y1>
			<x2>183</x2>
			<y2>343.41774399999997</y2>
			<x3>182.587646</x3>
			<y3>343.088138</y3>
			<x4>172.049252</x4>
			<y4>341.229935</y4>
			<x5>164.842691</x5>
			<y5>343.585124</y5>
			<x6>144.539626</x6>
			<y6>366.292928</y6>
			<x7>140.935665</x7>
			<y7>382.880483</y7>
			<x8>143.414566</x8>
			<y8>399.634135</y8>
			<x9>149.918722</x9>
			<y9>416</y9>
			<x10>183</x10>
			<y10>416</y10>
		</polygon>
	</object>
	<object>
		<name>redapple</name>
		<pose>Unspecified</pose>
		<truncated>0</truncated>
		<difficult>0</difficult>
		<occluded>0</occluded>
		<bndbox>
			<xmin>234</xmin>
			<xmax>298</xmax>
			<ymin>386</ymin>
			<ymax>417</ymax>
		</bndbox>
		<polygon>
			<x1>296.530853</x1>
			<y1>416</y1>
			<x2>283.748568</x2>
			<y2>395.363005</y2>
			<x3>272.16432399999997</x3>
			<y3>387.881539</y3>
			<x4>258.332684</x4>
			<y4>385.442648</y4>
			<x5>249.653807</x5>
			<y5>388.444703</y5>
			<x6>237.487402</x6>
			<y6>403.522468</y6>
			<x7>232.884046</x7>
			<y7>416</y7>
			<x8>296.530853</x8>
			<y8>416</y8>
		</polygon>
	</object>
</annotation>
