<annotation>
	<folder></folder>
	<filename>image_178_png.rf.949680d8ef5c02afb4c30ad8f1c54aaf.jpg</filename>
	<path>image_178_png.rf.949680d8ef5c02afb4c30ad8f1c54aaf.jpg</path>
	<source>
		<database>roboflow.ai</database>
	</source>
	<size>
		<width>416</width>
		<height>416</height>
		<depth>3</depth>
	</size>
	<segmented>0</segmented>
	<object>
		<name>redapple</name>
		<pose>Unspecified</pose>
		<truncated>0</truncated>
		<difficult>0</difficult>
		<occluded>0</occluded>
		<bndbox>
			<xmin>150</xmin>
			<xmax>200</xmax>
			<ymin>104</ymin>
			<ymax>195</ymax>
		</bndbox>
		<polygon>
			<x1>199</x1>
			<y1>111.031997</y1>
			<x2>187.176237</x2>
			<y2>104.200894</y2>
			<x3>176.41216</x3>
			<y3>103.259159</y3>
			<x4>167.195479</x4>
			<y4>107.876039</y4>
			<x5>151.856912</x5>
			<y5>128.227026</y5>
			<x6>149.22221</x6>
			<y6>150.59333</y6>
			<x7>153.785924</x7>
			<y7>168.166179</y7>
			<x8>163.294354</x8>
			<y8>183.460018</y8>
			<x9>175.527352</x9>
			<y9>190.857373</y9>
			<x10>195.63152</x10>
			<y10>193.520132</y10>
			<x11>199</x11>
			<y11>192.302065</y11>
			<x12>199</x12>
			<y12>111.031997</y12>
		</polygon>
	</object>
	<object>
		<name>orange</name>
		<pose>Unspecified</pose>
		<truncated>0</truncated>
		<difficult>0</difficult>
		<occluded>0</occluded>
		<bndbox>
			<xmin>1</xmin>
			<xmax>22</xmax>
			<ymin>87</ymin>
			<ymax>117</ymax>
		</bndbox>
		<polygon>
			<x1>0</x1>
			<y1>110.693608</y1>
			<x2>2.505333</x2>
			<y2>115.160456</y2>
			<x3>13.269411</x3>
			<y3>116.10219</y3>
			<x4>20.187461</x4>
			<y4>106.764846</y4>
			<x5>20.613397</x5>
			<y5>94.147896</y5>
			<x6>15.859181</x6>
			<y6>86.500977</y6>
			<x7>7.113368</x7>
			<y7>85.735818</y7>
			<x8>0</x8>
			<y8>90.014587</y8>
			<x9>0</x9>
			<y9>110.693608</y9>
		</polygon>
	</object>
	<object>
		<name>redapple</name>
		<pose>Unspecified</pose>
		<truncated>0</truncated>
		<difficult>0</difficult>
		<occluded>0</occluded>
		<bndbox>
			<xmin>200</xmin>
			<xmax>265</xmax>
			<ymin>29</ymin>
			<ymax>112</ymax>
		</bndbox>
		<polygon>
			<x1>199</x1>
			<y1>97.462813</y1>
			<x2>203.03838</x2>
			<y2>102.371571</y2>
			<x3>215.944131</x3>
			<y3>109.827784</y3>
			<x4>235.532501</x4>
			<y4>110.637672</y4>
			<x5>250.96093100000002</x5>
			<y5>104.756506</y5>
			<x6>262.890791</x6>
			<y6>76.876316</y6>
			<x7>263.67557</x7>
			<y7>67.906251</y7>
			<x8>260.502298</x8>
			<y8>57.686029</y8>
			<x9>244.815664</x9>
			<y9>35.524562</y9>
			<x10>231.158678</x10>
			<y10>28.906495</y10>
			<x11>217.030827</x11>
			<y11>27.670468</y11>
			<x12>206.39015799999999</x12>
			<y12>33.066638</y12>
			<x13>199</x13>
			<y13>45.807725</y13>
			<x14>199</x14>
			<y14>97.462813</y14>
		</polygon>
	</object>
	<object>
		<name>orange</name>
		<pose>Unspecified</pose>
		<truncated>0</truncated>
		<difficult>0</difficult>
		<occluded>0</occluded>
		<bndbox>
			<xmin>353</xmin>
			<xmax>411</xmax>
			<ymin>75</ymin>
			<ymax>150</ymax>
		</bndbox>
		<polygon>
			<x1>372.30301499999996</x1>
			<y1>73.794432</y1>
			<x2>359.924447</x2>
			<y2>83.557917</y2>
			<x3>354.037995</x3>
			<y3>96.601004</y3>
			<x4>351.87415999999996</x4>
			<y4>113.585269</y4>
			<x5>354.935408</x5>
			<y5>132.834414</y5>
			<x6>367.88609199999996</x6>
			<y6>147.525539</y6>
			<x7>384.03220799999997</x7>
			<y7>148.938141</y7>
			<x8>393.843166</x8>
			<y8>145.277126</y8>
			<x9>403.687669</x9>
			<y9>133.484195</y9>
			<x10>408.228613</x10>
			<y10>120.32339</y10>
			<x11>409.641215</x11>
			<y11>104.177273</y11>
			<x12>407.29765299999997</x12>
			<y12>92.221897</y12>
			<x13>396.443712</x13>
			<y13>76.810342</y13>
			<x14>372.30301499999996</x14>
			<y14>73.794432</y14>
		</polygon>
	</object>
	<object>
		<name>greenapple</name>
		<pose>Unspecified</pose>
		<truncated>0</truncated>
		<difficult>0</difficult>
		<occluded>0</occluded>
		<bndbox>
			<xmin>173</xmin>
			<xmax>200</xmax>
			<ymin>321</ymin>
			<ymax>385</ymax>
		</bndbox>
		<polygon>
			<x1>199</x1>
			<y1>321.91697899999997</y1>
			<x2>191.865797</x2>
			<y2>320.023273</y2>
			<x3>183.243393</x3>
			<y3>325.596017</y3>
			<x4>174.273532</x4>
			<y4>342.888704</y4>
			<x5>171.63883</x5>
			<y5>365.255008</y5>
			<x6>180.474506</x6>
			<y6>380.489987</y6>
			<x7>186.966621</x7>
			<y7>383.769591</y7>
			<x8>199</x8>
			<y8>383.540949</y8>
			<x9>199</x9>
			<y9>321.91697899999997</y9>
		</polygon>
	</object>
	<object>
		<name>capsicum</name>
		<pose>Unspecified</pose>
		<truncated>0</truncated>
		<difficult>0</difficult>
		<occluded>0</occluded>
		<bndbox>
			<xmin>10</xmin>
			<xmax>35</xmax>
			<ymin>280</ymin>
			<ymax>320</ymax>
		</bndbox>
		<polygon>
			<x1>9.347343</x1>
			<y1>298.63174200000003</y1>
			<x2>13.316779</x2>
			<y2>315.24872700000003</y2>
			<x3>21.827159</x3>
			<y3>318.704905</y3>
			<x4>30.763474</x4>
			<y4>309.544135</y4>
			<x5>34.429774</x5>
			<y5>290.883575</y5>
			<x6>31.693823</x6>
			<y6>283.41323</y6>
			<x7>24.215042</x7>
			<y7>283.662794</y7>
			<x8>22.589166</x8>
			<y8>279.001187</y8>
			<x9>20.929746</x9>
			<y9>282.471495</y9>
			<x10>11.118787</x10>
			<y10>286.13251</y10>
			<x11>9.347343</x11>
			<y11>298.63174200000003</y11>
		</polygon>
	</object>
	<object>
		<name>redapple</name>
		<pose>Unspecified</pose>
		<truncated>0</truncated>
		<difficult>0</difficult>
		<occluded>0</occluded>
		<bndbox>
			<xmin>395</xmin>
			<xmax>417</xmax>
			<ymin>333</ymin>
			<ymax>414</ymax>
		</bndbox>
		<polygon>
			<x1>416</x1>
			<y1>331.984777</y1>
			<x2>410.463795</x2>
			<y2>335.014514</y2>
			<x3>395.719505</x3>
			<y3>356.321366</y3>
			<x4>394.071469</x4>
			<y4>375.158502</y4>
			<x5>399.150982</x5>
			<y5>394.584222</y5>
			<x6>406.203828</x6>
			<y6>406.95160799999996</y6>
			<x7>416</x7>
			<y7>413.330951</y7>
			<x8>416</x8>
			<y8>331.984777</y8>
		</polygon>
	</object>
</annotation>
