<annotation>
	<folder></folder>
	<filename>image_132_png.rf.dfe9f4336092ffe432eb05875cae51e3.jpg</filename>
	<path>image_132_png.rf.dfe9f4336092ffe432eb05875cae51e3.jpg</path>
	<source>
		<database>roboflow.ai</database>
	</source>
	<size>
		<width>416</width>
		<height>416</height>
		<depth>3</depth>
	</size>
	<segmented>0</segmented>
	<object>
		<name>redapple</name>
		<pose>Unspecified</pose>
		<truncated>0</truncated>
		<difficult>0</difficult>
		<occluded>0</occluded>
		<bndbox>
			<xmin>51</xmin>
			<xmax>124</xmax>
			<ymin>4</ymin>
			<ymax>89</ymax>
		</bndbox>
		<polygon>
			<x1>96.682452</x1>
			<y1>5.902497</y1>
			<x2>82.953263</x2>
			<y2>2.732864</y2>
			<x3>74.099611</x3>
			<y3>5.289511</y3>
			<x4>61.114894</x4>
			<y4>19.774313</y4>
			<x5>50.68977</x5>
			<y5>44.05139</y5>
			<x6>50.07797</x6>
			<y6>58.6323</y6>
			<x7>58.618961</x7>
			<y7>75.326299</y7>
			<x8>67.215443</x8>
			<y8>82.831761</y8>
			<x9>89.443653</x9>
			<y9>87.963548</y9>
			<x10>103.729152</x10>
			<y10>85.740807</y10>
			<x11>109.71731</x11>
			<y11>80.682339</y11>
			<x12>122.555838</x12>
			<y12>57.882574</y12>
			<x13>122.917228</x13>
			<y13>41.403583</y13>
			<x14>107.894017</x14>
			<y14>14.011699</y14>
			<x15>96.682452</x15>
			<y15>5.902497</y15>
		</polygon>
	</object>
	<object>
		<name>mango</name>
		<pose>Unspecified</pose>
		<truncated>0</truncated>
		<difficult>0</difficult>
		<occluded>0</occluded>
		<bndbox>
			<xmin>178</xmin>
			<xmax>242</xmax>
			<ymin>47</ymin>
			<ymax>114</ymax>
		</bndbox>
		<polygon>
			<x1>241</x1>
			<y1>47.502041</y1>
			<x2>234.120527</x2>
			<y2>45.91379</y2>
			<x3>214.04855</x3>
			<y3>52.321425</y3>
			<x4>183.154849</x4>
			<y4>72.793094</y4>
			<x5>177.111202</x5>
			<y5>87.040097</y5>
			<x6>181.027067</x6>
			<y6>99.905898</y6>
			<x7>196.411667</x7>
			<y7>110.818791</y7>
			<x8>221.407911</x8>
			<y8>112.90909</y8>
			<x9>238.913535</x9>
			<y9>108.669368</y9>
			<x10>241</x10>
			<y10>107.073934</y10>
			<x11>241</x11>
			<y11>47.502041</y11>
		</polygon>
	</object>
	<object>
		<name>orange</name>
		<pose>Unspecified</pose>
		<truncated>0</truncated>
		<difficult>0</difficult>
		<occluded>0</occluded>
		<bndbox>
			<xmin>1</xmin>
			<xmax>45</xmax>
			<ymin>263</ymin>
			<ymax>341</ymax>
		</bndbox>
		<polygon>
			<x1>0</x1>
			<y1>335.39764</y1>
			<x2>13.003742</x2>
			<y2>339.68942100000004</y2>
			<x3>20.146492</x3>
			<y3>338.57804999999996</y3>
			<x4>28.951414</x4>
			<y4>333.249749</y4>
			<x5>38.062236</x5>
			<y5>320.630993</y5>
			<x6>44.015183</x6>
			<y6>288.880489</y6>
			<x7>39.396817</x7>
			<y7>273.0921</y7>
			<x8>34.52128</x8>
			<y8>267.365819</y8>
			<x9>15.763605</x9>
			<y9>262.115135</y9>
			<x10>1.728516</x10>
			<y10>266.235957</y10>
			<x11>0</x11>
			<y11>268.279458</y11>
			<x12>0</x12>
			<y12>335.39764</y12>
		</polygon>
	</object>
	<object>
		<name>orange</name>
		<pose>Unspecified</pose>
		<truncated>0</truncated>
		<difficult>0</difficult>
		<occluded>0</occluded>
		<bndbox>
			<xmin>285</xmin>
			<xmax>343</xmax>
			<ymin>349</ymin>
			<ymax>417</ymax>
		</bndbox>
		<polygon>
			<x1>328.37949000000003</x1>
			<y1>416</y1>
			<x2>329.318874</x2>
			<y2>415.20646</y2>
			<x3>337.32383500000003</x3>
			<y3>401.412261</y3>
			<x4>342.317111</x4>
			<y4>376.801278</y4>
			<x5>340.612968</x5>
			<y5>366.286363</y5>
			<x6>334.33243</x6>
			<y6>354.714905</y6>
			<x7>315.324344</x7>
			<y7>347.566138</y7>
			<x8>301.490935</x8>
			<y8>350.81338700000003</y8>
			<x9>290.41880100000003</x9>
			<y9>362.979338</y9>
			<x10>284.270933</x10>
			<y10>383.64322500000003</y10>
			<x11>283.610402</x11>
			<y11>395.45248100000003</y11>
			<x12>285.766635</x12>
			<y12>406.991903</y12>
			<x13>290.744683</x13>
			<y13>416</y13>
			<x14>328.37949000000003</x14>
			<y14>416</y14>
		</polygon>
	</object>
</annotation>
