<annotation>
	<folder></folder>
	<filename>image_152_png.rf.39eabee61240df78cafc0d5f3ecf76e8.jpg</filename>
	<path>image_152_png.rf.39eabee61240df78cafc0d5f3ecf76e8.jpg</path>
	<source>
		<database>roboflow.ai</database>
	</source>
	<size>
		<width>416</width>
		<height>416</height>
		<depth>3</depth>
	</size>
	<segmented>0</segmented>
	<object>
		<name>mango</name>
		<pose>Unspecified</pose>
		<truncated>0</truncated>
		<difficult>0</difficult>
		<occluded>0</occluded>
		<bndbox>
			<xmin>122</xmin>
			<xmax>184</xmax>
			<ymin>184</ymin>
			<ymax>254</ymax>
		</bndbox>
		<polygon>
			<x1>183</x1>
			<y1>184.202271</y1>
			<x2>173.376917</x2>
			<y2>183.083797</y2>
			<x3>152.748475</x3>
			<y3>192.288528</y3>
			<x4>126.429995</x4>
			<y4>216.178925</y4>
			<x5>120.739957</x5>
			<y5>230.86459</y5>
			<x6>125.841833</x6>
			<y6>243.643096</y6>
			<x7>139.207432</x7>
			<y7>252.56312</y7>
			<x8>165.122975</x8>
			<y8>253.488043</y8>
			<x9>183</x9>
			<y9>246.322384</y9>
			<x10>183</x10>
			<y10>184.202271</y10>
		</polygon>
	</object>
	<object>
		<name>orange</name>
		<pose>Unspecified</pose>
		<truncated>0</truncated>
		<difficult>0</difficult>
		<occluded>0</occluded>
		<bndbox>
			<xmin>245</xmin>
			<xmax>270</xmax>
			<ymin>7</ymin>
			<ymax>39</ymax>
		</bndbox>
		<polygon>
			<x1>266.529202</x1>
			<y1>30.451135</y1>
			<x2>268.719424</x2>
			<y2>18.182542</y2>
			<x3>264.758159</x3>
			<y3>8.145599</y3>
			<x4>255.600792</x4>
			<y4>5.730717</y4>
			<x5>245.10134399999998</x5>
			<y5>12.981935</y5>
			<x6>243.697524</x6>
			<y6>23.530982</y6>
			<x7>247.658789</x7>
			<y7>33.567925</y7>
			<x8>256.692672</x8>
			<y8>37.748707</y8>
			<x9>266.529202</x9>
			<y9>30.451135</y9>
		</polygon>
	</object>
	<object>
		<name>capsicum</name>
		<pose>Unspecified</pose>
		<truncated>0</truncated>
		<difficult>0</difficult>
		<occluded>0</occluded>
		<bndbox>
			<xmin>387</xmin>
			<xmax>411</xmax>
			<ymin>9</ymin>
			<ymax>47</ymax>
		</bndbox>
		<polygon>
			<x1>399.343519</x1>
			<y1>45.949291</y1>
			<x2>407.314777</x2>
			<y2>36.746751</y2>
			<x3>410.060676</x3>
			<y3>16.531605</y3>
			<x4>406.45362</x4>
			<y4>10.955769</y4>
			<x5>399.762698</x5>
			<y5>11.375161</y5>
			<x6>398.020912</x6>
			<y6>7.704293</y6>
			<x7>387.52146600000003</x7>
			<y7>14.95551</y7>
			<x8>386.11764500000004</x8>
			<y8>25.504558</y8>
			<x9>390.186151</x9>
			<y9>43.534409</y9>
			<x10>399.343519</x10>
			<y10>45.949291</y10>
		</polygon>
	</object>
	<object>
		<name>greenapple</name>
		<pose>Unspecified</pose>
		<truncated>0</truncated>
		<difficult>0</difficult>
		<occluded>0</occluded>
		<bndbox>
			<xmin>231</xmin>
			<xmax>255</xmax>
			<ymin>146</ymin>
			<ymax>177</ymax>
		</bndbox>
		<polygon>
			<x1>253.52113300000002</x1>
			<y1>168.842555</y1>
			<x2>254.323778</x2>
			<y2>157.364201</y2>
			<x3>249.098419</x3>
			<y3>146.351595</y3>
			<x4>241.20514500000002</x4>
			<y4>144.912376</y4>
			<x5>231.245133</x5>
			<y5>153.975849</y5>
			<x6>230.442488</x6>
			<y6>165.454203</y6>
			<x7>235.128413</x7>
			<y7>174.654552</y7>
			<x8>246.336277</x8>
			<y8>176.32555</y8>
			<x9>253.52113300000002</x9>
			<y9>168.842555</y9>
		</polygon>
	</object>
	<object>
		<name>redapple</name>
		<pose>Unspecified</pose>
		<truncated>0</truncated>
		<difficult>0</difficult>
		<occluded>0</occluded>
		<bndbox>
			<xmin>385</xmin>
			<xmax>417</xmax>
			<ymin>149</ymin>
			<ymax>224</ymax>
		</bndbox>
		<polygon>
			<x1>416</x1>
			<y1>149.790806</y1>
			<x2>409.54080899999997</x2>
			<y2>147.810875</y2>
			<x3>391.872749</x3>
			<y3>152.786279</y3>
			<x4>386.553162</x4>
			<y4>162.174242</y4>
			<x5>384.239456</x5>
			<y5>176.208735</y5>
			<x6>385.718032</x6>
			<y6>193.170213</y6>
			<x7>394.17999499999996</x7>
			<y7>215.056357</y7>
			<x8>408.933173</x8>
			<y8>223.186141</y8>
			<x9>416</x9>
			<y9>221.693153</y9>
			<x10>416</x10>
			<y10>149.790806</y10>
		</polygon>
	</object>
	<object>
		<name>mango</name>
		<pose>Unspecified</pose>
		<truncated>0</truncated>
		<difficult>0</difficult>
		<occluded>0</occluded>
		<bndbox>
			<xmin>232</xmin>
			<xmax>315</xmax>
			<ymin>318</ymin>
			<ymax>386</ymax>
		</bndbox>
		<polygon>
			<x1>280.003599</x1>
			<y1>316.681858</y1>
			<x2>262.751489</x2>
			<y2>325.235418</y2>
			<x3>237.944071</x3>
			<y3>346.569675</y3>
			<x4>232.624484</x4>
			<y4>355.957638</y4>
			<x5>231.28240499999998</x5>
			<y5>365.623736</y5>
			<x6>236.507764</x6>
			<y6>376.636341</y6>
			<x7>250.598024</x7>
			<y7>384.71977</y7>
			<x8>269.884387</x8>
			<y8>385.18113700000004</y8>
			<x9>290.265861</x9>
			<y9>379.508206</y9>
			<x10>308.073648</x10>
			<y10>363.00809300000003</y10>
			<x11>314.117894</x11>
			<y11>352.78353500000003</y11>
			<x12>312.948028</x12>
			<y12>331.407305</y12>
			<x13>300.49231399999996</x13>
			<y13>319.001836</y13>
			<x14>280.003599</x14>
			<y14>316.681858</y14>
		</polygon>
	</object>
	<object>
		<name>greenapple</name>
		<pose>Unspecified</pose>
		<truncated>0</truncated>
		<difficult>0</difficult>
		<occluded>0</occluded>
		<bndbox>
			<xmin>381</xmin>
			<xmax>405</xmax>
			<ymin>311</ymin>
			<ymax>342</ymax>
		</bndbox>
		<polygon>
			<x1>403.59880599999997</x1>
			<y1>330.648083</y1>
			<x2>404.216225</x2>
			<y2>321.81858</y2>
			<x3>400.131477</x3>
			<y3>313.54753800000003</y3>
			<x4>389.710015</x4>
			<y4>310.156995</y4>
			<x5>382.586901</x5>
			<y5>316.75704</y5>
			<x6>380.33493599999997</x6>
			<y6>329.908583</y6>
			<x7>385.68377899999996</x7>
			<y7>339.155287</y7>
			<x8>396.228724</x8>
			<y8>340.77993</y8>
			<x9>403.59880599999997</x9>
			<y9>330.648083</y9>
		</polygon>
	</object>
</annotation>
