<annotation>
	<folder></folder>
	<filename>image_57_png.rf.727119166e1a4ea0bf946880d4b80f9a.jpg</filename>
	<path>image_57_png.rf.727119166e1a4ea0bf946880d4b80f9a.jpg</path>
	<source>
		<database>roboflow.ai</database>
	</source>
	<size>
		<width>416</width>
		<height>416</height>
		<depth>3</depth>
	</size>
	<segmented>0</segmented>
	<object>
		<name>mango</name>
		<pose>Unspecified</pose>
		<truncated>0</truncated>
		<difficult>0</difficult>
		<occluded>0</occluded>
		<bndbox>
			<xmin>12</xmin>
			<xmax>65</xmax>
			<ymin>372</ymin>
			<ymax>417</ymax>
		</bndbox>
		<polygon>
			<x1>61.993163</x1>
			<y1>416</y1>
			<x2>63.666195</x2>
			<y2>412.562987</y2>
			<x3>61.883266</x3>
			<y3>387.065926</y3>
			<x4>47.602442</x4>
			<y4>372.161392</y4>
			<x5>28.315442</x5>
			<y5>370.859547</y5>
			<x6>19.400917</x6>
			<y6>375.900451</y6>
			<x7>13.964379</x7>
			<y7>383.348676</y7>
			<x8>11.05729</x8>
			<y8>398.571598</y8>
			<x9>13.542833</x9>
			<y9>415.184445</y9>
			<x10>14.064101</x10>
			<y10>416</y10>
			<x11>61.993163</x11>
			<y11>416</y11>
		</polygon>
	</object>
	<object>
		<name>orange</name>
		<pose>Unspecified</pose>
		<truncated>0</truncated>
		<difficult>0</difficult>
		<occluded>0</occluded>
		<bndbox>
			<xmin>335</xmin>
			<xmax>417</xmax>
			<ymin>324</ymin>
			<ymax>417</ymax>
		</bndbox>
		<polygon>
			<x1>416</x1>
			<y1>416</y1>
			<x2>416</x2>
			<y2>324.262096</y2>
			<x3>404.465329</x3>
			<y3>323.302567</y3>
			<x4>388.717794</x4>
			<y4>325.28725</y4>
			<x5>374.595079</x5>
			<y5>331.575856</y5>
			<x6>358.39085</x6>
			<y6>345.961588</y6>
			<x7>345.37478</x7>
			<y7>368.075954</y7>
			<x8>335.13408</x8>
			<y8>401.481855</y8>
			<x9>333.896733</x9>
			<y9>416</y9>
			<x10>416</x10>
			<y10>416</y10>
		</polygon>
	</object>
</annotation>
