<annotation>
	<folder></folder>
	<filename>image_38_png.rf.5d5d75246275f58754d1bf726f7eb103.jpg</filename>
	<path>image_38_png.rf.5d5d75246275f58754d1bf726f7eb103.jpg</path>
	<source>
		<database>roboflow.ai</database>
	</source>
	<size>
		<width>416</width>
		<height>416</height>
		<depth>3</depth>
	</size>
	<segmented>0</segmented>
	<object>
		<name>mango</name>
		<pose>Unspecified</pose>
		<truncated>0</truncated>
		<difficult>0</difficult>
		<occluded>0</occluded>
		<bndbox>
			<xmin>50</xmin>
			<xmax>204</xmax>
			<ymin>33</ymin>
			<ymax>138</ymax>
		</bndbox>
		<polygon>
			<x1>203</x1>
			<y1>137</y1>
			<x2>203</x2>
			<y2>31.788546</y2>
			<x3>202.53953</x3>
			<y3>31.81573</y3>
			<x4>177.721366</x4>
			<y4>36.710446</y4>
			<x5>143.849389</x5>
			<y5>55.106499</y5>
			<x6>59.06906</x6>
			<y6>123.346569</y6>
			<x7>48.762061</x7>
			<y7>137</y7>
			<x8>203</x8>
			<y8>137</y8>
		</polygon>
	</object>
	<object>
		<name>redapple</name>
		<pose>Unspecified</pose>
		<truncated>0</truncated>
		<difficult>0</difficult>
		<occluded>0</occluded>
		<bndbox>
			<xmin>210</xmin>
			<xmax>283</xmax>
			<ymin>1</ymin>
			<ymax>40</ymax>
		</bndbox>
		<polygon>
			<x1>209.106832</x1>
			<y1>0</y1>
			<x2>209.264105</x2>
			<y2>2.807585</y2>
			<x3>216.100065</x3>
			<y3>18.549957</y3>
			<x4>226.762478</x4>
			<y4>31.234152</y4>
			<x5>243.12516399999998</x5>
			<y5>38.880625</y5>
			<x6>262.085419</x6>
			<y6>37.221817</y6>
			<x7>275.076724</x7>
			<y7>29.730609</y7>
			<x8>281.830403</x8>
			<y8>5.53688</y8>
			<x9>281.34598900000003</x9>
			<y9>0</y9>
			<x10>209.106832</x10>
			<y10>0</y10>
		</polygon>
	</object>
	<object>
		<name>mango</name>
		<pose>Unspecified</pose>
		<truncated>0</truncated>
		<difficult>0</difficult>
		<occluded>0</occluded>
		<bndbox>
			<xmin>80</xmin>
			<xmax>135</xmax>
			<ymin>138</ymin>
			<ymax>171</ymax>
		</bndbox>
		<polygon>
			<x1>79.190663</x1>
			<y1>137</y1>
			<x2>82.696879</x2>
			<y2>154.824025</y2>
			<x3>89.658257</x3>
			<y3>164.200808</y3>
			<x4>99.690118</x4>
			<y4>169.67775</y4>
			<x5>114.745099</x5>
			<y5>170.176215</y5>
			<x6>123.311617</x6>
			<y6>166.703334</y6>
			<x7>130.728069</x7>
			<y7>157.884259</y7>
			<x8>133.92397</x8>
			<y8>147.618828</y8>
			<x9>132.994943</x9>
			<y9>137</y9>
			<x10>79.190663</x10>
			<y10>137</y10>
		</polygon>
	</object>
	<object>
		<name>orange</name>
		<pose>Unspecified</pose>
		<truncated>0</truncated>
		<difficult>0</difficult>
		<occluded>0</occluded>
		<bndbox>
			<xmin>245</xmin>
			<xmax>268</xmax>
			<ymin>266</ymin>
			<ymax>296</ymax>
		</bndbox>
		<polygon>
			<x1>267.494414</x1>
			<y1>283.808277</y1>
			<x2>265.713794</x2>
			<y2>271.254828</y2>
			<x3>259.666026</x3>
			<y3>264.521522</y3>
			<x4>250.86305</x4>
			<y4>265.29168200000004</y4>
			<x5>243.887294</x5>
			<y5>271.348795</y5>
			<x6>243.794095</x6>
			<y6>285.88178600000003</y6>
			<x7>251.432626</x7>
			<y7>295.19932600000004</y7>
			<x8>262.267057</x8>
			<y8>294.251436</y8>
			<x9>267.494414</x9>
			<y9>283.808277</y9>
		</polygon>
	</object>
</annotation>
