<annotation>
	<folder></folder>
	<filename>image_46_png.rf.d8741fd374a6eb2242de705ab99716d2.jpg</filename>
	<path>image_46_png.rf.d8741fd374a6eb2242de705ab99716d2.jpg</path>
	<source>
		<database>roboflow.ai</database>
	</source>
	<size>
		<width>416</width>
		<height>416</height>
		<depth>3</depth>
	</size>
	<segmented>0</segmented>
	<object>
		<name>greenapple</name>
		<pose>Unspecified</pose>
		<truncated>0</truncated>
		<difficult>0</difficult>
		<occluded>0</occluded>
		<bndbox>
			<xmin>279</xmin>
			<xmax>417</xmax>
			<ymin>69</ymin>
			<ymax>146</ymax>
		</bndbox>
		<polygon>
			<x1>416</x1>
			<y1>145</y1>
			<x2>416</x2>
			<y2>77.642648</y2>
			<x3>393.97522000000004</x3>
			<y3>69.421809</y3>
			<x4>352.701274</x4>
			<y4>68.23968</y4>
			<x5>311.70183199999997</x5>
			<y5>74.918305</y5>
			<x6>292.10846300000003</x6>
			<y6>94.841131</y6>
			<x7>284.15950599999996</x7>
			<y7>110.859397</y7>
			<x8>278.947308</x8>
			<y8>130.28002</y8>
			<x9>278.323355</x9>
			<y9>145</y9>
			<x10>416</x10>
			<y10>145</y10>
		</polygon>
	</object>
	<object>
		<name>redapple</name>
		<pose>Unspecified</pose>
		<truncated>0</truncated>
		<difficult>0</difficult>
		<occluded>0</occluded>
		<bndbox>
			<xmin>1</xmin>
			<xmax>27</xmax>
			<ymin>146</ymin>
			<ymax>192</ymax>
		</bndbox>
		<polygon>
			<x1>0</x1>
			<y1>145</y1>
			<x2>0</x2>
			<y2>190.033234</y2>
			<x3>1.138181</x3>
			<y3>190.671213</y3>
			<x4>9.636145</x4>
			<y4>190.374458</y4>
			<x5>17.358419</x5>
			<y5>186.606861</y5>
			<x6>22.313432</x6>
			<y6>178.563488</y6>
			<x7>25.747564</x7>
			<y7>164.45184799999998</y7>
			<x8>26.332899</x8>
			<y8>145</y8>
			<x9>0</x9>
			<y9>145</y9>
		</polygon>
	</object>
	<object>
		<name>orange</name>
		<pose>Unspecified</pose>
		<truncated>0</truncated>
		<difficult>0</difficult>
		<occluded>0</occluded>
		<bndbox>
			<xmin>141</xmin>
			<xmax>184</xmax>
			<ymin>155</ymin>
			<ymax>229</ymax>
		</bndbox>
		<polygon>
			<x1>183</x1>
			<y1>159.101196</y1>
			<x2>181.264687</x2>
			<y2>157.272106</y2>
			<x3>162.185687</x3>
			<y3>154.44043</y3>
			<x4>149.294897</x4>
			<y4>160.13748</y4>
			<x5>142.470317</x5>
			<y5>170.869587</y5>
			<x6>139.598374</x6>
			<y6>182.338148</y6>
			<x7>141.014573</x7>
			<y7>204.15075000000002</y7>
			<x8>148.130977</x8>
			<y8>220.517403</y8>
			<x9>156.219256</x9>
			<y9>227.230813</y9>
			<x10>180.466771</x10>
			<y10>228.133035</y10>
			<x11>183</x11>
			<y11>225.637517</y11>
			<x12>183</x12>
			<y12>159.101196</y12>
		</polygon>
	</object>
	<object>
		<name>capsicum</name>
		<pose>Unspecified</pose>
		<truncated>0</truncated>
		<difficult>0</difficult>
		<occluded>0</occluded>
		<bndbox>
			<xmin>118</xmin>
			<xmax>142</xmax>
			<ymin>252</ymin>
			<ymax>287</ymax>
		</bndbox>
		<polygon>
			<x1>135.322646</x1>
			<y1>284.80188799999996</y1>
			<x2>140.656845</x2>
			<y2>268.874932</y2>
			<x3>139.515149</x3>
			<y3>254.92308400000002</y3>
			<x4>133.479441</x4>
			<y4>250.76144399999998</y4>
			<x5>121.804529</x5>
			<y5>253.792588</y5>
			<x6>117.442204</x6>
			<y6>260.0663</y6>
			<x7>119.298591</x7>
			<y7>275.742154</y7>
			<x8>126.201492</x8>
			<y8>285.994887</y8>
			<x9>135.322646</x9>
			<y9>284.80188799999996</y9>
		</polygon>
	</object>
	<object>
		<name>mango</name>
		<pose>Unspecified</pose>
		<truncated>0</truncated>
		<difficult>0</difficult>
		<occluded>0</occluded>
		<bndbox>
			<xmin>1</xmin>
			<xmax>20</xmax>
			<ymin>298</ymin>
			<ymax>357</ymax>
		</bndbox>
		<polygon>
			<x1>0</x1>
			<y1>355.749708</y1>
			<x2>6.872256</x2>
			<y2>354.873645</y2>
			<x3>18.773852</x3>
			<y3>339.591834</y3>
			<x4>19.288221</x4>
			<y4>316.837332</y4>
			<x5>13.008509</x5>
			<y5>305.688355</y5>
			<x6>3.551851</x6>
			<y6>297.273766</y6>
			<x7>0</x7>
			<y7>297.047046</y7>
			<x8>0</x8>
			<y8>355.749708</y8>
		</polygon>
	</object>
	<object>
		<name>mango</name>
		<pose>Unspecified</pose>
		<truncated>0</truncated>
		<difficult>0</difficult>
		<occluded>0</occluded>
		<bndbox>
			<xmin>200</xmin>
			<xmax>277</xmax>
			<ymin>146</ymin>
			<ymax>176</ymax>
		</bndbox>
		<polygon>
			<x1>201.387065</x1>
			<y1>145</y1>
			<x2>198.628585</x2>
			<y2>155.203522</y2>
			<x3>204.938796</x3>
			<y3>167.225916</y3>
			<x4>218.94078100000002</x4>
			<y4>174.607297</y4>
			<x5>243.719985</x5>
			<y5>171.993023</y5>
			<x6>264.302548</x6>
			<y6>161.65496</y6>
			<x7>274.33457599999997</x7>
			<y7>149.061882</y7>
			<x8>275.928626</x8>
			<y8>145</y8>
			<x9>201.387065</x9>
			<y9>145</y9>
		</polygon>
	</object>
	<object>
		<name>greenapple</name>
		<pose>Unspecified</pose>
		<truncated>0</truncated>
		<difficult>0</difficult>
		<occluded>0</occluded>
		<bndbox>
			<xmin>229</xmin>
			<xmax>274</xmax>
			<ymin>250</ymin>
			<ymax>309</ymax>
		</bndbox>
		<polygon>
			<x1>235.565801</x1>
			<y1>257.102556</y1>
			<x2>232.101169</x2>
			<y2>270.340778</y2>
			<x3>228.270533</x3>
			<y3>273.09799399999997</y3>
			<x4>231.660983</x4>
			<y4>276.477526</y4>
			<x5>230.340423</x5>
			<y5>294.887769</y5>
			<x6>241.941152</x6>
			<y6>308.47438</y6>
			<x7>264.136098</x7>
			<y7>306.824832</y7>
			<x8>268.498422</x8>
			<y8>300.55112099999997</y8>
			<x9>272.525242</x9>
			<y9>284.66981899999996</y9>
			<x10>272.53842299999997</x10>
			<y10>266.305231</y10>
			<x11>257.577745</x11>
			<y11>250.21250600000002</y11>
			<x12>243.789262</x12>
			<y12>248.945046</y12>
			<x13>235.565801</x13>
			<y13>257.102556</y13>
		</polygon>
	</object>
	<object>
		<name>capsicum</name>
		<pose>Unspecified</pose>
		<truncated>0</truncated>
		<difficult>0</difficult>
		<occluded>0</occluded>
		<bndbox>
			<xmin>215</xmin>
			<xmax>237</xmax>
			<ymin>362</ymin>
			<ymax>396</ymax>
		</bndbox>
		<polygon>
			<x1>231.17221</x1>
			<y1>393.67522099999996</y1>
			<x2>235.852719</x2>
			<y2>377.771092</y2>
			<x3>234.026833</x3>
			<y3>362.968656</y3>
			<x4>226.744747</x4>
			<y4>360.599505</y4>
			<x5>218.307782</x5>
			<y5>362.643094</y5>
			<x6>213.945458</x6>
			<y6>368.916806</y6>
			<x7>215.832345</x7>
			<y7>385.46607800000004</y7>
			<x8>222.051055</x8>
			<y8>394.868221</y8>
			<x9>231.17221</x9>
			<y9>393.67522099999996</y9>
		</polygon>
	</object>
</annotation>
