<annotation>
	<folder></folder>
	<filename>image_172_png.rf.cd696d0e8a25f35ceb6747f3e3c965b2.jpg</filename>
	<path>image_172_png.rf.cd696d0e8a25f35ceb6747f3e3c965b2.jpg</path>
	<source>
		<database>roboflow.ai</database>
	</source>
	<size>
		<width>416</width>
		<height>416</height>
		<depth>3</depth>
	</size>
	<segmented>0</segmented>
	<object>
		<name>mango</name>
		<pose>Unspecified</pose>
		<truncated>0</truncated>
		<difficult>0</difficult>
		<occluded>0</occluded>
		<bndbox>
			<xmin>1</xmin>
			<xmax>31</xmax>
			<ymin>1</ymin>
			<ymax>66</ymax>
		</bndbox>
		<polygon>
			<x1>0</x1>
			<y1>0</y1>
			<x2>0</x2>
			<y2>65.384649</y2>
			<x3>11.583738</x3>
			<y3>59.495745</y3>
			<x4>24.255093</x4>
			<y4>43.331303</y4>
			<x5>29.546629</x5>
			<y5>26.566024</y5>
			<x6>27.495891</x6>
			<y6>13.618177</y6>
			<x7>22.898558</x7>
			<y7>5.497888</y7>
			<x8>14.332498</x8>
			<y8>0</y8>
			<x9>0</x9>
			<y9>0</y9>
		</polygon>
	</object>
	<object>
		<name>redapple</name>
		<pose>Unspecified</pose>
		<truncated>0</truncated>
		<difficult>0</difficult>
		<occluded>0</occluded>
		<bndbox>
			<xmin>358</xmin>
			<xmax>417</xmax>
			<ymin>146</ymin>
			<ymax>171</ymax>
		</bndbox>
		<polygon>
			<x1>416</x1>
			<y1>170</y1>
			<x2>416</x2>
			<y2>162.721698</y2>
			<x3>408.993221</x3>
			<y3>155.05901</y3>
			<x4>396.506749</x4>
			<y4>147.303395</y4>
			<x5>386.13264300000003</x5>
			<y5>144.522275</y5>
			<x6>370.491083</x6>
			<y6>146.114811</y6>
			<x7>362.776206</x7>
			<y7>151.760945</y7>
			<x8>356.837714</x8>
			<y8>170</y8>
			<x9>416</x9>
			<y9>170</y9>
		</polygon>
	</object>
	<object>
		<name>greenapple</name>
		<pose>Unspecified</pose>
		<truncated>0</truncated>
		<difficult>0</difficult>
		<occluded>0</occluded>
		<bndbox>
			<xmin>45</xmin>
			<xmax>70</xmax>
			<ymin>297</ymin>
			<ymax>328</ymax>
		</bndbox>
		<polygon>
			<x1>68.888839</x1>
			<y1>317.015758</y1>
			<x2>67.111533</x2>
			<y2>305.79429</y2>
			<x3>59.656626</x3>
			<y3>296.356909</y3>
			<x4>51.121453</x4>
			<y4>296.82390499999997</y4>
			<x5>44.226871</x5>
			<y5>307.649177</y5>
			<x6>46.923644</x6>
			<y6>320.49470299999996</y6>
			<x7>52.539616</x7>
			<y7>326.683968</y7>
			<x8>63.658929</x8>
			<y8>325.807685</y8>
			<x9>68.888839</x9>
			<y9>317.015758</y9>
		</polygon>
	</object>
	<object>
		<name>mango</name>
		<pose>Unspecified</pose>
		<truncated>0</truncated>
		<difficult>0</difficult>
		<occluded>0</occluded>
		<bndbox>
			<xmin>170</xmin>
			<xmax>249</xmax>
			<ymin>171</ymin>
			<ymax>219</ymax>
		</bndbox>
		<polygon>
			<x1>182.068232</x1>
			<y1>170</y1>
			<x2>170.259677</x2>
			<y2>187.700229</y2>
			<x3>169.080239</x3>
			<y3>201.159686</y3>
			<x4>177.591328</x4>
			<y4>213.084315</y4>
			<x5>190.959722</x5>
			<y5>218.045716</y5>
			<x6>219.621156</x6>
			<y6>210.851661</y6>
			<x7>236.206266</x7>
			<y7>198.491559</y7>
			<x8>245.51073</x8>
			<y8>181.975538</y8>
			<x9>247.950782</x9>
			<y9>170</y9>
			<x10>182.068232</x10>
			<y10>170</y10>
		</polygon>
	</object>
	<object>
		<name>capsicum</name>
		<pose>Unspecified</pose>
		<truncated>0</truncated>
		<difficult>0</difficult>
		<occluded>0</occluded>
		<bndbox>
			<xmin>189</xmin>
			<xmax>212</xmax>
			<ymin>264</ymin>
			<ymax>299</ymax>
		</bndbox>
		<polygon>
			<x1>208.569144</x1>
			<y1>295.777414</y1>
			<x2>211.413257</x2>
			<y2>280.284611</y2>
			<x3>206.740835</x3>
			<y3>263.327782</y3>
			<x4>199.497732</x4>
			<y4>263.590132</y4>
			<x5>192.018742</x5>
			<y5>266.544375</y5>
			<x6>188.453506</x6>
			<y6>273.302957</y6>
			<x7>191.286995</x7>
			<y7>287.011673</y7>
			<x8>199.661369</x8>
			<y8>298.07311100000004</y8>
			<x9>208.569144</x9>
			<y9>295.777414</y9>
		</polygon>
	</object>
</annotation>
