<annotation>
	<folder></folder>
	<filename>image_205_png.rf.7954336bdc7667f71b03021cb5c4939f.jpg</filename>
	<path>image_205_png.rf.7954336bdc7667f71b03021cb5c4939f.jpg</path>
	<source>
		<database>roboflow.ai</database>
	</source>
	<size>
		<width>416</width>
		<height>416</height>
		<depth>3</depth>
	</size>
	<segmented>0</segmented>
	<object>
		<name>greenapple</name>
		<pose>Unspecified</pose>
		<truncated>0</truncated>
		<difficult>0</difficult>
		<occluded>0</occluded>
		<bndbox>
			<xmin>1</xmin>
			<xmax>15</xmax>
			<ymin>127</ymin>
			<ymax>184</ymax>
		</bndbox>
		<polygon>
			<x1>0</x1>
			<y1>182.986398</y1>
			<x2>9.369067</x2>
			<y2>177.202286</y2>
			<x3>13.636302</x3>
			<y3>141.350876</y3>
			<x4>3.337925</x4>
			<y4>127.274069</y4>
			<x5>0</x5>
			<y5>126.04765</y5>
			<x6>0</x6>
			<y6>182.986398</y6>
		</polygon>
	</object>
	<object>
		<name>orange</name>
		<pose>Unspecified</pose>
		<truncated>0</truncated>
		<difficult>0</difficult>
		<occluded>0</occluded>
		<bndbox>
			<xmin>121</xmin>
			<xmax>179</xmax>
			<ymin>132</ymin>
			<ymax>208</ymax>
		</bndbox>
		<polygon>
			<x1>142.841517</x1>
			<y1>130.925387</y1>
			<x2>132.135975</x2>
			<y2>135.140571</y2>
			<x3>123.317695</x3>
			<y3>149.305707</y3>
			<x4>120.090911</x4>
			<y4>165.918404</y4>
			<x5>122.407878</x5>
			<y5>184.06763</y5>
			<x6>129.348837</x6>
			<y6>199.233926</y6>
			<x7>138.631967</x7>
			<y7>206.969211</y7>
			<x8>164.511206</x8>
			<y8>205.612938</y8>
			<x9>174.787042</x9>
			<y9>193.198479</y9>
			<x10>178.252551</x10>
			<y10>181.140935</y10>
			<x11>176.820199</x11>
			<y11>153.810022</y11>
			<x12>170.703506</x12>
			<y12>141.341126</y12>
			<x13>162.053665</x13>
			<y13>132.659119</y13>
			<x14>142.841517</x14>
			<y14>130.925387</y14>
		</polygon>
	</object>
	<object>
		<name>redapple</name>
		<pose>Unspecified</pose>
		<truncated>0</truncated>
		<difficult>0</difficult>
		<occluded>0</occluded>
		<bndbox>
			<xmin>265</xmin>
			<xmax>341</xmax>
			<ymin>67</ymin>
			<ymax>154</ymax>
		</bndbox>
		<polygon>
			<x1>313.82028</x1>
			<y1>73.721328</y1>
			<x2>297.726825</x2>
			<y2>66.342957</y2>
			<x3>285.468239</x3>
			<y3>66.985402</y3>
			<x4>276.26799800000003</x4>
			<y4>73.862295</y4>
			<x5>264.474261</x5>
			<y5>96.405163</y5>
			<x6>264.748129</x6>
			<y6>114.661463</y6>
			<x7>269.550501</x7>
			<y7>128.112771</y7>
			<x8>281.354179</x8>
			<y8>144.851288</y8>
			<x9>294.042472</x9>
			<y9>152.408116</y9>
			<x10>317.974103</x10>
			<y10>152.980978</y10>
			<x11>329.312932</x11>
			<y11>147.819072</y11>
			<x12>333.160402</x12>
			<y12>143.049771</y12>
			<x13>333.949526</x13>
			<y13>132.046023</y13>
			<x14>339.505879</x14>
			<y14>120.792435</y14>
			<x15>336.651114</x15>
			<y15>105.411992</y15>
			<x16>313.82028</x16>
			<y16>73.721328</y16>
		</polygon>
	</object>
	<object>
		<name>greenapple</name>
		<pose>Unspecified</pose>
		<truncated>0</truncated>
		<difficult>0</difficult>
		<occluded>0</occluded>
		<bndbox>
			<xmin>393</xmin>
			<xmax>417</xmax>
			<ymin>55</ymin>
			<ymax>87</ymax>
		</bndbox>
		<polygon>
			<x1>410.705289</x1>
			<y1>85.087389</y1>
			<x2>415.819334</x2>
			<y2>78.424644</y2>
			<x3>412.092557</x3>
			<y3>59.43577</y3>
			<x4>403.633696</x4>
			<y4>54.397884</y4>
			<x5>396.33331699999997</x5>
			<y5>58.434612</y5>
			<x6>391.995795</x6>
			<y6>66.883725</y6>
			<x7>394.802813</x7>
			<y7>81.353139</y7>
			<x8>401.218577</x8>
			<y8>86.498099</y8>
			<x9>410.705289</x9>
			<y9>85.087389</y9>
		</polygon>
	</object>
	<object>
		<name>greenapple</name>
		<pose>Unspecified</pose>
		<truncated>0</truncated>
		<difficult>0</difficult>
		<occluded>0</occluded>
		<bndbox>
			<xmin>1</xmin>
			<xmax>97</xmax>
			<ymin>267</ymin>
			<ymax>417</ymax>
		</bndbox>
		<polygon>
			<x1>0</x1>
			<y1>266</y1>
			<x2>0</x2>
			<y2>416</y2>
			<x3>74.868084</x3>
			<y3>416</y3>
			<x4>77.725191</x4>
			<y4>411.410521</y4>
			<x5>86.651562</x5>
			<y5>386.277327</y5>
			<x6>93.248366</x6>
			<y6>355.785026</y6>
			<x7>96.093189</x7>
			<y7>331.884086</y7>
			<x8>94.660837</x8>
			<y8>304.553172</y8>
			<x9>83.216577</x9>
			<y9>268.611634</y9>
			<x10>81.305946</x10>
			<y10>266</y10>
			<x11>0</x11>
			<y11>266</y11>
		</polygon>
	</object>
	<object>
		<name>mango</name>
		<pose>Unspecified</pose>
		<truncated>0</truncated>
		<difficult>0</difficult>
		<occluded>0</occluded>
		<bndbox>
			<xmin>283</xmin>
			<xmax>313</xmax>
			<ymin>320</ymin>
			<ymax>358</ymax>
		</bndbox>
		<polygon>
			<x1>312.184421</x1>
			<y1>346.614365</y1>
			<x2>311.468245</x2>
			<y2>332.948908</y2>
			<x3>303.3562</x3>
			<y3>321.498118</y3>
			<x4>292.316443</x4>
			<y4>319.336088</y4>
			<x5>283.259438</x5>
			<y5>328.946074</y5>
			<x6>282.47031300000003</x6>
			<y6>339.949821</y6>
			<x7>293.497469</x7>
			<y7>354.901968</y7>
			<x8>304.53722500000003</x8>
			<y8>357.063997</y8>
			<x9>312.184421</x9>
			<y9>346.614365</y9>
		</polygon>
	</object>
</annotation>
