<annotation>
	<folder></folder>
	<filename>image_148_png.rf.50ce9a8613366f1f7f5f9dd2628d5d3a.jpg</filename>
	<path>image_148_png.rf.50ce9a8613366f1f7f5f9dd2628d5d3a.jpg</path>
	<source>
		<database>roboflow.ai</database>
	</source>
	<size>
		<width>416</width>
		<height>416</height>
		<depth>3</depth>
	</size>
	<segmented>0</segmented>
	<object>
		<name>orange</name>
		<pose>Unspecified</pose>
		<truncated>0</truncated>
		<difficult>0</difficult>
		<occluded>0</occluded>
		<bndbox>
			<xmin>65</xmin>
			<xmax>109</xmax>
			<ymin>80</ymin>
			<ymax>117</ymax>
		</bndbox>
		<polygon>
			<x1>108</x1>
			<y1>116</y1>
			<x2>108</x2>
			<y2>89.323511</y2>
			<x3>101.607657</x3>
			<y3>81.130635</y3>
			<x4>84.372693</x4>
			<y4>79.175406</y4>
			<x5>72.387845</x5>
			<y5>84.843159</y5>
			<x6>66.287198</x6>
			<y6>92.61661</y6>
			<x7>63.754257</x7>
			<y7>109.325716</y7>
			<x8>65.189038</x8>
			<y8>116</y8>
			<x9>108</x9>
			<y9>116</y9>
		</polygon>
	</object>
	<object>
		<name>redapple</name>
		<pose>Unspecified</pose>
		<truncated>0</truncated>
		<difficult>0</difficult>
		<occluded>0</occluded>
		<bndbox>
			<xmin>120</xmin>
			<xmax>297</xmax>
			<ymin>25</ymin>
			<ymax>117</ymax>
		</bndbox>
		<polygon>
			<x1>295.79815099999996</x1>
			<y1>116</y1>
			<x2>294.464065</x2>
			<y2>111.444138</y2>
			<x3>279.34949</x3>
			<y3>80.377884</y3>
			<x4>267.378205</x4>
			<y4>64.605492</y4>
			<x5>255.613195</x5>
			<y5>55.03406</y5>
			<x6>246.365868</x6>
			<y6>52.873685</y6>
			<x7>194.655887</x7>
			<y7>55.048049</y7>
			<x8>188.147775</x8>
			<y8>42.379529</y8>
			<x9>187.94489099999998</x9>
			<y9>30.818533</y9>
			<x10>177.649235</x10>
			<y10>24.453543</y10>
			<x11>174.069662</x11>
			<y11>34.278016</y11>
			<x12>183.51987300000002</x12>
			<y12>47.999386</y12>
			<x13>184.14548000000002</x13>
			<y13>55.882191</y13>
			<x14>144.41187</x14>
			<y14>65.788893</y14>
			<x15>132.844658</x15>
			<y15>75.81851</y15>
			<x16>126.32128900000001</x16>
			<y16>87.270153</y16>
			<x17>119.194712</x17>
			<y17>116</y17>
			<x18>295.79815099999996</x18>
			<y18>116</y18>
		</polygon>
	</object>
	<object>
		<name>redapple</name>
		<pose>Unspecified</pose>
		<truncated>0</truncated>
		<difficult>0</difficult>
		<occluded>0</occluded>
		<bndbox>
			<xmin>20</xmin>
			<xmax>96</xmax>
			<ymin>149</ymin>
			<ymax>232</ymax>
		</bndbox>
		<polygon>
			<x1>47.121727</x1>
			<y1>148.247839</y1>
			<x2>34.298216</x2>
			<y2>150.551901</y2>
			<x3>25.463439</x3>
			<y3>160.793444</y3>
			<x4>18.933289</x4>
			<y4>182.965159</y4>
			<x5>23.545933</x5>
			<y5>201.465464</y5>
			<x6>35.096192</x6>
			<y6>218.236028</y6>
			<x7>49.803302</x7>
			<y7>228.860309</y7>
			<x8>63.044449</x8>
			<y8>230.918112</y8>
			<x9>80.073139</x9>
			<y9>226.672382</y9>
			<x10>91.850016</x10>
			<y10>217.483688</y10>
			<x11>94.599403</x11>
			<y11>190.895433</y11>
			<x12>92.922078</x12>
			<y12>184.168048</y12>
			<x13>83.891198</x13>
			<y13>172.128525</y13>
			<x14>59.941846</x14>
			<y14>151.303814</y14>
			<x15>47.121727</x15>
			<y15>148.247839</y15>
		</polygon>
	</object>
	<object>
		<name>orange</name>
		<pose>Unspecified</pose>
		<truncated>0</truncated>
		<difficult>0</difficult>
		<occluded>0</occluded>
		<bndbox>
			<xmin>109</xmin>
			<xmax>142</xmax>
			<ymin>309</ymin>
			<ymax>382</ymax>
		</bndbox>
		<polygon>
			<x1>108</x1>
			<y1>380.2676</y1>
			<x2>110.824259</x2>
			<y2>381.410245</y2>
			<x3>132.688821</x3>
			<y3>375.065599</y3>
			<x4>141.317323</x4>
			<y4>358.62309600000003</y4>
			<x5>141.116134</x5>
			<y5>344.38208299999997</y5>
			<x6>135.872798</x6>
			<y6>326.03902600000004</y6>
			<x7>126.00156</x7>
			<y7>313.315829</y7>
			<x8>118.017312</x8>
			<y8>308.160938</y8>
			<x9>108</x9>
			<y9>309.815714</y9>
			<x10>108</x10>
			<y10>380.2676</y10>
		</polygon>
	</object>
	<object>
		<name>mango</name>
		<pose>Unspecified</pose>
		<truncated>0</truncated>
		<difficult>0</difficult>
		<occluded>0</occluded>
		<bndbox>
			<xmin>149</xmin>
			<xmax>203</xmax>
			<ymin>144</ymin>
			<ymax>206</ymax>
		</bndbox>
		<polygon>
			<x1>191.685096</x1>
			<y1>152.24093</y1>
			<x2>181.179776</x2>
			<y2>145.035018</y2>
			<x3>171.932448</x3>
			<y3>142.874642</y3>
			<x4>162.472065</x4>
			<y4>145.233381</y4>
			<x5>153.429318</x5>
			<y5>151.953984</y5>
			<x6>149.009386</x6>
			<y6>161.094783</y6>
			<x7>147.741221</x7>
			<y7>172.129354</y7>
			<x8>150.674844</x8>
			<y8>186.582293</y8>
			<x9>155.503935</x9>
			<y9>195.20344799999998</y9>
			<x10>165.37856399999998</x10>
			<y10>202.566611</y10>
			<x11>178.829376</x11>
			<y11>205.46533599999998</y11>
			<x12>187.02837499999998</x12>
			<y12>203.421096</y12>
			<x13>197.543867</x13>
			<y13>194.5469</y13>
			<x14>200.91208</x14>
			<y14>186.561522</y14>
			<x15>201.55124899999998</x15>
			<y15>173.00418200000001</y15>
			<x16>198.82559500000002</x16>
			<y16>162.072184</y16>
			<x17>191.685096</x17>
			<y17>152.24093</y17>
		</polygon>
	</object>
	<object>
		<name>redapple</name>
		<pose>Unspecified</pose>
		<truncated>0</truncated>
		<difficult>0</difficult>
		<occluded>0</occluded>
		<bndbox>
			<xmin>364</xmin>
			<xmax>417</xmax>
			<ymin>351</ymin>
			<ymax>417</ymax>
		</bndbox>
		<polygon>
			<x1>416</x1>
			<y1>416</y1>
			<x2>416</x2>
			<y2>362.529189</y2>
			<x3>405.328707</x3>
			<y3>353.535162</y3>
			<x4>388.305103</x4>
			<y4>349.740837</y4>
			<x5>379.265746</x5>
			<y5>351.101403</y5>
			<x6>367.279203</x6>
			<y6>359.44917399999997</y6>
			<x7>363.69963</x7>
			<y7>369.273647</y7>
			<x8>362.632653</x8>
			<y8>394.549232</y8>
			<x9>367.875989</x9>
			<y9>412.892287</y9>
			<x10>370.979773</x10>
			<y10>416</y10>
			<x11>416</x11>
			<y11>416</y11>
		</polygon>
	</object>
</annotation>
