<annotation>
	<folder></folder>
	<filename>image_47_png.rf.f7f41c8d4740dc8c97558157b69b3bd0.jpg</filename>
	<path>image_47_png.rf.f7f41c8d4740dc8c97558157b69b3bd0.jpg</path>
	<source>
		<database>roboflow.ai</database>
	</source>
	<size>
		<width>416</width>
		<height>416</height>
		<depth>3</depth>
	</size>
	<segmented>0</segmented>
	<object>
		<name>redapple</name>
		<pose>Unspecified</pose>
		<truncated>0</truncated>
		<difficult>0</difficult>
		<occluded>0</occluded>
		<bndbox>
			<xmin>101</xmin>
			<xmax>146</xmax>
			<ymin>119</ymin>
			<ymax>192</ymax>
		</bndbox>
		<polygon>
			<x1>145</x1>
			<y1>134.227609</y1>
			<x2>132.439739</x2>
			<y2>118.239594</y2>
			<x3>115.876503</x3>
			<y3>119.370235</y3>
			<x4>103.980212</x4>
			<y4>124.152729</y4>
			<x5>99.811145</x5>
			<y5>134.732323</y5>
			<x6>103.90528</x6>
			<y6>161.753936</y6>
			<x7>120.50789</x7>
			<y7>187.464921</y7>
			<x8>128.554129</x8>
			<y8>191</y8>
			<x9>134.486303</x9>
			<y9>191</y9>
			<x10>143.535881</x10>
			<y10>188.774178</y10>
			<x11>145</x11>
			<y11>184.138469</y11>
			<x12>145</x12>
			<y12>134.227609</y12>
		</polygon>
	</object>
	<object>
		<name>greenapple</name>
		<pose>Unspecified</pose>
		<truncated>0</truncated>
		<difficult>0</difficult>
		<occluded>0</occluded>
		<bndbox>
			<xmin>232</xmin>
			<xmax>276</xmax>
			<ymin>115</ymin>
			<ymax>176</ymax>
		</bndbox>
		<polygon>
			<x1>236.435394</x1>
			<y1>118.831746</y1>
			<x2>231.424893</x2>
			<y2>132.244564</y2>
			<x3>233.530069</x3>
			<y3>163.196695</y3>
			<x4>238.005864</x4>
			<y4>169.56711</y4>
			<x5>248.334231</x5>
			<y5>174.905558</y5>
			<x6>267.192519</x6>
			<y6>171.580333</y6>
			<x7>273.31244300000003</x7>
			<y7>160.656751</y7>
			<x8>274.650481</x8>
			<y8>141.62682</y8>
			<x9>272.507839</x9>
			<y9>129.475294</y9>
			<x10>266.272334</x10>
			<y10>120.730307</y10>
			<x11>255.790921</x11>
			<y11>114.523892</y11>
			<x12>242.32606900000002</x12>
			<y12>114.213253</y12>
			<x13>236.435394</x13>
			<y13>118.831746</y13>
		</polygon>
	</object>
	<object>
		<name>orange</name>
		<pose>Unspecified</pose>
		<truncated>0</truncated>
		<difficult>0</difficult>
		<occluded>0</occluded>
		<bndbox>
			<xmin>1</xmin>
			<xmax>40</xmax>
			<ymin>209</ymin>
			<ymax>284</ymax>
		</bndbox>
		<polygon>
			<x1>0</x1>
			<y1>279.474754</y1>
			<x2>5.498649</x2>
			<y2>283.08594600000004</y2>
			<x3>27.111125</x3>
			<y3>280.170036</y3>
			<x4>36.329432</x4>
			<y4>267.80517199999997</y4>
			<x5>39.044883</x5>
			<y5>256.58693800000003</y5>
			<x6>34.644655</x6>
			<y6>227.829391</y6>
			<x7>19.419457</x7>
			<y7>209.930103</y7>
			<x8>11.65413</x8>
			<y8>207.71953</y8>
			<x9>0</x9>
			<y9>209.774468</y9>
			<x10>0</x10>
			<y10>279.474754</y10>
		</polygon>
	</object>
	<object>
		<name>redapple</name>
		<pose>Unspecified</pose>
		<truncated>0</truncated>
		<difficult>0</difficult>
		<occluded>0</occluded>
		<bndbox>
			<xmin>254</xmin>
			<xmax>329</xmax>
			<ymin>228</ymin>
			<ymax>312</ymax>
		</bndbox>
		<polygon>
			<x1>269.87723800000003</x1>
			<y1>228.455053</y1>
			<x2>257.025205</x2>
			<y2>246.830353</y2>
			<x3>253.124126</x3>
			<y3>262.73240699999997</y3>
			<x4>255.878952</x4>
			<y4>278.355798</y4>
			<x5>267.355482</x5>
			<y5>297.81103</y5>
			<x6>279.749649</x6>
			<y6>307.25998400000003</y6>
			<x7>293.826685</x7>
			<y7>311.042488</y7>
			<x8>309.433543</x8>
			<y8>308.290578</y8>
			<x9>322.821555</x9>
			<y9>300.560197</y9>
			<x10>328.137511</x10>
			<y10>273.669234</y10>
			<x11>322.93458899999996</x11>
			<y11>259.372462</y11>
			<x12>298.566651</x12>
			<y12>231.450905</y12>
			<x13>284.33657</x13>
			<y13>226.800435</y13>
			<x14>269.87723800000003</x14>
			<y14>228.455053</y14>
		</polygon>
	</object>
	<object>
		<name>mango</name>
		<pose>Unspecified</pose>
		<truncated>0</truncated>
		<difficult>0</difficult>
		<occluded>0</occluded>
		<bndbox>
			<xmin>271</xmin>
			<xmax>347</xmax>
			<ymin>372</ymin>
			<ymax>417</ymax>
		</bndbox>
		<polygon>
			<x1>341.195383</x1>
			<y1>416</y1>
			<x2>342.220276</x2>
			<y2>414.378427</y2>
			<x3>346.42744500000003</x3>
			<y3>400.212305</y3>
			<x4>343.978711</x4>
			<y4>386.324847</y4>
			<x5>339.196824</x5>
			<y5>378.218499</y5>
			<x6>327.108748</x6>
			<y6>370.50547800000004</y6>
			<x7>308.594655</x7>
			<y7>371.980108</y7>
			<x8>298.64922</x8>
			<y8>376.418613</y8>
			<x9>290.119302</x9>
			<y9>385.082287</y9>
			<x10>269.805528</x10>
			<y10>416</y10>
			<x11>341.195383</x11>
			<y11>416</y11>
		</polygon>
	</object>
	<object>
		<name>greenapple</name>
		<pose>Unspecified</pose>
		<truncated>0</truncated>
		<difficult>0</difficult>
		<occluded>0</occluded>
		<bndbox>
			<xmin>380</xmin>
			<xmax>404</xmax>
			<ymin>202</ymin>
			<ymax>232</ymax>
		</bndbox>
		<polygon>
			<x1>403.186453</x1>
			<y1>220.16323</y1>
			<x2>401.043811</x2>
			<y2>208.011703</y2>
			<x3>392.360209</x3>
			<y3>200.593334</y3>
			<x4>383.906495</x4>
			<y4>202.083952</y4>
			<x5>378.62800500000003</x5>
			<y5>210.174311</y5>
			<x6>379.470075</x6>
			<y6>222.555163</y6>
			<x7>387.006151</x7>
			<y7>231.07082400000002</y7>
			<x8>397.716814</x8>
			<y8>230.97215</y8>
			<x9>403.186453</x9>
			<y9>220.16323</y9>
		</polygon>
	</object>
</annotation>
