<annotation>
	<folder></folder>
	<filename>image_223_png.rf.4a5da3ce44343f0118189882b6ceaf28.jpg</filename>
	<path>image_223_png.rf.4a5da3ce44343f0118189882b6ceaf28.jpg</path>
	<source>
		<database>roboflow.ai</database>
	</source>
	<size>
		<width>416</width>
		<height>416</height>
		<depth>3</depth>
	</size>
	<segmented>0</segmented>
	<object>
		<name>orange</name>
		<pose>Unspecified</pose>
		<truncated>0</truncated>
		<difficult>0</difficult>
		<occluded>0</occluded>
		<bndbox>
			<xmin>1</xmin>
			<xmax>58</xmax>
			<ymin>7</ymin>
			<ymax>83</ymax>
		</bndbox>
		<polygon>
			<x1>0</x1>
			<y1>54.915526</y1>
			<x2>0.301945</x2>
			<y2>59.70917</y2>
			<x3>7.525402</x3>
			<y3>74.307026</y3>
			<x4>16.92981</x4>
			<y4>80.802579</y4>
			<x5>34.584539</x5>
			<y5>82.015229</y5>
			<x6>42.123656</x6>
			<y6>78.528883</y6>
			<x7>50.45289</x7>
			<y7>68.724929</y7>
			<x8>55.447081</x8>
			<y8>55.244818</y8>
			<x9>57.05888</x9>
			<y9>40.801183</y9>
			<x10>55.25672</x10>
			<y10>27.202443</y10>
			<x11>43.33895</x11>
			<y11>8.904706</y11>
			<x12>18.919439</x12>
			<y12>5.765005</y12>
			<x13>10.005268</x13>
			<y13>10.131836</y13>
			<x14>1.628685</x14>
			<y14>22.648419</y14>
			<x15>0</x15>
			<y15>29.170066</y15>
			<x16>0</x16>
			<y16>54.915526</y16>
		</polygon>
	</object>
	<object>
		<name>greenapple</name>
		<pose>Unspecified</pose>
		<truncated>0</truncated>
		<difficult>0</difficult>
		<occluded>0</occluded>
		<bndbox>
			<xmin>283</xmin>
			<xmax>329</xmax>
			<ymin>1</ymin>
			<ymax>38</ymax>
		</bndbox>
		<polygon>
			<x1>285.19525899999996</x1>
			<y1>0</y1>
			<x2>281.627155</x2>
			<y2>19.28452</y2>
			<x3>292.233003</x3>
			<y3>34.845901</y3>
			<x4>310.551584</x4>
			<y4>36.974624</y4>
			<x5>321.567791</x5>
			<y5>29.026542</y5>
			<x6>327.548402</x6>
			<y6>0</y6>
			<x7>285.19525899999996</x7>
			<y7>0</y7>
		</polygon>
	</object>
	<object>
		<name>mango</name>
		<pose>Unspecified</pose>
		<truncated>0</truncated>
		<difficult>0</difficult>
		<occluded>0</occluded>
		<bndbox>
			<xmin>394</xmin>
			<xmax>417</xmax>
			<ymin>1</ymin>
			<ymax>50</ymax>
		</bndbox>
		<polygon>
			<x1>416</x1>
			<y1>0</y1>
			<x2>398.019358</x2>
			<y2>0</y2>
			<x3>396.83270200000004</x3>
			<y3>1.396758</y3>
			<x4>393.22934799999996</x4>
			<y4>13.092174</y4>
			<x5>394.93680900000004</x5>
			<y5>32.116175</y5>
			<x6>400.879911</x6>
			<y6>42.169253</y6>
			<x7>410.28432</x7>
			<y7>48.664807</y7>
			<x8>416</x8>
			<y8>49.457552</y8>
			<x9>416</x9>
			<y9>0</y9>
		</polygon>
	</object>
	<object>
		<name>redapple</name>
		<pose>Unspecified</pose>
		<truncated>0</truncated>
		<difficult>0</difficult>
		<occluded>0</occluded>
		<bndbox>
			<xmin>155</xmin>
			<xmax>188</xmax>
			<ymin>252</ymin>
			<ymax>339</ymax>
		</bndbox>
		<polygon>
			<x1>187</x1>
			<y1>251.856778</y1>
			<x2>178.818877</x2>
			<y2>251.032502</y2>
			<x3>168.513869</x3>
			<y3>257.184027</y3>
			<x4>154.495027</x4>
			<y4>281.360437</y4>
			<x5>154.795869</x5>
			<y5>303.073343</y5>
			<x6>161.956193</x6>
			<y6>321.28803800000003</y6>
			<x7>171.961322</x7>
			<y7>332.316505</y7>
			<x8>184.77969</x8>
			<y8>337.967164</y8>
			<x9>187</x9>
			<y9>338.00592</y9>
			<x10>187</x10>
			<y10>251.856778</y10>
		</polygon>
	</object>
	<object>
		<name>mango</name>
		<pose>Unspecified</pose>
		<truncated>0</truncated>
		<difficult>0</difficult>
		<occluded>0</occluded>
		<bndbox>
			<xmin>294</xmin>
			<xmax>378</xmax>
			<ymin>224</ymin>
			<ymax>297</ymax>
		</bndbox>
		<polygon>
			<x1>325.296534</x1>
			<y1>231.650955</y1>
			<x2>303.185203</x2>
			<y2>252.068169</y2>
			<x3>292.69079899999997</x3>
			<y3>269.070214</y3>
			<x4>293.829107</x4>
			<y4>281.752882</y4>
			<x5>308.560115</x5>
			<y5>294.672811</y5>
			<x6>329.613018</x6>
			<y6>295.944775</y6>
			<x7>350.792186</x7>
			<y7>289.983061</y7>
			<x8>362.488028</x8>
			<y8>282.04684199999997</y8>
			<x9>377.15494</x9>
			<y9>259.690715</y9>
			<x10>377.439035</x10>
			<y10>243.414933</y10>
			<x11>365.489699</x11>
			<y11>226.925616</y11>
			<x12>345.16378</x12>
			<y12>222.95288299999999</y12>
			<x13>325.296534</x13>
			<y13>231.650955</y13>
		</polygon>
	</object>
	<object>
		<name>redapple</name>
		<pose>Unspecified</pose>
		<truncated>0</truncated>
		<difficult>0</difficult>
		<occluded>0</occluded>
		<bndbox>
			<xmin>188</xmin>
			<xmax>210</xmax>
			<ymin>201</ymin>
			<ymax>274</ymax>
		</bndbox>
		<polygon>
			<x1>187</x1>
			<y1>273.192975</y1>
			<x2>194.728656</x2>
			<y2>272.787192</y2>
			<x3>201.635488</x3>
			<y3>266.576353</y3>
			<x4>206.613896</x4>
			<y4>254.000452</y4>
			<x5>208.541355</x5>
			<y5>221.472615</y5>
			<x6>200.037544</x6>
			<y6>202.329984</y6>
			<x7>187</x7>
			<y7>200.419512</y7>
			<x8>187</x8>
			<y8>273.192975</y8>
		</polygon>
	</object>
	<object>
		<name>greenapple</name>
		<pose>Unspecified</pose>
		<truncated>0</truncated>
		<difficult>0</difficult>
		<occluded>0</occluded>
		<bndbox>
			<xmin>188</xmin>
			<xmax>219</xmax>
			<ymin>372</ymin>
			<ymax>417</ymax>
		</bndbox>
		<polygon>
			<x1>187</x1>
			<y1>416</y1>
			<x2>214.806429</x2>
			<y2>416</y2>
			<x3>217.539261</x3>
			<y3>407.049219</y3>
			<x4>217.823356</x4>
			<y4>390.773438</y4>
			<x5>211.216403</x5>
			<y5>379.804286</y5>
			<x6>203.171264</x6>
			<y6>373.332458</y6>
			<x7>188.930494</x7>
			<y7>371.27491299999997</y7>
			<x8>187</x8>
			<y8>372.991735</y8>
			<x9>187</x9>
			<y9>416</y9>
		</polygon>
	</object>
	<object>
		<name>capsicum</name>
		<pose>Unspecified</pose>
		<truncated>0</truncated>
		<difficult>0</difficult>
		<occluded>0</occluded>
		<bndbox>
			<xmin>300</xmin>
			<xmax>322</xmax>
			<ymin>345</ymin>
			<ymax>380</ymax>
		</bndbox>
		<polygon>
			<x1>315.263696</x1>
			<y1>378.002496</y1>
			<x2>320.98487</x2>
			<y2>361.821619</y2>
			<x3>319.893912</x3>
			<y3>346.42632100000003</y3>
			<x4>312.465276</x4>
			<y4>343.58319700000004</y4>
			<x5>303.598455</x5>
			<y5>345.237397</y5>
			<x6>298.730528</x6>
			<y6>351.483827</y6>
			<x7>299.78992</x7>
			<y7>368.687544</y7>
			<x8>305.733022</x8>
			<y8>378.74062200000003</y8>
			<x9>315.263696</x9>
			<y9>378.002496</y9>
		</polygon>
	</object>
</annotation>
