<annotation>
	<folder></folder>
	<filename>image_77_png.rf.45f77dbcf533252b14524a837c721e92.jpg</filename>
	<path>image_77_png.rf.45f77dbcf533252b14524a837c721e92.jpg</path>
	<source>
		<database>roboflow.ai</database>
	</source>
	<size>
		<width>416</width>
		<height>416</height>
		<depth>3</depth>
	</size>
	<segmented>0</segmented>
	<object>
		<name>redapple</name>
		<pose>Unspecified</pose>
		<truncated>0</truncated>
		<difficult>0</difficult>
		<occluded>0</occluded>
		<bndbox>
			<xmin>114</xmin>
			<xmax>183</xmax>
			<ymin>1</ymin>
			<ymax>31</ymax>
		</bndbox>
		<polygon>
			<x1>113.28594</x1>
			<y1>0</y1>
			<x2>113.958065</x2>
			<y2>4.826582</y2>
			<x3>121.662297</x3>
			<y3>18.111582</y3>
			<x4>136.324894</x4>
			<y4>28.052213</y4>
			<x5>147.279232</x5>
			<y5>30.387105</y5>
			<x6>167.768561</x6>
			<y6>25.099302</y6>
			<x7>180.4492</x7>
			<y7>15.875318</y7>
			<x8>182.333033</x8>
			<y8>0</y8>
			<x9>113.28594</x9>
			<y9>0</y9>
		</polygon>
	</object>
	<object>
		<name>greenapple</name>
		<pose>Unspecified</pose>
		<truncated>0</truncated>
		<difficult>0</difficult>
		<occluded>0</occluded>
		<bndbox>
			<xmin>265</xmin>
			<xmax>292</xmax>
			<ymin>23</ymin>
			<ymax>57</ymax>
		</bndbox>
		<polygon>
			<x1>291.241885</x1>
			<y1>45.243347</y1>
			<x2>289.443189</x2>
			<y2>33.50107</y2>
			<x3>280.11711</x3>
			<y3>22.426128</y3>
			<x4>271.922662</x4>
			<y4>23.23525</y4>
			<x5>264.101148</x5>
			<y5>32.359057</y5>
			<x6>266.848212</x6>
			<y6>48.563059</y6>
			<x7>275.415596</x7>
			<y7>56.068621</y7>
			<x8>285.611239</x8>
			<y8>54.834132</y8>
			<x9>291.241885</x9>
			<y9>45.243347</y9>
		</polygon>
	</object>
	<object>
		<name>orange</name>
		<pose>Unspecified</pose>
		<truncated>0</truncated>
		<difficult>0</difficult>
		<occluded>0</occluded>
		<bndbox>
			<xmin>46</xmin>
			<xmax>217</xmax>
			<ymin>223</ymin>
			<ymax>417</ymax>
		</bndbox>
		<polygon>
			<x1>216</x1>
			<y1>289.579317</y1>
			<x2>212.079258</x2>
			<y2>279.919901</y2>
			<x3>189.149819</x3>
			<y3>247.48723999999999</y3>
			<x4>167.921033</x4>
			<y4>229.61568</y4>
			<x5>128.008025</x5>
			<y5>222.244204</y5>
			<x6>92.941319</x6>
			<y6>227.83254</y6>
			<x7>78.547202</x7>
			<y7>235.555411</y7>
			<x8>64.813738</x8>
			<y8>249.666489</y8>
			<x9>54.598857</x9>
			<y9>270.49096099999997</y9>
			<x10>47.810932</x10>
			<y10>294.317657</y10>
			<x11>45.215066</x11>
			<y11>318.185965</y11>
			<x12>46.340284</x12>
			<y12>336.600024</y12>
			<x13>54.306585</x13>
			<y13>374.078522</y13>
			<x14>63.430166</x14>
			<y14>397.321108</y14>
			<x15>76.819447</x15>
			<y15>416</y15>
			<x16>209.543911</x16>
			<y16>416</y16>
			<x17>216</x17>
			<y17>402.923279</y17>
			<x18>216</x18>
			<y18>289.579317</y18>
		</polygon>
	</object>
	<object>
		<name>redapple</name>
		<pose>Unspecified</pose>
		<truncated>0</truncated>
		<difficult>0</difficult>
		<occluded>0</occluded>
		<bndbox>
			<xmin>239</xmin>
			<xmax>417</xmax>
			<ymin>250</ymin>
			<ymax>417</ymax>
		</bndbox>
		<polygon>
			<x1>416</x1>
			<y1>416</y1>
			<x2>416</x2>
			<y2>304.212608</y2>
			<x3>406.24852999999996</x3>
			<y3>288.902482</y3>
			<x4>396.634733</x4>
			<y4>279.754018</y4>
			<x5>383.11018</x5>
			<y5>275.167458</y5>
			<x6>327.946318</x6>
			<y6>274.768297</y6>
			<x7>322.047191</x7>
			<y7>266.695579</y7>
			<x8>319.300128</x8>
			<y8>250.491578</y8>
			<x9>314.728718</x9>
			<y9>248.665276</y9>
			<x10>312.629481</x10>
			<y10>251.909467</y10>
			<x11>319.666651</x11>
			<y11>265.336256</y11>
			<x12>319.751869</x12>
			<y12>275.57742</y12>
			<x13>272.76963</x13>
			<y13>287.429126</y13>
			<x14>260.370295</x14>
			<y14>301.256626</y14>
			<x15>253.686824</x15>
			<y15>315.734503</y15>
			<x16>241.249014</x16>
			<y16>368.741967</y16>
			<x17>238.169346</x17>
			<y17>400.174404</y17>
			<x18>239.225843</x18>
			<y18>416</y18>
			<x19>416</x19>
			<y19>416</y19>
		</polygon>
	</object>
</annotation>
