<annotation>
	<folder></folder>
	<filename>image_79_png.rf.87dda89935d71b24f0ac47f5bb90cd3f.jpg</filename>
	<path>image_79_png.rf.87dda89935d71b24f0ac47f5bb90cd3f.jpg</path>
	<source>
		<database>roboflow.ai</database>
	</source>
	<size>
		<width>416</width>
		<height>416</height>
		<depth>3</depth>
	</size>
	<segmented>0</segmented>
	<object>
		<name>mango</name>
		<pose>Unspecified</pose>
		<truncated>0</truncated>
		<difficult>0</difficult>
		<occluded>0</occluded>
		<bndbox>
			<xmin>32</xmin>
			<xmax>86</xmax>
			<ymin>116</ymin>
			<ymax>179</ymax>
		</bndbox>
		<polygon>
			<x1>35.730037</x1>
			<y1>129.073118</y1>
			<x2>31.310308</x2>
			<y2>143.396195</y2>
			<x3>31.716358</x3>
			<y3>157.142214</y3>
			<x4>39.669411</x4>
			<y4>170.501464</y4>
			<x5>50.108844</x5>
			<y5>177.633019</y5>
			<x6>69.284686</x6>
			<y6>177.144908</y6>
			<x7>83.292337</x7>
			<y7>162.577776</y7>
			<x8>85.074187</x8>
			<y8>137.096139</y8>
			<x9>72.740817</x9>
			<y9>117.943538</y9>
			<x10>54.49983</x10>
			<y10>114.838987</y10>
			<x11>43.23311</x11>
			<y11>119.538192</y11>
			<x12>35.730037</x12>
			<y12>129.073118</y12>
		</polygon>
	</object>
	<object>
		<name>greenapple</name>
		<pose>Unspecified</pose>
		<truncated>0</truncated>
		<difficult>0</difficult>
		<occluded>0</occluded>
		<bndbox>
			<xmin>287</xmin>
			<xmax>312</xmax>
			<ymin>38</ymin>
			<ymax>71</ymax>
		</bndbox>
		<polygon>
			<x1>309.916546</x1>
			<y1>62.266892</y1>
			<x2>310.616558</x2>
			<y2>52.25625</y2>
			<x3>306.06503499999997</x3>
			<y3>39.134859</y3>
			<x4>297.348332</x4>
			<y4>36.69631</y4>
			<x5>287.314948</x5>
			<y5>43.310775</y5>
			<x6>285.55280500000003</x6>
			<y6>58.734197</y6>
			<x7>291.655852</x7>
			<y7>69.220556</y7>
			<x8>301.86044200000003</x8>
			<y8>69.934131</y8>
			<x9>309.916546</x9>
			<y9>62.266892</y9>
		</polygon>
	</object>
	<object>
		<name>mango</name>
		<pose>Unspecified</pose>
		<truncated>0</truncated>
		<difficult>0</difficult>
		<occluded>0</occluded>
		<bndbox>
			<xmin>268</xmin>
			<xmax>297</xmax>
			<ymin>183</ymin>
			<ymax>222</ymax>
		</bndbox>
		<polygon>
			<x1>294.717856</x1>
			<y1>211.183473</y1>
			<x2>295.672418</x2>
			<y2>197.532597</y2>
			<x3>289.01634</x3>
			<y3>185.17855</y3>
			<x4>279.002663</x4>
			<y4>181.7348</y4>
			<x5>268.905642</x5>
			<y5>189.259323</y5>
			<x6>266.590467</x6>
			<y6>202.815056</y6>
			<x7>276.45716400000003</x7>
			<y7>218.137138</y7>
			<x8>285.854172</x8>
			<y8>220.623257</y8>
			<x9>294.717856</x9>
			<y9>211.183473</y9>
		</polygon>
	</object>
	<object>
		<name>mango</name>
		<pose>Unspecified</pose>
		<truncated>0</truncated>
		<difficult>0</difficult>
		<occluded>0</occluded>
		<bndbox>
			<xmin>207</xmin>
			<xmax>236</xmax>
			<ymin>355</ymin>
			<ymax>394</ymax>
		</bndbox>
		<polygon>
			<x1>233.71785599999998</x1>
			<y1>383.183473</y1>
			<x2>234.672418</x2>
			<y2>369.532597</y2>
			<x3>228.01634</x3>
			<y3>357.17855</y3>
			<x4>218.00266299999998</x4>
			<y4>353.7348</y4>
			<x5>207.905642</x5>
			<y5>361.259323</y5>
			<x6>205.590467</x6>
			<y6>374.815056</y6>
			<x7>215.457164</x7>
			<y7>390.137138</y7>
			<x8>224.854172</x8>
			<y8>392.62325699999997</y8>
			<x9>233.71785599999998</x9>
			<y9>383.183473</y9>
		</polygon>
	</object>
</annotation>
