<annotation>
	<folder></folder>
	<filename>image_68_png.rf.a426db00515861236c84811a0b39aa25.jpg</filename>
	<path>image_68_png.rf.a426db00515861236c84811a0b39aa25.jpg</path>
	<source>
		<database>roboflow.ai</database>
	</source>
	<size>
		<width>416</width>
		<height>416</height>
		<depth>3</depth>
	</size>
	<segmented>0</segmented>
	<object>
		<name>greenapple</name>
		<pose>Unspecified</pose>
		<truncated>0</truncated>
		<difficult>0</difficult>
		<occluded>0</occluded>
		<bndbox>
			<xmin>154</xmin>
			<xmax>199</xmax>
			<ymin>106</ymin>
			<ymax>170</ymax>
		</bndbox>
		<polygon>
			<x1>157.27506</x1>
			<y1>115.03628</y1>
			<x2>152.755122</x2>
			<y2>133.985306</y2>
			<x3>156.27659</x3>
			<y3>156.218983</y3>
			<x4>164.636999</x4>
			<y4>165.834708</y4>
			<x5>172.678405</x5>
			<y5>169.119358</y5>
			<x6>191.739987</x6>
			<y6>164.276986</y6>
			<x7>197.245936</x7>
			<y7>151.55339</y7>
			<x8>198.289965</x8>
			<y8>132.243237</y8>
			<x9>195.93265</x9>
			<y9>121.676716</y9>
			<x10>182.198876</x10>
			<y10>108.353765</y10>
			<x11>173.490459</x11>
			<y11>105.174758</y11>
			<x12>164.819324</x12>
			<y12>106.54813</y12>
			<x13>157.27506</x13>
			<y13>115.03628</y13>
		</polygon>
	</object>
	<object>
		<name>mango</name>
		<pose>Unspecified</pose>
		<truncated>0</truncated>
		<difficult>0</difficult>
		<occluded>0</occluded>
		<bndbox>
			<xmin>277</xmin>
			<xmax>296</xmax>
			<ymin>215</ymin>
			<ymax>249</ymax>
		</bndbox>
		<polygon>
			<x1>295</x1>
			<y1>214.384234</y1>
			<x2>282.975356</x2>
			<y2>213.642707</y2>
			<x3>276.098102</x3>
			<y3>222.025213</y3>
			<x4>276.736104</x4>
			<y4>234.687359</y4>
			<x5>289.802867</x5>
			<y5>248.115956</y5>
			<x6>295</x6>
			<y6>247.730986</y6>
			<x7>295</x7>
			<y7>214.384234</y7>
		</polygon>
	</object>
	<object>
		<name>redapple</name>
		<pose>Unspecified</pose>
		<truncated>0</truncated>
		<difficult>0</difficult>
		<occluded>0</occluded>
		<bndbox>
			<xmin>244</xmin>
			<xmax>296</xmax>
			<ymin>279</ymin>
			<ymax>362</ymax>
		</bndbox>
		<polygon>
			<x1>257.5751</x1>
			<y1>278</y1>
			<x2>252.476716</x2>
			<y2>282.371001</y2>
			<x3>242.51712</x3>
			<y3>305.828213</y3>
			<x4>245.371578</x4>
			<y4>328.167533</y4>
			<x5>253.102259</x5>
			<y5>342.441282</y5>
			<x6>263.886274</x6>
			<y6>354.408114</y6>
			<x7>277.160188</x7>
			<y7>360.510645</y7>
			<x8>295</x8>
			<y8>359.061804</y8>
			<x9>295</x9>
			<y9>287.790895</y9>
			<x10>287.583829</x10>
			<y10>279.545552</y10>
			<x11>282.978771</x11>
			<y11>278</y11>
			<x12>257.5751</x12>
			<y12>278</y12>
		</polygon>
	</object>
	<object>
		<name>mango</name>
		<pose>Unspecified</pose>
		<truncated>0</truncated>
		<difficult>0</difficult>
		<occluded>0</occluded>
		<bndbox>
			<xmin>383</xmin>
			<xmax>413</xmax>
			<ymin>382</ymin>
			<ymax>417</ymax>
		</bndbox>
		<polygon>
			<x1>411.95471499999996</x1>
			<y1>406.953892</y1>
			<x2>409.419258</x2>
			<y2>390.945645</y2>
			<x3>401.866719</x3>
			<y3>382.113623</y3>
			<x4>389.437958</x4>
			<y4>381.347174</y4>
			<x5>382.175411</x5>
			<y5>391.614018</y5>
			<x6>384.147433</x6>
			<y6>404.064877</y6>
			<x7>396.265469</x7>
			<y7>415.820422</y7>
			<x8>406.411483</x8>
			<y8>415.125109</y8>
			<x9>411.95471499999996</x9>
			<y9>406.953892</y9>
		</polygon>
	</object>
</annotation>
