<annotation>
	<folder></folder>
	<filename>image_200_png.rf.97480b792618ed6af060ebe1e2c5790e.jpg</filename>
	<path>image_200_png.rf.97480b792618ed6af060ebe1e2c5790e.jpg</path>
	<source>
		<database>roboflow.ai</database>
	</source>
	<size>
		<width>416</width>
		<height>416</height>
		<depth>3</depth>
	</size>
	<segmented>0</segmented>
	<object>
		<name>redapple</name>
		<pose>Unspecified</pose>
		<truncated>0</truncated>
		<difficult>0</difficult>
		<occluded>0</occluded>
		<bndbox>
			<xmin>30</xmin>
			<xmax>68</xmax>
			<ymin>1</ymin>
			<ymax>21</ymax>
		</bndbox>
		<polygon>
			<x1>28.727154</x1>
			<y1>0</y1>
			<x2>36.82536</x2>
			<y2>15.520327</y2>
			<x3>45.150827</x3>
			<y3>20.261761</y3>
			<x4>60.274457</x4>
			<y4>17.429678</y4>
			<x5>66.812227</x5>
			<y5>0</y5>
			<x6>28.727154</x6>
			<y6>0</y6>
		</polygon>
	</object>
	<object>
		<name>capsicum</name>
		<pose>Unspecified</pose>
		<truncated>0</truncated>
		<difficult>0</difficult>
		<occluded>0</occluded>
		<bndbox>
			<xmin>26</xmin>
			<xmax>47</xmax>
			<ymin>88</ymin>
			<ymax>123</ymax>
		</bndbox>
		<polygon>
			<x1>42.846811</x1>
			<y1>120.684126</y1>
			<x2>46.021674</x2>
			<y2>108.927637</y2>
			<x3>45.449754</x3>
			<y3>91.222275</y3>
			<x4>37.848947</x4>
			<y4>87.317436</y4>
			<x5>27.427485</x5>
			<y5>90.707979</y5>
			<x6>25.084523</x6>
			<y6>95.308154</y6>
			<x7>26.920537</x7>
			<y7>112.037854</y7>
			<x8>33.627701</x8>
			<y8>122.216056</y8>
			<x9>42.846811</x9>
			<y9>120.684126</y9>
		</polygon>
	</object>
	<object>
		<name>orange</name>
		<pose>Unspecified</pose>
		<truncated>0</truncated>
		<difficult>0</difficult>
		<occluded>0</occluded>
		<bndbox>
			<xmin>186</xmin>
			<xmax>243</xmax>
			<ymin>1</ymin>
			<ymax>56</ymax>
		</bndbox>
		<polygon>
			<x1>187.82547</x1>
			<y1>0</y1>
			<x2>185.088259</x2>
			<y2>11.36365</y2>
			<x3>186.862531</x3>
			<y3>27.210399</y3>
			<x4>192.614311</x4>
			<y4>42.779015</y4>
			<x5>201.186746</x5>
			<y5>51.052249</y5>
			<x6>211.439225</x6>
			<y6>54.771664</y6>
			<x7>226.624596</x7>
			<y7>52.822532</y7>
			<x8>236.613864</x8>
			<y8>43.251337</y8>
			<x9>241.052822</x9>
			<y9>30.519187</y9>
			<x10>242.238931</x10>
			<y10>18.901766</y10>
			<x11>239.678257</x11>
			<y11>1.335471</y11>
			<x12>238.823001</x12>
			<y12>0</y12>
			<x13>187.82547</x13>
			<y13>0</y13>
		</polygon>
	</object>
	<object>
		<name>greenapple</name>
		<pose>Unspecified</pose>
		<truncated>0</truncated>
		<difficult>0</difficult>
		<occluded>0</occluded>
		<bndbox>
			<xmin>268</xmin>
			<xmax>311</xmax>
			<ymin>1</ymin>
			<ymax>52</ymax>
		</bndbox>
		<polygon>
			<x1>270.945082</x1>
			<y1>0</y1>
			<x2>267.117349</x2>
			<y2>8.887208</y2>
			<x3>266.564902</x3>
			<y3>39.092941</y3>
			<x4>271.036344</x4>
			<y4>45.878409</y4>
			<x5>280.74939</x5>
			<y5>51.410082</y5>
			<x6>301.238103</x6>
			<y6>49.090103</y6>
			<x7>306.648688</x7>
			<y7>40.726349</y7>
			<x8>309.514843</x8>
			<y8>24.555109</y8>
			<x9>308.280005</x9>
			<y9>6.896102</y9>
			<x10>302.306587</x10>
			<y10>0</y10>
			<x11>270.945082</x11>
			<y11>0</y11>
		</polygon>
	</object>
	<object>
		<name>mango</name>
		<pose>Unspecified</pose>
		<truncated>0</truncated>
		<difficult>0</difficult>
		<occluded>0</occluded>
		<bndbox>
			<xmin>374</xmin>
			<xmax>417</xmax>
			<ymin>1</ymin>
			<ymax>57</ymax>
		</bndbox>
		<polygon>
			<x1>381.82201399999997</x1>
			<y1>0</y1>
			<x2>375.18922</x2>
			<y2>11.090031</y2>
			<x3>373.463676</x3>
			<y3>24.519709</y3>
			<x4>376.502042</x4>
			<y4>39.390797</y4>
			<x5>381.698145</x5>
			<y5>47.01286</y5>
			<x6>392.86051</x6>
			<y6>54.21772</y6>
			<x7>404.315341</x7>
			<y7>56.078524</y7>
			<x8>416</x8>
			<y8>51.903169</y8>
			<x9>416</x9>
			<y9>0.575983</y9>
			<x10>415.501082</x10>
			<y10>0</y10>
			<x11>381.82201399999997</x11>
			<y11>0</y11>
		</polygon>
	</object>
	<object>
		<name>greenapple</name>
		<pose>Unspecified</pose>
		<truncated>0</truncated>
		<difficult>0</difficult>
		<occluded>0</occluded>
		<bndbox>
			<xmin>54</xmin>
			<xmax>98</xmax>
			<ymin>179</ymin>
			<ymax>212</ymax>
		</bndbox>
		<polygon>
			<x1>53.352566</x1>
			<y1>178</y1>
			<x2>54.766428</x2>
			<y2>198.219169</y2>
			<x3>62.074768</x3>
			<y3>207.468065</y3>
			<x4>69.675575</x4>
			<y4>211.372903</y4>
			<x5>88.776713</x5>
			<y5>208.262686</y5>
			<x6>93.709605</x6>
			<y6>202.594138</y6>
			<x7>96.822726</x7>
			<y7>189.9547</y7>
			<x8>97.021212</x8>
			<y8>178</y8>
			<x9>53.352566</x9>
			<y9>178</y9>
		</polygon>
	</object>
	<object>
		<name>mango</name>
		<pose>Unspecified</pose>
		<truncated>0</truncated>
		<difficult>0</difficult>
		<occluded>0</occluded>
		<bndbox>
			<xmin>26</xmin>
			<xmax>53</xmax>
			<ymin>275</ymin>
			<ymax>312</ymax>
		</bndbox>
		<polygon>
			<x1>52.04646</x1>
			<y1>302.219691</y1>
			<x2>52.384426</x2>
			<y2>287.999775</y2>
			<x3>44.952602</x3>
			<y3>276.984978</y3>
			<x4>34.761864</x4>
			<y4>274.148513</y4>
			<x5>25.373772</x5>
			<y5>282.790402</y5>
			<x6>24.912323</x6>
			<y6>295.244418</y6>
			<x7>35.843963</x7>
			<y7>308.676286</y7>
			<x8>44.647122</x8>
			<y8>310.722512</y8>
			<x9>52.04646</x9>
			<y9>302.219691</y9>
		</polygon>
	</object>
	<object>
		<name>orange</name>
		<pose>Unspecified</pose>
		<truncated>0</truncated>
		<difficult>0</difficult>
		<occluded>0</occluded>
		<bndbox>
			<xmin>212</xmin>
			<xmax>258</xmax>
			<ymin>299</ymin>
			<ymax>372</ymax>
		</bndbox>
		<polygon>
			<x1>257</x1>
			<y1>306.165867</y1>
			<x2>255.286052</x2>
			<y2>303.091345</y2>
			<x3>248.28642</x3>
			<y3>298.257201</y3>
			<x4>225.623726</x4>
			<y4>298.06739600000003</y4>
			<x5>217.376243</x5>
			<y5>303.967723</y5>
			<x6>210.948533</x6>
			<y6>316.83894</y6>
			<x7>210.503326</x7>
			<y7>339.051764</y7>
			<x8>214.204611</x8>
			<y8>353.876497</y8>
			<x9>223.085755</x9>
			<y9>366.564483</y9>
			<x10>230.023643</x10>
			<y10>370.515677</y10>
			<x11>253.765207</x11>
			<y11>367.08097</y11>
			<x12>257</x12>
			<y12>362.080583</y12>
			<x13>257</x13>
			<y13>306.165867</y13>
		</polygon>
	</object>
</annotation>
