<annotation>
	<folder></folder>
	<filename>image_205_png.rf.fd31aceff06bd0d79d3e570dc4a4f3f6.jpg</filename>
	<path>image_205_png.rf.fd31aceff06bd0d79d3e570dc4a4f3f6.jpg</path>
	<source>
		<database>roboflow.ai</database>
	</source>
	<size>
		<width>416</width>
		<height>416</height>
		<depth>3</depth>
	</size>
	<segmented>0</segmented>
	<object>
		<name>greenapple</name>
		<pose>Unspecified</pose>
		<truncated>0</truncated>
		<difficult>0</difficult>
		<occluded>0</occluded>
		<bndbox>
			<xmin>38</xmin>
			<xmax>86</xmax>
			<ymin>23</ymin>
			<ymax>86</ymax>
		</bndbox>
		<polygon>
			<x1>43.340803</x1>
			<y1>78.800372</y1>
			<x2>59.139055</x2>
			<y2>85.161294</y2>
			<x3>74.474742</x3>
			<y3>79.086226</y3>
			<x4>84.525961</x4>
			<y4>45.835468</y4>
			<x5>77.090773</x5>
			<y5>30.774893</y5>
			<x6>61.613391</x6>
			<y6>21.800685</y6>
			<x7>53.345705</x7>
			<y7>24.322454</y7>
			<x8>47.156519</x8>
			<y8>31.520569</y8>
			<x9>36.879807</x9>
			<y9>61.206728</y9>
			<x10>43.340803</x10>
			<y10>78.800372</y10>
		</polygon>
	</object>
	<object>
		<name>orange</name>
		<pose>Unspecified</pose>
		<truncated>0</truncated>
		<difficult>0</difficult>
		<occluded>0</occluded>
		<bndbox>
			<xmin>182</xmin>
			<xmax>239</xmax>
			<ymin>59</ymin>
			<ymax>133</ymax>
		</bndbox>
		<polygon>
			<x1>209.084877</x1>
			<y1>57.592468</y1>
			<x2>198.203905</x2>
			<y2>59.793364</y2>
			<x3>187.453048</x3>
			<y3>71.736746</y3>
			<x4>181.607892</x4>
			<y4>86.935156</y4>
			<x5>180.775393</x5>
			<y5>104.517498</y5>
			<x6>184.837017</x6>
			<y6>120.048079</y6>
			<x7>192.367583</x7>
			<y7>128.930769</y7>
			<x8>217.193801</x8>
			<y8>131.979046</y8>
			<x9>229.037387</x9>
			<y9>121.93829</y9>
			<x10>234.347758</x10>
			<y10>111.095357</y10>
			<x11>237.55647</x11>
			<y11>84.962496</y11>
			<x12>233.827296</x12>
			<y12>72.125419</y12>
			<x13>227.057009</x13>
			<y13>62.451852</y13>
			<x14>209.084877</x14>
			<y14>57.592468</y14>
		</polygon>
	</object>
	<object>
		<name>mango</name>
		<pose>Unspecified</pose>
		<truncated>0</truncated>
		<difficult>0</difficult>
		<occluded>0</occluded>
		<bndbox>
			<xmin>17</xmin>
			<xmax>70</xmax>
			<ymin>258</ymin>
			<ymax>321</ymax>
		</bndbox>
		<polygon>
			<x1>40.027173</x1>
			<y1>256.8567</y1>
			<x2>27.518686</x2>
			<y2>261.510447</y2>
			<x3>19.381115</x3>
			<y3>273.774699</y3>
			<x4>15.721417</x4>
			<y4>292.778362</y4>
			<x5>17.372089</x5>
			<y5>300.939091</y5>
			<x6>24.035419</x6>
			<y6>311.483753</y6>
			<x7>36.35315</x7>
			<y7>319.18577700000003</y7>
			<x8>46.913252</x8>
			<y8>319.598166</y8>
			<x9>57.354817</x9>
			<y9>315.574861</y9>
			<x10>64.197324</x10>
			<y10>308.456963</y10>
			<x11>68.854373</x11>
			<y11>297.533813</y11>
			<x12>69.247465</x12>
			<y12>278.129061</y12>
			<x13>56.253253</x13>
			<y13>259.73324</y13>
			<x14>40.027173</x14>
			<y14>256.8567</y14>
		</polygon>
	</object>
	<object>
		<name>redapple</name>
		<pose>Unspecified</pose>
		<truncated>0</truncated>
		<difficult>0</difficult>
		<occluded>0</occluded>
		<bndbox>
			<xmin>178</xmin>
			<xmax>249</xmax>
			<ymin>253</ymin>
			<ymax>341</ymax>
		</bndbox>
		<polygon>
			<x1>205.805985</x1>
			<y1>251.569165</y1>
			<x2>192.216349</x2>
			<y2>259.627077</y2>
			<x3>181.251577</x3>
			<y3>273.312648</y3>
			<x4>177.152472</x4>
			<y4>290.493903</y4>
			<x5>180.572353</x5>
			<y5>311.251056</y5>
			<x6>187.461176</x6>
			<y6>325.360318</y6>
			<x7>201.964366</x7>
			<y7>336.867593</y7>
			<x8>220.150411</x8>
			<y8>339.984787</y8>
			<x9>234.511905</x9>
			<y9>336.442788</y9>
			<x10>247.199569</x10>
			<y10>314.126481</y10>
			<x11>247.818152</x11>
			<y11>298.286328</y11>
			<x12>231.522597</x12>
			<y12>263.569049</y12>
			<x13>218.765458</x13>
			<y13>254.044616</y13>
			<x14>205.805985</x14>
			<y14>251.569165</y14>
		</polygon>
	</object>
	<object>
		<name>orange</name>
		<pose>Unspecified</pose>
		<truncated>0</truncated>
		<difficult>0</difficult>
		<occluded>0</occluded>
		<bndbox>
			<xmin>285</xmin>
			<xmax>309</xmax>
			<ymin>276</ymin>
			<ymax>306</ymax>
		</bndbox>
		<polygon>
			<x1>287.687471</x1>
			<y1>302.590214</y1>
			<x2>296.620058</x2>
			<y2>305.45545400000003</y2>
			<x3>305.422529</x3>
			<y3>298.57821</y3>
			<x4>307.787164</x4>
			<y4>284.720902</y4>
			<x5>305.269256</x5>
			<y5>278.222145</y5>
			<x6>297.096948</x6>
			<y6>274.566028</y6>
			<x7>287.982325</x7>
			<y7>275.364506</y7>
			<x8>284.256849</x8>
			<y8>284.108601</y8>
			<x9>283.530469</x9>
			<y9>293.237519</y9>
			<x10>287.687471</x10>
			<y10>302.590214</y10>
		</polygon>
	</object>
</annotation>
