<annotation>
	<folder></folder>
	<filename>image_180_png.rf.d3b5ccf8de981cdb9a9387a8b5166708.jpg</filename>
	<path>image_180_png.rf.d3b5ccf8de981cdb9a9387a8b5166708.jpg</path>
	<source>
		<database>roboflow.ai</database>
	</source>
	<size>
		<width>416</width>
		<height>416</height>
		<depth>3</depth>
	</size>
	<segmented>0</segmented>
	<object>
		<name>orange</name>
		<pose>Unspecified</pose>
		<truncated>0</truncated>
		<difficult>0</difficult>
		<occluded>0</occluded>
		<bndbox>
			<xmin>47</xmin>
			<xmax>107</xmax>
			<ymin>28</ymin>
			<ymax>104</ymax>
		</bndbox>
		<polygon>
			<x1>65.70488</x1>
			<y1>27.476722</y1>
			<x2>53.12631</x2>
			<y2>34.962695</y2>
			<x3>47.438896</x3>
			<y3>46.850941</y3>
			<x4>45.921171</x4>
			<y4>58.994393</y4>
			<x5>50.129321</x5>
			<y5>81.218403</y5>
			<x6>59.530971</x6>
			<y6>97.126121</y6>
			<x7>68.719179</x7>
			<y7>102.995817</y7>
			<x8>93.842806</x8>
			<y8>100.847866</y8>
			<x9>103.028541</x9>
			<y9>89.321162</y9>
			<x10>106.418903</x10>
			<y10>75.965493</y10>
			<x11>102.704667</x11>
			<y11>48.16953</y11>
			<x12>96.024481</x12>
			<y12>36.408879</y12>
			<x13>85.740491</x13>
			<y13>27.965875</y13>
			<x14>65.70488</x14>
			<y14>27.476722</y14>
		</polygon>
	</object>
	<object>
		<name>capsicum</name>
		<pose>Unspecified</pose>
		<truncated>0</truncated>
		<difficult>0</difficult>
		<occluded>0</occluded>
		<bndbox>
			<xmin>34</xmin>
			<xmax>59</xmax>
			<ymin>131</ymin>
			<ymax>168</ymax>
		</bndbox>
		<polygon>
			<x1>54.41686</x1>
			<y1>164.776422</y1>
			<x2>57.912707</x2>
			<y2>147.741564</y2>
			<x3>54.977799</x3>
			<y3>133.556477</y3>
			<x4>48.228115</x4>
			<y4>130.047419</y4>
			<x5>36.567871</x5>
			<y5>134.641082</y5>
			<x6>32.85858</x6>
			<y6>141.63792</y6>
			<x7>36.747801</x7>
			<y7>157.503099</y7>
			<x8>45.159154</x8>
			<y8>167.15832</y8>
			<x9>54.41686</x9>
			<y9>164.776422</y9>
		</polygon>
	</object>
	<object>
		<name>orange</name>
		<pose>Unspecified</pose>
		<truncated>0</truncated>
		<difficult>0</difficult>
		<occluded>0</occluded>
		<bndbox>
			<xmin>213</xmin>
			<xmax>230</xmax>
			<ymin>152</ymin>
			<ymax>222</ymax>
		</bndbox>
		<polygon>
			<x1>212</x1>
			<y1>220.642158</y1>
			<x2>220.052</x2>
			<y2>218.73169</y2>
			<x3>226.693727</x3>
			<y3>208.523538</y3>
			<x4>229.165763</x4>
			<y4>198.060179</y4>
			<x5>229.482219</x5>
			<y5>187.02261</y5>
			<x6>224.744171</x6>
			<y6>165.798147</y6>
			<x7>217.534087</x7>
			<y7>155.037044</y7>
			<x8>212</x8>
			<y8>151.153928</y8>
			<x9>212</x9>
			<y9>220.642158</y9>
		</polygon>
	</object>
	<object>
		<name>mango</name>
		<pose>Unspecified</pose>
		<truncated>0</truncated>
		<difficult>0</difficult>
		<occluded>0</occluded>
		<bndbox>
			<xmin>277</xmin>
			<xmax>332</xmax>
			<ymin>128</ymin>
			<ymax>191</ymax>
		</bndbox>
		<polygon>
			<x1>292.478082</x1>
			<y1>128.517151</y1>
			<x2>281.91362100000003</x2>
			<y2>135.684121</y2>
			<x3>277.286004</x3>
			<y3>145.57327</y3>
			<x4>275.76828</x4>
			<y4>157.716722</y4>
			<x5>279.657501</x5>
			<y5>173.581902</y5>
			<x6>289.023166</x6>
			<y6>184.917215</y6>
			<x7>297.257061</x7>
			<y7>189.106817</y7>
			<x8>308.42339200000004</x8>
			<y8>190.085107</y8>
			<x9>320.083636</x9>
			<y9>185.491443</y9>
			<x10>329.127899</x10>
			<y10>173.071525</y10>
			<x11>331.211508</x11>
			<y11>164.500928</y11>
			<x12>327.957671</x12>
			<y12>143.957011</y12>
			<x13>311.55938000000003</x13>
			<y13>127.326212</y13>
			<x14>292.478082</x14>
			<y14>128.517151</y14>
		</polygon>
	</object>
	<object>
		<name>orange</name>
		<pose>Unspecified</pose>
		<truncated>0</truncated>
		<difficult>0</difficult>
		<occluded>0</occluded>
		<bndbox>
			<xmin>248</xmin>
			<xmax>417</xmax>
			<ymin>242</ymin>
			<ymax>407</ymax>
		</bndbox>
		<polygon>
			<x1>251.845987</x1>
			<y1>241</y1>
			<x2>250.13289600000002</x2>
			<y2>246.39546</y2>
			<x3>247.061462</x3>
			<y3>266.109961</y3>
			<x4>247.665806</x4>
			<y4>291.651621</y4>
			<x5>259.899352</x5>
			<y5>342.820013</y5>
			<x6>282.519902</x6>
			<y6>381.355819</y6>
			<x7>310.36746800000003</x7>
			<y7>400.75133500000004</y7>
			<x8>343.478033</x8>
			<y8>405.57896400000004</y8>
			<x9>366.975979</x9>
			<y9>401.857255</y9>
			<x10>386.268247</x10>
			<y10>393.30793600000004</y10>
			<x11>398.95230200000003</x11>
			<y11>382.14277300000003</y11>
			<x12>411.564385</x12>
			<y12>361.832802</y12>
			<x13>416</x13>
			<y13>347.131621</y13>
			<x14>416</x14>
			<y14>244.465853</y14>
			<x15>415.230931</x15>
			<y15>241</y15>
			<x16>251.845987</x16>
			<y16>241</y16>
		</polygon>
	</object>
</annotation>
