<annotation>
	<folder></folder>
	<filename>image_217_png.rf.6313af2171d47da00ec1548165779bed.jpg</filename>
	<path>image_217_png.rf.6313af2171d47da00ec1548165779bed.jpg</path>
	<source>
		<database>roboflow.ai</database>
	</source>
	<size>
		<width>416</width>
		<height>416</height>
		<depth>3</depth>
	</size>
	<segmented>0</segmented>
	<object>
		<name>mango</name>
		<pose>Unspecified</pose>
		<truncated>0</truncated>
		<difficult>0</difficult>
		<occluded>0</occluded>
		<bndbox>
			<xmin>1</xmin>
			<xmax>53</xmax>
			<ymin>21</ymin>
			<ymax>88</ymax>
		</bndbox>
		<polygon>
			<x1>0</x1>
			<y1>72.408495</y1>
			<x2>3.816247</x2>
			<y2>78.075727</y2>
			<x3>13.927709</x3>
			<y3>85.048627</y3>
			<x4>24.804316</x4>
			<y4>86.577235</y4>
			<x5>43.456831</x5>
			<y5>77.169716</y5>
			<x6>50.128211</x6>
			<y6>64.227749</y6>
			<x7>52.041075</x7>
			<y7>50.617015</y7>
			<x8>43.290212</x8>
			<y8>29.030462</y8>
			<x9>27.86797</x9>
			<y9>20.385875</y9>
			<x10>14.569426</x10>
			<y10>21.292801</y10>
			<x11>3.777152</x11>
			<y11>29.02909</y11>
			<x12>0</x12>
			<y12>36.418558</y12>
			<x13>0</x13>
			<y13>72.408495</y13>
		</polygon>
	</object>
	<object>
		<name>redapple</name>
		<pose>Unspecified</pose>
		<truncated>0</truncated>
		<difficult>0</difficult>
		<occluded>0</occluded>
		<bndbox>
			<xmin>2</xmin>
			<xmax>63</xmax>
			<ymin>144</ymin>
			<ymax>171</ymax>
		</bndbox>
		<polygon>
			<x1>61.574991</x1>
			<y1>170</y1>
			<x2>55.305322</x2>
			<y2>155.635191</y2>
			<x3>46.001172</x3>
			<y3>147.850446</y3>
			<x4>32.108197</x4>
			<y4>143.122002</y4>
			<x5>18.299555</x5>
			<y5>147.658456</y5>
			<x6>1.643214</x6>
			<y6>167.524869</y6>
			<x7>1.082766</x7>
			<y7>170</y7>
			<x8>61.574991</x8>
			<y8>170</y8>
		</polygon>
	</object>
	<object>
		<name>capsicum</name>
		<pose>Unspecified</pose>
		<truncated>0</truncated>
		<difficult>0</difficult>
		<occluded>0</occluded>
		<bndbox>
			<xmin>137</xmin>
			<xmax>164</xmax>
			<ymin>150</ymin>
			<ymax>171</ymax>
		</bndbox>
		<polygon>
			<x1>161.361173</x1>
			<y1>170</y1>
			<x2>163.434801</x2>
			<y2>160.653448</y2>
			<x3>161.480795</x3>
			<y3>154.827003</y3>
			<x4>151.921597</x4>
			<y4>148.857022</y4>
			<x5>138.665219</x5>
			<y5>154.396397</y5>
			<x6>135.945043</x6>
			<y6>168.818974</y6>
			<x7>136.231513</x7>
			<y7>170</y7>
			<x8>161.361173</x8>
			<y8>170</y8>
		</polygon>
	</object>
	<object>
		<name>orange</name>
		<pose>Unspecified</pose>
		<truncated>0</truncated>
		<difficult>0</difficult>
		<occluded>0</occluded>
		<bndbox>
			<xmin>201</xmin>
			<xmax>260</xmax>
			<ymin>134</ymin>
			<ymax>171</ymax>
		</bndbox>
		<polygon>
			<x1>258.225549</x1>
			<y1>170</y1>
			<x2>258.533941</x2>
			<y2>158.877444</y2>
			<x3>248.975766</x3>
			<y3>138.102735</y3>
			<x4>223.39887199999998</x4>
			<y4>132.657528</y4>
			<x5>209.080133</x5>
			<y5>140.82351</y5>
			<x6>202.918851</x6>
			<y6>150.135949</y6>
			<x7>199.773936</x7>
			<y7>162.648224</y7>
			<x8>199.799382</x8>
			<y8>170</y8>
			<x9>258.225549</x9>
			<y9>170</y9>
		</polygon>
	</object>
	<object>
		<name>greenapple</name>
		<pose>Unspecified</pose>
		<truncated>0</truncated>
		<difficult>0</difficult>
		<occluded>0</occluded>
		<bndbox>
			<xmin>327</xmin>
			<xmax>354</xmax>
			<ymin>111</ymin>
			<ymax>145</ymax>
		</bndbox>
		<polygon>
			<x1>351.200036</x1>
			<y1>135.813937</y1>
			<x2>353.11289999999997</x2>
			<y2>122.203204</y2>
			<x3>346.910475</x3>
			<y3>112.078465</y3>
			<x4>338.880543</x4>
			<y4>110.024626</y4>
			<x5>329.023106</x5>
			<y5>116.041691</y5>
			<x6>325.87819</x6>
			<y6>128.553965</y6>
			<x7>330.46599100000003</x7>
			<y7>140.302393</y7>
			<x8>341.08754999999996</x8>
			<y8>143.645765</y8>
			<x9>351.200036</x9>
			<y9>135.813937</y9>
		</polygon>
	</object>
	<object>
		<name>greenapple</name>
		<pose>Unspecified</pose>
		<truncated>0</truncated>
		<difficult>0</difficult>
		<occluded>0</occluded>
		<bndbox>
			<xmin>242</xmin>
			<xmax>290</xmax>
			<ymin>171</ymin>
			<ymax>215</ymax>
		</bndbox>
		<polygon>
			<x1>246.597587</x1>
			<y1>170</y1>
			<x2>242.59213</x2>
			<y2>171.929348</y2>
			<x3>245.183759</x3>
			<y3>173.218883</y3>
			<x4>240.763601</x4>
			<y4>194.804979</y4>
			<x5>250.279609</x5>
			<y5>210.94724</y5>
			<x6>268.506359</x6>
			<y6>214.434148</y6>
			<x7>274.32723599999997</x7>
			<y7>212.476304</y7>
			<x8>282.103143</x8>
			<y8>201.540178</y8>
			<x9>289.32781</x9>
			<y9>174.796402</y9>
			<x10>287.04352</x10>
			<y10>170</y10>
			<x11>246.597587</x11>
			<y11>170</y11>
		</polygon>
	</object>
	<object>
		<name>capsicum</name>
		<pose>Unspecified</pose>
		<truncated>0</truncated>
		<difficult>0</difficult>
		<occluded>0</occluded>
		<bndbox>
			<xmin>378</xmin>
			<xmax>412</xmax>
			<ymin>171</ymin>
			<ymax>200</ymax>
		</bndbox>
		<polygon>
			<x1>377.468859</x1>
			<y1>170</y1>
			<x2>376.766436</x2>
			<y2>174.130835</y2>
			<x3>380.758782</x3>
			<y3>195.048623</y3>
			<x4>396.818645</x4>
			<y4>199.156298</y4>
			<x5>401.534994</x5>
			<y5>195.192616</y5>
			<x6>409.651307</x6>
			<y6>176.901893</y6>
			<x7>410.886343</x7>
			<y7>170</y7>
			<x8>377.468859</x8>
			<y8>170</y8>
		</polygon>
	</object>
	<object>
		<name>redapple</name>
		<pose>Unspecified</pose>
		<truncated>0</truncated>
		<difficult>0</difficult>
		<occluded>0</occluded>
		<bndbox>
			<xmin>211</xmin>
			<xmax>262</xmax>
			<ymin>267</ymin>
			<ymax>344</ymax>
		</bndbox>
		<polygon>
			<x1>235.575225</x1>
			<y1>266.249557</y1>
			<x2>224.316045</x2>
			<y2>267.44309499999997</y2>
			<x3>216.242922</x3>
			<y3>275.561538</y3>
			<x4>211.993479</x4>
			<y4>286.067972</y4>
			<x5>209.995257</x5>
			<y5>305.218536</y5>
			<x6>212.713386</x6>
			<y6>320.405417</y6>
			<x7>219.510241</x7>
			<y7>336.165525</y7>
			<x8>227.58234</x8>
			<y8>342.851813</y8>
			<x9>241.43314800000002</x9>
			<y9>342.947808</y9>
			<x10>248.571434</x10>
			<y10>336.548592</y10>
			<x11>256.17764999999997</x11>
			<y11>321.88739899999996</y11>
			<x12>260.64099899999997</x12>
			<y12>290.12902099999997</y12>
			<x13>252.994664</x13>
			<y13>270.548308</y13>
			<x14>235.575225</x14>
			<y14>266.249557</y14>
		</polygon>
	</object>
</annotation>
