<annotation>
	<folder></folder>
	<filename>image_83_png.rf.eaf2f72d1035947a02e0d595d6e38edd.jpg</filename>
	<path>image_83_png.rf.eaf2f72d1035947a02e0d595d6e38edd.jpg</path>
	<source>
		<database>roboflow.ai</database>
	</source>
	<size>
		<width>416</width>
		<height>416</height>
		<depth>3</depth>
	</size>
	<segmented>0</segmented>
	<object>
		<name>redapple</name>
		<pose>Unspecified</pose>
		<truncated>0</truncated>
		<difficult>0</difficult>
		<occluded>0</occluded>
		<bndbox>
			<xmin>11</xmin>
			<xmax>62</xmax>
			<ymin>5</ymin>
			<ymax>78</ymax>
		</bndbox>
		<polygon>
			<x1>15.442719</x1>
			<y1>8.173701</y1>
			<x2>10.240183</x2>
			<y2>16.460271</y2>
			<x3>9.682945</x3>
			<y3>31.119183</y3>
			<x4>14.402709</x4>
			<y4>48.390001</y4>
			<x5>30.673667</x5>
			<y5>72.509617</y5>
			<x6>41.057331</x6>
			<y6>76.857124</y6>
			<x7>54.503629</x7>
			<y7>72.424603</y7>
			<x8>58.879306</x8>
			<y8>63.389347</y8>
			<x9>60.579252</x9>
			<y9>47.598901</y9>
			<x10>55.128502</x10>
			<y10>19.557225</y10>
			<x11>43.186994</x11>
			<y11>3.690173</y11>
			<x12>25.606404</x12>
			<y12>4.379256</y12>
			<x13>15.442719</x13>
			<y13>8.173701</y13>
		</polygon>
	</object>
	<object>
		<name>greenapple</name>
		<pose>Unspecified</pose>
		<truncated>0</truncated>
		<difficult>0</difficult>
		<occluded>0</occluded>
		<bndbox>
			<xmin>59</xmin>
			<xmax>104</xmax>
			<ymin>171</ymin>
			<ymax>233</ymax>
		</bndbox>
		<polygon>
			<x1>63.247231</x1>
			<y1>173.488612</y1>
			<x2>59.06671</x2>
			<y2>187.032996</y2>
			<x3>57.82813</x3>
			<y3>198.1867</y3>
			<x4>60.432811</x4>
			<y4>218.596885</y4>
			<x5>73.662544</x5>
			<y5>230.575882</y5>
			<x6>81.395297</x6>
			<y6>231.801024</y6>
			<x7>95.498117</x7>
			<y7>227.240889</y7>
			<x8>101.818541</x8>
			<y8>214.189963</y8>
			<x9>102.521293</x9>
			<y9>196.774528</y9>
			<x10>100.13659</x10>
			<y10>184.506294</y10>
			<x11>84.426282</x11>
			<y11>170.281234</y11>
			<x12>68.644925</x12>
			<y12>169.71117</y12>
			<x13>63.247231</x13>
			<y13>173.488612</y13>
		</polygon>
	</object>
	<object>
		<name>capsicum</name>
		<pose>Unspecified</pose>
		<truncated>0</truncated>
		<difficult>0</difficult>
		<occluded>0</occluded>
		<bndbox>
			<xmin>170</xmin>
			<xmax>194</xmax>
			<ymin>118</ymin>
			<ymax>155</ymax>
		</bndbox>
		<polygon>
			<x1>189.980868</x1>
			<y1>152.491738</y1>
			<x2>193.384173</x2>
			<y2>145.464317</y2>
			<x3>189.927811</x3>
			<y3>120.67262</y3>
			<x4>183.167431</x4>
			<y4>117.439643</y4>
			<x5>172.031372</x5>
			<y5>123.241923</y5>
			<x6>169.28459</x6>
			<y6>130.14173</y6>
			<x7>175.828405</x7>
			<y7>149.786225</y7>
			<x8>181.446077</x8>
			<y8>154.150734</y8>
			<x9>189.980868</x9>
			<y9>152.491738</y9>
		</polygon>
	</object>
	<object>
		<name>mango</name>
		<pose>Unspecified</pose>
		<truncated>0</truncated>
		<difficult>0</difficult>
		<occluded>0</occluded>
		<bndbox>
			<xmin>382</xmin>
			<xmax>417</xmax>
			<ymin>209</ymin>
			<ymax>242</ymax>
		</bndbox>
		<polygon>
			<x1>416</x1>
			<y1>241</y1>
			<x2>416</x2>
			<y2>209.049792</y2>
			<x3>397.61080200000004</x3>
			<y3>208.277015</y3>
			<x4>388.930497</x4>
			<y4>212.692533</y4>
			<x5>382.58525099999997</x5>
			<y5>222.110634</y5>
			<x6>380.95617300000004</x6>
			<y6>241</y6>
			<x7>416</x7>
			<y7>241</y7>
		</polygon>
	</object>
	<object>
		<name>redapple</name>
		<pose>Unspecified</pose>
		<truncated>0</truncated>
		<difficult>0</difficult>
		<occluded>0</occluded>
		<bndbox>
			<xmin>16</xmin>
			<xmax>223</xmax>
			<ymin>242</ymin>
			<ymax>417</ymax>
		</bndbox>
		<polygon>
			<x1>15.205977</x1>
			<y1>241</y1>
			<x2>27.550489</x2>
			<y2>304.507006</y2>
			<x3>40.418141</x3>
			<y3>335.654044</y3>
			<x4>60.897855</x4>
			<y4>374.41557</y4>
			<x5>84.41538</x5>
			<y5>400.764246</y5>
			<x6>116.899577</x6>
			<y6>416</y6>
			<x7>152.92499</x7>
			<y7>416</y7>
			<x8>160.234715</x8>
			<y8>408.76176799999996</y8>
			<x9>183.504027</x9>
			<y9>398.782198</y9>
			<x10>193.131884</x10>
			<y10>388.726021</y10>
			<x11>201.081203</x11>
			<y11>373.539645</y11>
			<x12>212.359363</x12>
			<y12>340.427374</y12>
			<x13>219.843903</x13>
			<y13>305.32427</y13>
			<x14>222.317651</x14>
			<y14>258.463394</y14>
			<x15>221.173142</x15>
			<y15>241</y15>
			<x16>15.205977</x16>
			<y16>241</y16>
		</polygon>
	</object>
</annotation>
