<annotation>
	<folder></folder>
	<filename>image_28_png.rf.40b04e9d783a38bee3f542066aac4a51.jpg</filename>
	<path>image_28_png.rf.40b04e9d783a38bee3f542066aac4a51.jpg</path>
	<source>
		<database>roboflow.ai</database>
	</source>
	<size>
		<width>416</width>
		<height>416</height>
		<depth>3</depth>
	</size>
	<segmented>0</segmented>
	<object>
		<name>capsicum</name>
		<pose>Unspecified</pose>
		<truncated>0</truncated>
		<difficult>0</difficult>
		<occluded>0</occluded>
		<bndbox>
			<xmin>221</xmin>
			<xmax>242</xmax>
			<ymin>1</ymin>
			<ymax>12</ymax>
		</bndbox>
		<polygon>
			<x1>220.47959</x1>
			<y1>0</y1>
			<x2>220.320493</x2>
			<y2>1.275879</y2>
			<x3>225.196193</x3>
			<y3>11.356942</y3>
			<x4>234.759296</x4>
			<y4>11.389156</y4>
			<x5>241.44163700000001</x5>
			<y5>0</y5>
			<x6>220.47959</x6>
			<y6>0</y6>
		</polygon>
	</object>
	<object>
		<name>greenapple</name>
		<pose>Unspecified</pose>
		<truncated>0</truncated>
		<difficult>0</difficult>
		<occluded>0</occluded>
		<bndbox>
			<xmin>184</xmin>
			<xmax>209</xmax>
			<ymin>125</ymin>
			<ymax>158</ymax>
		</bndbox>
		<polygon>
			<x1>204.92458399999998</x1>
			<y1>150.809697</y1>
			<x2>207.978206</x2>
			<y2>138.61661</y2>
			<x3>202.957075</x3>
			<y3>125.767283</y3>
			<x4>195.053393</x4>
			<y4>124.230962</y4>
			<x5>183.60852</x5>
			<y5>133.879623</y5>
			<x6>182.701888</x6>
			<y6>145.57671</y6>
			<x7>186.602448</x7>
			<y7>153.64156</y7>
			<x8>196.96962100000002</x8>
			<y8>156.570066</y8>
			<x9>204.92458399999998</x9>
			<y9>150.809697</y9>
		</polygon>
	</object>
	<object>
		<name>greenapple</name>
		<pose>Unspecified</pose>
		<truncated>0</truncated>
		<difficult>0</difficult>
		<occluded>0</occluded>
		<bndbox>
			<xmin>138</xmin>
			<xmax>315</xmax>
			<ymin>241</ymin>
			<ymax>417</ymax>
		</bndbox>
		<polygon>
			<x1>282.610869</x1>
			<y1>416</y1>
			<x2>305.671176</x2>
			<y2>367.538977</y2>
			<x3>313.54040299999997</x3>
			<y3>327.055319</y3>
			<x4>311.59853499999997</x4>
			<y4>298.364559</y4>
			<x5>300.581134</x5>
			<y5>270.649691</y5>
			<x6>278.43536</x6>
			<y6>254.47167000000002</y6>
			<x7>239.60123099999998</x7>
			<y7>243.26975099999999</y7>
			<x8>194.445918</x8>
			<y8>239.972441</y8>
			<x9>169.776959</x9>
			<y9>254.357257</y9>
			<x10>155.475173</x10>
			<y10>271.67058</y10>
			<x11>146.784649</x11>
			<y11>288.247957</y11>
			<x12>137.940283</x12>
			<y12>326.71540400000004</y12>
			<x13>137.008011</x13>
			<y13>342.060837</y13>
			<x14>143.919729</x14>
			<y14>390.897613</y14>
			<x15>149.086289</x15>
			<y15>406.51520600000003</y15>
			<x16>154.426152</x16>
			<y16>416</y16>
			<x17>282.610869</x17>
			<y17>416</y17>
		</polygon>
	</object>
</annotation>
