<annotation>
	<folder></folder>
	<filename>image_175_png.rf.4195d3f175833d4a1168b489ff051ded.jpg</filename>
	<path>image_175_png.rf.4195d3f175833d4a1168b489ff051ded.jpg</path>
	<source>
		<database>roboflow.ai</database>
	</source>
	<size>
		<width>416</width>
		<height>416</height>
		<depth>3</depth>
	</size>
	<segmented>0</segmented>
	<object>
		<name>mango</name>
		<pose>Unspecified</pose>
		<truncated>0</truncated>
		<difficult>0</difficult>
		<occluded>0</occluded>
		<bndbox>
			<xmin>55</xmin>
			<xmax>107</xmax>
			<ymin>71</ymin>
			<ymax>115</ymax>
		</bndbox>
		<polygon>
			<x1>56.41746</x1>
			<y1>70</y1>
			<x2>54.125208</x2>
			<y2>78.256336</y2>
			<x3>55.496263</x3>
			<y3>93.927567</y3>
			<x4>62.42703</x4>
			<y4>105.603234</y4>
			<x5>73.538143</x5>
			<y5>112.526729</y5>
			<x6>86.798633</x6>
			<y6>113.99844999999999</y6>
			<x7>96.26794</x7>
			<y7>109.660842</y7>
			<x8>106.126407</x8>
			<y8>94.76173</y8>
			<x9>105.373023</x9>
			<y9>71.140869</y9>
			<x10>104.524265</x10>
			<y10>70</y10>
			<x11>56.41746</x11>
			<y11>70</y11>
		</polygon>
	</object>
	<object>
		<name>greenapple</name>
		<pose>Unspecified</pose>
		<truncated>0</truncated>
		<difficult>0</difficult>
		<occluded>0</occluded>
		<bndbox>
			<xmin>194</xmin>
			<xmax>218</xmax>
			<ymin>167</ymin>
			<ymax>197</ymax>
		</bndbox>
		<polygon>
			<x1>216.589013</x1>
			<y1>187.76238</y1>
			<x2>215.598807</x2>
			<y2>176.44426900000002</y2>
			<x3>208.820378</x3>
			<y3>166.50985</y3>
			<x4>200.27342099999998</x4>
			<y4>166.380323</y4>
			<x5>192.56433</x5>
			<y5>175.827661</y5>
			<x6>193.630707</x6>
			<y6>188.016396</y6>
			<x7>199.605196</x7>
			<y7>196.266575</y7>
			<x8>210.75855</x8>
			<y8>196.168071</y8>
			<x9>216.589013</x9>
			<y9>187.76238</y9>
		</polygon>
	</object>
	<object>
		<name>redapple</name>
		<pose>Unspecified</pose>
		<truncated>0</truncated>
		<difficult>0</difficult>
		<occluded>0</occluded>
		<bndbox>
			<xmin>223</xmin>
			<xmax>297</xmax>
			<ymin>309</ymin>
			<ymax>393</ymax>
		</bndbox>
		<polygon>
			<x1>254.04450500000002</x1>
			<y1>308.183047</y1>
			<x2>241.01252399999998</x2>
			<y2>309.323197</y2>
			<x3>230.12160799999998</x3>
			<y3>319.926197</y3>
			<x4>221.871017</x4>
			<y4>338.193788</y4>
			<x5>221.710364</x5>
			<y5>351.367162</y5>
			<x6>229.402829</x6>
			<y6>371.749069</y6>
			<x7>239.016163</x7>
			<y7>384.06733</y7>
			<x8>254.84080799999998</x8>
			<y8>392.33302</y8>
			<x9>275.768147</x9>
			<y9>391.379403</y9>
			<x10>287.691511</x10>
			<y10>385.072517</y10>
			<x11>295.90817400000003</x11>
			<y11>358.912302</y11>
			<x12>295.146477</x12>
			<y12>350.206062</y12>
			<x13>289.671246</x13>
			<y13>340.157628</y13>
			<x14>267.609674</x14>
			<y14>313.13726399999996</y14>
			<x15>254.04450500000002</x15>
			<y15>308.183047</y15>
		</polygon>
	</object>
	<object>
		<name>mango</name>
		<pose>Unspecified</pose>
		<truncated>0</truncated>
		<difficult>0</difficult>
		<occluded>0</occluded>
		<bndbox>
			<xmin>319</xmin>
			<xmax>372</xmax>
			<ymin>71</ymin>
			<ymax>107</ymax>
		</bndbox>
		<polygon>
			<x1>318.39406099999997</x1>
			<y1>70</y1>
			<x2>318.06814399999996</x2>
			<y2>71.85498</y2>
			<x3>322.426444</x3>
			<y3>91.65129999999999</y3>
			<x4>331.81126800000004</x4>
			<y4>101.35769</y4>
			<x5>343.99707</x5>
			<y5>105.555297</y5>
			<x6>352.467858</x6>
			<y6>104.814199</y6>
			<x7>364.31505200000004</x7>
			<y7>97.636689</y7>
			<x8>371.338614</x8>
			<y8>80.353736</y8>
			<x9>369.488358</x9>
			<y9>70</y9>
			<x10>318.39406099999997</x10>
			<y10>70</y10>
		</polygon>
	</object>
</annotation>
