<annotation>
	<folder></folder>
	<filename>image_45_png.rf.ac6ccc62f0072341fa5a1aa51b45bcbb.jpg</filename>
	<path>image_45_png.rf.ac6ccc62f0072341fa5a1aa51b45bcbb.jpg</path>
	<source>
		<database>roboflow.ai</database>
	</source>
	<size>
		<width>416</width>
		<height>416</height>
		<depth>3</depth>
	</size>
	<segmented>0</segmented>
	<object>
		<name>orange</name>
		<pose>Unspecified</pose>
		<truncated>0</truncated>
		<difficult>0</difficult>
		<occluded>0</occluded>
		<bndbox>
			<xmin>34</xmin>
			<xmax>59</xmax>
			<ymin>2</ymin>
			<ymax>33</ymax>
		</bndbox>
		<polygon>
			<x1>58.399913</x1>
			<y1>18.491489</y1>
			<x2>56.659199</x2>
			<y2>9.536293</y2>
			<x3>50.05835</x3>
			<y3>0.596457</y3>
			<x4>40.338082</x4>
			<y4>0.627175</y4>
			<x5>32.679823</x5>
			<y5>7.691923</y5>
			<x6>33.456651</x6>
			<y6>22.410612</y6>
			<x7>42.239883</x7>
			<y7>31.855591</y7>
			<x8>53.124955</x8>
			<y8>30.669103</y8>
			<x9>58.399913</x9>
			<y9>18.491489</y9>
		</polygon>
	</object>
	<object>
		<name>capsicum</name>
		<pose>Unspecified</pose>
		<truncated>0</truncated>
		<difficult>0</difficult>
		<occluded>0</occluded>
		<bndbox>
			<xmin>190</xmin>
			<xmax>220</xmax>
			<ymin>1</ymin>
			<ymax>21</ymax>
		</bndbox>
		<polygon>
			<x1>188.835213</x1>
			<y1>0</y1>
			<x2>191.05594</x2>
			<y2>7.575458</y2>
			<x3>198.674368</x3>
			<y3>18.176208</y3>
			<x4>205.22152</x4>
			<y4>19.691637</y4>
			<x5>215.089012</x5>
			<y5>16.844235</y5>
			<x6>218.23528</x6>
			<y6>11.585885</y6>
			<x7>218.934693</x7>
			<y7>0</y7>
			<x8>188.835213</x8>
			<y8>0</y8>
		</polygon>
	</object>
	<object>
		<name>redapple</name>
		<pose>Unspecified</pose>
		<truncated>0</truncated>
		<difficult>0</difficult>
		<occluded>0</occluded>
		<bndbox>
			<xmin>221</xmin>
			<xmax>247</xmax>
			<ymin>90</ymin>
			<ymax>164</ymax>
		</bndbox>
		<polygon>
			<x1>220</x1>
			<y1>162.751235</y1>
			<x2>228.727201</x2>
			<y2>161.054839</y2>
			<x3>242.731693</x3>
			<y3>150.897796</y3>
			<x4>241.954865</x4>
			<y4>136.179107</y4>
			<x5>245.71687500000002</x5>
			<y5>123.366224</y5>
			<x6>236.87994700000002</x6>
			<y6>106.496837</y6>
			<x7>220</x7>
			<y7>88.979211</y7>
			<x8>220</x8>
			<y8>162.751235</y8>
		</polygon>
	</object>
	<object>
		<name>capsicum</name>
		<pose>Unspecified</pose>
		<truncated>0</truncated>
		<difficult>0</difficult>
		<occluded>0</occluded>
		<bndbox>
			<xmin>297</xmin>
			<xmax>322</xmax>
			<ymin>40</ymin>
			<ymax>78</ymax>
		</bndbox>
		<polygon>
			<x1>318.76523199999997</x1>
			<y1>73.851549</y1>
			<x2>321.161519</x2>
			<y2>57.586713</y2>
			<x3>318.376378</x3>
			<y3>43.258401</y3>
			<x4>309.968137</x4>
			<y4>39.316664</y4>
			<x5>297.945108</x5>
			<y5>45.371125</y5>
			<x6>296.137715</x6>
			<y6>50.369226</y6>
			<x7>301.30616</x7>
			<y7>69.810404</y7>
			<x8>309.741249</x8>
			<y8>77.464345</y8>
			<x9>318.76523199999997</x9>
			<y9>73.851549</y9>
		</polygon>
	</object>
	<object>
		<name>greenapple</name>
		<pose>Unspecified</pose>
		<truncated>0</truncated>
		<difficult>0</difficult>
		<occluded>0</occluded>
		<bndbox>
			<xmin>318</xmin>
			<xmax>345</xmax>
			<ymin>195</ymin>
			<ymax>227</ymax>
		</bndbox>
		<polygon>
			<x1>343.76482799999997</x1>
			<y1>216.759658</y1>
			<x2>341.997268</x2>
			<y2>204.092258</y2>
			<x3>332.370526</x3>
			<y3>193.881885</y3>
			<x4>324.337276</x4>
			<y4>195.443391</y4>
			<x5>317.228078</x5>
			<y5>208.906901</y5>
			<x6>320.82988</x6>
			<y6>220.288404</y6>
			<x7>327.577952</x7>
			<y7>226.411557</y7>
			<x8>338.463024</x8>
			<y8>225.225068</y8>
			<x9>343.76482799999997</x9>
			<y9>216.759658</y9>
		</polygon>
	</object>
	<object>
		<name>mango</name>
		<pose>Unspecified</pose>
		<truncated>0</truncated>
		<difficult>0</difficult>
		<occluded>0</occluded>
		<bndbox>
			<xmin>221</xmin>
			<xmax>282</xmax>
			<ymin>381</ymin>
			<ymax>417</ymax>
		</bndbox>
		<polygon>
			<x1>220</x1>
			<y1>416</y1>
			<x2>279.915966</x2>
			<y2>416</y2>
			<x3>281.356725</x3>
			<y3>407.385063</y3>
			<x4>275.197548</x4>
			<y4>389.995174</y4>
			<x5>259.371798</x5>
			<y5>380.06041</y5>
			<x6>238.445162</x6>
			<y6>383.19878</y6>
			<x7>221.789767</x7>
			<y7>397.588528</y7>
			<x8>220</x8>
			<y8>400.446256</y8>
			<x9>220</x9>
			<y9>416</y9>
		</polygon>
	</object>
	<object>
		<name>redapple</name>
		<pose>Unspecified</pose>
		<truncated>0</truncated>
		<difficult>0</difficult>
		<occluded>0</occluded>
		<bndbox>
			<xmin>328</xmin>
			<xmax>404</xmax>
			<ymin>254</ymin>
			<ymax>293</ymax>
		</bndbox>
		<polygon>
			<x1>327.357193</x1>
			<y1>253</y1>
			<x2>327.866571</x2>
			<y2>257.082416</y2>
			<x3>336.529428</x3>
			<y3>273.056283</y3>
			<x4>346.330239</x4>
			<y4>284.162176</y4>
			<x5>367.337419</x5>
			<y5>292.160417</y5>
			<x6>388.08998299999996</x6>
			<y6>288.126527</y6>
			<x7>397.756556</x7>
			<y7>280.671402</y7>
			<x8>402.924121</x8>
			<y8>253.644974</y8>
			<x9>402.735049</x9>
			<y9>253</y9>
			<x10>327.357193</x10>
			<y10>253</y10>
		</polygon>
	</object>
	<object>
		<name>greenapple</name>
		<pose>Unspecified</pose>
		<truncated>0</truncated>
		<difficult>0</difficult>
		<occluded>0</occluded>
		<bndbox>
			<xmin>367</xmin>
			<xmax>414</xmax>
			<ymin>363</ymin>
			<ymax>417</ymax>
		</bndbox>
		<polygon>
			<x1>408.34511499999996</x1>
			<y1>416</y1>
			<x2>412.553501</x2>
			<y2>403.258171</y2>
			<x3>410.00911099999996</x3>
			<y3>375.872083</y3>
			<x4>391.97413</x4>
			<y4>361.719973</y4>
			<x5>377.56779800000004</x5>
			<y5>362.661568</y5>
			<x6>370.43175099999996</x6>
			<y6>372.412875</y6>
			<x7>369.026197</x7>
			<y7>386.626421</y7>
			<x8>365.531786</x8>
			<y8>390.093733</y8>
			<x9>369.401188</x9>
			<y9>392.129664</y9>
			<x10>372.240025</x10>
			<y10>413.882384</y10>
			<x11>375.073888</x11>
			<y11>416</y11>
			<x12>408.34511499999996</x12>
			<y12>416</y12>
		</polygon>
	</object>
</annotation>
