<annotation>
	<folder></folder>
	<filename>image_130_png.rf.2deec8539ee8717e12ab397caba3fa45.jpg</filename>
	<path>image_130_png.rf.2deec8539ee8717e12ab397caba3fa45.jpg</path>
	<source>
		<database>roboflow.ai</database>
	</source>
	<size>
		<width>416</width>
		<height>416</height>
		<depth>3</depth>
	</size>
	<segmented>0</segmented>
	<object>
		<name>mango</name>
		<pose>Unspecified</pose>
		<truncated>0</truncated>
		<difficult>0</difficult>
		<occluded>0</occluded>
		<bndbox>
			<xmin>157</xmin>
			<xmax>209</xmax>
			<ymin>1</ymin>
			<ymax>61</ymax>
		</bndbox>
		<polygon>
			<x1>208</x1>
			<y1>0</y1>
			<x2>180.529383</x2>
			<y2>0</y2>
			<x3>160.252597</x3>
			<y3>23.101602</y3>
			<x4>156.227761</x4>
			<y4>33.311994</y4>
			<x5>156.245003</x5>
			<y5>43.239737</y5>
			<x6>163.061852</x6>
			<y6>53.594637</y6>
			<x7>178.385292</x7>
			<y7>59.74417</y7>
			<x8>197.859189</x8>
			<y8>57.479791</y8>
			<x9>208</x9>
			<y9>53.055043</y9>
			<x10>208</x10>
			<y10>0</y10>
		</polygon>
	</object>
	<object>
		<name>redapple</name>
		<pose>Unspecified</pose>
		<truncated>0</truncated>
		<difficult>0</difficult>
		<occluded>0</occluded>
		<bndbox>
			<xmin>221</xmin>
			<xmax>270</xmax>
			<ymin>85</ymin>
			<ymax>160</ymax>
		</bndbox>
		<polygon>
			<x1>255.599431</x1>
			<y1>84.192303</y1>
			<x2>239.305498</x2>
			<y2>83.526422</y2>
			<x3>226.694018</x3>
			<y3>87.116198</y3>
			<x4>222.417939</x4>
			<y4>93.733632</y4>
			<x5>219.67765</x5>
			<y5>102.951569</y5>
			<x6>221.858795</x6>
			<y6>124.462208</y6>
			<x7>228.50445200000001</x7>
			<y7>142.050132</y7>
			<x8>236.057792</x8>
			<y8>153.256162</y8>
			<x9>245.92898300000002</x9>
			<y9>158.884324</y9>
			<x10>256.707857</x10>
			<y10>158.130591</y10>
			<x11>263.678656</x11>
			<y11>151.324723</y11>
			<x12>268.673985</x12>
			<y12>135.630678</y12>
			<x13>267.94858</x13>
			<y13>105.894558</y13>
			<x14>262.964337</x14>
			<y14>92.703615</y14>
			<x15>255.599431</x15>
			<y15>84.192303</y15>
		</polygon>
	</object>
	<object>
		<name>greenapple</name>
		<pose>Unspecified</pose>
		<truncated>0</truncated>
		<difficult>0</difficult>
		<occluded>0</occluded>
		<bndbox>
			<xmin>46</xmin>
			<xmax>209</xmax>
			<ymin>225</ymin>
			<ymax>389</ymax>
		</bndbox>
		<polygon>
			<x1>208</x1>
			<y1>224</y1>
			<x2>50.954699</x2>
			<y2>224</y2>
			<x3>45.717373</x3>
			<y3>243.58642700000001</y3>
			<x4>44.764121</x4>
			<y4>258.997823</y4>
			<x5>48.498299</x5>
			<y5>293.036707</y5>
			<x6>56.382935</x6>
			<y6>318.661678</y6>
			<x7>68.37246</x7>
			<y7>344.902239</y7>
			<x8>77.524404</x8>
			<y8>359.607011</y8>
			<x9>97.158407</x9>
			<y9>378.994596</y9>
			<x10>118.796208</x10>
			<y10>388.31311400000004</y10>
			<x11>149.911092</x11>
			<y11>387.942613</y11>
			<x12>168.585688</x12>
			<y12>383.928862</y12>
			<x13>193.854217</x13>
			<y13>367.719807</y13>
			<x14>206.556835</x14>
			<y14>346.071026</y14>
			<x15>208</x15>
			<y15>339.96241299999997</y15>
			<x16>208</x16>
			<y16>224</y16>
		</polygon>
	</object>
	<object>
		<name>orange</name>
		<pose>Unspecified</pose>
		<truncated>0</truncated>
		<difficult>0</difficult>
		<occluded>0</occluded>
		<bndbox>
			<xmin>331</xmin>
			<xmax>417</xmax>
			<ymin>225</ymin>
			<ymax>401</ymax>
		</bndbox>
		<polygon>
			<x1>416</x1>
			<y1>224</y1>
			<x2>340.81609100000003</x2>
			<y2>224</y2>
			<x3>331.713575</x3>
			<y3>253.655494</y3>
			<x4>329.852642</x4>
			<y4>275.448784</y4>
			<x5>331.188915</x5>
			<y5>304.239556</y5>
			<x6>335.830776</x6>
			<y6>331.896547</y6>
			<x7>349.544525</x7>
			<y7>363.432328</y7>
			<x8>371.513623</x8>
			<y8>387.169785</y8>
			<x9>387.69917499999997</x9>
			<y9>395.96693</y9>
			<x10>405.59171200000003</x10>
			<y10>400.131551</y10>
			<x11>416</x11>
			<y11>399.403733</y11>
			<x12>416</x12>
			<y12>224</y12>
		</polygon>
	</object>
</annotation>
