<annotation>
	<folder></folder>
	<filename>image_96_png.rf.6b74d4fb71206cf74a4dfe6dd5770c6f.jpg</filename>
	<path>image_96_png.rf.6b74d4fb71206cf74a4dfe6dd5770c6f.jpg</path>
	<source>
		<database>roboflow.ai</database>
	</source>
	<size>
		<width>416</width>
		<height>416</height>
		<depth>3</depth>
	</size>
	<segmented>0</segmented>
	<object>
		<name>redapple</name>
		<pose>Unspecified</pose>
		<truncated>0</truncated>
		<difficult>0</difficult>
		<occluded>0</occluded>
		<bndbox>
			<xmin>32</xmin>
			<xmax>102</xmax>
			<ymin>32</ymin>
			<ymax>121</ymax>
		</bndbox>
		<polygon>
			<x1>88.811376</x1>
			<y1>45.227534</y1>
			<x2>75.908181</x2>
			<y2>33.800583</y2>
			<x3>64.301832</x3>
			<y3>30.906795</y3>
			<x4>53.775785</x4>
			<y4>34.667776</y4>
			<x5>36.385601</x5>
			<y5>52.22478</y5>
			<x6>31.458271</x6>
			<y6>69.240312</y6>
			<x7>32.115155</x7>
			<y7>83.087133</y7>
			<x8>38.363504</x8>
			<y8>101.976872</y8>
			<x9>48.042713</x9>
			<y9>112.599995</y9>
			<x10>70.182361</x10>
			<y10>119.944435</y10>
			<x11>82.214545</x11>
			<y11>118.383382</y11>
			<x12>87.153962</x12>
			<y12>115.053903</y12>
			<x13>91.013075</x13>
			<y13>105.069655</y13>
			<x14>99.385769</x14>
			<y14>96.21077</y14>
			<x15>101.09153</x15>
			<y15>81.128618</y15>
			<x16>88.811376</x16>
			<y16>45.227534</y16>
		</polygon>
	</object>
	<object>
		<name>greenapple</name>
		<pose>Unspecified</pose>
		<truncated>0</truncated>
		<difficult>0</difficult>
		<occluded>0</occluded>
		<bndbox>
			<xmin>163</xmin>
			<xmax>185</xmax>
			<ymin>54</ymin>
			<ymax>84</ymax>
		</bndbox>
		<polygon>
			<x1>175.873496</x1>
			<y1>83.354207</y1>
			<x2>182.53076</x2>
			<y2>78.628631</y2>
			<x3>184.44823</x3>
			<y3>59.950454</y3>
			<x4>177.995424</x4>
			<y4>52.868372</y4>
			<x5>170.046149</x5>
			<y5>54.535206</y5>
			<x6>163.605429</x6>
			<y6>61.139178</y6>
			<x7>162.113795</x7>
			<y7>75.362515</y7>
			<x8>166.63221</x8>
			<y8>81.962299</y8>
			<x9>175.873496</x9>
			<y9>83.354207</y9>
		</polygon>
	</object>
	<object>
		<name>greenapple</name>
		<pose>Unspecified</pose>
		<truncated>0</truncated>
		<difficult>0</difficult>
		<occluded>0</occluded>
		<bndbox>
			<xmin>321</xmin>
			<xmax>346</xmax>
			<ymin>133</ymin>
			<ymax>165</ymax>
		</bndbox>
		<polygon>
			<x1>342.047889</x1>
			<y1>157.687426</y1>
			<x2>344.83153500000003</x2>
			<y2>146.522832</y2>
			<x3>341.59787900000003</x3>
			<y3>134.77016</y3>
			<x4>333.429644</x4>
			<y4>131.821386</y4>
			<x5>322.691888</x5>
			<y5>139.178393</y5>
			<x6>320.124786</x6>
			<y6>152.221383</y6>
			<x7>322.925353</x7>
			<y7>160.217264</y7>
			<x8>333.672777</x8>
			<y8>163.809101</y8>
			<x9>342.047889</x9>
			<y9>157.687426</y9>
		</polygon>
	</object>
	<object>
		<name>mango</name>
		<pose>Unspecified</pose>
		<truncated>0</truncated>
		<difficult>0</difficult>
		<occluded>0</occluded>
		<bndbox>
			<xmin>3</xmin>
			<xmax>31</xmax>
			<ymin>396</ymin>
			<ymax>417</ymax>
		</bndbox>
		<polygon>
			<x1>28.763151</x1>
			<y1>416</y1>
			<x2>29.84357</x2>
			<y2>411.666676</y2>
			<x3>26.395788</x3>
			<y3>400.77281800000003</y3>
			<x4>15.431819</x4>
			<y4>395.302586</y4>
			<x5>4.90819</x5>
			<y5>401.800776</y5>
			<x6>1.696291</x6>
			<y6>414.683001</y6>
			<x7>2.305225</x7>
			<y7>416</y7>
			<x8>28.763151</x8>
			<y8>416</y8>
		</polygon>
	</object>
	<object>
		<name>orange</name>
		<pose>Unspecified</pose>
		<truncated>0</truncated>
		<difficult>0</difficult>
		<occluded>0</occluded>
		<bndbox>
			<xmin>242</xmin>
			<xmax>417</xmax>
			<ymin>288</ymin>
			<ymax>417</ymax>
		</bndbox>
		<polygon>
			<x1>416</x1>
			<y1>287</y1>
			<x2>248.615759</x2>
			<y2>287</y2>
			<x3>243.382523</x3>
			<y3>307.989361</y3>
			<x4>241.469888</x4>
			<y4>332.14196</y4>
			<x5>248.165828</x5>
			<y5>371.21175700000003</y5>
			<x6>265.811234</x6>
			<y6>399.328521</y6>
			<x7>288.388804</x7>
			<y7>415.904173</y7>
			<x8>288.773145</x8>
			<y8>416</y8>
			<x9>352.576774</x9>
			<y9>416</y9>
			<x10>358.224103</x10>
			<y10>413.24761</y10>
			<x11>374.329528</x11>
			<y11>400.843494</y11>
			<x12>400.732369</x12>
			<y12>369.113949</y12>
			<x13>413.17105100000003</x13>
			<y13>341.200368</y13>
			<x14>416</x14>
			<y14>329.85407399999997</y14>
			<x15>416</x15>
			<y15>287</y15>
		</polygon>
	</object>
</annotation>
