<annotation>
	<folder></folder>
	<filename>image_200_png.rf.8380eac7b2bed7c118ce7d6c160bb7d6.jpg</filename>
	<path>image_200_png.rf.8380eac7b2bed7c118ce7d6c160bb7d6.jpg</path>
	<source>
		<database>roboflow.ai</database>
	</source>
	<size>
		<width>416</width>
		<height>416</height>
		<depth>3</depth>
	</size>
	<segmented>0</segmented>
	<object>
		<name>mango</name>
		<pose>Unspecified</pose>
		<truncated>0</truncated>
		<difficult>0</difficult>
		<occluded>0</occluded>
		<bndbox>
			<xmin>49</xmin>
			<xmax>74</xmax>
			<ymin>1</ymin>
			<ymax>12</ymax>
		</bndbox>
		<polygon>
			<x1>47.933596</x1>
			<y1>0</y1>
			<x2>54.130447</x2>
			<y2>9.473876</y2>
			<x3>65.462141</x3>
			<y3>10.762836</y3>
			<x4>72.488874</x4>
			<y4>1.182486</y4>
			<x5>72.530167</x5>
			<y5>0</y5>
			<x6>47.933596</x6>
			<y6>0</y6>
		</polygon>
	</object>
	<object>
		<name>redapple</name>
		<pose>Unspecified</pose>
		<truncated>0</truncated>
		<difficult>0</difficult>
		<occluded>0</occluded>
		<bndbox>
			<xmin>63</xmin>
			<xmax>110</xmax>
			<ymin>111</ymin>
			<ymax>150</ymax>
		</bndbox>
		<polygon>
			<x1>107.764867</x1>
			<y1>149</y1>
			<x2>108.77514</x2>
			<y2>131.077343</y2>
			<x3>100.709002</x3>
			<y3>112.930707</y3>
			<x4>83.423992</x4>
			<y4>109.647357</y4>
			<x5>72.667236</x5>
			<y5>111.058219</y5>
			<x6>65.733968</x6>
			<y6>117.962088</y6>
			<x7>61.893475</x7>
			<y7>132.119944</y7>
			<x8>62.566896</x8>
			<y8>149</y8>
			<x9>107.764867</x9>
			<y9>149</y9>
		</polygon>
	</object>
	<object>
		<name>mango</name>
		<pose>Unspecified</pose>
		<truncated>0</truncated>
		<difficult>0</difficult>
		<occluded>0</occluded>
		<bndbox>
			<xmin>2</xmin>
			<xmax>87</xmax>
			<ymin>368</ymin>
			<ymax>417</ymax>
		</bndbox>
		<polygon>
			<x1>77.585801</x1>
			<y1>416</y1>
			<x2>86.09924</x2>
			<y2>398.935517</y2>
			<x3>82.711922</x3>
			<y3>380.952269</y3>
			<x4>69.080476</x4>
			<y4>368.864024</y4>
			<x5>51.064753</x5>
			<y5>367.341653</y5>
			<x6>28.571289</x6>
			<y6>379.061636</y6>
			<x7>4.273697</x7>
			<y7>404.117338</y7>
			<x8>1.216857</x8>
			<y8>416</y8>
			<x9>77.585801</x9>
			<y9>416</y9>
		</polygon>
	</object>
	<object>
		<name>orange</name>
		<pose>Unspecified</pose>
		<truncated>0</truncated>
		<difficult>0</difficult>
		<occluded>0</occluded>
		<bndbox>
			<xmin>267</xmin>
			<xmax>309</xmax>
			<ymin>334</ymin>
			<ymax>412</ymax>
		</bndbox>
		<polygon>
			<x1>266</x1>
			<y1>407.008012</y1>
			<x2>275.216422</x2>
			<y2>410.896425</y2>
			<x3>285.942022</x3>
			<y3>410.377723</y3>
			<x4>296.854553</x4>
			<y4>404.506061</y4>
			<x5>302.482169</x5>
			<y5>396.66334900000004</y5>
			<x6>307.721778</x6>
			<y6>380.767857</y6>
			<x7>307.801093</x7>
			<y7>359.332674</y7>
			<x8>297.154808</x8>
			<y8>338.416194</y8>
			<x9>288.621345</x9>
			<y9>333.65195900000003</y9>
			<x10>276.590093</x10>
			<y10>333.231818</y10>
			<x11>266</x11>
			<y11>335.974764</y11>
			<x12>266</x12>
			<y12>407.008012</y12>
		</polygon>
	</object>
	<object>
		<name>redapple</name>
		<pose>Unspecified</pose>
		<truncated>0</truncated>
		<difficult>0</difficult>
		<occluded>0</occluded>
		<bndbox>
			<xmin>382</xmin>
			<xmax>417</xmax>
			<ymin>166</ymin>
			<ymax>252</ymax>
		</bndbox>
		<polygon>
			<x1>416</x1>
			<y1>165.70325400000002</y1>
			<x2>404.92071699999997</x2>
			<y2>165.316357</y2>
			<x3>393.24631899999997</x3>
			<y3>173.841158</y3>
			<x4>381.198062</x4>
			<y4>193.07188</y4>
			<x5>380.543809</x5>
			<y5>211.807241</y5>
			<x6>387.84808</x6>
			<y6>232.607016</y6>
			<x7>396.163458</x7>
			<y7>243.61637100000002</y7>
			<x8>410.619082</x8>
			<y8>251.267157</y8>
			<x9>416</x9>
			<y9>251.455063</y9>
			<x10>416</x10>
			<y10>165.70325400000002</y10>
		</polygon>
	</object>
	<object>
		<name>mango</name>
		<pose>Unspecified</pose>
		<truncated>0</truncated>
		<difficult>0</difficult>
		<occluded>0</occluded>
		<bndbox>
			<xmin>354</xmin>
			<xmax>382</xmax>
			<ymin>302</ymin>
			<ymax>338</ymax>
		</bndbox>
		<polygon>
			<x1>380.504087</x1>
			<y1>327.928094</y1>
			<x2>380.334163</x2>
			<y2>313.63019199999997</y2>
			<x3>373.35559</x3>
			<y3>302.66751899999997</y3>
			<x4>362.023896</x4>
			<y4>301.37856</y4>
			<x5>354.39107</x5>
			<y5>309.151248</y5>
			<x6>353.286499</x6>
			<y6>321.618147</y6>
			<x7>362.845218</x7>
			<y7>335.350665</y7>
			<x8>372.14054799999997</x8>
			<y8>337.461762</y8>
			<x9>380.504087</x9>
			<y9>327.928094</y9>
		</polygon>
	</object>
</annotation>
