<annotation>
	<folder></folder>
	<filename>image_120_png.rf.1a8196332062dcac53741ffc69852b14.jpg</filename>
	<path>image_120_png.rf.1a8196332062dcac53741ffc69852b14.jpg</path>
	<source>
		<database>roboflow.ai</database>
	</source>
	<size>
		<width>416</width>
		<height>416</height>
		<depth>3</depth>
	</size>
	<segmented>0</segmented>
	<object>
		<name>orange</name>
		<pose>Unspecified</pose>
		<truncated>0</truncated>
		<difficult>0</difficult>
		<occluded>0</occluded>
		<bndbox>
			<xmin>17</xmin>
			<xmax>76</xmax>
			<ymin>46</ymin>
			<ymax>120</ymax>
		</bndbox>
		<polygon>
			<x1>49.715436</x1>
			<y1>44.564562</y1>
			<x2>32.114501</x2>
			<y2>46.834182</y2>
			<x3>21.184923</x3>
			<y3>54.739102</y3>
			<x4>16.485976</x4>
			<y4>69.27801</y4>
			<x5>16.343367</x5>
			<y5>77.383377</y5>
			<x6>22.485375</x6>
			<y6>101.079647</y6>
			<x7>28.66847</x7>
			<y7>110.415424</y7>
			<x8>42.058721</x8>
			<y8>118.984235</y8>
			<x9>53.483014</x9>
			<y9>119.037544</y9>
			<x10>64.56165</x10>
			<y10>114.685963</y10>
			<x11>72.39968</x11>
			<y11>102.113154</y11>
			<x12>74.501797</x12>
			<y12>90.864586</y12>
			<x13>67.424345</x13>
			<y13>60.208775</y13>
			<x14>61.634443</x14>
			<y14>52.576098</y14>
			<x15>49.715436</x15>
			<y15>44.564562</y15>
		</polygon>
	</object>
	<object>
		<name>mango</name>
		<pose>Unspecified</pose>
		<truncated>0</truncated>
		<difficult>0</difficult>
		<occluded>0</occluded>
		<bndbox>
			<xmin>122</xmin>
			<xmax>159</xmax>
			<ymin>1</ymin>
			<ymax>72</ymax>
		</bndbox>
		<polygon>
			<x1>158</x1>
			<y1>0</y1>
			<x2>150.991467</x2>
			<y2>0</y2>
			<x3>138.737723</x3>
			<y3>11.455015</y3>
			<x4>120.61389</x4>
			<y4>43.44431</y4>
			<x5>121.210129</x5>
			<y5>57.657667</y5>
			<x6>130.139113</x6>
			<y6>67.256443</y6>
			<x7>143.821033</x7>
			<y7>71.273228</y7>
			<x8>158</x8>
			<y8>66.641505</y8>
			<x9>158</x9>
			<y9>0</y9>
		</polygon>
	</object>
	<object>
		<name>capsicum</name>
		<pose>Unspecified</pose>
		<truncated>0</truncated>
		<difficult>0</difficult>
		<occluded>0</occluded>
		<bndbox>
			<xmin>215</xmin>
			<xmax>250</xmax>
			<ymin>19</ymin>
			<ymax>74</ymax>
		</bndbox>
		<polygon>
			<x1>214.340989</x1>
			<y1>31.696101</y1>
			<x2>218.618563</x2>
			<y2>53.131997</y2>
			<x3>225.147312</x3>
			<y3>66.872664</y3>
			<x4>231.18134600000002</x4>
			<y4>72.655101</y4>
			<x5>244.761742</x5>
			<y5>70.416758</y5>
			<x6>248.870901</x6>
			<y6>53.323198</y6>
			<x7>244.884996</x7>
			<y7>27.335276</y7>
			<x8>239.929014</x8>
			<y8>20.407012</y8>
			<x9>227.86739799999998</x9>
			<y9>20.500842</y9>
			<x10>224.531719</x10>
			<y10>17.683192</y10>
			<x11>223.79932300000002</x11>
			<y11>23.233906</y11>
			<x12>214.340989</x12>
			<y12>31.696101</y12>
		</polygon>
	</object>
	<object>
		<name>redapple</name>
		<pose>Unspecified</pose>
		<truncated>0</truncated>
		<difficult>0</difficult>
		<occluded>0</occluded>
		<bndbox>
			<xmin>253</xmin>
			<xmax>321</xmax>
			<ymin>164</ymin>
			<ymax>192</ymax>
		</bndbox>
		<polygon>
			<x1>319.81847700000003</x1>
			<y1>191</y1>
			<x2>318.470599</x2>
			<y2>186.146558</y2>
			<x3>296.592091</x3>
			<y3>166.980282</y3>
			<x4>279.526957</x4>
			<y4>162.847636</y4>
			<x5>267.221208</x5>
			<y5>164.791704</y5>
			<x6>257.369683</x6>
			<y6>171.550798</y6>
			<x7>252.37906700000002</x7>
			<y7>190.641734</y7>
			<x8>252.391697</x8>
			<y8>191</y8>
			<x9>319.81847700000003</x9>
			<y9>191</y9>
		</polygon>
	</object>
	<object>
		<name>greenapple</name>
		<pose>Unspecified</pose>
		<truncated>0</truncated>
		<difficult>0</difficult>
		<occluded>0</occluded>
		<bndbox>
			<xmin>159</xmin>
			<xmax>179</xmax>
			<ymin>192</ymin>
			<ymax>219</ymax>
		</bndbox>
		<polygon>
			<x1>158</x1>
			<y1>191</y1>
			<x2>158</x2>
			<y2>218.33646</y2>
			<x3>172.380941</x3>
			<y3>215.016359</y3>
			<x4>177.961344</x4>
			<y4>198.480075</y4>
			<x5>177.002952</x5>
			<y5>191</y5>
			<x6>158</x6>
			<y6>191</y6>
		</polygon>
	</object>
</annotation>
