<annotation>
	<folder></folder>
	<filename>image_36_png.rf.3af726c91c04b3015498a390cc86c69c.jpg</filename>
	<path>image_36_png.rf.3af726c91c04b3015498a390cc86c69c.jpg</path>
	<source>
		<database>roboflow.ai</database>
	</source>
	<size>
		<width>416</width>
		<height>416</height>
		<depth>3</depth>
	</size>
	<segmented>0</segmented>
	<object>
		<name>greenapple</name>
		<pose>Unspecified</pose>
		<truncated>0</truncated>
		<difficult>0</difficult>
		<occluded>0</occluded>
		<bndbox>
			<xmin>91</xmin>
			<xmax>229</xmax>
			<ymin>25</ymin>
			<ymax>221</ymax>
		</bndbox>
		<polygon>
			<x1>228</x1>
			<y1>37.543496</y1>
			<x2>214.8772</x2>
			<y2>29.964862</y2>
			<x3>184.486176</x3>
			<y3>25.013109</y3>
			<x4>143.138957</x4>
			<y4>24.182396</y4>
			<x5>126.796019</x5>
			<y5>29.494792</y5>
			<x6>113.716642</x6>
			<y6>41.301547</y6>
			<x7>104.448942</x7>
			<y7>54.387689</y7>
			<x8>92.88639</x8>
			<y8>83.050376</y8>
			<x9>89.711122</x9>
			<y9>125.776056</y9>
			<x10>99.089188</x10>
			<y10>174.214961</y10>
			<x11>116.708004</x11>
			<y11>206.823497</y11>
			<x12>126.853061</x12>
			<y12>216.677421</y12>
			<x13>133.292879</x13>
			<y13>220</y13>
			<x14>207.278401</x14>
			<y14>220</y14>
			<x15>214.934242</x15>
			<y15>217.147491</y15>
			<x16>226.062104</x16>
			<y16>205.135623</y16>
			<x17>228</x17>
			<y17>201.969192</y17>
			<x18>228</x18>
			<y18>37.543496</y18>
		</polygon>
	</object>
	<object>
		<name>redapple</name>
		<pose>Unspecified</pose>
		<truncated>0</truncated>
		<difficult>0</difficult>
		<occluded>0</occluded>
		<bndbox>
			<xmin>252</xmin>
			<xmax>322</xmax>
			<ymin>1</ymin>
			<ymax>49</ymax>
		</bndbox>
		<polygon>
			<x1>252.086563</x1>
			<y1>0</y1>
			<x2>251.415527</x2>
			<y2>1.842859</y2>
			<x3>251.551026</x3>
			<y3>25.583717</y3>
			<x4>262.448977</x4>
			<y4>40.789354</y4>
			<x5>271.74978699999997</x5>
			<y5>46.160726</y5>
			<x6>291.264933</x6>
			<y6>48.211851</y6>
			<x7>308.258377</x7>
			<y7>42.967825</y7>
			<x8>321.121938</x8>
			<y8>14.44188</y8>
			<x9>319.981561</x9>
			<y9>0.261804</y9>
			<x10>319.841748</x10>
			<y10>0</y10>
			<x11>252.086563</x11>
			<y11>0</y11>
		</polygon>
	</object>
	<object>
		<name>capsicum</name>
		<pose>Unspecified</pose>
		<truncated>0</truncated>
		<difficult>0</difficult>
		<occluded>0</occluded>
		<bndbox>
			<xmin>395</xmin>
			<xmax>417</xmax>
			<ymin>1</ymin>
			<ymax>25</ymax>
		</bndbox>
		<polygon>
			<x1>416</x1>
			<y1>0</y1>
			<x2>394.042768</x2>
			<y2>0</y2>
			<x3>398.06422</x3>
			<y3>20.771312</y3>
			<x4>412.192623</x4>
			<y4>24.013795</y4>
			<x5>416</x5>
			<y5>19.903957</y5>
			<x6>416</x6>
			<y6>0</y6>
		</polygon>
	</object>
	<object>
		<name>orange</name>
		<pose>Unspecified</pose>
		<truncated>0</truncated>
		<difficult>0</difficult>
		<occluded>0</occluded>
		<bndbox>
			<xmin>253</xmin>
			<xmax>310</xmax>
			<ymin>139</ymin>
			<ymax>213</ymax>
		</bndbox>
		<polygon>
			<x1>306.88196800000003</x1>
			<y1>156.183655</y1>
			<x2>302.032303</x2>
			<y2>146.007537</y2>
			<x3>296.634523</x3>
			<y3>141.046389</y3>
			<x4>282.50612</x4>
			<y4>137.803907</y4>
			<x5>271.264832</x5>
			<y5>138.379927</y5>
			<x6>258.276808</x6>
			<y6>149.31752</y6>
			<x7>253.928051</x7>
			<y7>159.40561</y7>
			<x8>252.009647</x8>
			<y8>177.658012</y8>
			<x9>253.80053</x9>
			<y9>191.906457</y9>
			<x10>259.209347</x10>
			<y10>203.02011</y10>
			<x11>267.676948</x11>
			<y11>210.061435</y11>
			<x12>279.94518800000003</x12>
			<y12>212.229643</y12>
			<x13>290.718677</x13>
			<y13>209.846928</y13>
			<x14>300.180118</x14>
			<y14>201.174966</y14>
			<x15>307.119857</x15>
			<y15>185.207855</y15>
			<x16>309.323357</x16>
			<y16>170.500472</y16>
			<x17>306.88196800000003</x17>
			<y17>156.183655</y17>
		</polygon>
	</object>
	<object>
		<name>orange</name>
		<pose>Unspecified</pose>
		<truncated>0</truncated>
		<difficult>0</difficult>
		<occluded>0</occluded>
		<bndbox>
			<xmin>155</xmin>
			<xmax>178</xmax>
			<ymin>227</ymin>
			<ymax>257</ymax>
		</bndbox>
		<polygon>
			<x1>176.510726</x1>
			<y1>247.184404</y1>
			<x2>177.23051</x2>
			<y2>234.078603</y2>
			<x3>172.757291</x3>
			<y3>226.578341</y3>
			<x4>163.650223</x4>
			<y4>225.62115</y4>
			<x5>155.763848</x5>
			<y5>231.822366</y5>
			<x6>153.834407</x6>
			<y6>243.922263</y6>
			<x7>158.124921</x7>
			<y7>253.16084899999998</y7>
			<x8>168.350293</x8>
			<y8>255.993106</y8>
			<x9>176.510726</x9>
			<y9>247.184404</y9>
		</polygon>
	</object>
	<object>
		<name>capsicum</name>
		<pose>Unspecified</pose>
		<truncated>0</truncated>
		<difficult>0</difficult>
		<occluded>0</occluded>
		<bndbox>
			<xmin>148</xmin>
			<xmax>168</xmax>
			<ymin>354</ymin>
			<ymax>388</ymax>
		</bndbox>
		<polygon>
			<x1>159.851442</x1>
			<y1>386.91437199999996</y1>
			<x2>166.699827</x2>
			<y2>371.816423</y2>
			<x3>166.951812</x3>
			<y3>356.903927</y3>
			<x4>160.161668</x4>
			<y4>352.675201</y4>
			<x5>150.780542</x5>
			<y5>354.325495</y5>
			<x6>146.797197</x6>
			<y6>360.936937</y6>
			<x7>146.830307</x7>
			<y7>379.394451</y7>
			<x8>151.303525</x8>
			<y8>386.894714</y8>
			<x9>159.851442</x9>
			<y9>386.91437199999996</y9>
		</polygon>
	</object>
	<object>
		<name>capsicum</name>
		<pose>Unspecified</pose>
		<truncated>0</truncated>
		<difficult>0</difficult>
		<occluded>0</occluded>
		<bndbox>
			<xmin>281</xmin>
			<xmax>300</xmax>
			<ymin>221</ymin>
			<ymax>235</ymax>
		</bndbox>
		<polygon>
			<x1>279.74476</x1>
			<y1>220</y1>
			<x2>279.88043600000003</x2>
			<y2>227.000938</y2>
			<x3>284.536359</x3>
			<y3>232.762875</y3>
			<x4>291.691913</x4>
			<y4>233.514955</y4>
			<x5>295.309848</x5>
			<y5>230.380161</y5>
			<x6>298.765744</x6>
			<y6>220</y6>
			<x7>279.74476</x7>
			<y7>220</y7>
		</polygon>
	</object>
	<object>
		<name>greenapple</name>
		<pose>Unspecified</pose>
		<truncated>0</truncated>
		<difficult>0</difficult>
		<occluded>0</occluded>
		<bndbox>
			<xmin>262</xmin>
			<xmax>285</xmax>
			<ymin>348</ymin>
			<ymax>379</ymax>
		</bndbox>
		<polygon>
			<x1>283.386803</x1>
			<y1>368.85040100000003</y1>
			<x2>284.015234</x2>
			<y2>356.613762</y2>
			<x3>279.542017</x3>
			<y3>349.1135</y3>
			<x4>269.875796</x4>
			<y4>347.218776</y4>
			<x5>262.639925</x5>
			<y5>353.488364</y5>
			<x6>260.619132</x6>
			<y6>366.457422</y6>
			<x7>266.769807</x7>
			<y7>376.770284</y7>
			<x8>275.876876</x8>
			<y8>377.727475</y8>
			<x9>283.386803</x9>
			<y9>368.85040100000003</y9>
		</polygon>
	</object>
</annotation>
