<annotation>
	<folder></folder>
	<filename>image_179_png.rf.cb458e931f43eee01de9a0e5c3ff61c7.jpg</filename>
	<path>image_179_png.rf.cb458e931f43eee01de9a0e5c3ff61c7.jpg</path>
	<source>
		<database>roboflow.ai</database>
	</source>
	<size>
		<width>416</width>
		<height>416</height>
		<depth>3</depth>
	</size>
	<segmented>0</segmented>
	<object>
		<name>orange</name>
		<pose>Unspecified</pose>
		<truncated>0</truncated>
		<difficult>0</difficult>
		<occluded>0</occluded>
		<bndbox>
			<xmin>205</xmin>
			<xmax>230</xmax>
			<ymin>67</ymin>
			<ymax>99</ymax>
		</bndbox>
		<polygon>
			<x1>226.594207</x1>
			<y1>90.659539</y1>
			<x2>229.197382</x2>
			<y2>78.526194</y2>
			<x3>225.613875</x3>
			<y3>68.401235</y3>
			<x4>216.604327</x4>
			<y4>65.681872</y4>
			<x5>208.26329</x5>
			<y5>69.236247</y5>
			<x6>204.070334</x6>
			<y6>83.861131</y6>
			<x7>208.875115</x7>
			<y7>95.000662</y7>
			<x8>217.227964</x8>
			<y8>97.651003</y8>
			<x9>226.594207</x9>
			<y9>90.659539</y9>
		</polygon>
	</object>
	<object>
		<name>mango</name>
		<pose>Unspecified</pose>
		<truncated>0</truncated>
		<difficult>0</difficult>
		<occluded>0</occluded>
		<bndbox>
			<xmin>327</xmin>
			<xmax>412</xmax>
			<ymin>14</ymin>
			<ymax>84</ymax>
		</bndbox>
		<polygon>
			<x1>353.210874</x1>
			<y1>25.135934</y1>
			<x2>330.457873</x2>
			<y2>45.785975</y2>
			<x3>325.608217</x3>
			<y3>60.341837</y3>
			<x4>329.191723</x4>
			<y4>70.466796</y4>
			<x5>342.061158</x5>
			<y5>80.681535</y5>
			<x6>361.762164</x6>
			<y6>82.752194</y6>
			<x7>386.981338</x7>
			<y7>76.54073</y7>
			<x8>400.748416</x8>
			<y8>65.580758</y8>
			<x9>410.194974</x9>
			<y9>51.50805</y9>
			<x10>410.908363</x10>
			<y10>32.086395</y10>
			<x11>401.126362</x11>
			<y11>17.765105</y11>
			<x12>379.074936</x12>
			<y12>12.788775</y12>
			<x13>353.210874</x13>
			<y13>25.135934</y13>
		</polygon>
	</object>
	<object>
		<name>orange</name>
		<pose>Unspecified</pose>
		<truncated>0</truncated>
		<difficult>0</difficult>
		<occluded>0</occluded>
		<bndbox>
			<xmin>320</xmin>
			<xmax>344</xmax>
			<ymin>139</ymin>
			<ymax>170</ymax>
		</bndbox>
		<polygon>
			<x1>323.090105</x1>
			<y1>166.422456</y1>
			<x2>331.442954</x2>
			<y2>169.072796</y2>
			<x3>340.06037</x3>
			<y3>162.888838</y3>
			<x4>342.847799</x4>
			<y4>149.002437</y4>
			<x5>340.301312</x5>
			<y5>141.645106</y5>
			<x6>332.040591</x6>
			<y6>138.118237</y6>
			<x7>325.289335</x7>
			<y7>139.181073</y7>
			<x8>320.796373</x8>
			<y8>144.026107</y8>
			<x9>318.757772</x9>
			<y9>157.105002</y9>
			<x10>323.090105</x10>
			<y10>166.422456</y10>
		</polygon>
	</object>
	<object>
		<name>redapple</name>
		<pose>Unspecified</pose>
		<truncated>0</truncated>
		<difficult>0</difficult>
		<occluded>0</occluded>
		<bndbox>
			<xmin>54</xmin>
			<xmax>123</xmax>
			<ymin>258</ymin>
			<ymax>339</ymax>
		</bndbox>
		<polygon>
			<x1>81.251062</x1>
			<y1>256.7786</y1>
			<x2>67.380045</x2>
			<y2>262.410383</y2>
			<x3>59.339014</x3>
			<y3>275.74460799999997</y3>
			<x4>53.648404</x4>
			<y4>291.984504</y4>
			<x5>53.315336</x5>
			<y5>314.104764</y5>
			<x6>61.219363</x6>
			<y6>327.34246</y6>
			<x7>72.210824</x7>
			<y7>336.473605</y7>
			<x8>92.660657</x8>
			<y8>337.736759</y8>
			<x9>108.317521</x9>
			<y9>334.06509800000003</y9>
			<x10>121.023954</x10>
			<y10>307.928066</y10>
			<x11>122.497983</x11>
			<y11>293.903622</y11>
			<x12>106.689928</x12>
			<y12>267.428229</y12>
			<x13>92.979538</x13>
			<y13>258.897523</y13>
			<x14>81.251062</x14>
			<y14>256.7786</y14>
		</polygon>
	</object>
	<object>
		<name>mango</name>
		<pose>Unspecified</pose>
		<truncated>0</truncated>
		<difficult>0</difficult>
		<occluded>0</occluded>
		<bndbox>
			<xmin>356</xmin>
			<xmax>410</xmax>
			<ymin>312</ymin>
			<ymax>374</ymax>
		</bndbox>
		<polygon>
			<x1>385.567408</x1>
			<y1>310.733873</y1>
			<x2>366.534916</x2>
			<y2>314.936952</y2>
			<x3>357.929312</x3>
			<y3>327.325627</y3>
			<x4>354.57731</x4>
			<y4>340.266477</y4>
			<x5>355.914336</x5>
			<y5>352.81395399999997</y5>
			<x6>361.467943</x6>
			<y6>363.145979</y6>
			<x7>372.551532</x7>
			<y7>371.400597</y7>
			<x8>383.623308</x8>
			<y8>373.45049900000004</y8>
			<x9>396.088799</x9>
			<y9>368.55719899999997</y9>
			<x10>402.079414</x10>
			<y10>362.097153</y10>
			<x11>407.30939</x11>
			<y11>350.239896</y11>
			<x12>408.691292</x12>
			<y12>337.09198000000004</y12>
			<x13>400.68332499999997</x13>
			<y13>318.526094</y13>
			<x14>385.567408</x14>
			<y14>310.733873</y14>
		</polygon>
	</object>
</annotation>
