<annotation>
	<folder></folder>
	<filename>image_91_png.rf.1ffc1bd93ba84ec091a8d4014f87e5dc.jpg</filename>
	<path>image_91_png.rf.1ffc1bd93ba84ec091a8d4014f87e5dc.jpg</path>
	<source>
		<database>roboflow.ai</database>
	</source>
	<size>
		<width>416</width>
		<height>416</height>
		<depth>3</depth>
	</size>
	<segmented>0</segmented>
	<object>
		<name>greenapple</name>
		<pose>Unspecified</pose>
		<truncated>0</truncated>
		<difficult>0</difficult>
		<occluded>0</occluded>
		<bndbox>
			<xmin>62</xmin>
			<xmax>86</xmax>
			<ymin>1</ymin>
			<ymax>13</ymax>
		</bndbox>
		<polygon>
			<x1>61.29523</x1>
			<y1>0</y1>
			<x2>61.777729</x2>
			<y2>3.43316</y2>
			<x3>70.429689</x3>
			<y3>12.133454</y3>
			<x4>79.701909</x4>
			<y4>10.830328</y4>
			<x5>84.668699</x5>
			<y5>2.920476</y5>
			<x6>84.396793</x6>
			<y6>0</y6>
			<x7>61.29523</x7>
			<y7>0</y7>
		</polygon>
	</object>
	<object>
		<name>redapple</name>
		<pose>Unspecified</pose>
		<truncated>0</truncated>
		<difficult>0</difficult>
		<occluded>0</occluded>
		<bndbox>
			<xmin>213</xmin>
			<xmax>288</xmax>
			<ymin>73</ymin>
			<ymax>134</ymax>
		</bndbox>
		<polygon>
			<x1>284.331137</x1>
			<y1>133</y1>
			<x2>287.296264</x2>
			<y2>122.068691</y2>
			<x3>284.770357</x3>
			<y3>108.901529</y3>
			<x4>259.517877</x4>
			<y4>78.194408</y4>
			<x5>247.26482900000002</x5>
			<y5>72.704646</y5>
			<x6>234.30838</x6>
			<y6>71.821126</y6>
			<x7>221.393972</x7>
			<y7>80.847944</y7>
			<x8>211.792013</x8>
			<y8>103.832858</y8>
			<x9>213.614518</x9>
			<y9>121.606261</y9>
			<x10>218.962556</x10>
			<y10>133</y10>
			<x11>284.331137</x11>
			<y11>133</y11>
		</polygon>
	</object>
	<object>
		<name>orange</name>
		<pose>Unspecified</pose>
		<truncated>0</truncated>
		<difficult>0</difficult>
		<occluded>0</occluded>
		<bndbox>
			<xmin>202</xmin>
			<xmax>258</xmax>
			<ymin>177</ymin>
			<ymax>250</ymax>
		</bndbox>
		<polygon>
			<x1>239.065766</x1>
			<y1>176.387314</y1>
			<x2>214.850193</x2>
			<y2>177.086161</y2>
			<x3>205.785353</x3>
			<y3>184.67048</y3>
			<x4>200.901703</x4>
			<y4>197.97751</y4>
			<x5>202.93159</x5>
			<y5>222.032106</y5>
			<x6>207.568642</x6>
			<y6>235.80404199999998</y6>
			<x7>214.89600000000002</x7>
			<y7>244.690497</y7>
			<x8>223.589059</x8>
			<y8>248.87762800000002</y8>
			<x9>244.78270600000002</x9>
			<y9>245.899056</y9>
			<x10>251.322581</x10>
			<y10>239.571075</y10>
			<x11>256.206229</x11>
			<y11>226.264044</y11>
			<x12>257.240311</x12>
			<y12>214.399513</y12>
			<x13>253.844721</x13>
			<y13>195.044238</y13>
			<x14>245.896163</x14>
			<y14>181.737704</y14>
			<x15>239.065766</x15>
			<y15>176.387314</y15>
		</polygon>
	</object>
	<object>
		<name>capsicum</name>
		<pose>Unspecified</pose>
		<truncated>0</truncated>
		<difficult>0</difficult>
		<occluded>0</occluded>
		<bndbox>
			<xmin>325</xmin>
			<xmax>351</xmax>
			<ymin>264</ymin>
			<ymax>300</ymax>
		</bndbox>
		<polygon>
			<x1>333.990731</x1>
			<y1>299.16950499999996</y1>
			<x2>345.12561600000004</x2>
			<y2>296.703121</y2>
			<x3>349.88502500000004</x3>
			<y3>282.512075</y3>
			<x4>348.683722</x4>
			<y4>269.158753</y4>
			<x5>343.05368699999997</x5>
			<y5>262.73818700000004</y5>
			<x6>330.46996</x6>
			<y6>264.506714</y6>
			<x7>326.744632</x7>
			<y7>266.83322899999996</y7>
			<x8>324.427048</x8>
			<y8>274.37076</y8>
			<x9>328.89875900000004</x9>
			<y9>291.771841</y9>
			<x10>333.990731</x10>
			<y10>299.16950499999996</y10>
		</polygon>
	</object>
</annotation>
