<annotation>
	<folder></folder>
	<filename>image_167_png.rf.3d38d3a35860816e350086c5005e66ee.jpg</filename>
	<path>image_167_png.rf.3d38d3a35860816e350086c5005e66ee.jpg</path>
	<source>
		<database>roboflow.ai</database>
	</source>
	<size>
		<width>416</width>
		<height>416</height>
		<depth>3</depth>
	</size>
	<segmented>0</segmented>
	<object>
		<name>greenapple</name>
		<pose>Unspecified</pose>
		<truncated>0</truncated>
		<difficult>0</difficult>
		<occluded>0</occluded>
		<bndbox>
			<xmin>32</xmin>
			<xmax>78</xmax>
			<ymin>1</ymin>
			<ymax>37</ymax>
		</bndbox>
		<polygon>
			<x1>31.161424</x1>
			<y1>0</y1>
			<x2>31.945522</x2>
			<y2>20.317391</y2>
			<x3>40.235352</x3>
			<y3>32.374552</y3>
			<x4>47.959883</x4>
			<y4>36.347559</y4>
			<x5>67.370971</x5>
			<y5>33.18494</y5>
			<x6>74.027714</x6>
			<y6>21.887875</y6>
			<x7>77.002004</x7>
			<y7>6.335155</y7>
			<x8>76.559007</x8>
			<y8>0</y8>
			<x9>31.161424</x9>
			<y9>0</y9>
		</polygon>
	</object>
	<object>
		<name>mango</name>
		<pose>Unspecified</pose>
		<truncated>0</truncated>
		<difficult>0</difficult>
		<occluded>0</occluded>
		<bndbox>
			<xmin>26</xmin>
			<xmax>110</xmax>
			<ymin>255</ymin>
			<ymax>330</ymax>
		</bndbox>
		<polygon>
			<x1>49.281365</x1>
			<y1>268.23149</y1>
			<x2>27.524098</x2>
			<y2>295.929225</y2>
			<x3>25.223487</x3>
			<y3>311.434837</y3>
			<x4>33.513317</x4>
			<y4>323.491999</y4>
			<x5>46.752907</x5>
			<y5>328.884618</y5>
			<x6>68.921524</x6>
			<y6>326.431806</y6>
			<x7>86.671196</x7>
			<y7>318.872207</y7>
			<x8>101.160851</x8>
			<y8>303.416885</y8>
			<x9>109.147712</x9>
			<y9>282.097861</y9>
			<x10>103.849414</x10>
			<y10>264.41572</y10>
			<x11>88.885599</x11>
			<y11>253.72788</y11>
			<x12>70.633438</x12>
			<y12>254.101564</y12>
			<x13>49.281365</x13>
			<y13>268.23149</y13>
		</polygon>
	</object>
	<object>
		<name>greenapple</name>
		<pose>Unspecified</pose>
		<truncated>0</truncated>
		<difficult>0</difficult>
		<occluded>0</occluded>
		<bndbox>
			<xmin>171</xmin>
			<xmax>347</xmax>
			<ymin>109</ymin>
			<ymax>320</ymax>
		</bndbox>
		<polygon>
			<x1>294.535448</x1>
			<y1>313.26432</y1>
			<x2>319.80397600000003</x2>
			<y2>297.055265</y2>
			<x3>333.05465200000003</x3>
			<y3>273.562896</y3>
			<x4>340.179401</x4>
			<y4>249.596262</y4>
			<x5>345.81392600000004</x5>
			<y5>213.999622</y5>
			<x6>344.271978</x6>
			<y6>172.58639</y6>
			<x7>332.453645</x7>
			<y7>139.112804</y7>
			<x8>316.062418</x8>
			<y8>117.693199</y8>
			<x9>286.951331</x9>
			<y9>107.994633</y9>
			<x10>244.321081</x10>
			<y10>108.267736</y10>
			<x11>202.25613199999998</x11>
			<y11>116.624993</y11>
			<x12>182.753906</x12>
			<y12>137.846619</y12>
			<x13>175.126669</x13>
			<y13>154.627337</y13>
			<x14>170.445395</x14>
			<y14>174.81258</y14>
			<x15>170.245876</x15>
			<y15>201.00285</y15>
			<x16>175.013359</x16>
			<y16>230.45632</y16>
			<x17>182.709562</x17>
			<y17>253.386572</y17>
			<x18>194.510654</x18>
			<y18>276.932414</y18>
			<x19>208.018729</x19>
			<y19>295.845734</y19>
			<x20>223.170977</x20>
			<y20>309.228293</y20>
			<x21>239.293719</x21>
			<y21>317.127198</y21>
			<x22>253.629424</x22>
			<y22>318.832642</y22>
			<x23>294.535448</x23>
			<y23>313.26432</y23>
		</polygon>
	</object>
	<object>
		<name>redapple</name>
		<pose>Unspecified</pose>
		<truncated>0</truncated>
		<difficult>0</difficult>
		<occluded>0</occluded>
		<bndbox>
			<xmin>261</xmin>
			<xmax>336</xmax>
			<ymin>340</ymin>
			<ymax>417</ymax>
		</bndbox>
		<polygon>
			<x1>327.357013</x1>
			<y1>416</y1>
			<x2>335.04888800000003</x2>
			<y2>391.155899</y2>
			<x3>331.286382</x3>
			<y3>376.074261</y3>
			<x4>309.488475</x4>
			<y4>345.103778</y4>
			<x5>295.51239499999997</x5>
			<y5>338.860028</y5>
			<x6>280.62863300000004</x6>
			<y6>338.99817</y6>
			<x7>265.59092</x7>
			<y7>356.297079</y7>
			<x8>259.921911</x8>
			<y8>372.038234</y8>
			<x9>261.05251</x9>
			<y9>388.206545</y9>
			<x10>270.64413</x10>
			<y10>409.19899399999997</y10>
			<x11>277.863553</x11>
			<y11>416</y11>
			<x12>327.357013</x12>
			<y12>416</y12>
		</polygon>
	</object>
	<object>
		<name>capsicum</name>
		<pose>Unspecified</pose>
		<truncated>0</truncated>
		<difficult>0</difficult>
		<occluded>0</occluded>
		<bndbox>
			<xmin>121</xmin>
			<xmax>147</xmax>
			<ymin>340</ymin>
			<ymax>393</ymax>
		</bndbox>
		<polygon>
			<x1>120</x1>
			<y1>383.67663</y1>
			<x2>123.18219</x2>
			<y2>391.528955</y2>
			<x3>137.455084</x3>
			<y3>392.33616</y3>
			<x4>144.111828</x4>
			<y4>381.039096</y4>
			<x5>146.206764</x5>
			<y5>352.911022</y5>
			<x6>139.875161</x6>
			<y6>339.814295</y6>
			<x7>127.623306</x7>
			<y7>338.865765</y7>
			<x8>120</x8>
			<y8>343.642757</y8>
			<x9>120</x9>
			<y9>383.67663</y9>
		</polygon>
	</object>
	<object>
		<name>greenapple</name>
		<pose>Unspecified</pose>
		<truncated>0</truncated>
		<difficult>0</difficult>
		<occluded>0</occluded>
		<bndbox>
			<xmin>394</xmin>
			<xmax>417</xmax>
			<ymin>333</ymin>
			<ymax>356</ymax>
		</bndbox>
		<polygon>
			<x1>416</x1>
			<y1>332</y1>
			<x2>393.21982</x2>
			<y2>332</y2>
			<x3>393.19594</x3>
			<y3>332.029329</y3>
			<x4>392.727935</x4>
			<y4>344.698899</y4>
			<x5>399.481972</x5>
			<y5>354.155559</y5>
			<x6>410.386468</x6>
			<y6>355.198305</y6>
			<x7>416</x7>
			<y7>346.511103</y7>
			<x8>416</x8>
			<y8>332</y8>
		</polygon>
	</object>
</annotation>
