<annotation>
	<folder></folder>
	<filename>image_50_png.rf.57562dc8350075cf9b10d73c12329105.jpg</filename>
	<path>image_50_png.rf.57562dc8350075cf9b10d73c12329105.jpg</path>
	<source>
		<database>roboflow.ai</database>
	</source>
	<size>
		<width>416</width>
		<height>416</height>
		<depth>3</depth>
	</size>
	<segmented>0</segmented>
	<object>
		<name>mango</name>
		<pose>Unspecified</pose>
		<truncated>0</truncated>
		<difficult>0</difficult>
		<occluded>0</occluded>
		<bndbox>
			<xmin>8</xmin>
			<xmax>60</xmax>
			<ymin>1</ymin>
			<ymax>24</ymax>
		</bndbox>
		<polygon>
			<x1>6.823961</x1>
			<y1>0</y1>
			<x2>7.521762</x2>
			<y2>3.43699</y2>
			<x3>12.493148</x3>
			<y3>12.317845</y3>
			<x4>22.656083</x4>
			<y4>19.904301</y4>
			<x5>36.497767</x5>
			<y5>22.893411</y5>
			<x6>44.934036</x6>
			<y6>20.790013</y6>
			<x7>55.752215</x7>
			<y7>11.652509</y7>
			<x8>59.216048</x8>
			<y8>3.428616</y8>
			<x9>59.376678</x9>
			<y9>0</y9>
			<x10>6.823961</x10>
			<y10>0</y10>
		</polygon>
	</object>
	<object>
		<name>greenapple</name>
		<pose>Unspecified</pose>
		<truncated>0</truncated>
		<difficult>0</difficult>
		<occluded>0</occluded>
		<bndbox>
			<xmin>311</xmin>
			<xmax>338</xmax>
			<ymin>1</ymin>
			<ymax>19</ymax>
		</bndbox>
		<polygon>
			<x1>310.013333</x1>
			<y1>0</y1>
			<x2>312.022133</x2>
			<y2>10.200618</y2>
			<x3>320.238237</x3>
			<y3>18.272474</y3>
			<x4>332.351155</x4>
			<y4>17.09245</y4>
			<x5>337.11287500000003</x5>
			<y5>8.544957</y5>
			<x6>336.383401</x6>
			<y6>0</y6>
			<x7>310.013333</x7>
			<y7>0</y7>
		</polygon>
	</object>
	<object>
		<name>orange</name>
		<pose>Unspecified</pose>
		<truncated>0</truncated>
		<difficult>0</difficult>
		<occluded>0</occluded>
		<bndbox>
			<xmin>109</xmin>
			<xmax>246</xmax>
			<ymin>317</ymin>
			<ymax>417</ymax>
		</bndbox>
		<polygon>
			<x1>245</x1>
			<y1>416</y1>
			<x2>245</x2>
			<y2>338.256011</y2>
			<x3>222.712276</x3>
			<y3>321.271173</y3>
			<x4>193.946985</x4>
			<y4>316.482739</y4>
			<x5>149.38793</x5>
			<y5>322.992396</y5>
			<x6>136.839934</x6>
			<y6>330.721126</y6>
			<x7>122.990901</x7>
			<y7>347.054537</y7>
			<x8>112.382386</x8>
			<y8>373.620389</y8>
			<x9>109.348383</x9>
			<y9>389.097375</y9>
			<x10>107.82508</x10>
			<y10>413.398029</y10>
			<x11>108.125056</x11>
			<y11>416</y11>
			<x12>245</x12>
			<y12>416</y12>
		</polygon>
	</object>
</annotation>
