<annotation>
	<folder></folder>
	<filename>image_60_png.rf.e1eb802282bb3c36b4eca4d4d2ba778e.jpg</filename>
	<path>image_60_png.rf.e1eb802282bb3c36b4eca4d4d2ba778e.jpg</path>
	<source>
		<database>roboflow.ai</database>
	</source>
	<size>
		<width>416</width>
		<height>416</height>
		<depth>3</depth>
	</size>
	<segmented>0</segmented>
	<object>
		<name>capsicum</name>
		<pose>Unspecified</pose>
		<truncated>0</truncated>
		<difficult>0</difficult>
		<occluded>0</occluded>
		<bndbox>
			<xmin>10</xmin>
			<xmax>35</xmax>
			<ymin>38</ymin>
			<ymax>74</ymax>
		</bndbox>
		<polygon>
			<x1>34.21507</x1>
			<y1>61.10904</y1>
			<x2>31.426802</x2>
			<y2>41.536919</y2>
			<x3>27.026853</x3>
			<y3>36.972669</y3>
			<x4>16.525965</x4>
			<y4>39.204702</y4>
			<x5>9.112416</x5>
			<y5>46.279988</y5>
			<x6>10.50655</x6>
			<y6>56.066049</y6>
			<x7>16.956938</x7>
			<y7>70.276857</y7>
			<x8>27.919942</x8>
			<y8>73.446086</y8>
			<x9>34.21507</x9>
			<y9>61.10904</y9>
		</polygon>
	</object>
	<object>
		<name>greenapple</name>
		<pose>Unspecified</pose>
		<truncated>0</truncated>
		<difficult>0</difficult>
		<occluded>0</occluded>
		<bndbox>
			<xmin>217</xmin>
			<xmax>259</xmax>
			<ymin>1</ymin>
			<ymax>33</ymax>
		</bndbox>
		<polygon>
			<x1>215.553055</x1>
			<y1>0</y1>
			<x2>217.659065</x2>
			<y2>20.38797</y2>
			<x3>224.773545</x3>
			<y3>28.041553</y3>
			<x4>233.767632</x4>
			<y4>31.629287</y4>
			<x5>251.957781</x5>
			<y5>26.84627</y5>
			<x6>258.25291</x6>
			<y6>14.509225</y6>
			<x7>258.011552</x7>
			<y7>0</y7>
			<x8>215.553055</x8>
			<y8>0</y8>
		</polygon>
	</object>
	<object>
		<name>orange</name>
		<pose>Unspecified</pose>
		<truncated>0</truncated>
		<difficult>0</difficult>
		<occluded>0</occluded>
		<bndbox>
			<xmin>364</xmin>
			<xmax>417</xmax>
			<ymin>1</ymin>
			<ymax>29</ymax>
		</bndbox>
		<polygon>
			<x1>416</x1>
			<y1>0</y1>
			<x2>362.981815</x2>
			<y2>0</y2>
			<x3>363.156908</x3>
			<y3>1.377004</y3>
			<x4>367.362667</x4>
			<y4>11.482017</y4>
			<x5>376.721775</x5>
			<y5>23.241396</y5>
			<x6>385.902266</x6>
			<y6>27.706091</y6>
			<x7>399.587587</x7>
			<y7>27.54693</y7>
			<x8>410.65547100000003</x8>
			<y8>21.528053</y8>
			<x9>416</x9>
			<y9>12.665125</y9>
			<x10>416</x10>
			<y10>0</y10>
		</polygon>
	</object>
	<object>
		<name>orange</name>
		<pose>Unspecified</pose>
		<truncated>0</truncated>
		<difficult>0</difficult>
		<occluded>0</occluded>
		<bndbox>
			<xmin>125</xmin>
			<xmax>171</xmax>
			<ymin>340</ymin>
			<ymax>417</ymax>
		</bndbox>
		<polygon>
			<x1>170</x1>
			<y1>350.637501</y1>
			<x2>162.595321</x2>
			<y2>342.104191</y2>
			<x3>155.100249</x3>
			<y3>339.114412</y3>
			<x4>138.789706</x4>
			<y4>339.831581</y4>
			<x5>130.719851</x5>
			<y5>347.046369</y5>
			<x6>125.081028</x6>
			<y6>359.243912</y6>
			<x7>123.65575</x7>
			<y7>375.128745</y7>
			<x8>129.531356</x8>
			<y8>399.54412</y8>
			<x9>139.263272</x9>
			<y9>413.057419</y9>
			<x10>146.640024</x10>
			<y10>416</y10>
			<x11>155.604747</x11>
			<y11>416</y11>
			<x12>170</x12>
			<y12>412.940195</y12>
			<x13>170</x13>
			<y13>350.637501</y13>
		</polygon>
	</object>
	<object>
		<name>greenapple</name>
		<pose>Unspecified</pose>
		<truncated>0</truncated>
		<difficult>0</difficult>
		<occluded>0</occluded>
		<bndbox>
			<xmin>50</xmin>
			<xmax>76</xmax>
			<ymin>177</ymin>
			<ymax>208</ymax>
		</bndbox>
		<polygon>
			<x1>74.942128</x1>
			<y1>197.58399500000002</y1>
			<x2>72.332478</x2>
			<y2>185.306556</y2>
			<x3>65.501496</x3>
			<y3>175.759551</y3>
			<x4>56.596718</x4>
			<y4>175.819157</y4>
			<x5>48.713265</x5>
			<y5>183.910905</y5>
			<x6>50.942323</x6>
			<y6>200.852148</y6>
			<x7>59.839316</x7>
			<y7>207.210265</y7>
			<x8>72.122716</x8>
			<y8>203.68276600000002</y8>
			<x9>74.942128</x9>
			<y9>197.58399500000002</y9>
		</polygon>
	</object>
	<object>
		<name>mango</name>
		<pose>Unspecified</pose>
		<truncated>0</truncated>
		<difficult>0</difficult>
		<occluded>0</occluded>
		<bndbox>
			<xmin>181</xmin>
			<xmax>235</xmax>
			<ymin>246</ymin>
			<ymax>308</ymax>
		</bndbox>
		<polygon>
			<x1>206.391717</x1>
			<y1>244.599636</y1>
			<x2>197.203441</x2>
			<y2>246.552665</y2>
			<x3>188.574374</x3>
			<y3>251.136573</y3>
			<x4>181.720035</x4>
			<y4>260.842738</y4>
			<x5>179.735546</x5>
			<y5>274.096692</y5>
			<x6>182.807313</x6>
			<y6>291.775392</y6>
			<x7>188.795585</x7>
			<y7>300.58493899999996</y7>
			<x8>199.005189</x8>
			<y8>306.66405199999997</y8>
			<x9>217.657455</x9>
			<y9>307.282296</y9>
			<x10>228.352532</x10>
			<y10>299.5095</y10>
			<x11>233.707857</x11>
			<y11>289.205379</y11>
			<x12>233.17200400000002</x12>
			<y12>267.321328</y12>
			<x13>226.438117</x13>
			<y13>255.003941</y13>
			<x14>218.19743</x14>
			<y14>248.506323</y14>
			<x15>206.391717</x15>
			<y15>244.599636</y15>
		</polygon>
	</object>
	<object>
		<name>orange</name>
		<pose>Unspecified</pose>
		<truncated>0</truncated>
		<difficult>0</difficult>
		<occluded>0</occluded>
		<bndbox>
			<xmin>321</xmin>
			<xmax>345</xmax>
			<ymin>189</ymin>
			<ymax>220</ymax>
		</bndbox>
		<polygon>
			<x1>344.32075</x1>
			<y1>206.116102</y1>
			<x2>341.054794</x2>
			<y2>193.978166</y2>
			<x3>334.313121</x3>
			<y3>188.078503</y3>
			<x4>325.781151</x4>
			<y4>189.89203</y4>
			<x5>319.680212</x5>
			<y5>196.688311</y5>
			<x6>321.350058</x6>
			<y6>210.998673</y6>
			<x7>329.963552</x7>
			<y7>219.250212</y7>
			<x8>340.46443899999997</x8>
			<y8>217.01818</y8>
			<x9>344.32075</x9>
			<y9>206.116102</y9>
		</polygon>
	</object>
</annotation>
