<annotation>
	<folder></folder>
	<filename>image_162_png.rf.8c94cdea2cebc5aa479175f0349a947a.jpg</filename>
	<path>image_162_png.rf.8c94cdea2cebc5aa479175f0349a947a.jpg</path>
	<source>
		<database>roboflow.ai</database>
	</source>
	<size>
		<width>416</width>
		<height>416</height>
		<depth>3</depth>
	</size>
	<segmented>0</segmented>
	<object>
		<name>orange</name>
		<pose>Unspecified</pose>
		<truncated>0</truncated>
		<difficult>0</difficult>
		<occluded>0</occluded>
		<bndbox>
			<xmin>1</xmin>
			<xmax>26</xmax>
			<ymin>223</ymin>
			<ymax>267</ymax>
		</bndbox>
		<polygon>
			<x1>0</x1>
			<y1>266</y1>
			<x2>23.915723</x2>
			<y2>266</y2>
			<x3>24.683028</x3>
			<y3>262.698091</y3>
			<x4>23.716375</x4>
			<y4>242.406943</y4>
			<x5>11.510653</x5>
			<y5>222.801107</y5>
			<x6>0</x6>
			<y6>221.790328</y6>
			<x7>0</x7>
			<y7>266</y7>
		</polygon>
	</object>
	<object>
		<name>greenapple</name>
		<pose>Unspecified</pose>
		<truncated>0</truncated>
		<difficult>0</difficult>
		<occluded>0</occluded>
		<bndbox>
			<xmin>88</xmin>
			<xmax>112</xmax>
			<ymin>45</ymin>
			<ymax>76</ymax>
		</bndbox>
		<polygon>
			<x1>110.67104</x1>
			<y1>65.863725</y1>
			<x2>110.886385</x2>
			<y2>53.526621</y2>
			<x3>103.777817</x3>
			<y3>44.587639</y3>
			<x4>95.194998</x4>
			<y4>44.437825</y4>
			<x5>88.469775</x5>
			<y5>51.372357</y5>
			<x6>86.933996</x6>
			<y6>63.686412</y6>
			<x7>95.316853</x7>
			<y7>75.292108</y7>
			<x8>104.57527</x8>
			<y8>74.572224</y8>
			<x9>110.67104</x9>
			<y9>65.863725</y9>
		</polygon>
	</object>
	<object>
		<name>redapple</name>
		<pose>Unspecified</pose>
		<truncated>0</truncated>
		<difficult>0</difficult>
		<occluded>0</occluded>
		<bndbox>
			<xmin>196</xmin>
			<xmax>262</xmax>
			<ymin>1</ymin>
			<ymax>67</ymax>
		</bndbox>
		<polygon>
			<x1>195</x1>
			<y1>0</y1>
			<x2>195</x2>
			<y2>43.0832</y2>
			<x3>195.740583</x3>
			<y3>45.061845</y3>
			<x4>205.428491</x4>
			<y4>57.571811</y4>
			<x5>219.830208</x5>
			<y5>64.875116</y5>
			<x6>236.320249</x6>
			<y6>66.044441</y6>
			<x7>252.964107</x7>
			<y7>58.401548</y7>
			<x8>261.286637</x8>
			<y8>35.628074</y8>
			<x9>261.440454</x9>
			<y9>26.815857</y9>
			<x10>257.018899</x10>
			<y10>15.279307</y10>
			<x11>246.32080100000002</x11>
			<y11>0</y11>
			<x12>195</x12>
			<y12>0</y12>
		</polygon>
	</object>
	<object>
		<name>greenapple</name>
		<pose>Unspecified</pose>
		<truncated>0</truncated>
		<difficult>0</difficult>
		<occluded>0</occluded>
		<bndbox>
			<xmin>198</xmin>
			<xmax>244</xmax>
			<ymin>135</ymin>
			<ymax>198</ymax>
		</bndbox>
		<polygon>
			<x1>205.715946</x1>
			<y1>192.444828</y1>
			<x2>222.144459</x2>
			<y2>197.139039</y2>
			<x3>236.807667</x3>
			<y3>189.461575</y3>
			<x4>243.349509</x4>
			<y4>155.197646</y4>
			<x5>234.35258</x5>
			<y5>140.936761</y5>
			<x6>217.970213</x6>
			<y6>133.598884</y6>
			<x7>209.986083</x7>
			<y7>136.985481</y7>
			<x8>204.565912</x8>
			<y8>144.824283</y8>
			<x9>197.42538</x9>
			<y9>175.551802</y9>
			<x10>205.715946</x10>
			<y10>192.444828</y10>
		</polygon>
	</object>
	<object>
		<name>orange</name>
		<pose>Unspecified</pose>
		<truncated>0</truncated>
		<difficult>0</difficult>
		<occluded>0</occluded>
		<bndbox>
			<xmin>346</xmin>
			<xmax>401</xmax>
			<ymin>155</ymin>
			<ymax>228</ymax>
		</bndbox>
		<polygon>
			<x1>368.85224500000004</x1>
			<y1>153.862343</y1>
			<x2>358.22724800000003</x2>
			<y2>157.202844</y2>
			<x3>348.75348399999996</x3>
			<y3>170.259832</y3>
			<x4>344.515311</x4>
			<y4>186.052678</y4>
			<x5>345.52810999999997</x5>
			<y5>203.70016</y5>
			<x6>351.208571</x6>
			<y6>218.784646</y6>
			<x7>359.652955</x7>
			<y7>226.865454</y7>
			<x8>384.741196</x8>
			<y8>227.303371</y8>
			<x9>395.50463</x9>
			<y9>216.031875</y9>
			<x10>399.665894</x10>
			<y10>204.645138</y10>
			<x11>400.127347</x11>
			<y11>178.208487</y11>
			<x12>395.060958</x12>
			<y12>165.779191</y12>
			<x13>387.292172</x13>
			<y13>156.828684</y13>
			<x14>368.85224500000004</x14>
			<y14>153.862343</y14>
		</polygon>
	</object>
	<object>
		<name>redapple</name>
		<pose>Unspecified</pose>
		<truncated>0</truncated>
		<difficult>0</difficult>
		<occluded>0</occluded>
		<bndbox>
			<xmin>1</xmin>
			<xmax>173</xmax>
			<ymin>267</ymin>
			<ymax>417</ymax>
		</bndbox>
		<polygon>
			<x1>0</x1>
			<y1>266</y1>
			<x2>0</x2>
			<y2>416</y2>
			<x3>163.718655</x3>
			<y3>416</y3>
			<x4>170.681336</x4>
			<y4>370.468015</y4>
			<x5>172.049116</x5>
			<y5>329.943341</y5>
			<x6>169.301775</x6>
			<y6>298.161738</y6>
			<x7>164.481494</x7>
			<y7>271.632894</y7>
			<x8>162.360278</x8>
			<y8>266</y8>
			<x9>0</x9>
			<y9>266</y9>
		</polygon>
	</object>
	<object>
		<name>orange</name>
		<pose>Unspecified</pose>
		<truncated>0</truncated>
		<difficult>0</difficult>
		<occluded>0</occluded>
		<bndbox>
			<xmin>196</xmin>
			<xmax>232</xmax>
			<ymin>267</ymin>
			<ymax>307</ymax>
		</bndbox>
		<polygon>
			<x1>195</x1>
			<y1>266</y1>
			<x2>195</x2>
			<y2>304.759845</y2>
			<x3>200.899247</x3>
			<y3>306.34612</y3>
			<x4>216.114998</x4>
			<y4>304.848732</y4>
			<x5>224.176038</x5>
			<y5>297.056027</y5>
			<x6>229.673117</x6>
			<y6>284.81111599999997</y6>
			<x7>230.85655</x7>
			<y7>266</y7>
			<x8>195</x8>
			<y8>266</y8>
		</polygon>
	</object>
	<object>
		<name>redapple</name>
		<pose>Unspecified</pose>
		<truncated>0</truncated>
		<difficult>0</difficult>
		<occluded>0</occluded>
		<bndbox>
			<xmin>196</xmin>
			<xmax>229</xmax>
			<ymin>346</ymin>
			<ymax>417</ymax>
		</bndbox>
		<polygon>
			<x1>195</x1>
			<y1>416</y1>
			<x2>220.51385199999999</x2>
			<y2>416</y2>
			<x3>222.284078</x3>
			<y3>405.44629599999996</y3>
			<x4>227.76577600000002</x4>
			<y4>394.082607</y4>
			<x5>224.69541900000002</x5>
			<y5>380.806661</y5>
			<x6>204.122222</x6>
			<y6>348.713907</y6>
			<x7>195</x7>
			<y7>344.650422</y7>
			<x8>195</x8>
			<y8>416</y8>
		</polygon>
	</object>
	<object>
		<name>greenapple</name>
		<pose>Unspecified</pose>
		<truncated>0</truncated>
		<difficult>0</difficult>
		<occluded>0</occluded>
		<bndbox>
			<xmin>289</xmin>
			<xmax>313</xmax>
			<ymin>339</ymin>
			<ymax>370</ymax>
		</bndbox>
		<polygon>
			<x1>309.526198</x1>
			<y1>363.776093</y1>
			<x2>311.76833899999997</x2>
			<y2>348.829896</y2>
			<x3>307.945474</x3>
			<y3>340.829757</y3>
			<x4>298.088366</x4>
			<y4>338.01323</y4>
			<x5>290.05809</x5>
			<y5>344.043491</y5>
			<x6>288.49154799999997</x6>
			<y6>358.11999000000003</y6>
			<x7>292.97463</x7>
			<y7>366.131655</y7>
			<x8>302.831738</x8>
			<y8>368.948182</y8>
			<x9>309.526198</x9>
			<y9>363.776093</y9>
		</polygon>
	</object>
</annotation>
