<annotation>
	<folder></folder>
	<filename>image_44_png.rf.bfc3e08618f909ab0c5febb9f5cee661.jpg</filename>
	<path>image_44_png.rf.bfc3e08618f909ab0c5febb9f5cee661.jpg</path>
	<source>
		<database>roboflow.ai</database>
	</source>
	<size>
		<width>416</width>
		<height>416</height>
		<depth>3</depth>
	</size>
	<segmented>0</segmented>
	<object>
		<name>redapple</name>
		<pose>Unspecified</pose>
		<truncated>0</truncated>
		<difficult>0</difficult>
		<occluded>0</occluded>
		<bndbox>
			<xmin>365</xmin>
			<xmax>417</xmax>
			<ymin>4</ymin>
			<ymax>89</ymax>
		</bndbox>
		<polygon>
			<x1>416</x1>
			<y1>10.421137</y1>
			<x2>411.81188199999997</x2>
			<y2>6.761209</y2>
			<x3>398.051324</x3>
			<y3>3.330317</y3>
			<x4>388.443711</x4>
			<y4>5.574863</y4>
			<x5>374.69548399999996</x5>
			<y5>21.635012</y5>
			<x6>364.23062400000003</x6>
			<y6>49.649776</y6>
			<x7>364.89293399999997</x7>
			<y7>60.95089</y7>
			<x8>370.35993099999996</x8>
			<y8>72.521948</y8>
			<x9>381.50471400000004</x9>
			<y9>83.65264</y9>
			<x10>400.507389</x10>
			<y10>88.390539</y10>
			<x11>416</x11>
			<y11>86.986324</y11>
			<x12>416</x12>
			<y12>10.421137</y12>
		</polygon>
	</object>
	<object>
		<name>mango</name>
		<pose>Unspecified</pose>
		<truncated>0</truncated>
		<difficult>0</difficult>
		<occluded>0</occluded>
		<bndbox>
			<xmin>206</xmin>
			<xmax>261</xmax>
			<ymin>1</ymin>
			<ymax>54</ymax>
		</bndbox>
		<polygon>
			<x1>214.015938</x1>
			<y1>0</y1>
			<x2>205.00836</x2>
			<y2>21.087188</y2>
			<x3>209.170112</x3>
			<y3>40.684798</y3>
			<x4>221.187994</x4>
			<y4>51.10518</y4>
			<x5>233.200592</x5>
			<y5>53.172258</y5>
			<x6>249.137733</x6>
			<y6>45.081855</y6>
			<x7>256.992102</x7>
			<y7>33.120192</y7>
			<x8>259.606115</x8>
			<y8>22.635958</y8>
			<x9>253.250621</x9>
			<y9>0</y9>
			<x10>214.015938</x10>
			<y10>0</y10>
		</polygon>
	</object>
	<object>
		<name>greenapple</name>
		<pose>Unspecified</pose>
		<truncated>0</truncated>
		<difficult>0</difficult>
		<occluded>0</occluded>
		<bndbox>
			<xmin>205</xmin>
			<xmax>253</xmax>
			<ymin>126</ymin>
			<ymax>167</ymax>
		</bndbox>
		<polygon>
			<x1>247.824536</x1>
			<y1>166</y1>
			<x2>250.084809</x2>
			<y2>161.317789</y2>
			<x3>252.261391</x3>
			<y3>149.796494</y3>
			<x4>248.760188</x4>
			<y4>138.715563</y4>
			<x5>241.329159</x5>
			<y5>129.438811</y5>
			<x6>227.78643499999998</x6>
			<y6>125.134233</y6>
			<x7>220.582047</x7>
			<y7>128.905968</y7>
			<x8>212.945513</x8>
			<y8>139.993944</y8>
			<x9>203.722216</x9>
			<y9>166</y9>
			<x10>247.824536</x10>
			<y10>166</y10>
		</polygon>
	</object>
	<object>
		<name>greenapple</name>
		<pose>Unspecified</pose>
		<truncated>0</truncated>
		<difficult>0</difficult>
		<occluded>0</occluded>
		<bndbox>
			<xmin>117</xmin>
			<xmax>179</xmax>
			<ymin>268</ymin>
			<ymax>417</ymax>
		</bndbox>
		<polygon>
			<x1>178</x1>
			<y1>416</y1>
			<x2>178</x2>
			<y2>267.41549299999997</y2>
			<x3>158.164188</x3>
			<y3>275.865168</y3>
			<x4>144.849867</x4>
			<y4>287.39351</y4>
			<x5>130.885567</x5>
			<y5>307.111779</y5>
			<x6>119.115462</x6>
			<y6>343.153096</y6>
			<x7>116.29242</x7>
			<y7>368.433188</y7>
			<x8>117.622325</x8>
			<y8>399.38871800000004</y8>
			<x9>120.245187</x9>
			<y9>416</y9>
			<x10>178</x10>
			<y10>416</y10>
		</polygon>
	</object>
	<object>
		<name>orange</name>
		<pose>Unspecified</pose>
		<truncated>0</truncated>
		<difficult>0</difficult>
		<occluded>0</occluded>
		<bndbox>
			<xmin>264</xmin>
			<xmax>326</xmax>
			<ymin>167</ymin>
			<ymax>219</ymax>
		</bndbox>
		<polygon>
			<x1>267.138862</x1>
			<y1>166</y1>
			<x2>263.446225</x2>
			<y2>182.962075</y2>
			<x3>265.86001799999997</x3>
			<y3>201.195871</y3>
			<x4>269.795128</x4>
			<y4>207.74499500000002</y4>
			<x5>278.534925</x5>
			<y5>214.564063</y5>
			<x6>294.479112</x6>
			<y6>217.611396</y6>
			<x7>306.923855</x7>
			<y7>212.362234</y7>
			<x8>313.689053</x8>
			<y8>204.769003</y8>
			<x9>319.79722300000003</x9>
			<y9>194.227962</y9>
			<x10>324.589581</x10>
			<y10>175.006865</y10>
			<x11>324.061727</x11>
			<y11>166</y11>
			<x12>267.138862</x12>
			<y12>166</y12>
		</polygon>
	</object>
	<object>
		<name>redapple</name>
		<pose>Unspecified</pose>
		<truncated>0</truncated>
		<difficult>0</difficult>
		<occluded>0</occluded>
		<bndbox>
			<xmin>355</xmin>
			<xmax>417</xmax>
			<ymin>280</ymin>
			<ymax>367</ymax>
		</bndbox>
		<polygon>
			<x1>416</x1>
			<y1>295.570823</y1>
			<x2>410.924804</x2>
			<y2>289.332496</y2>
			<x3>388.42445</x3>
			<y3>279.082535</y3>
			<x4>374.88701000000003</x4>
			<y4>283.131259</y4>
			<x5>364.631179</x5>
			<y5>296.350167</y5>
			<x6>353.94496200000003</x6>
			<y6>319.66975</y6>
			<x7>353.73769500000003</x7>
			<y7>337.250042</y7>
			<x8>361.827513</x8>
			<y8>352.25903800000003</y8>
			<x9>369.694211</x9>
			<y9>359.788417</y9>
			<x10>392.628474</x10>
			<y10>365.506571</y10>
			<x11>407.91387199999997</x11>
			<y11>362.82166</y11>
			<x12>416</x12>
			<y12>350.825854</y12>
			<x13>416</x13>
			<y13>295.570823</y13>
		</polygon>
	</object>
</annotation>
