<annotation>
	<folder></folder>
	<filename>image_42_png.rf.bc9eb32155d0684ca41735fde2b46d54.jpg</filename>
	<path>image_42_png.rf.bc9eb32155d0684ca41735fde2b46d54.jpg</path>
	<source>
		<database>roboflow.ai</database>
	</source>
	<size>
		<width>416</width>
		<height>416</height>
		<depth>3</depth>
	</size>
	<segmented>0</segmented>
	<object>
		<name>orange</name>
		<pose>Unspecified</pose>
		<truncated>0</truncated>
		<difficult>0</difficult>
		<occluded>0</occluded>
		<bndbox>
			<xmin>1</xmin>
			<xmax>155</xmax>
			<ymin>1</ymin>
			<ymax>113</ymax>
		</bndbox>
		<polygon>
			<x1>4.971395</x1>
			<y1>0</y1>
			<x2>3.007284</x2>
			<y2>1.691037</y2>
			<x3>0</x3>
			<y3>6.545951</y3>
			<x4>0</x4>
			<y4>112</y4>
			<x5>153.507715</x5>
			<y5>112</y5>
			<x6>154.350231</x6>
			<y6>88.598411</y6>
			<x7>150.49878</x7>
			<y7>61.19391</y7>
			<x8>144.205503</x8>
			<y8>40.442925</y8>
			<x9>128.184145</x9>
			<y9>12.94584</y9>
			<x10>114.910142</x10>
			<y10>0</y10>
			<x11>4.971395</x11>
			<y11>0</y11>
		</polygon>
	</object>
	<object>
		<name>capsicum</name>
		<pose>Unspecified</pose>
		<truncated>0</truncated>
		<difficult>0</difficult>
		<occluded>0</occluded>
		<bndbox>
			<xmin>240</xmin>
			<xmax>266</xmax>
			<ymin>166</ymin>
			<ymax>205</ymax>
		</bndbox>
		<polygon>
			<x1>256.559382</x1>
			<y1>204.41668099999998</y1>
			<x2>260.822771</x2>
			<y2>201.113071</y2>
			<x3>265.2926</x3>
			<y3>189.66715299999998</y3>
			<x4>263.594335</x4>
			<y4>172.77776599999999</y4>
			<x5>260.199687</x5>
			<y5>167.845991</y5>
			<x6>249.643962</x6>
			<y6>164.822116</y6>
			<x7>239.25452</x7>
			<y7>172.59259600000001</y7>
			<x8>239.917763</x8>
			<y8>186.92301500000002</y8>
			<x9>245.092876</x9>
			<y9>199.717855</y9>
			<x10>256.559382</x10>
			<y10>204.41668099999998</y10>
		</polygon>
	</object>
</annotation>
