<annotation>
	<folder></folder>
	<filename>image_139_png.rf.2fa800585e0ed84e4bdbfc11d7fcbbd7.jpg</filename>
	<path>image_139_png.rf.2fa800585e0ed84e4bdbfc11d7fcbbd7.jpg</path>
	<source>
		<database>roboflow.ai</database>
	</source>
	<size>
		<width>416</width>
		<height>416</height>
		<depth>3</depth>
	</size>
	<segmented>0</segmented>
	<object>
		<name>mango</name>
		<pose>Unspecified</pose>
		<truncated>0</truncated>
		<difficult>0</difficult>
		<occluded>0</occluded>
		<bndbox>
			<xmin>1</xmin>
			<xmax>26</xmax>
			<ymin>71</ymin>
			<ymax>134</ymax>
		</bndbox>
		<polygon>
			<x1>0</x1>
			<y1>132.788536</y1>
			<x2>8.214833</x2>
			<y2>128.956649</y2>
			<x3>18.480366</x3>
			<y3>117.414389</y3>
			<x4>25.414945</x4>
			<y4>102.433939</y4>
			<x5>22.448183</x5>
			<y5>82.381821</y5>
			<x6>11.132097</x6>
			<y6>71.216269</y6>
			<x7>0</x7>
			<y7>70.386124</y7>
			<x8>0</x8>
			<y8>132.788536</y8>
		</polygon>
	</object>
	<object>
		<name>orange</name>
		<pose>Unspecified</pose>
		<truncated>0</truncated>
		<difficult>0</difficult>
		<occluded>0</occluded>
		<bndbox>
			<xmin>122</xmin>
			<xmax>172</xmax>
			<ymin>229</ymin>
			<ymax>250</ymax>
		</bndbox>
		<polygon>
			<x1>171.031334</x1>
			<y1>249</y1>
			<x2>168.493366</x2>
			<y2>241.537894</y2>
			<x3>161.131716</x3>
			<y3>232.051482</y3>
			<x4>152.553604</x4>
			<y4>227.8308</y4>
			<x5>142.743777</x5>
			<y5>228.002031</y5>
			<x6>131.032995</x6>
			<y6>231.702775</y6>
			<x7>123.976396</x7>
			<y7>239.692692</y7>
			<x8>121.021595</x8>
			<y8>249</y8>
			<x9>171.031334</x9>
			<y9>249</y9>
		</polygon>
	</object>
	<object>
		<name>orange</name>
		<pose>Unspecified</pose>
		<truncated>0</truncated>
		<difficult>0</difficult>
		<occluded>0</occluded>
		<bndbox>
			<xmin>295</xmin>
			<xmax>417</xmax>
			<ymin>80</ymin>
			<ymax>250</ymax>
		</bndbox>
		<polygon>
			<x1>416</x1>
			<y1>249</y1>
			<x2>416</x2>
			<y2>88.056808</y2>
			<x3>392.99008200000003</x3>
			<y3>79.646469</y3>
			<x4>357.644203</x4>
			<y4>78.515267</y4>
			<x5>340.732018</x5>
			<y5>84.054967</y5>
			<x6>326.527303</x6>
			<y6>94.791904</y6>
			<x7>315.638287</x7>
			<y7>108.093213</y7>
			<x8>303.624325</x8>
			<y8>131.90315</y8>
			<x9>294.485611</x9>
			<y9>170.522307</y9>
			<x10>294.36546</x10>
			<y10>201.117299</y10>
			<x11>298.807977</x11>
			<y11>230.758566</y11>
			<x12>306.98882100000003</x12>
			<y12>249</y12>
			<x13>416</x13>
			<y13>249</y13>
		</polygon>
	</object>
	<object>
		<name>greenapple</name>
		<pose>Unspecified</pose>
		<truncated>0</truncated>
		<difficult>0</difficult>
		<occluded>0</occluded>
		<bndbox>
			<xmin>87</xmin>
			<xmax>110</xmax>
			<ymin>337</ymin>
			<ymax>367</ymax>
		</bndbox>
		<polygon>
			<x1>108.021623</x1>
			<y1>359.35689</y1>
			<x2>109.131317</x2>
			<y2>347.974445</y2>
			<x3>103.71638</x3>
			<y3>337.579971</y3>
			<x4>96.492001</x4>
			<y4>335.957907</y4>
			<x5>87.458183</x5>
			<y5>343.108255</y5>
			<x6>86.333237</x6>
			<y6>353.616884</y6>
			<x7>92.417416</x7>
			<y7>364.87376</y7>
			<x8>101.603759</x8>
			<y8>366.46157700000003</y8>
			<x9>108.021623</x9>
			<y9>359.35689</y9>
		</polygon>
	</object>
	<object>
		<name>redapple</name>
		<pose>Unspecified</pose>
		<truncated>0</truncated>
		<difficult>0</difficult>
		<occluded>0</occluded>
		<bndbox>
			<xmin>375</xmin>
			<xmax>417</xmax>
			<ymin>250</ymin>
			<ymax>301</ymax>
		</bndbox>
		<polygon>
			<x1>416</x1>
			<y1>249</y1>
			<x2>374.45108200000004</x2>
			<y2>249</y2>
			<x3>373.574069</x3>
			<y3>258.821357</y3>
			<x4>379.79552</x4>
			<y4>277.942581</y4>
			<x5>392.511098</x5>
			<y5>294.328201</y5>
			<x6>402.41244</x6>
			<y6>299.399869</y6>
			<x7>416</x7>
			<y7>299.696458</y7>
			<x8>416</x8>
			<y8>249</y8>
		</polygon>
	</object>
	<object>
		<name>mango</name>
		<pose>Unspecified</pose>
		<truncated>0</truncated>
		<difficult>0</difficult>
		<occluded>0</occluded>
		<bndbox>
			<xmin>355</xmin>
			<xmax>381</xmax>
			<ymin>352</ymin>
			<ymax>387</ymax>
		</bndbox>
		<polygon>
			<x1>379.55709</x1>
			<y1>376.718089</y1>
			<x2>378.64380800000004</x2>
			<y2>361.874624</y2>
			<x3>373.92861700000003</x3>
			<y3>354.090184</y3>
			<x4>362.095815</x4>
			<y4>350.800395</y4>
			<x5>353.731238</x5>
			<y5>358.81314399999997</y5>
			<x6>353.975278</x6>
			<y6>372.79420700000003</y6>
			<x7>362.675411</x7>
			<y7>384.005421</y7>
			<x8>371.877006</x8>
			<y8>386.46705399999996</y8>
			<x9>379.55709</x9>
			<y9>376.718089</y9>
		</polygon>
	</object>
</annotation>
