<annotation>
	<folder></folder>
	<filename>image_222_png.rf.1b2783e32cff6ab72e5fd70e30538294.jpg</filename>
	<path>image_222_png.rf.1b2783e32cff6ab72e5fd70e30538294.jpg</path>
	<source>
		<database>roboflow.ai</database>
	</source>
	<size>
		<width>416</width>
		<height>416</height>
		<depth>3</depth>
	</size>
	<segmented>0</segmented>
	<object>
		<name>mango</name>
		<pose>Unspecified</pose>
		<truncated>0</truncated>
		<difficult>0</difficult>
		<occluded>0</occluded>
		<bndbox>
			<xmin>220</xmin>
			<xmax>273</xmax>
			<ymin>151</ymin>
			<ymax>196</ymax>
		</bndbox>
		<polygon>
			<x1>268.15</x1>
			<y1>195</y1>
			<x2>272.15</x2>
			<y2>187</y2>
			<x3>270.2</x3>
			<y3>167.933333</y3>
			<x4>256.55</x4>
			<y4>151.466667</y4>
			<x5>239</x5>
			<y5>149.733333</y5>
			<x6>228.6</x6>
			<y6>154.933333</y6>
			<x7>220.15</x7>
			<y7>169.666667</y7>
			<x8>218.85</x8>
			<y8>186.133333</y8>
			<x9>221.620833</x9>
			<y9>195</y9>
			<x10>268.15</x10>
			<y10>195</y10>
		</polygon>
	</object>
	<object>
		<name>redapple</name>
		<pose>Unspecified</pose>
		<truncated>0</truncated>
		<difficult>0</difficult>
		<occluded>0</occluded>
		<bndbox>
			<xmin>376</xmin>
			<xmax>417</xmax>
			<ymin>1</ymin>
			<ymax>48</ymax>
		</bndbox>
		<polygon>
			<x1>416</x1>
			<y1>0</y1>
			<x2>375.115789</x2>
			<y2>0</y2>
			<x3>374.85</x3>
			<y3>6.733333</y3>
			<x4>380.05</x4>
			<y4>25.8</y4>
			<x5>389.8</x5>
			<y5>42.266667</y5>
			<x6>405.4</x6>
			<y6>46.6</y6>
			<x7>413.2</x7>
			<y7>43.133333</y7>
			<x8>416</x8>
			<y8>38.155555</y8>
			<x9>416</x9>
			<y9>0</y9>
		</polygon>
	</object>
	<object>
		<name>greenapple</name>
		<pose>Unspecified</pose>
		<truncated>0</truncated>
		<difficult>0</difficult>
		<occluded>0</occluded>
		<bndbox>
			<xmin>391</xmin>
			<xmax>417</xmax>
			<ymin>139</ymin>
			<ymax>196</ymax>
		</bndbox>
		<polygon>
			<x1>416</x1>
			<y1>195</y1>
			<x2>416</x2>
			<y2>140.677778</y2>
			<x3>406.05</x3>
			<y3>138.466667</y3>
			<x4>396.3</x4>
			<y4>147.133333</y4>
			<x5>389.8</x5>
			<y5>163.6</y5>
			<x6>389.8</x6>
			<y6>183.533333</y6>
			<x7>398.4</x7>
			<y7>195</y7>
			<x8>416</x8>
			<y8>195</y8>
		</polygon>
	</object>
	<object>
		<name>mango</name>
		<pose>Unspecified</pose>
		<truncated>0</truncated>
		<difficult>0</difficult>
		<occluded>0</occluded>
		<bndbox>
			<xmin>124</xmin>
			<xmax>146</xmax>
			<ymin>209</ymin>
			<ymax>269</ymax>
		</bndbox>
		<polygon>
			<x1>145</x1>
			<y1>207.672222</y1>
			<x2>143.75</x2>
			<y2>207.533333</y2>
			<x3>133.35</x3>
			<y3>211.866667</y3>
			<x4>126.2</x4>
			<y4>221.4</y4>
			<x5>122.95</x5>
			<y5>233.533333</y5>
			<x6>124.25</x6>
			<y6>250.866667</y6>
			<x7>130.1</x7>
			<y7>260.4</y7>
			<x8>143.1</x8>
			<y8>268.2</y8>
			<x9>145</x9>
			<y9>268.34902</y9>
			<x10>145</x10>
			<y10>207.672222</y10>
		</polygon>
	</object>
	<object>
		<name>orange</name>
		<pose>Unspecified</pose>
		<truncated>0</truncated>
		<difficult>0</difficult>
		<occluded>0</occluded>
		<bndbox>
			<xmin>1</xmin>
			<xmax>18</xmax>
			<ymin>196</ymin>
			<ymax>211</ymax>
		</bndbox>
		<polygon>
			<x1>0</x1>
			<y1>195</y1>
			<x2>0</x2>
			<y2>208.69019600000001</y2>
			<x3>9.2</x3>
			<y3>210.133333</y3>
			<x4>17</x4>
			<y4>199.733333</y4>
			<x5>16.726923</x5>
			<y5>195</y5>
			<x6>0</x6>
			<y6>195</y6>
		</polygon>
	</object>
	<object>
		<name>mango</name>
		<pose>Unspecified</pose>
		<truncated>0</truncated>
		<difficult>0</difficult>
		<occluded>0</occluded>
		<bndbox>
			<xmin>168</xmin>
			<xmax>417</xmax>
			<ymin>335</ymin>
			<ymax>417</ymax>
		</bndbox>
		<polygon>
			<x1>416</x1>
			<y1>416</y1>
			<x2>416</x2>
			<y2>395.933334</y2>
			<x3>415.9</x3>
			<y3>393.266667</y3>
			<x4>404.85</x4>
			<y4>369</y4>
			<x5>389.9</x5>
			<y5>352.53333299999997</y5>
			<x6>372.35</x6>
			<y6>343</y6>
			<x7>346.35</x7>
			<y7>335.2</y7>
			<x8>308</x8>
			<y8>334.33333300000004</y8>
			<x9>287.85</x9>
			<y9>338.66666699999996</y9>
			<x10>261.85</x10>
			<y10>350.8</y10>
			<x11>167.267106</x11>
			<y11>416</y11>
			<x12>416</x12>
			<y12>416</y12>
		</polygon>
	</object>
</annotation>
