<annotation>
	<folder></folder>
	<filename>image_187_png.rf.341871a64b01ca96ee9e1e3d73337443.jpg</filename>
	<path>image_187_png.rf.341871a64b01ca96ee9e1e3d73337443.jpg</path>
	<source>
		<database>roboflow.ai</database>
	</source>
	<size>
		<width>416</width>
		<height>416</height>
		<depth>3</depth>
	</size>
	<segmented>0</segmented>
	<object>
		<name>orange</name>
		<pose>Unspecified</pose>
		<truncated>0</truncated>
		<difficult>0</difficult>
		<occluded>0</occluded>
		<bndbox>
			<xmin>21</xmin>
			<xmax>80</xmax>
			<ymin>49</ymin>
			<ymax>126</ymax>
		</bndbox>
		<polygon>
			<x1>33.083309</x1>
			<y1>50.930373</y1>
			<x2>23.057204</x2>
			<y2>63.443105</y2>
			<x3>20.211553</x3>
			<y3>77.722604</y3>
			<x4>21.954725</x4>
			<y4>95.058403</y4>
			<x5>29.391251</x5>
			<y5>113.444664</y5>
			<x6>45.579662</x6>
			<y6>125.049099</y6>
			<x7>61.894574</x7>
			<y7>122.756188</y7>
			<x8>70.773984</x8>
			<y8>116.881746</y8>
			<x9>77.825888</x9>
			<y9>102.936401</y9>
			<x10>79.311964</x10>
			<y10>88.847978</y10>
			<x11>77.016527</x11>
			<y11>72.515099</y11>
			<x12>71.959772</x12>
			<y12>61.19682</y12>
			<x13>57.683201</x13>
			<y13>48.398388</y13>
			<x14>33.083309</x14>
			<y14>50.930373</y14>
		</polygon>
	</object>
	<object>
		<name>greenapple</name>
		<pose>Unspecified</pose>
		<truncated>0</truncated>
		<difficult>0</difficult>
		<occluded>0</occluded>
		<bndbox>
			<xmin>124</xmin>
			<xmax>152</xmax>
			<ymin>1</ymin>
			<ymax>31</ymax>
		</bndbox>
		<polygon>
			<x1>128.857494</x1>
			<y1>0</y1>
			<x2>125.999333</x2>
			<y2>1.785</y2>
			<x3>123.195848</x3>
			<y3>11.432049</y3>
			<x4>128.635176</x4>
			<y4>25.472475</y4>
			<x5>134.838625</x5>
			<y5>30.152465</y5>
			<x6>146.267496</x6>
			<y6>27.620937</y6>
			<x7>151.110346</x7>
			<y7>17.687272</y7>
			<x8>149.835103</x8>
			<y8>8.613451</y8>
			<x9>144.816534</x9>
			<y9>0</y9>
			<x10>128.857494</x10>
			<y10>0</y10>
		</polygon>
	</object>
	<object>
		<name>redapple</name>
		<pose>Unspecified</pose>
		<truncated>0</truncated>
		<difficult>0</difficult>
		<occluded>0</occluded>
		<bndbox>
			<xmin>229</xmin>
			<xmax>302</xmax>
			<ymin>66</ymin>
			<ymax>151</ymax>
		</bndbox>
		<polygon>
			<x1>235.613835</x1>
			<y1>72.419123</y1>
			<x2>228.22254800000002</x2>
			<y2>93.8146</y2>
			<x3>228.22459600000002</x3>
			<y3>123.424059</y3>
			<x4>234.088664</x4>
			<y4>135.554182</y4>
			<x5>258.26484</x5>
			<y5>149.737229</y5>
			<x6>281.377632</x6>
			<y6>146.488938</y6>
			<x7>295.312773</x7>
			<y7>137.128044</y7>
			<x8>301.173768</x8>
			<y8>104.84398</y8>
			<x9>296.414228</x9>
			<y9>90.708017</y9>
			<x10>276.231422</x10>
			<y10>70.411911</y10>
			<x11>260.255893</x11>
			<y11>65.254689</y11>
			<x12>244.493245</x12>
			<y12>66.54468</y12>
			<x13>235.613835</x13>
			<y13>72.419123</y13>
		</polygon>
	</object>
	<object>
		<name>redapple</name>
		<pose>Unspecified</pose>
		<truncated>0</truncated>
		<difficult>0</difficult>
		<occluded>0</occluded>
		<bndbox>
			<xmin>129</xmin>
			<xmax>163</xmax>
			<ymin>184</ymin>
			<ymax>243</ymax>
		</bndbox>
		<polygon>
			<x1>162</x1>
			<y1>183</y1>
			<x2>130.96843</x2>
			<y2>183</y2>
			<x3>128.202265</x3>
			<y3>206.160325</y3>
			<x4>133.174686</x4>
			<y4>226.743501</y4>
			<x5>154.079447</x5>
			<y5>242.311621</y5>
			<x6>162</x6>
			<y6>241.885703</y6>
			<x7>162</x7>
			<y7>183</y7>
		</polygon>
	</object>
	<object>
		<name>mango</name>
		<pose>Unspecified</pose>
		<truncated>0</truncated>
		<difficult>0</difficult>
		<occluded>0</occluded>
		<bndbox>
			<xmin>163</xmin>
			<xmax>183</xmax>
			<ymin>184</ymin>
			<ymax>198</ymax>
		</bndbox>
		<polygon>
			<x1>162</x1>
			<y1>183</y1>
			<x2>162</x2>
			<y2>193.203057</y2>
			<x3>165.584174</x3>
			<y3>196.807351</y3>
			<x4>176.588305</x4>
			<y4>196.186125</y4>
			<x5>181.558679</x5>
			<y5>187.159844</y5>
			<x6>180.805855</x6>
			<y6>183</y6>
			<x7>162</x7>
			<y7>183</y7>
		</polygon>
	</object>
	<object>
		<name>redapple</name>
		<pose>Unspecified</pose>
		<truncated>0</truncated>
		<difficult>0</difficult>
		<occluded>0</occluded>
		<bndbox>
			<xmin>323</xmin>
			<xmax>396</xmax>
			<ymin>184</ymin>
			<ymax>225</ymax>
		</bndbox>
		<polygon>
			<x1>321.979981</x1>
			<y1>183</y1>
			<x2>321.85107500000004</x2>
			<y2>184.098515</y2>
			<x3>327.20607</x3>
			<y3>207.403839</y3>
			<x4>334.599404</x4>
			<y4>215.617819</y4>
			<x5>351.08503099999996</x5>
			<y5>224.40457</y5>
			<x6>370.92640700000004</x6>
			<y6>222.541351</y6>
			<x7>390.299853</x7>
			<y7>212.416154</y7>
			<x8>395.38118099999997</x8>
			<y8>183</y8>
			<x9>321.979981</x9>
			<y9>183</y9>
		</polygon>
	</object>
	<object>
		<name>greenapple</name>
		<pose>Unspecified</pose>
		<truncated>0</truncated>
		<difficult>0</difficult>
		<occluded>0</occluded>
		<bndbox>
			<xmin>333</xmin>
			<xmax>358</xmax>
			<ymin>285</ymin>
			<ymax>316</ymax>
		</bndbox>
		<polygon>
			<x1>356.86886100000004</x1>
			<y1>305.018507</y1>
			<x2>354.82847300000003</x2>
			<y2>290.50039200000003</y2>
			<x3>348.369975</x3>
			<y3>284.005638</y3>
			<x4>338.04563099999996</x4>
			<y4>284.531325</y4>
			<x5>332.267946</x5>
			<y5>292.745763</y5>
			<x6>333.50102100000004</x6>
			<y6>306.45203300000003</y6>
			<x7>339.40725599999996</x7>
			<y7>313.949707</y7>
			<x8>350.666436</x8>
			<y8>315.143247</y8>
			<x9>356.86886100000004</x9>
			<y9>305.018507</y9>
		</polygon>
	</object>
	<object>
		<name>capsicum</name>
		<pose>Unspecified</pose>
		<truncated>0</truncated>
		<difficult>0</difficult>
		<occluded>0</occluded>
		<bndbox>
			<xmin>189</xmin>
			<xmax>212</xmax>
			<ymin>295</ymin>
			<ymax>331</ymax>
		</bndbox>
		<polygon>
			<x1>208.802606</x1>
			<y1>326.75316699999996</y1>
			<x2>211.265685</x2>
			<y2>309.751522</y2>
			<x3>207.865721</x3>
			<y3>295.424482</y3>
			<x4>199.325693</x4>
			<y4>293.848791</y4>
			<x5>188.959181</x5>
			<y5>299.006927</y5>
			<x6>187.684963</x6>
			<y6>304.737835</y6>
			<x7>193.082125</x7>
			<y7>323.410709</y7>
			<x8>199.54062199999998</x8>
			<y8>329.905463</y8>
			<x9>208.802606</x9>
			<y9>326.75316699999996</y9>
		</polygon>
	</object>
</annotation>
