<annotation>
	<folder></folder>
	<filename>image_197_png.rf.d838ff3c23fbc04e8d3bbac2da9f2cdb.jpg</filename>
	<path>image_197_png.rf.d838ff3c23fbc04e8d3bbac2da9f2cdb.jpg</path>
	<source>
		<database>roboflow.ai</database>
	</source>
	<size>
		<width>416</width>
		<height>416</height>
		<depth>3</depth>
	</size>
	<segmented>0</segmented>
	<object>
		<name>greenapple</name>
		<pose>Unspecified</pose>
		<truncated>0</truncated>
		<difficult>0</difficult>
		<occluded>0</occluded>
		<bndbox>
			<xmin>125</xmin>
			<xmax>151</xmax>
			<ymin>141</ymin>
			<ymax>174</ymax>
		</bndbox>
		<polygon>
			<x1>148.111951</x1>
			<y1>166.353202</y1>
			<x2>149.648243</x2>
			<y2>153.841105</y2>
			<x3>144.932447</x3>
			<y3>142.375738</y3>
			<x4>135.658109</x4>
			<y4>140.329798</y4>
			<x5>125.06695</x5>
			<y5>149.008512</y5>
			<x6>123.981478</x6>
			<y6>163.390352</y6>
			<x7>129.69677</x7>
			<y7>172.256858</y7>
			<x8>141.201451</x8>
			<y8>172.76226</y8>
			<x9>148.111951</x9>
			<y9>166.353202</y9>
		</polygon>
	</object>
	<object>
		<name>orange</name>
		<pose>Unspecified</pose>
		<truncated>0</truncated>
		<difficult>0</difficult>
		<occluded>0</occluded>
		<bndbox>
			<xmin>393</xmin>
			<xmax>417</xmax>
			<ymin>1</ymin>
			<ymax>48</ymax>
		</bndbox>
		<polygon>
			<x1>416</x1>
			<y1>0</y1>
			<x2>394.17492</x2>
			<y2>0</y2>
			<x3>391.577353</x3>
			<y3>14.465887</y3>
			<x4>393.282781</x4>
			<y4>28.283212</y4>
			<x5>399.899714</x5>
			<y5>40.889205</y5>
			<x6>408.62537499999996</x6>
			<y6>47.403752</y6>
			<x7>416</x7>
			<y7>47.387661</y7>
			<x8>416</x8>
			<y8>0</y8>
		</polygon>
	</object>
	<object>
		<name>greenapple</name>
		<pose>Unspecified</pose>
		<truncated>0</truncated>
		<difficult>0</difficult>
		<occluded>0</occluded>
		<bndbox>
			<xmin>208</xmin>
			<xmax>233</xmax>
			<ymin>57</ymin>
			<ymax>89</ymax>
		</bndbox>
		<polygon>
			<x1>228.667271</x1>
			<y1>83.368154</y1>
			<x2>231.54414500000001</x2>
			<y2>71.02066</y2>
			<x3>227.608375</x3>
			<y3>58.743873</y3>
			<x4>220.454645</x4>
			<y4>56.051115</y4>
			<x5>208.742375</x5>
			<y5>62.777784</y5>
			<x6>206.864997</x6>
			<y6>72.526416</y6>
			<x7>211.361322</x7>
			<y7>85.779226</y7>
			<x8>221.976242</x8>
			<y8>87.989769</y8>
			<x9>228.667271</x9>
			<y9>83.368154</y9>
		</polygon>
	</object>
	<object>
		<name>capsicum</name>
		<pose>Unspecified</pose>
		<truncated>0</truncated>
		<difficult>0</difficult>
		<occluded>0</occluded>
		<bndbox>
			<xmin>205</xmin>
			<xmax>241</xmax>
			<ymin>197</ymin>
			<ymax>217</ymax>
		</bndbox>
		<polygon>
			<x1>238.39722799999998</x1>
			<y1>216</y1>
			<x2>239.665163</x2>
			<y2>209.911434</y2>
			<x3>237.86188099999998</x3>
			<y3>202.432459</y3>
			<x4>223.664157</x4>
			<y4>196.153223</y4>
			<x5>209.490192</x5>
			<y5>200.763244</y5>
			<x6>205.370592</x6>
			<y6>206.607785</y6>
			<x7>204.481301</x7>
			<y7>216</y7>
			<x8>238.39722799999998</x8>
			<y8>216</y8>
		</polygon>
	</object>
	<object>
		<name>capsicum</name>
		<pose>Unspecified</pose>
		<truncated>0</truncated>
		<difficult>0</difficult>
		<occluded>0</occluded>
		<bndbox>
			<xmin>11</xmin>
			<xmax>33</xmax>
			<ymin>217</ymin>
			<ymax>235</ymax>
		</bndbox>
		<polygon>
			<x1>10.388422</x1>
			<y1>216</y1>
			<x2>10.01923</x2>
			<y2>222.818037</y2>
			<x3>11.822512</x3>
			<y3>230.297011</y3>
			<x4>21.547671</x4>
			<y4>234.212695</y4>
			<x5>29.238195</x5>
			<y5>226.992218</y5>
			<x6>31.646108</x6>
			<y6>216</y6>
			<x7>10.388422</x7>
			<y7>216</y7>
		</polygon>
	</object>
	<object>
		<name>mango</name>
		<pose>Unspecified</pose>
		<truncated>0</truncated>
		<difficult>0</difficult>
		<occluded>0</occluded>
		<bndbox>
			<xmin>263</xmin>
			<xmax>318</xmax>
			<ymin>317</ymin>
			<ymax>381</ymax>
		</bndbox>
		<polygon>
			<x1>294.00886</x1>
			<y1>315.730482</y1>
			<x2>274.472568</x2>
			<y2>319.682091</y2>
			<x3>265.453341</x3>
			<y3>332.182594</y3>
			<x4>261.796441</x4>
			<y4>345.341508</y4>
			<x5>262.941312</x5>
			<y5>358.182811</y5>
			<x6>268.437134</x6>
			<y6>368.83675700000003</y6>
			<x7>279.624489</x7>
			<y7>377.46795199999997</y7>
			<x8>290.9097</x8>
			<y8>379.760797</y8>
			<x9>303.743082</x9>
			<y9>374.986173</y9>
			<x10>309.98329</x10>
			<y10>368.494814</y10>
			<x11>315.541328</x11>
			<y11>356.47652500000004</y11>
			<x12>317.187356</x12>
			<y12>343.07070799999997</y12>
			<x13>309.327695</x13>
			<y13>323.961763</y13>
			<x14>294.00886</x14>
			<y14>315.730482</y14>
		</polygon>
	</object>
</annotation>
