<annotation>
	<folder></folder>
	<filename>image_193_png.rf.b5f2e8b0f022296ac64ee2b2fb8ffaf2.jpg</filename>
	<path>image_193_png.rf.b5f2e8b0f022296ac64ee2b2fb8ffaf2.jpg</path>
	<source>
		<database>roboflow.ai</database>
	</source>
	<size>
		<width>416</width>
		<height>416</height>
		<depth>3</depth>
	</size>
	<segmented>0</segmented>
	<object>
		<name>mango</name>
		<pose>Unspecified</pose>
		<truncated>0</truncated>
		<difficult>0</difficult>
		<occluded>0</occluded>
		<bndbox>
			<xmin>186</xmin>
			<xmax>260</xmax>
			<ymin>1</ymin>
			<ymax>18</ymax>
		</bndbox>
		<polygon>
			<x1>184.863002</x1>
			<y1>0</y1>
			<x2>188.864076</x2>
			<y2>9.434344</y2>
			<x3>198.93032</x3>
			<y3>16.113494</y3>
			<x4>230.092907</x4>
			<y4>17.218194</y4>
			<x5>250.068139</x5>
			<y5>9.691699</y5>
			<x6>259.384867</x6>
			<y6>0</y6>
			<x7>184.863002</x7>
			<y7>0</y7>
		</polygon>
	</object>
	<object>
		<name>orange</name>
		<pose>Unspecified</pose>
		<truncated>0</truncated>
		<difficult>0</difficult>
		<occluded>0</occluded>
		<bndbox>
			<xmin>36</xmin>
			<xmax>95</xmax>
			<ymin>239</ymin>
			<ymax>300</ymax>
		</bndbox>
		<polygon>
			<x1>89.444241</x1>
			<y1>299</y1>
			<x2>94.276763</x2>
			<y2>269.978981</y2>
			<x3>85.405725</x3>
			<y3>248.02427</y3>
			<x4>79.251492</x4>
			<y4>242.73265</y4>
			<x5>63.493716</x5>
			<y5>238.076254</y5>
			<x6>53.451233</x6>
			<y6>242.286362</y6>
			<x7>44.09092</x7>
			<y7>252.0234</y7>
			<x8>37.533385</x8>
			<y8>266.640551</y8>
			<x9>35.131092</x9>
			<y9>291.747046</y9>
			<x10>37.321708</x10>
			<y10>299</y10>
			<x11>89.444241</x11>
			<y11>299</y11>
		</polygon>
	</object>
	<object>
		<name>greenapple</name>
		<pose>Unspecified</pose>
		<truncated>0</truncated>
		<difficult>0</difficult>
		<occluded>0</occluded>
		<bndbox>
			<xmin>26</xmin>
			<xmax>52</xmax>
			<ymin>56</ymin>
			<ymax>88</ymax>
		</bndbox>
		<polygon>
			<x1>49.30444</x1>
			<y1>82.11088</y1>
			<x2>50.840732</x2>
			<y2>69.598784</y2>
			<x3>47.465518</x3>
			<y3>58.298019</y3>
			<x4>38.971207</x4>
			<y4>55.440659</y4>
			<x5>28.818987</x5>
			<y5>60.544489</y5>
			<x6>25.393438</x6>
			<y6>77.360589</y6>
			<x7>31.779021</x7>
			<y7>86.309395</y7>
			<x8>44.624283</x8>
			<y8>86.9794</y8>
			<x9>49.30444</x9>
			<y9>82.11088</y9>
		</polygon>
	</object>
	<object>
		<name>orange</name>
		<pose>Unspecified</pose>
		<truncated>0</truncated>
		<difficult>0</difficult>
		<occluded>0</occluded>
		<bndbox>
			<xmin>263</xmin>
			<xmax>304</xmax>
			<ymin>154</ymin>
			<ymax>232</ymax>
		</bndbox>
		<polygon>
			<x1>262</x1>
			<y1>228.461196</y1>
			<x2>265.864404</x2>
			<y2>230.503362</y2>
			<x3>276.698794</x3>
			<y3>230.926463</y3>
			<x4>288.191594</x4>
			<y4>225.987236</y4>
			<x5>294.541539</x5>
			<y5>218.602156</y5>
			<x6>301.208808</x6>
			<y6>203.091284</y6>
			<x7>303.172161</x7>
			<y7>181.559674</y7>
			<x8>294.301124</x8>
			<y8>159.604963</y8>
			<x9>286.136019</x9>
			<y9>154.066438</y9>
			<x10>274.070781</x10>
			<y10>152.585013</y10>
			<x11>262</x11>
			<y11>154.605915</y11>
			<x12>262</x12>
			<y12>228.461196</y12>
		</polygon>
	</object>
	<object>
		<name>redapple</name>
		<pose>Unspecified</pose>
		<truncated>0</truncated>
		<difficult>0</difficult>
		<occluded>0</occluded>
		<bndbox>
			<xmin>390</xmin>
			<xmax>417</xmax>
			<ymin>1</ymin>
			<ymax>83</ymax>
		</bndbox>
		<polygon>
			<x1>416</x1>
			<y1>0</y1>
			<x2>409.88858300000004</x2>
			<y2>0</y2>
			<x3>405.420608</x3>
			<y3>2.696061</y3>
			<x4>391.611489</x4>
			<y4>20.958804</y4>
			<x5>389.30705</x5>
			<y5>39.726949</y5>
			<x6>394.826632</x6>
			<y6>61.270154</y6>
			<x7>402.223592</x7>
			<y7>73.064726</y7>
			<x8>416</x8>
			<y8>81.965613</y8>
			<x9>416</x9>
			<y9>0</y9>
		</polygon>
	</object>
	<object>
		<name>mango</name>
		<pose>Unspecified</pose>
		<truncated>0</truncated>
		<difficult>0</difficult>
		<occluded>0</occluded>
		<bndbox>
			<xmin>353</xmin>
			<xmax>381</xmax>
			<ymin>129</ymin>
			<ymax>166</ymax>
		</bndbox>
		<polygon>
			<x1>379.063224</x1>
			<y1>156.404515</y1>
			<x2>380.148696</x2>
			<y2>142.022674</y2>
			<x3>374.092318</x3>
			<y3>130.392704</y3>
			<x4>362.80710799999997</x4>
			<y4>128.09986</y4>
			<x5>354.446291</x5>
			<y5>135.238035</y5>
			<x6>352.239708</x6>
			<y6>147.667831</y6>
			<x7>360.648045</x7>
			<y7>162.30817</y7>
			<x8>369.812646</x8>
			<y8>165.247831</y8>
			<x9>379.063224</x9>
			<y9>156.404515</y9>
		</polygon>
	</object>
	<object>
		<name>mango</name>
		<pose>Unspecified</pose>
		<truncated>0</truncated>
		<difficult>0</difficult>
		<occluded>0</occluded>
		<bndbox>
			<xmin>190</xmin>
			<xmax>246</xmax>
			<ymin>300</ymin>
			<ymax>338</ymax>
		</bndbox>
		<polygon>
			<x1>190.800291</x1>
			<y1>299</y1>
			<x2>189.324763</x2>
			<y2>307.792781</y2>
			<x3>191.919951</x3>
			<y3>319.904965</y3>
			<x4>197.744979</x4>
			<y4>327.877748</y4>
			<x5>217.755851</x5>
			<y5>336.68514</y5>
			<x6>230.479498</x6>
			<y6>332.804237</y6>
			<x7>236.609971</x7>
			<y7>327.2066</y7>
			<x8>243.728062</x8>
			<y8>313.565472</y8>
			<x9>245.264354</x9>
			<y9>301.053375</y9>
			<x10>244.849017</x10>
			<y10>299</y10>
			<x11>190.800291</x11>
			<y11>299</y11>
		</polygon>
	</object>
	<object>
		<name>redapple</name>
		<pose>Unspecified</pose>
		<truncated>0</truncated>
		<difficult>0</difficult>
		<occluded>0</occluded>
		<bndbox>
			<xmin>77</xmin>
			<xmax>140</xmax>
			<ymin>300</ymin>
			<ymax>323</ymax>
		</bndbox>
		<polygon>
			<x1>76.269045</x1>
			<y1>299</y1>
			<x2>79.311079</x2>
			<y2>306.078334</y2>
			<x3>91.50981</x3>
			<y3>317.555295</y3>
			<x4>112.739649</x4>
			<y4>321.976382</y4>
			<x5>126.694142</x5>
			<y5>319.153803</y5>
			<x6>131.264563</x6>
			<y6>315.179005</y6>
			<x7>138.899528</x7>
			<y7>299</y7>
			<x8>76.269045</x8>
			<y8>299</y8>
		</polygon>
	</object>
	<object>
		<name>redapple</name>
		<pose>Unspecified</pose>
		<truncated>0</truncated>
		<difficult>0</difficult>
		<occluded>0</occluded>
		<bndbox>
			<xmin>355</xmin>
			<xmax>395</xmax>
			<ymin>300</ymin>
			<ymax>321</ymax>
		</bndbox>
		<polygon>
			<x1>354.383333</x1>
			<y1>299</y1>
			<x2>360.38467</x2>
			<y2>313.251865</y2>
			<x3>367.209195</x3>
			<y3>318.625786</y3>
			<x4>377.933848</x4>
			<y4>319.942608</y4>
			<x5>384.29567299999997</x5>
			<y5>318.002157</y5>
			<x6>391.86458300000004</x6>
			<y6>306.230773</y6>
			<x7>394.32167400000003</x7>
			<y7>299</y7>
			<x8>354.383333</x8>
			<y8>299</y8>
		</polygon>
	</object>
	<object>
		<name>capsicum</name>
		<pose>Unspecified</pose>
		<truncated>0</truncated>
		<difficult>0</difficult>
		<occluded>0</occluded>
		<bndbox>
			<xmin>335</xmin>
			<xmax>369</xmax>
			<ymin>388</ymin>
			<ymax>417</ymax>
		</bndbox>
		<polygon>
			<x1>365.797277</x1>
			<y1>416</y1>
			<x2>368.289034</x2>
			<y2>404.034703</y2>
			<x3>366.034932</x3>
			<y3>394.685984</y3>
			<x4>353.62861</x4>
			<y4>390.441095</y4>
			<x5>352.726969</x5>
			<y5>386.70160699999997</y5>
			<x6>350.057685</x6>
			<y6>391.81703</y6>
			<x7>337.894593</x7>
			<y7>396.673955</y7>
			<x8>334.249573</x8>
			<y8>415.277498</y8>
			<x9>334.302185</x9>
			<y9>416</y9>
			<x10>365.797277</x10>
			<y10>416</y10>
		</polygon>
	</object>
</annotation>
