<annotation>
	<folder></folder>
	<filename>image_176_png.rf.de74e54a426ec68153bc146a72008be2.jpg</filename>
	<path>image_176_png.rf.de74e54a426ec68153bc146a72008be2.jpg</path>
	<source>
		<database>roboflow.ai</database>
	</source>
	<size>
		<width>416</width>
		<height>416</height>
		<depth>3</depth>
	</size>
	<segmented>0</segmented>
	<object>
		<name>mango</name>
		<pose>Unspecified</pose>
		<truncated>0</truncated>
		<difficult>0</difficult>
		<occluded>0</occluded>
		<bndbox>
			<xmin>1</xmin>
			<xmax>67</xmax>
			<ymin>117</ymin>
			<ymax>191</ymax>
		</bndbox>
		<polygon>
			<x1>0</x1>
			<y1>186.376537</y1>
			<x2>5.117457</x2>
			<y2>189.739881</y2>
			<x3>25.477381</x3>
			<y3>188.124225</y3>
			<x4>44.981649</x4>
			<y4>179.539805</y4>
			<x5>55.125501</x5>
			<y5>170.336245</y5>
			<x6>66.171326</x6>
			<y6>146.874286</y6>
			<x7>64.246099</x7>
			<y7>131.19457</y7>
			<x8>50.561085</x8>
			<y8>116.958775</y8>
			<x9>30.533611</x9>
			<y9>115.880927</y9>
			<x10>12.656858</x10>
			<y10>126.918196</y10>
			<x11>0</x11>
			<y11>142.426603</y11>
			<x12>0</x12>
			<y12>186.376537</y12>
		</polygon>
	</object>
	<object>
		<name>capsicum</name>
		<pose>Unspecified</pose>
		<truncated>0</truncated>
		<difficult>0</difficult>
		<occluded>0</occluded>
		<bndbox>
			<xmin>4</xmin>
			<xmax>27</xmax>
			<ymin>237</ymin>
			<ymax>272</ymax>
		</bndbox>
		<polygon>
			<x1>22.797364</x1>
			<y1>268.91804</y1>
			<x2>26.09871</x2>
			<y2>252.596581</y2>
			<x3>22.973796</x3>
			<y3>237.948396</y3>
			<x4>15.466389</x4>
			<y4>236.217506</y4>
			<x5>7.187123</x5>
			<y5>239.002527</y5>
			<x6>3.362572</x6>
			<y6>245.66172</y6>
			<x7>6.701399</x7>
			<y7>262.052095</y7>
			<x8>13.75782</x8>
			<y8>270.912185</y8>
			<x9>22.797364</x9>
			<y9>268.91804</y9>
		</polygon>
	</object>
	<object>
		<name>greenapple</name>
		<pose>Unspecified</pose>
		<truncated>0</truncated>
		<difficult>0</difficult>
		<occluded>0</occluded>
		<bndbox>
			<xmin>241</xmin>
			<xmax>414</xmax>
			<ymin>81</ymin>
			<ymax>288</ymax>
		</bndbox>
		<polygon>
			<x1>393.193489</x1>
			<y1>261.216347</y1>
			<x2>405.557538</x2>
			<y2>232.287164</y2>
			<x3>412.752908</x3>
			<y3>177.465774</y3>
			<x4>407.83288300000004</x4>
			<y4>137.395387</y4>
			<x5>397.33067800000003</x5>
			<y5>111.273827</y5>
			<x6>378.656164</x6>
			<y6>88.808384</y6>
			<x7>353.092826</x7>
			<y7>80.452202</y7>
			<x8>313.465706</x8>
			<y8>81.780889</y8>
			<x9>270.334908</x9>
			<y9>92.382054</y9>
			<x10>251.674717</x10>
			<y10>113.242025</y10>
			<x11>243.574628</x11>
			<y11>133.689608</y11>
			<x12>240.487197</x12>
			<y12>151.753258</y12>
			<x13>243.886664</x13>
			<y13>190.241889</y13>
			<x14>247.664899</x14>
			<y14>204.809857</y14>
			<x15>268.906383</x15>
			<y15>248.181588</y15>
			<x16>278.457555</x16>
			<y16>261.1565</y16>
			<x17>297.143648</x17>
			<y17>278.315152</y17>
			<x18>313.34657</x18>
			<y18>286.052193</y18>
			<x19>330.760757</x19>
			<y19>287.450911</y19>
			<x20>370.185542</x20>
			<y20>279.073244</y20>
			<x21>393.193489</x21>
			<y21>261.216347</y21>
		</polygon>
	</object>
</annotation>
