<annotation>
	<folder></folder>
	<filename>image_161_png.rf.2698120d12c6bea11e80cef3a40ac79a.jpg</filename>
	<path>image_161_png.rf.2698120d12c6bea11e80cef3a40ac79a.jpg</path>
	<source>
		<database>roboflow.ai</database>
	</source>
	<size>
		<width>416</width>
		<height>416</height>
		<depth>3</depth>
	</size>
	<segmented>0</segmented>
	<object>
		<name>redapple</name>
		<pose>Unspecified</pose>
		<truncated>0</truncated>
		<difficult>0</difficult>
		<occluded>0</occluded>
		<bndbox>
			<xmin>94</xmin>
			<xmax>171</xmax>
			<ymin>186</ymin>
			<ymax>269</ymax>
		</bndbox>
		<polygon>
			<x1>99.032878</x1>
			<y1>199.492819</y1>
			<x2>93.472088</x2>
			<y2>217.794675</y2>
			<x3>101.640054</x3>
			<y3>246.694081</y3>
			<x4>115.82239</x4>
			<y4>262.601498</y4>
			<x5>130.57259</x5>
			<y5>268.476705</y5>
			<x6>151.607492</x6>
			<y6>265.807691</y6>
			<x7>164.717563</x7>
			<y7>257.614784</y7>
			<x8>169.737687</x8>
			<y8>230.41739</y8>
			<x9>163.85574</x9>
			<y9>215.448811</y9>
			<x10>138.065554</x10>
			<y10>189.394075</y10>
			<x11>121.560934</x11>
			<y11>184.792827</y11>
			<x12>109.105819</x12>
			<y12>186.539198</y12>
			<x13>99.032878</x13>
			<y13>199.492819</y13>
		</polygon>
	</object>
	<object>
		<name>capsicum</name>
		<pose>Unspecified</pose>
		<truncated>0</truncated>
		<difficult>0</difficult>
		<occluded>0</occluded>
		<bndbox>
			<xmin>214</xmin>
			<xmax>241</xmax>
			<ymin>151</ymin>
			<ymax>191</ymax>
		</bndbox>
		<polygon>
			<x1>236.492722</x1>
			<y1>185.592608</y1>
			<x2>239.83645</x2>
			<y2>169.564096</y2>
			<x3>235.246278</x3>
			<y3>154.32094</y3>
			<x4>223.629361</x4>
			<y4>150.48287</y4>
			<x5>213.931975</x5>
			<y5>158.851434</y5>
			<x6>212.814378</x6>
			<y6>166.297355</y6>
			<x7>220.07519</x7>
			<y7>184.577032</y7>
			<x8>229.291799</x8>
			<y8>189.82635</y8>
			<x9>236.492722</x9>
			<y9>185.592608</y9>
		</polygon>
	</object>
	<object>
		<name>mango</name>
		<pose>Unspecified</pose>
		<truncated>0</truncated>
		<difficult>0</difficult>
		<occluded>0</occluded>
		<bndbox>
			<xmin>242</xmin>
			<xmax>303</xmax>
			<ymin>208</ymin>
			<ymax>285</ymax>
		</bndbox>
		<polygon>
			<x1>241</x1>
			<y1>281.535564</y1>
			<x2>256.555367</x2>
			<y2>284.049883</y2>
			<x3>276.490803</x3>
			<y3>276.208291</y3>
			<x4>290.342916</x4>
			<y4>265.154521</y4>
			<x5>300.424923</x5>
			<y5>245.891651</y5>
			<x6>302.38072</x6>
			<y6>232.86129</y6>
			<x7>296.132284</x7>
			<y7>216.168517</y7>
			<x8>280.649106</x8>
			<y8>206.844924</y8>
			<x9>260.443336</x9>
			<y9>210.238747</y9>
			<x10>244.557404</x10>
			<y10>224.427958</y10>
			<x11>241</x11>
			<y11>230.319989</y11>
			<x12>241</x12>
			<y12>281.535564</y12>
		</polygon>
	</object>
	<object>
		<name>redapple</name>
		<pose>Unspecified</pose>
		<truncated>0</truncated>
		<difficult>0</difficult>
		<occluded>0</occluded>
		<bndbox>
			<xmin>343</xmin>
			<xmax>417</xmax>
			<ymin>36</ymin>
			<ymax>121</ymax>
		</bndbox>
		<polygon>
			<x1>416</x1>
			<y1>77.34162</y1>
			<x2>413.306419</x2>
			<y2>68.720136</y2>
			<x3>387.149746</x3>
			<y3>40.941209</y3>
			<x4>370.461881</x4>
			<y4>35.477865</y4>
			<x5>358.652654</x5>
			<y5>37.086948</y5>
			<x6>350.247044</x6>
			<y6>45.180936</y6>
			<x7>342.18979</x7>
			<y7>67.617616</y7>
			<x8>344.929386</x8>
			<y8>86.858307</y8>
			<x9>353.57813</x9>
			<y9>102.139833</y9>
			<x10>363.248316</x10>
			<y10>112.699015</y10>
			<x11>383.715353</x11>
			<y11>120.062209</y11>
			<x12>403.737879</x12>
			<y12>115.80629</y12>
			<x13>412.972621</x13>
			<y13>108.437109</y13>
			<x14>416</x14>
			<y14>91.03467</y14>
			<x15>416</x15>
			<y15>77.34162</y15>
		</polygon>
	</object>
	<object>
		<name>greenapple</name>
		<pose>Unspecified</pose>
		<truncated>0</truncated>
		<difficult>0</difficult>
		<occluded>0</occluded>
		<bndbox>
			<xmin>385</xmin>
			<xmax>417</xmax>
			<ymin>188</ymin>
			<ymax>248</ymax>
		</bndbox>
		<polygon>
			<x1>416</x1>
			<y1>192.33903</y1>
			<x2>408.709096</x2>
			<y2>186.833301</y2>
			<x3>394.778961</x3>
			<y3>187.992151</y3>
			<x4>388.031616</x4>
			<y4>197.535757</y4>
			<x5>386.904951</x5>
			<y5>211.290926</y5>
			<x6>383.57935599999996</x6>
			<y6>214.700941</y6>
			<x7>387.358528</x7>
			<y7>216.600791</y7>
			<x8>390.464614</x8>
			<y8>237.565675</y8>
			<x9>404.010127</x9>
			<y9>247.30113</y9>
			<x10>416</x10>
			<y10>246.462229</y10>
			<x11>416</x11>
			<y11>192.33903</y11>
		</polygon>
	</object>
	<object>
		<name>capsicum</name>
		<pose>Unspecified</pose>
		<truncated>0</truncated>
		<difficult>0</difficult>
		<occluded>0</occluded>
		<bndbox>
			<xmin>104</xmin>
			<xmax>242</xmax>
			<ymin>296</ymin>
			<ymax>417</ymax>
		</bndbox>
		<polygon>
			<x1>241</x1>
			<y1>416</y1>
			<x2>241</x2>
			<y2>295</y2>
			<x3>102.951334</x3>
			<y3>295</y3>
			<x4>104.577401</x4>
			<y4>303.675791</y4>
			<x5>132.33794</x5>
			<y5>370.759827</y5>
			<x6>146.415053</x6>
			<y6>395.700069</y6>
			<x7>158.293236</x7>
			<y7>410.295157</y7>
			<x8>165.276797</x8>
			<y8>416</y8>
			<x9>241</x9>
			<y9>416</y9>
		</polygon>
	</object>
</annotation>
