<annotation>
	<folder></folder>
	<filename>image_143_png.rf.b1c728a91a1828b7e5717bbbb0bbb45f.jpg</filename>
	<path>image_143_png.rf.b1c728a91a1828b7e5717bbbb0bbb45f.jpg</path>
	<source>
		<database>roboflow.ai</database>
	</source>
	<size>
		<width>416</width>
		<height>416</height>
		<depth>3</depth>
	</size>
	<segmented>0</segmented>
	<object>
		<name>greenapple</name>
		<pose>Unspecified</pose>
		<truncated>0</truncated>
		<difficult>0</difficult>
		<occluded>0</occluded>
		<bndbox>
			<xmin>1</xmin>
			<xmax>24</xmax>
			<ymin>35</ymin>
			<ymax>67</ymax>
		</bndbox>
		<polygon>
			<x1>0</x1>
			<y1>58.182826</y1>
			<x2>6.468496</x2>
			<y2>65.658195</y2>
			<x3>16.379084</x3>
			<y3>65.84496</y3>
			<x4>23.050965</x4>
			<y4>57.460394</y4>
			<x5>22.911718</x5>
			<y5>46.032989</y5>
			<x6>15.488381</x6>
			<y6>34.235155</y6>
			<x7>7.547667</x7>
			<y7>33.910644</y7>
			<x8>0</x8>
			<y8>40.542353</y8>
			<x9>0</x9>
			<y9>58.182826</y9>
		</polygon>
	</object>
	<object>
		<name>mango</name>
		<pose>Unspecified</pose>
		<truncated>0</truncated>
		<difficult>0</difficult>
		<occluded>0</occluded>
		<bndbox>
			<xmin>137</xmin>
			<xmax>191</xmax>
			<ymin>55</ymin>
			<ymax>117</ymax>
		</bndbox>
		<polygon>
			<x1>156.774272</x1>
			<y1>54.268011</y1>
			<x2>144.009109</x2>
			<y2>60.43932</y2>
			<x3>139.24588</x3>
			<y3>67.810639</y3>
			<x4>136.224446</x4>
			<y4>81.218622</y4>
			<x5>137.020318</x5>
			<y5>92.600112</y5>
			<x6>142.535002</x6>
			<y6>105.411191</y6>
			<x7>150.247637</x7>
			<y7>111.910113</y7>
			<x8>170.97032</x8>
			<y8>115.739724</y8>
			<x9>186.528839</x9>
			<y9>102.334843</y9>
			<x10>190.206897</x10>
			<y10>88.880944</y10>
			<x11>189.349805</x11>
			<y11>76.623955</y11>
			<x12>185.454474</x12>
			<y12>68.098541</y12>
			<x13>174.748016</x13>
			<y13>56.530286</y13>
			<x14>156.774272</x14>
			<y14>54.268011</y14>
		</polygon>
	</object>
	<object>
		<name>orange</name>
		<pose>Unspecified</pose>
		<truncated>0</truncated>
		<difficult>0</difficult>
		<occluded>0</occluded>
		<bndbox>
			<xmin>213</xmin>
			<xmax>229</xmax>
			<ymin>23</ymin>
			<ymax>93</ymax>
		</bndbox>
		<polygon>
			<x1>212</x1>
			<y1>91.985348</y1>
			<x2>218.526768</x2>
			<y2>87.89548</y2>
			<x3>225.487948</x3>
			<y3>74.212003</y3>
			<x4>227.791537</x4>
			<y4>59.974437</y4>
			<x5>225.97171600000001</x5>
			<y5>43.385867</y5>
			<x6>220.457032</x6>
			<y6>30.574788</y6>
			<x7>212.621955</x7>
			<y7>22.324868</y7>
			<x8>212</x8>
			<y8>22.216659</y8>
			<x9>212</x9>
			<y9>91.985348</y9>
		</polygon>
	</object>
	<object>
		<name>capsicum</name>
		<pose>Unspecified</pose>
		<truncated>0</truncated>
		<difficult>0</difficult>
		<occluded>0</occluded>
		<bndbox>
			<xmin>289</xmin>
			<xmax>321</xmax>
			<ymin>1</ymin>
			<ymax>27</ymax>
		</bndbox>
		<polygon>
			<x1>288.064102</x1>
			<y1>0</y1>
			<x2>288.773584</x2>
			<y2>7.322244</y2>
			<x3>297.282091</x3>
			<y3>25.202656</y3>
			<x4>309.880397</x4>
			<y4>26.081257</y4>
			<x5>317.20890199999997</x5>
			<y5>17.650776</y5>
			<x6>320.332724</x6>
			<y6>0</y6>
			<x7>288.064102</x7>
			<y7>0</y7>
		</polygon>
	</object>
	<object>
		<name>greenapple</name>
		<pose>Unspecified</pose>
		<truncated>0</truncated>
		<difficult>0</difficult>
		<occluded>0</occluded>
		<bndbox>
			<xmin>284</xmin>
			<xmax>308</xmax>
			<ymin>119</ymin>
			<ymax>149</ymax>
		</bndbox>
		<polygon>
			<x1>307.271899</x1>
			<y1>139.755311</y1>
			<x2>306.476028</x2>
			<y2>128.373821</y2>
			<x3>299.831757</x3>
			<y3>118.281071</y3>
			<x4>291.234418</x4>
			<y4>118.002475</y4>
			<x5>283.310509</x5>
			<y5>127.354371</y5>
			<x6>284.167602</x6>
			<y6>139.611361</y6>
			<x7>290.032806</x7>
			<y7>147.999028</y7>
			<x8>301.256642</x8>
			<y8>148.093961</y8>
			<x9>307.271899</x9>
			<y9>139.755311</y9>
		</polygon>
	</object>
	<object>
		<name>greenapple</name>
		<pose>Unspecified</pose>
		<truncated>0</truncated>
		<difficult>0</difficult>
		<occluded>0</occluded>
		<bndbox>
			<xmin>112</xmin>
			<xmax>134</xmax>
			<ymin>233</ymin>
			<ymax>263</ymax>
		</bndbox>
		<polygon>
			<x1>132.920082</x1>
			<y1>251.811038</y1>
			<x2>132.842056</x2>
			<y2>241.259131</y2>
			<x3>127.694697</x3>
			<y3>233.701047</y3>
			<x4>117.005043</x4>
			<y4>231.8092</y4>
			<x5>110.928566</x5>
			<y5>239.27235100000001</y5>
			<x6>110.53363</x6>
			<y6>252.496671</y6>
			<x7>118.429928</x7>
			<y7>261.62209</y7>
			<x8>127.622671</x8>
			<y8>260.979271</y8>
			<x9>132.920082</x9>
			<y9>251.811038</y9>
		</polygon>
	</object>
	<object>
		<name>mango</name>
		<pose>Unspecified</pose>
		<truncated>0</truncated>
		<difficult>0</difficult>
		<occluded>0</occluded>
		<bndbox>
			<xmin>213</xmin>
			<xmax>220</xmax>
			<ymin>258</ymin>
			<ymax>288</ymax>
		</bndbox>
		<polygon>
			<x1>212</x1>
			<y1>286.95169</y1>
			<x2>214.562058</x2>
			<y2>286.525691</y2>
			<x3>219.202845</x3>
			<y3>277.403373</y3>
			<x4>217.566687</x4>
			<y4>263.4413</y4>
			<x5>212</x5>
			<y5>257.491331</y5>
			<x6>212</x6>
			<y6>286.95169</y6>
		</polygon>
	</object>
</annotation>
