<annotation>
	<folder></folder>
	<filename>image_131_png.rf.f0b1827a8697ba72be465470723a69fb.jpg</filename>
	<path>image_131_png.rf.f0b1827a8697ba72be465470723a69fb.jpg</path>
	<source>
		<database>roboflow.ai</database>
	</source>
	<size>
		<width>416</width>
		<height>416</height>
		<depth>3</depth>
	</size>
	<segmented>0</segmented>
	<object>
		<name>mango</name>
		<pose>Unspecified</pose>
		<truncated>0</truncated>
		<difficult>0</difficult>
		<occluded>0</occluded>
		<bndbox>
			<xmin>7</xmin>
			<xmax>59</xmax>
			<ymin>1</ymin>
			<ymax>45</ymax>
		</bndbox>
		<polygon>
			<x1>9.881164</x1>
			<y1>0</y1>
			<x2>6.489303</x2>
			<y2>32.271402</y2>
			<x3>16.011579</x3>
			<y3>40.182335</y3>
			<x4>30.743819</x4>
			<y4>44.494797</y4>
			<x5>41.271779</x5>
			<y5>42.837289</y5>
			<x6>53.823358</x6>
			<y6>28.493617</y6>
			<x7>57.703543</x7>
			<y7>17.84528</y7>
			<x8>57.679038</x8>
			<y8>4.94385</y8>
			<x9>55.051441</x9>
			<y9>0</y9>
			<x10>9.881164</x10>
			<y10>0</y10>
		</polygon>
	</object>
	<object>
		<name>greenapple</name>
		<pose>Unspecified</pose>
		<truncated>0</truncated>
		<difficult>0</difficult>
		<occluded>0</occluded>
		<bndbox>
			<xmin>143</xmin>
			<xmax>169</xmax>
			<ymin>109</ymin>
			<ymax>134</ymax>
		</bndbox>
		<polygon>
			<x1>166.013975</x1>
			<y1>133</y1>
			<x2>168.18645</x2>
			<y2>122.513528</y2>
			<x3>163.874138</x3>
			<y3>111.004124</y3>
			<x4>154.507784</x4>
			<y4>108.176986</y4>
			<x5>144.087856</x5>
			<y5>115.373929</y5>
			<x6>142.064236</x6>
			<y6>128.060093</y6>
			<x7>143.688792</x7>
			<y7>133</y7>
			<x8>166.013975</x8>
			<y8>133</y8>
		</polygon>
	</object>
	<object>
		<name>orange</name>
		<pose>Unspecified</pose>
		<truncated>0</truncated>
		<difficult>0</difficult>
		<occluded>0</occluded>
		<bndbox>
			<xmin>258</xmin>
			<xmax>317</xmax>
			<ymin>1</ymin>
			<ymax>67</ymax>
		</bndbox>
		<polygon>
			<x1>263.325293</x1>
			<y1>0</y1>
			<x2>263.0468</x2>
			<y2>0.328881</y2>
			<x3>257.322302</x3>
			<y3>15.390107</y3>
			<x4>256.880162</x4>
			<y4>39.298654</y4>
			<x5>262.174774</x5>
			<y5>54.596688</y5>
			<x6>269.014107</x6>
			<y6>61.764959</y6>
			<x7>292.034624</x7>
			<y7>66.027206</y7>
			<x8>303.04148</x8>
			<y8>59.813299</y8>
			<x9>311.401031</x9>
			<y9>45.950374</y9>
			<x10>315.927167</x10>
			<y10>16.021646</y10>
			<x11>312.980272</x11>
			<y11>4.655753</y11>
			<x12>309.926838</x12>
			<y12>0</y12>
			<x13>263.325293</x13>
			<y13>0</y13>
		</polygon>
	</object>
	<object>
		<name>capsicum</name>
		<pose>Unspecified</pose>
		<truncated>0</truncated>
		<difficult>0</difficult>
		<occluded>0</occluded>
		<bndbox>
			<xmin>17</xmin>
			<xmax>49</xmax>
			<ymin>134</ymin>
			<ymax>162</ymax>
		</bndbox>
		<polygon>
			<x1>16.276079</x1>
			<y1>133</y1>
			<x2>15.908164</x2>
			<y2>137.91199</y2>
			<x3>21.215027</x3>
			<y3>159.66074</y3>
			<x4>36.917314</x4>
			<y4>161.311117</y4>
			<x5>47.408515</x5>
			<y5>140.301464</y5>
			<x6>48.397849</x6>
			<y6>133</y6>
			<x7>16.276079</x7>
			<y7>133</y7>
		</polygon>
	</object>
	<object>
		<name>orange</name>
		<pose>Unspecified</pose>
		<truncated>0</truncated>
		<difficult>0</difficult>
		<occluded>0</occluded>
		<bndbox>
			<xmin>152</xmin>
			<xmax>178</xmax>
			<ymin>134</ymin>
			<ymax>160</ymax>
		</bndbox>
		<polygon>
			<x1>153.536319</x1>
			<y1>133</y1>
			<x2>151.538759</x2>
			<y2>134.661751</y2>
			<x3>150.593218</x3>
			<y3>150.225266</y3>
			<x4>157.240993</x4>
			<y4>159.216096</y4>
			<x5>167.577394</x5>
			<y5>159.38115</y5>
			<x6>176.236536</x6>
			<y6>149.2351</y6>
			<x7>176.70318</x7>
			<y7>138.227985</y7>
			<x8>173.581772</x8>
			<y8>133</y8>
			<x9>153.536319</x9>
			<y9>133</y9>
		</polygon>
	</object>
	<object>
		<name>redapple</name>
		<pose>Unspecified</pose>
		<truncated>0</truncated>
		<difficult>0</difficult>
		<occluded>0</occluded>
		<bndbox>
			<xmin>279</xmin>
			<xmax>320</xmax>
			<ymin>134</ymin>
			<ymax>157</ymax>
		</bndbox>
		<polygon>
			<x1>277.583897</x1>
			<y1>133</y1>
			<x2>280.135254</x2>
			<y2>143.289695</y2>
			<x3>288.735374</x3>
			<y3>153.407072</y3>
			<x4>297.41902</x4>
			<y4>156.162454</y4>
			<x5>306.581564</x5>
			<y5>154.361435</y5>
			<x6>315.43226400000003</x6>
			<y6>142.392826</y6>
			<x7>318.85494900000003</x7>
			<y7>133</y7>
			<x8>277.583897</x8>
			<y8>133</y8>
		</polygon>
	</object>
	<object>
		<name>mango</name>
		<pose>Unspecified</pose>
		<truncated>0</truncated>
		<difficult>0</difficult>
		<occluded>0</occluded>
		<bndbox>
			<xmin>395</xmin>
			<xmax>417</xmax>
			<ymin>134</ymin>
			<ymax>196</ymax>
		</bndbox>
		<polygon>
			<x1>416</x1>
			<y1>133</y1>
			<x2>413.649316</x2>
			<y2>133</y2>
			<x3>412.340057</x3>
			<y3>133.229964</y3>
			<x4>402.50705800000003</x4>
			<y4>141.409941</y4>
			<x5>397.357236</x5>
			<y5>151.003488</y5>
			<x6>394.36357</x6>
			<y6>166.351737</y6>
			<x7>397.02312800000004</x7>
			<y7>180.451469</y7>
			<x8>404.257832</x8>
			<y8>190.425335</y8>
			<x9>416</x9>
			<y9>194.81217900000001</y9>
			<x10>416</x10>
			<y10>133</y10>
		</polygon>
	</object>
	<object>
		<name>greenapple</name>
		<pose>Unspecified</pose>
		<truncated>0</truncated>
		<difficult>0</difficult>
		<occluded>0</occluded>
		<bndbox>
			<xmin>392</xmin>
			<xmax>415</xmax>
			<ymin>247</ymin>
			<ymax>278</ymax>
		</bndbox>
		<polygon>
			<x1>413.866995</x1>
			<y1>269.749776</y1>
			<x2>413.44712000000004</x2>
			<y2>254.04275</y2>
			<x3>409.338619</x3>
			<y3>247.16150199999998</y3>
			<x4>400.463414</x4>
			<y4>246.22868</y4>
			<x5>391.313122</x5>
			<y5>254.480414</y5>
			<x6>391.146068</x6>
			<y6>269.204404</y6>
			<x7>397.206915</x7>
			<y7>277.212199</y7>
			<x8>407.543315</x8>
			<y8>277.377251</y8>
			<x9>413.866995</x9>
			<y9>269.749776</y9>
		</polygon>
	</object>
	<object>
		<name>capsicum</name>
		<pose>Unspecified</pose>
		<truncated>0</truncated>
		<difficult>0</difficult>
		<occluded>0</occluded>
		<bndbox>
			<xmin>254</xmin>
			<xmax>280</xmax>
			<ymin>371</ymin>
			<ymax>417</ymax>
		</bndbox>
		<polygon>
			<x1>253</x1>
			<y1>416</y1>
			<x2>272.41899</x2>
			<y2>416</y2>
			<x3>272.948507</x3>
			<y3>415.252989</y3>
			<x4>278.552721</x4>
			<y4>388.201611</y4>
			<x5>276.192754</x5>
			<y5>377.818754</y5>
			<x6>261.160923</x6>
			<y6>369.789418</y6>
			<x7>259.220831</x7>
			<y7>375.113586</y7>
			<x8>253</x8>
			<y8>375.94820200000004</y8>
			<x9>253</x9>
			<y9>416</y9>
		</polygon>
	</object>
</annotation>
