<annotation>
	<folder></folder>
	<filename>image_144_png.rf.7fb83602a1054fc3789c7f2ce3e0ae0b.jpg</filename>
	<path>image_144_png.rf.7fb83602a1054fc3789c7f2ce3e0ae0b.jpg</path>
	<source>
		<database>roboflow.ai</database>
	</source>
	<size>
		<width>416</width>
		<height>416</height>
		<depth>3</depth>
	</size>
	<segmented>0</segmented>
	<object>
		<name>orange</name>
		<pose>Unspecified</pose>
		<truncated>0</truncated>
		<difficult>0</difficult>
		<occluded>0</occluded>
		<bndbox>
			<xmin>101</xmin>
			<xmax>162</xmax>
			<ymin>94</ymin>
			<ymax>172</ymax>
		</bndbox>
		<polygon>
			<x1>146.390286</x1>
			<y1>97.802109</y1>
			<x2>138.468699</x2>
			<y2>93.048344</y2>
			<x3>126.878298</x3>
			<y3>93.154571</y3>
			<x4>113.571716</x4>
			<y4>97.042153</y4>
			<x5>104.360266</x5>
			<y5>108.741678</y5>
			<x6>100.361795</x6>
			<y6>125.43194</y6>
			<x7>101.6229</x7>
			<y7>139.846444</y7>
			<x8>107.104556</x8>
			<y8>155.707302</y8>
			<x9>114.821905</x9>
			<y9>165.925749</y9>
			<x10>126.885221</x10>
			<y10>171.224962</y10>
			<x11>137.798471</x11>
			<y11>171.177978</y11>
			<x12>149.67193</x12>
			<y12>166.507976</y12>
			<x13>156.332411</x13>
			<y13>156.847237</y13>
			<x14>160.929216</x14>
			<y14>139.196825</y14>
			<x15>159.195195</x15>
			<y15>119.376882</y15>
			<x16>146.390286</x16>
			<y16>97.802109</y16>
		</polygon>
	</object>
	<object>
		<name>orange</name>
		<pose>Unspecified</pose>
		<truncated>0</truncated>
		<difficult>0</difficult>
		<occluded>0</occluded>
		<bndbox>
			<xmin>217</xmin>
			<xmax>395</xmax>
			<ymin>1</ymin>
			<ymax>229</ymax>
		</bndbox>
		<polygon>
			<x1>301.734641</x1>
			<y1>0</y1>
			<x2>273.855166</x2>
			<y2>1.109816</y2>
			<x3>262.58004</x3>
			<y3>4.819669</y3>
			<x4>245.321586</x4>
			<y4>18.131018</y4>
			<x5>233.197291</x5>
			<y5>35.532197</y5>
			<x6>222.979034</x6>
			<y6>59.121236</y6>
			<x7>217.060145</x7>
			<y7>85.057536</y7>
			<x8>216.006739</x8>
			<y8>104.213546</y8>
			<x9>218.844226</x9>
			<y9>136.646179</y9>
			<x10>225.271711</x10>
			<y10>163.317916</y10>
			<x11>245.432093</x11>
			<y11>198.774005</y11>
			<x12>257.448811</x12>
			<y12>211.339713</y12>
			<x13>277.59135200000003</x13>
			<y13>223.194503</y13>
			<x14>303.276528</x14>
			<y14>228.209759</y14>
			<x15>328.33115</x15>
			<y15>226.017764</y15>
			<x16>347.495642</x16>
			<y16>218.894274</y16>
			<x17>362.203127</x17>
			<y17>207.621711</y17>
			<x18>377.39790500000004</x18>
			<y18>186.32069</y18>
			<x19>391.173939</x19>
			<y19>148.803352</y19>
			<x20>394.273181</x20>
			<y20>114.035717</y20>
			<x21>391.829789</x21>
			<y21>86.107615</y21>
			<x22>386.55237</x22>
			<y22>64.782074</y22>
			<x23>371.762605</x23>
			<y23>36.118535</y23>
			<x24>347.65035</x24>
			<y24>10.086213</y24>
			<x25>313.315348</x25>
			<y25>0</y25>
			<x26>301.734641</x26>
			<y26>0</y26>
		</polygon>
	</object>
	<object>
		<name>mango</name>
		<pose>Unspecified</pose>
		<truncated>0</truncated>
		<difficult>0</difficult>
		<occluded>0</occluded>
		<bndbox>
			<xmin>1</xmin>
			<xmax>8</xmax>
			<ymin>348</ymin>
			<ymax>378</ymax>
		</bndbox>
		<polygon>
			<x1>0</x1>
			<y1>377.291701</y1>
			<x2>1.535688</x2>
			<y2>377.15734599999996</y2>
			<x3>7.440197</x3>
			<y3>366.654943</y3>
			<x4>4.745968</x4>
			<y4>351.458018</y4>
			<x5>0</x5>
			<y5>346.642603</y5>
			<x6>0</x6>
			<y6>377.291701</y6>
		</polygon>
	</object>
	<object>
		<name>greenapple</name>
		<pose>Unspecified</pose>
		<truncated>0</truncated>
		<difficult>0</difficult>
		<occluded>0</occluded>
		<bndbox>
			<xmin>314</xmin>
			<xmax>339</xmax>
			<ymin>239</ymin>
			<ymax>270</ymax>
		</bndbox>
		<polygon>
			<x1>337.943803</x1>
			<y1>260.537522</y1>
			<x2>336.919155</x2>
			<y2>248.825737</y2>
			<x3>329.878958</x3>
			<y3>238.548047</y3>
			<x4>320.997164</x4>
			<y4>238.417302</y4>
			<x5>312.98237900000004</x5>
			<y5>248.196527</y5>
			<x6>314.085846</x6>
			<y6>260.809218</y6>
			<x7>320.291253</x7>
			<y7>269.344339</y7>
			<x8>331.881655</x8>
			<y8>269.238111</y8>
			<x9>337.943803</x9>
			<y9>260.537522</y9>
		</polygon>
	</object>
	<object>
		<name>redapple</name>
		<pose>Unspecified</pose>
		<truncated>0</truncated>
		<difficult>0</difficult>
		<occluded>0</occluded>
		<bndbox>
			<xmin>344</xmin>
			<xmax>413</xmax>
			<ymin>386</ymin>
			<ymax>417</ymax>
		</bndbox>
		<polygon>
			<x1>412.018738</x1>
			<y1>416</y1>
			<x2>390.9153</x2>
			<y2>390.257855</y2>
			<x3>376.82052699999997</x3>
			<y3>385.136371</y3>
			<x4>363.277488</x4>
			<y4>386.321234</y4>
			<x5>351.955764</x5>
			<y5>397.29758200000003</y5>
			<x6>343.467615</x6>
			<y6>416</y6>
			<x7>412.018738</x7>
			<y7>416</y7>
		</polygon>
	</object>
</annotation>
