<annotation>
	<folder></folder>
	<filename>image_22_png.rf.9382c4c04528e4eb6a354755f9ce3129.jpg</filename>
	<path>image_22_png.rf.9382c4c04528e4eb6a354755f9ce3129.jpg</path>
	<source>
		<database>roboflow.ai</database>
	</source>
	<size>
		<width>416</width>
		<height>416</height>
		<depth>3</depth>
	</size>
	<segmented>0</segmented>
	<object>
		<name>orange</name>
		<pose>Unspecified</pose>
		<truncated>0</truncated>
		<difficult>0</difficult>
		<occluded>0</occluded>
		<bndbox>
			<xmin>1</xmin>
			<xmax>159</xmax>
			<ymin>111</ymin>
			<ymax>204</ymax>
		</bndbox>
		<polygon>
			<x1>0</x1>
			<y1>203</y1>
			<x2>157.714758</x2>
			<y2>203</y2>
			<x3>157.856</x3>
			<y3>202.175419</y3>
			<x4>153.40925</x4>
			<y4>171.343476</y4>
			<x5>139.866224</x5>
			<y5>141.846395</y5>
			<x6>117.228428</x6>
			<y6>124.493002</y6>
			<x7>75.763424</x7>
			<y7>109.651094</y7>
			<x8>61.378451</x8>
			<y8>110.568039</y8>
			<x9>41.917335</x9>
			<y9>118.325698</y9>
			<x10>20.553748</x10>
			<y10>136.417471</y10>
			<x11>10.82432</x11>
			<y11>148.402921</y11>
			<x12>0</x12>
			<y12>166.018262</y12>
			<x13>0</x13>
			<y13>203</y13>
		</polygon>
	</object>
	<object>
		<name>redapple</name>
		<pose>Unspecified</pose>
		<truncated>0</truncated>
		<difficult>0</difficult>
		<occluded>0</occluded>
		<bndbox>
			<xmin>349</xmin>
			<xmax>399</xmax>
			<ymin>79</ymin>
			<ymax>153</ymax>
		</bndbox>
		<polygon>
			<x1>365.702397</x1>
			<y1>78.291473</y1>
			<x2>356.606874</x2>
			<y2>85.030748</y2>
			<x3>351.319681</x3>
			<y3>95.421659</y3>
			<x4>348.149021</x4>
			<y4>113.545916</y4>
			<x5>354.07651599999997</x5>
			<y5>143.846346</y5>
			<x6>362.962492</x6>
			<y6>151.466094</y6>
			<x7>373.539889</x7>
			<y7>152.301927</y7>
			<x8>380.731811</x8>
			<y8>147.790144</y8>
			<x9>389.191922</x9>
			<y9>135.488217</y9>
			<x10>397.861204</x10>
			<y10>106.12506</y10>
			<x11>392.992727</x11>
			<y11>85.095717</y11>
			<x12>376.491221</x12>
			<y12>78.279316</y12>
			<x13>365.702397</x13>
			<y13>78.291473</y13>
		</polygon>
	</object>
	<object>
		<name>greenapple</name>
		<pose>Unspecified</pose>
		<truncated>0</truncated>
		<difficult>0</difficult>
		<occluded>0</occluded>
		<bndbox>
			<xmin>70</xmin>
			<xmax>94</xmax>
			<ymin>288</ymin>
			<ymax>319</ymax>
		</bndbox>
		<polygon>
			<x1>89.994606</x1>
			<y1>312.591604</y1>
			<x2>92.954592</x2>
			<y2>300.719751</y2>
			<x3>89.779792</x3>
			<y3>289.119732</y3>
			<x4>83.009973</x4>
			<y4>286.531122</y4>
			<x5>72.85656</x5>
			<y5>292.105932</y5>
			<x6>68.627257</x6>
			<y6>303.661309</y6>
			<x7>71.378824</x7>
			<y7>314.255099</y7>
			<x8>81.956597</x8>
			<y8>317.793139</y8>
			<x9>89.994606</x9>
			<y9>312.591604</y9>
		</polygon>
	</object>
	<object>
		<name>capsicum</name>
		<pose>Unspecified</pose>
		<truncated>0</truncated>
		<difficult>0</difficult>
		<occluded>0</occluded>
		<bndbox>
			<xmin>323</xmin>
			<xmax>417</xmax>
			<ymin>204</ymin>
			<ymax>417</ymax>
		</bndbox>
		<polygon>
			<x1>416</x1>
			<y1>416</y1>
			<x2>416</x2>
			<y2>203</y2>
			<x3>350.677001</x3>
			<y3>203</y3>
			<x4>338.223782</x4>
			<y4>224.458727</y4>
			<x5>324.692043</x5>
			<y5>276.027851</y5>
			<x6>321.739582</x6>
			<y6>341.943842</y6>
			<x7>326.188214</x7>
			<y7>386.28681800000004</y7>
			<x8>342.904157</x8>
			<y8>413.872884</y8>
			<x9>347.356273</x9>
			<y9>416</y9>
			<x10>416</x10>
			<y10>416</y10>
		</polygon>
	</object>
</annotation>
