<annotation>
	<folder></folder>
	<filename>image_154_png.rf.95cb76dce4611fb83d9145faaf3f46cd.jpg</filename>
	<path>image_154_png.rf.95cb76dce4611fb83d9145faaf3f46cd.jpg</path>
	<source>
		<database>roboflow.ai</database>
	</source>
	<size>
		<width>416</width>
		<height>416</height>
		<depth>3</depth>
	</size>
	<segmented>0</segmented>
	<object>
		<name>mango</name>
		<pose>Unspecified</pose>
		<truncated>0</truncated>
		<difficult>0</difficult>
		<occluded>0</occluded>
		<bndbox>
			<xmin>1</xmin>
			<xmax>77</xmax>
			<ymin>1</ymin>
			<ymax>74</ymax>
		</bndbox>
		<polygon>
			<x1>0</x1>
			<y1>67.533438</y1>
			<x2>4.376643</x2>
			<y2>70.797966</y2>
			<x3>28.322163</x3>
			<y3>72.970454</y3>
			<x4>49.95717</x4>
			<y4>66.763841</y4>
			<x5>67.958564</x5>
			<y5>51.191228</y5>
			<x6>76.458479</x6>
			<y6>33.285549</y6>
			<x7>75.806754</x7>
			<y7>19.488037</y7>
			<x8>71.487613</x8>
			<y8>10.086111</y8>
			<x9>58.894182</x9>
			<y9>1.168104</y9>
			<x10>40.38493</x10>
			<y10>0.198075</y10>
			<x11>22.767179</x11>
			<y11>8.450337</y11>
			<x12>0</x12>
			<y12>30.476944</y12>
			<x13>0</x13>
			<y13>67.533438</y13>
		</polygon>
	</object>
	<object>
		<name>orange</name>
		<pose>Unspecified</pose>
		<truncated>0</truncated>
		<difficult>0</difficult>
		<occluded>0</occluded>
		<bndbox>
			<xmin>141</xmin>
			<xmax>167</xmax>
			<ymin>1</ymin>
			<ymax>28</ymax>
		</bndbox>
		<polygon>
			<x1>143.881866</x1>
			<y1>0</y1>
			<x2>141.349348</x2>
			<y2>1.819167</y2>
			<x3>140.088355</x3>
			<y3>12.763766</y3>
			<x4>144.35954</x4>
			<y4>23.080736</y4>
			<x5>153.765109</x5>
			<y5>27.243889</y5>
			<x6>163.794098</x6>
			<y6>19.511473</y6>
			<x7>165.83653</x7>
			<y7>6.772715</y7>
			<x8>163.032653</x8>
			<y8>0</y8>
			<x9>143.881866</x9>
			<y9>0</y9>
		</polygon>
	</object>
	<object>
		<name>greenapple</name>
		<pose>Unspecified</pose>
		<truncated>0</truncated>
		<difficult>0</difficult>
		<occluded>0</occluded>
		<bndbox>
			<xmin>130</xmin>
			<xmax>154</xmax>
			<ymin>139</ymin>
			<ymax>172</ymax>
		</bndbox>
		<polygon>
			<x1>152.837458</x1>
			<y1>162.993715</y1>
			<x2>153.460879</x2>
			<y2>151.098146</y2>
			<x3>147.866593</x3>
			<y3>139.794277</y3>
			<x4>139.688214</x4>
			<y4>138.44811</y4>
			<x5>129.563315</x5>
			<y5>148.010614</y5>
			<x6>128.939894</x6>
			<y6>159.906183</y6>
			<x7>133.944563</x7>
			<y7>169.344037</y7>
			<x8>145.550581</x8>
			<y8>170.869839</y8>
			<x9>152.837458</x9>
			<y9>162.993715</y9>
		</polygon>
	</object>
	<object>
		<name>mango</name>
		<pose>Unspecified</pose>
		<truncated>0</truncated>
		<difficult>0</difficult>
		<occluded>0</occluded>
		<bndbox>
			<xmin>233</xmin>
			<xmax>287</xmax>
			<ymin>32</ymin>
			<ymax>98</ymax>
		</bndbox>
		<polygon>
			<x1>232</x1>
			<y1>78.704833</y1>
			<x2>233.290435</x2>
			<y2>82.404858</y2>
			<x3>241.770698</x3>
			<y3>91.107303</y3>
			<x4>260.040173</x4>
			<y4>96.652551</y4>
			<x5>272.667408</x5>
			<y5>91.808975</y5>
			<x6>280.687768</x6>
			<y6>83.053733</y6>
			<x7>285.951865</x7>
			<y7>61.308244</y7>
			<x8>282.558029</x8>
			<y8>47.367025</y8>
			<x9>276.13435</x9>
			<y9>38.77236</y9>
			<x10>265.501591</x10>
			<y10>31.792222</y10>
			<x11>255.904201</x11>
			<y11>31.289244</y11>
			<x12>246.162945</x12>
			<y12>33.531398</y12>
			<x13>236.819484</x13>
			<y13>41.299741</y13>
			<x14>232</x14>
			<y14>52.365136</y14>
			<x15>232</x15>
			<y15>78.704833</y15>
		</polygon>
	</object>
	<object>
		<name>orange</name>
		<pose>Unspecified</pose>
		<truncated>0</truncated>
		<difficult>0</difficult>
		<occluded>0</occluded>
		<bndbox>
			<xmin>389</xmin>
			<xmax>413</xmax>
			<ymin>10</ymin>
			<ymax>41</ymax>
		</bndbox>
		<polygon>
			<x1>411.998581</x1>
			<y1>30.294234</y1>
			<x2>411.98443</x2>
			<y2>17.447694</y2>
			<x3>406.883849</x3>
			<y3>9.839927</y3>
			<x4>397.971987</x4>
			<y4>9.372876</y4>
			<x5>390.14344800000003</x5>
			<y5>14.467942</y5>
			<x6>388.005106</x6>
			<y6>29.036789</y6>
			<x7>394.332875</x7>
			<y7>39.461541</y7>
			<x8>405.30132100000003</x8>
			<y8>40.036373</y8>
			<x9>411.998581</x9>
			<y9>30.294234</y9>
		</polygon>
	</object>
	<object>
		<name>greenapple</name>
		<pose>Unspecified</pose>
		<truncated>0</truncated>
		<difficult>0</difficult>
		<occluded>0</occluded>
		<bndbox>
			<xmin>218</xmin>
			<xmax>233</xmax>
			<ymin>330</ymin>
			<ymax>391</ymax>
		</bndbox>
		<polygon>
			<x1>232</x1>
			<y1>329.26132</y1>
			<x2>227.05053</x2>
			<y2>333.037982</y2>
			<x3>218.550615</x3>
			<y3>350.943661</y3>
			<x4>216.666201</x4>
			<y4>373.78382899999997</y4>
			<x5>227.504933</x5>
			<y5>389.950333</y5>
			<x6>232</x6>
			<y6>390.18591000000004</y6>
			<x7>232</x7>
			<y7>329.26132</y7>
		</polygon>
	</object>
	<object>
		<name>orange</name>
		<pose>Unspecified</pose>
		<truncated>0</truncated>
		<difficult>0</difficult>
		<occluded>0</occluded>
		<bndbox>
			<xmin>233</xmin>
			<xmax>253</xmax>
			<ymin>267</ymin>
			<ymax>289</ymax>
		</bndbox>
		<polygon>
			<x1>232</x1>
			<y1>266</y1>
			<x2>232</x2>
			<y2>283.832833</y2>
			<x3>236.682462</x3>
			<y3>288.460835</y3>
			<x4>246.375763</x4>
			<y4>287.133725</y4>
			<x5>251.606056</x5>
			<y5>279.14982</y5>
			<x6>251.138368</x6>
			<y6>266</y6>
			<x7>232</x7>
			<y7>266</y7>
		</polygon>
	</object>
	<object>
		<name>capsicum</name>
		<pose>Unspecified</pose>
		<truncated>0</truncated>
		<difficult>0</difficult>
		<occluded>0</occluded>
		<bndbox>
			<xmin>233</xmin>
			<xmax>249</xmax>
			<ymin>393</ymin>
			<ymax>417</ymax>
		</bndbox>
		<polygon>
			<x1>232</x1>
			<y1>416</y1>
			<x2>246.342685</x2>
			<y2>416</y2>
			<x3>247.298722</x3>
			<y3>413.80496600000004</y3>
			<x4>247.572302</x4>
			<y4>395.468164</y4>
			<x5>239.489835</x5>
			<y5>392.29190800000003</y5>
			<x6>232</x6>
			<y6>393.87669900000003</y6>
			<x7>232</x7>
			<y7>416</y7>
		</polygon>
	</object>
</annotation>
