<annotation>
	<folder></folder>
	<filename>image_25_png.rf.8f195f893956da06735bc01dc0a04177.jpg</filename>
	<path>image_25_png.rf.8f195f893956da06735bc01dc0a04177.jpg</path>
	<source>
		<database>roboflow.ai</database>
	</source>
	<size>
		<width>416</width>
		<height>416</height>
		<depth>3</depth>
	</size>
	<segmented>0</segmented>
	<object>
		<name>redapple</name>
		<pose>Unspecified</pose>
		<truncated>0</truncated>
		<difficult>0</difficult>
		<occluded>0</occluded>
		<bndbox>
			<xmin>96</xmin>
			<xmax>263</xmax>
			<ymin>1</ymin>
			<ymax>257</ymax>
		</bndbox>
		<polygon>
			<x1>262</x1>
			<y1>0</y1>
			<x2>104.555736</x2>
			<y2>0</y2>
			<x3>104</x3>
			<y3>1.367965</y3>
			<x4>95.220779</x4>
			<y4>45.489177</y4>
			<x5>94.545455</x5>
			<y5>119.324675</y5>
			<x6>100.623377</x6>
			<y6>149.939394</y6>
			<x7>114.12987</x7>
			<y7>194.060606</y7>
			<x8>131.688312</x8>
			<y8>223.774892</y8>
			<x9>176.25974</x9>
			<y9>256.190476</y9>
			<x10>195.168831</x10>
			<y10>256.190476</y10>
			<x11>205.298701</x11>
			<y11>248.08658</y11>
			<x12>236.363636</x12>
			<y12>239.082251</y12>
			<x13>257.298701</x13>
			<y13>213.87013</y13>
			<x14>262</x14>
			<y14>204.75246</y14>
			<x15>262</x15>
			<y15>0</y15>
		</polygon>
	</object>
	<object>
		<name>redapple</name>
		<pose>Unspecified</pose>
		<truncated>0</truncated>
		<difficult>0</difficult>
		<occluded>0</occluded>
		<bndbox>
			<xmin>263</xmin>
			<xmax>370</xmax>
			<ymin>1</ymin>
			<ymax>258</ymax>
		</bndbox>
		<polygon>
			<x1>262</x1>
			<y1>0</y1>
			<x2>262</x2>
			<y2>257</y2>
			<x3>313.025974</x3>
			<y3>257</y3>
			<x4>323.623377</x4>
			<y4>242.87013</y4>
			<x5>345.909091</x5>
			<y5>198.748918</y5>
			<x6>354.688312</x6>
			<y6>174.437229</y6>
			<x7>364.142857</x7>
			<y7>133.017316</y7>
			<x8>368.87013</x8>
			<y8>93.398268</y8>
			<x9>366.844156</x9>
			<y9>27.666667</y9>
			<x10>361.137905</x10>
			<y10>0</y10>
			<x11>262</x11>
			<y11>0</y11>
		</polygon>
	</object>
	<object>
		<name>mango</name>
		<pose>Unspecified</pose>
		<truncated>0</truncated>
		<difficult>0</difficult>
		<occluded>0</occluded>
		<bndbox>
			<xmin>14</xmin>
			<xmax>97</xmax>
			<ymin>374</ymin>
			<ymax>417</ymax>
		</bndbox>
		<polygon>
			<x1>90.477978</x1>
			<y1>416</y1>
			<x2>96.337662</x2>
			<y2>403.16450199999997</y2>
			<x3>92.285714</x3>
			<y3>385.155844</y3>
			<x4>78.103896</x4>
			<y4>373.450216</y4>
			<x5>59.87013</x5>
			<y5>372.549784</y5>
			<x6>37.584416</x6>
			<y6>385.155844</y6>
			<x7>13.948052</x7>
			<y7>411.268398</y7>
			<x8>12.904316</x8>
			<y8>416</y8>
			<x9>90.477978</x9>
			<y9>416</y9>
		</polygon>
	</object>
	<object>
		<name>greenapple</name>
		<pose>Unspecified</pose>
		<truncated>0</truncated>
		<difficult>0</difficult>
		<occluded>0</occluded>
		<bndbox>
			<xmin>350</xmin>
			<xmax>396</xmax>
			<ymin>258</ymin>
			<ymax>318</ymax>
		</bndbox>
		<polygon>
			<x1>364.474387</x1>
			<y1>257</y1>
			<x2>357.012987</x2>
			<y2>263.887446</y2>
			<x3>352.961039</x3>
			<y3>277.393939</y3>
			<x4>348.909091</x4>
			<y4>280.095238</y4>
			<x5>352.285714</x5>
			<y5>283.69697</y5>
			<x6>350.25973999999997</x6>
			<y6>302.606061</y6>
			<x7>361.74026000000003</x7>
			<y7>317.012987</y7>
			<x8>384.701299</x8>
			<y8>316.112554</y8>
			<x9>389.42857100000003</x9>
			<y9>309.809524</y9>
			<x10>394.155844</x10>
			<y10>293.60173199999997</y10>
			<x11>394.831169</x11>
			<y11>274.692641</y11>
			<x12>379.974026</x12>
			<y12>257.584416</y12>
			<x13>375.371751</x13>
			<y13>257</y13>
			<x14>364.474387</x14>
			<y14>257</y14>
		</polygon>
	</object>
	<object>
		<name>capsicum</name>
		<pose>Unspecified</pose>
		<truncated>0</truncated>
		<difficult>0</difficult>
		<occluded>0</occluded>
		<bndbox>
			<xmin>332</xmin>
			<xmax>354</xmax>
			<ymin>371</ymin>
			<ymax>406</ymax>
		</bndbox>
		<polygon>
			<x1>347.558442</x1>
			<y1>404.35497799999996</y1>
			<x2>352.961039</x2>
			<y2>388.14718600000003</y2>
			<x3>351.61039</x3>
			<y3>372.839827</y3>
			<x4>344.181818</x4>
			<y4>370.138528</y4>
			<x5>335.402597</x5>
			<y5>371.939394</y5>
			<x6>330.675325</x6>
			<y6>378.242424</y6>
			<x7>332.025974</x7>
			<y7>395.350649</y7>
			<x8>338.103896</x8>
			<y8>405.255411</y8>
			<x9>347.558442</x9>
			<y9>404.35497799999996</y9>
		</polygon>
	</object>
</annotation>
