<annotation>
	<folder></folder>
	<filename>image_198_png.rf.441bca4f13bd5a94b4854430ce00049a.jpg</filename>
	<path>image_198_png.rf.441bca4f13bd5a94b4854430ce00049a.jpg</path>
	<source>
		<database>roboflow.ai</database>
	</source>
	<size>
		<width>416</width>
		<height>416</height>
		<depth>3</depth>
	</size>
	<segmented>0</segmented>
	<object>
		<name>capsicum</name>
		<pose>Unspecified</pose>
		<truncated>0</truncated>
		<difficult>0</difficult>
		<occluded>0</occluded>
		<bndbox>
			<xmin>87</xmin>
			<xmax>112</xmax>
			<ymin>192</ymin>
			<ymax>221</ymax>
		</bndbox>
		<polygon>
			<x1>105.550539</x1>
			<y1>220</y1>
			<x2>110.65756</x2>
			<y2>200.576561</y2>
			<x3>107.785521</x3>
			<y3>194.653911</y3>
			<x4>100.510582</x4>
			<y4>194.13387</y4>
			<x5>100.534292</x5>
			<y5>190.562223</y5>
			<x6>98.572179</x6>
			<y6>193.757082</y6>
			<x7>88.688993</x7>
			<y7>196.306304</y7>
			<x8>85.865865</x8>
			<y8>207.380369</y8>
			<x9>86.348591</x9>
			<y9>220</y9>
			<x10>105.550539</x10>
			<y10>220</y10>
		</polygon>
	</object>
	<object>
		<name>redapple</name>
		<pose>Unspecified</pose>
		<truncated>0</truncated>
		<difficult>0</difficult>
		<occluded>0</occluded>
		<bndbox>
			<xmin>284</xmin>
			<xmax>355</xmax>
			<ymin>96</ymin>
			<ymax>180</ymax>
		</bndbox>
		<polygon>
			<x1>326.371439</x1>
			<y1>98.058098</y1>
			<x2>312.802618</x2>
			<y2>95.420586</y2>
			<x3>304.2117</x3>
			<y3>98.220999</y3>
			<x4>291.984059</x4>
			<y4>112.831394</y4>
			<x5>282.604748</x5>
			<y5>136.936085</y5>
			<x6>282.509909</x6>
			<y6>151.222668</y6>
			<x7>291.46095</x7>
			<y7>167.267592</y7>
			<x8>300.148199</x8>
			<y8>174.320604</y8>
			<x9>322.116767</x9>
			<y9>178.590861</y9>
			<x10>336.044221</x10>
			<y10>175.933701</y10>
			<x11>341.73938799999996</x11>
			<y11>170.782286</y11>
			<x12>353.535776</x12>
			<y12>148.04149</y12>
			<x13>353.31940299999997</x13>
			<y13>131.906287</y13>
			<x14>337.64322500000003</x14>
			<y14>105.613493</y14>
			<x15>326.371439</x15>
			<y15>98.058098</y15>
		</polygon>
	</object>
	<object>
		<name>capsicum</name>
		<pose>Unspecified</pose>
		<truncated>0</truncated>
		<difficult>0</difficult>
		<occluded>0</occluded>
		<bndbox>
			<xmin>159</xmin>
			<xmax>183</xmax>
			<ymin>256</ymin>
			<ymax>290</ymax>
		</bndbox>
		<polygon>
			<x1>174.078399</x1>
			<y1>287.53646100000003</y1>
			<x2>180.155909</x2>
			<y2>273.518729</y2>
			<x3>181.710479</x3>
			<y3>258.621824</y3>
			<x4>171.707251</x4>
			<y4>254.889267</y4>
			<x5>162.805121</x5>
			<y5>255.841058</y5>
			<x6>159.215818</x6>
			<y6>260.50775</y6>
			<x7>157.94875</x7>
			<y7>280.82492</y7>
			<x8>163.070406</x8>
			<y8>288.972978</y8>
			<x9>174.078399</x9>
			<y9>287.53646100000003</y9>
		</polygon>
	</object>
	<object>
		<name>redapple</name>
		<pose>Unspecified</pose>
		<truncated>0</truncated>
		<difficult>0</difficult>
		<occluded>0</occluded>
		<bndbox>
			<xmin>135</xmin>
			<xmax>180</xmax>
			<ymin>392</ymin>
			<ymax>417</ymax>
		</bndbox>
		<polygon>
			<x1>178.839914</x1>
			<y1>416</y1>
			<x2>178.297587</x2>
			<y2>407.267046</y2>
			<x3>171.237529</x3>
			<y3>398.742201</y3>
			<x4>162.191648</x4>
			<y4>396.98386</y4>
			<x5>164.656144</x5>
			<y5>391.20446400000003</y5>
			<x6>162.717741</x6>
			<y6>390.827677</y6>
			<x7>160.253245</x7>
			<y7>396.607073</y7>
			<x8>146.18204</x8>
			<y8>396.554099</y8>
			<x9>139.673277</x9>
			<y9>402.44143199999996</y9>
			<x10>135.246668</x10>
			<y10>411.415686</y10>
			<x11>134.355568</x11>
			<y11>416</y11>
			<x12>178.839914</x12>
			<y12>416</y12>
		</polygon>
	</object>
</annotation>
