<annotation>
	<folder></folder>
	<filename>image_151_png.rf.d1036ef2cc459edcb8e1209fd21e6865.jpg</filename>
	<path>image_151_png.rf.d1036ef2cc459edcb8e1209fd21e6865.jpg</path>
	<source>
		<database>roboflow.ai</database>
	</source>
	<size>
		<width>416</width>
		<height>416</height>
		<depth>3</depth>
	</size>
	<segmented>0</segmented>
	<object>
		<name>mango</name>
		<pose>Unspecified</pose>
		<truncated>0</truncated>
		<difficult>0</difficult>
		<occluded>0</occluded>
		<bndbox>
			<xmin>281</xmin>
			<xmax>308</xmax>
			<ymin>8</ymin>
			<ymax>44</ymax>
		</bndbox>
		<polygon>
			<x1>306.07751</x1>
			<y1>35.403927</y1>
			<x2>306.593495</x2>
			<y2>18.437218</y2>
			<x3>298.60513100000003</x3>
			<y3>8.034895</y3>
			<x4>290.661229</x4>
			<y4>6.584519</y4>
			<x5>280.697975</x5>
			<y5>14.836659</y5>
			<x6>279.826169</x6>
			<y6>27.304069</y6>
			<x7>288.899808</x7>
			<y7>41.361816</y7>
			<x8>298.845252</x8>
			<y8>42.952153</y8>
			<x9>306.07751</x9>
			<y9>35.403927</y9>
		</polygon>
	</object>
	<object>
		<name>redapple</name>
		<pose>Unspecified</pose>
		<truncated>0</truncated>
		<difficult>0</difficult>
		<occluded>0</occluded>
		<bndbox>
			<xmin>1</xmin>
			<xmax>57</xmax>
			<ymin>188</ymin>
			<ymax>242</ymax>
		</bndbox>
		<polygon>
			<x1>0</x1>
			<y1>187</y1>
			<x2>0</x2>
			<y2>233.034394</y2>
			<x3>11.480195</x3>
			<y3>239.919442</y3>
			<x4>30.828448</x4>
			<y4>241.272404</y4>
			<x5>43.211338</x5>
			<y5>236.768997</y5>
			<x6>55.816664</x6>
			<y6>209.909051</y6>
			<x7>55.229564</x7>
			<y7>199.129392</y7>
			<x8>48.893839</x8>
			<y8>187</y8>
			<x9>0</x9>
			<y9>187</y9>
		</polygon>
	</object>
	<object>
		<name>mango</name>
		<pose>Unspecified</pose>
		<truncated>0</truncated>
		<difficult>0</difficult>
		<occluded>0</occluded>
		<bndbox>
			<xmin>94</xmin>
			<xmax>149</xmax>
			<ymin>330</ymin>
			<ymax>394</ymax>
		</bndbox>
		<polygon>
			<x1>101.994267</x1>
			<y1>335.737178</y1>
			<x2>95.117832</x2>
			<y2>347.78470300000004</y2>
			<x3>92.662575</x3>
			<y3>363.72092299999997</y3>
			<x4>95.188947</x4>
			<y4>375.531072</y4>
			<x5>103.17731</x5>
			<y5>385.933395</y5>
			<x6>117.419392</x6>
			<y6>393.193485</y6>
			<x7>136.598638</x7>
			<y7>387.375558</y7>
			<x8>147.246882</x8>
			<y8>369.32759699999997</y8>
			<x9>148.243232</x9>
			<y9>355.07912799999997</y9>
			<x10>146.072683</x10>
			<y10>347.768279</y10>
			<x11>133.787683</x11>
			<y11>331.69620399999997</y11>
			<x12>115.898336</x12>
			<y12>328.655491</y12>
			<x13>101.994267</x13>
			<y13>335.737178</y13>
		</polygon>
	</object>
	<object>
		<name>mango</name>
		<pose>Unspecified</pose>
		<truncated>0</truncated>
		<difficult>0</difficult>
		<occluded>0</occluded>
		<bndbox>
			<xmin>234</xmin>
			<xmax>417</xmax>
			<ymin>283</ymin>
			<ymax>417</ymax>
		</bndbox>
		<polygon>
			<x1>416</x1>
			<y1>416</y1>
			<x2>416</x2>
			<y2>283.23614399999997</y2>
			<x3>403.812327</x3>
			<y3>282.383899</y3>
			<x4>387.613165</x4>
			<y4>283.935794</y4>
			<x5>360.11638700000003</x5>
			<y5>293.64652</y5>
			<x6>261.01764000000003</x6>
			<y6>349.358724</y6>
			<x7>245.948215</x7>
			<y7>363.517992</y7>
			<x8>235.050882</x8>
			<y8>385.128069</y8>
			<x9>232.826904</x9>
			<y9>407.344648</y9>
			<x10>234.655476</x10>
			<y10>416</y10>
			<x11>416</x11>
			<y11>416</y11>
		</polygon>
	</object>
</annotation>
