<annotation>
	<folder></folder>
	<filename>image_131_png.rf.cfcd2bb721d152ad3e3af3c417b13334.jpg</filename>
	<path>image_131_png.rf.cfcd2bb721d152ad3e3af3c417b13334.jpg</path>
	<source>
		<database>roboflow.ai</database>
	</source>
	<size>
		<width>416</width>
		<height>416</height>
		<depth>3</depth>
	</size>
	<segmented>0</segmented>
	<object>
		<name>greenapple</name>
		<pose>Unspecified</pose>
		<truncated>0</truncated>
		<difficult>0</difficult>
		<occluded>0</occluded>
		<bndbox>
			<xmin>3</xmin>
			<xmax>28</xmax>
			<ymin>1</ymin>
			<ymax>26</ymax>
		</bndbox>
		<polygon>
			<x1>4.371593</x1>
			<y1>0</y1>
			<x2>3.422175</x2>
			<y2>0.759601</y2>
			<x3>2.313567</x3>
			<y3>13.280264</y3>
			<x4>6.02403</x4>
			<y4>22.380818</y4>
			<x5>18.000224</x5>
			<y5>25.49033</y5>
			<x6>25.595397</x6>
			<y6>19.475872</y6>
			<x7>27.405854</x7>
			<y7>6.082621</y7>
			<x8>24.631825</x8>
			<y8>0</y8>
			<x9>4.371593</x9>
			<y9>0</y9>
		</polygon>
	</object>
	<object>
		<name>greenapple</name>
		<pose>Unspecified</pose>
		<truncated>0</truncated>
		<difficult>0</difficult>
		<occluded>0</occluded>
		<bndbox>
			<xmin>172</xmin>
			<xmax>197</xmax>
			<ymin>71</ymin>
			<ymax>104</ymax>
		</bndbox>
		<polygon>
			<x1>196.170026</x1>
			<y1>94.742992</y1>
			<x2>196.482918</x2>
			<y2>85.782937</y2>
			<x3>190.917225</x3>
			<y3>72.132105</y3>
			<x4>182.933095</x4>
			<y4>70.059097</y4>
			<x5>171.922548</x5>
			<y5>77.748484</y5>
			<x6>170.813941</x6>
			<y6>90.269146</y6>
			<x7>175.163672</x7>
			<y7>100.289123</y7>
			<x8>187.139866</x8>
			<y8>103.398635</y8>
			<x9>196.170026</x9>
			<y9>94.742992</y9>
		</polygon>
	</object>
	<object>
		<name>redapple</name>
		<pose>Unspecified</pose>
		<truncated>0</truncated>
		<difficult>0</difficult>
		<occluded>0</occluded>
		<bndbox>
			<xmin>80</xmin>
			<xmax>153</xmax>
			<ymin>343</ymin>
			<ymax>417</ymax>
		</bndbox>
		<polygon>
			<x1>142.42869</x1>
			<y1>416</y1>
			<x2>145.416263</x2>
			<y2>411.256323</y2>
			<x3>152.233525</x3>
			<y3>389.066932</y3>
			<x4>150.083205</x4>
			<y4>373.741172</y4>
			<x5>132.791631</x5>
			<y5>349.81278299999997</y5>
			<x6>119.599475</x6>
			<y6>343.072415</y6>
			<x7>103.537348</x7>
			<y7>341.614415</y7>
			<x8>91.887531</x8>
			<y8>348.38437999999996</y8>
			<x9>85.414452</x9>
			<y9>360.71771</y9>
			<x10>79.111304</x10>
			<y10>387.410546</y10>
			<x11>81.869604</x11>
			<y11>404.551734</y11>
			<x12>90.2114</x12>
			<y12>415.608214</y12>
			<x13>90.785062</x13>
			<y13>416</y13>
			<x14>142.42869</x14>
			<y14>416</y14>
		</polygon>
	</object>
	<object>
		<name>redapple</name>
		<pose>Unspecified</pose>
		<truncated>0</truncated>
		<difficult>0</difficult>
		<occluded>0</occluded>
		<bndbox>
			<xmin>379</xmin>
			<xmax>417</xmax>
			<ymin>150</ymin>
			<ymax>227</ymax>
		</bndbox>
		<polygon>
			<x1>416</x1>
			<y1>149</y1>
			<x2>392.543222</x2>
			<y2>149</y2>
			<x3>384.395708</x3>
			<y3>162.891934</y3>
			<x4>378.09256</x4>
			<y4>189.58477</y4>
			<x5>380.27416900000003</x5>
			<y5>204.014524</y5>
			<x6>386.635577</x6>
			<y6>214.10475</y6>
			<x7>400.373135</x7>
			<y7>224.45255600000002</y7>
			<x8>416</x8>
			<y8>225.696217</y8>
			<x9>416</x9>
			<y9>149</y9>
		</polygon>
	</object>
	<object>
		<name>mango</name>
		<pose>Unspecified</pose>
		<truncated>0</truncated>
		<difficult>0</difficult>
		<occluded>0</occluded>
		<bndbox>
			<xmin>217</xmin>
			<xmax>246</xmax>
			<ymin>150</ymin>
			<ymax>170</ymax>
		</bndbox>
		<polygon>
			<x1>215.952846</x1>
			<y1>149</y1>
			<x2>215.633863</x2>
			<y2>150.718953</y2>
			<x3>226.47016</x3>
			<y3>167.245132</y3>
			<x4>237.16781500000002</x4>
			<y4>168.515801</y4>
			<x5>244.21758599999998</x5>
			<y5>158.893904</y5>
			<x6>244.563089</x6>
			<y6>149</y6>
			<x7>215.952846</x7>
			<y7>149</y7>
		</polygon>
	</object>
</annotation>
