<annotation>
	<folder></folder>
	<filename>image_157_png.rf.b610cf2fca8d1bb816fedd7286f3ef7c.jpg</filename>
	<path>image_157_png.rf.b610cf2fca8d1bb816fedd7286f3ef7c.jpg</path>
	<source>
		<database>roboflow.ai</database>
	</source>
	<size>
		<width>416</width>
		<height>416</height>
		<depth>3</depth>
	</size>
	<segmented>0</segmented>
	<object>
		<name>capsicum</name>
		<pose>Unspecified</pose>
		<truncated>0</truncated>
		<difficult>0</difficult>
		<occluded>0</occluded>
		<bndbox>
			<xmin>31</xmin>
			<xmax>62</xmax>
			<ymin>1</ymin>
			<ymax>31</ymax>
		</bndbox>
		<polygon>
			<x1>30.147937</x1>
			<y1>0</y1>
			<x2>29.878166</x2>
			<y2>10.555366</y2>
			<x3>36.205272</x3>
			<y3>29.499698</y3>
			<x4>49.477792</x4>
			<y4>30.195281</y4>
			<x5>54.447435</x5>
			<y5>24.251481</y5>
			<x6>59.972952</x6>
			<y6>7.700962</y6>
			<x7>60.653144</x7>
			<y7>0</y7>
			<x8>30.147937</x8>
			<y8>0</y8>
		</polygon>
	</object>
	<object>
		<name>greenapple</name>
		<pose>Unspecified</pose>
		<truncated>0</truncated>
		<difficult>0</difficult>
		<occluded>0</occluded>
		<bndbox>
			<xmin>146</xmin>
			<xmax>317</xmax>
			<ymin>1</ymin>
			<ymax>169</ymax>
		</bndbox>
		<polygon>
			<x1>153.77108900000002</x1>
			<y1>0</y1>
			<x2>147.797457</x2>
			<y2>14.793314</y2>
			<x3>145.019089</x3>
			<y3>29.715163</y3>
			<x4>144.586071</x4>
			<y4>63.37267</y4>
			<x5>149.215342</x5>
			<y5>89.318591</y5>
			<x6>157.780046</x6>
			<y6>116.357079</y6>
			<x7>164.956069</x7>
			<y7>131.800617</y7>
			<x8>181.80854499999998</x8>
			<y8>153.069202</y8>
			<x9>201.825077</x9>
			<y9>164.754076</y9>
			<x10>232.259228</x10>
			<y10>168.121705</y10>
			<x11>250.979724</x11>
			<y11>166.443841</y11>
			<x12>277.602305</x12>
			<y12>153.657935</y12>
			<x13>292.603878</x13>
			<y13>134.05875</y13>
			<x14>309.658763</x14>
			<y14>87.977543</y14>
			<x15>314.93756099999996</x15>
			<y15>63.437203</y15>
			<x16>316.141956</x16>
			<y16>40.455975</y16>
			<x17>308.79675199999997</x17>
			<y17>2.845545</y17>
			<x18>307.554188</x18>
			<y18>0</y18>
			<x19>153.77108900000002</x19>
			<y19>0</y19>
		</polygon>
	</object>
	<object>
		<name>capsicum</name>
		<pose>Unspecified</pose>
		<truncated>0</truncated>
		<difficult>0</difficult>
		<occluded>0</occluded>
		<bndbox>
			<xmin>140</xmin>
			<xmax>171</xmax>
			<ymin>192</ymin>
			<ymax>220</ymax>
		</bndbox>
		<polygon>
			<x1>139.458048</x1>
			<y1>191</y1>
			<x2>139.307186</x2>
			<y2>197.7528</y2>
			<x3>145.54164600000001</x3>
			<y3>218.464919</y3>
			<x4>160.805044</x4>
			<y4>219.26484</y4>
			<x5>169.880306</x5>
			<y5>198.468749</y5>
			<x6>170.496998</x6>
			<y6>191</y6>
			<x7>139.458048</x7>
			<y7>191</y7>
		</polygon>
	</object>
	<object>
		<name>orange</name>
		<pose>Unspecified</pose>
		<truncated>0</truncated>
		<difficult>0</difficult>
		<occluded>0</occluded>
		<bndbox>
			<xmin>271</xmin>
			<xmax>296</xmax>
			<ymin>192</ymin>
			<ymax>212</ymax>
		</bndbox>
		<polygon>
			<x1>270.231502</x1>
			<y1>191</y1>
			<x2>270.134158</x2>
			<y2>202.836509</y2>
			<x3>277.017138</x3>
			<y3>211.174121</y3>
			<x4>287.017851</x4>
			<y4>210.811914</y4>
			<x5>294.873611</x5>
			<y5>200.587765</y5>
			<x6>294.77653</x6>
			<y6>191</y6>
			<x7>270.231502</x7>
			<y7>191</y7>
		</polygon>
	</object>
	<object>
		<name>mango</name>
		<pose>Unspecified</pose>
		<truncated>0</truncated>
		<difficult>0</difficult>
		<occluded>0</occluded>
		<bndbox>
			<xmin>394</xmin>
			<xmax>417</xmax>
			<ymin>327</ymin>
			<ymax>364</ymax>
		</bndbox>
		<polygon>
			<x1>416</x1>
			<y1>332.919402</y1>
			<x2>414.523673</x2>
			<y2>330.056985</y2>
			<x3>402.763697</x3>
			<y3>325.89538600000003</y3>
			<x4>393.719652</x4>
			<y4>333.398298</y4>
			<x5>392.978486</x5>
			<y5>347.540592</y5>
			<x6>401.003427</x6>
			<y6>359.483335</y6>
			<x7>410.155222</x7>
			<y7>362.62192300000004</y7>
			<x8>416</x8>
			<y8>356.202941</y8>
			<x9>416</x9>
			<y9>332.919402</y9>
		</polygon>
	</object>
</annotation>
