<annotation>
	<folder></folder>
	<filename>image_71_png.rf.a4672b97d396f0817ad88ceb8f53ce85.jpg</filename>
	<path>image_71_png.rf.a4672b97d396f0817ad88ceb8f53ce85.jpg</path>
	<source>
		<database>roboflow.ai</database>
	</source>
	<size>
		<width>416</width>
		<height>416</height>
		<depth>3</depth>
	</size>
	<segmented>0</segmented>
	<object>
		<name>orange</name>
		<pose>Unspecified</pose>
		<truncated>0</truncated>
		<difficult>0</difficult>
		<occluded>0</occluded>
		<bndbox>
			<xmin>263</xmin>
			<xmax>287</xmax>
			<ymin>110</ymin>
			<ymax>142</ymax>
		</bndbox>
		<polygon>
			<x1>286.39651200000003</x1>
			<y1>131.928344</y1>
			<x2>286.41794400000003</x2>
			<y2>119.08381</y2>
			<x3>280.621373</x3>
			<y3>109.60269</y3>
			<x4>271.613647</x4>
			<y4>108.714829</y4>
			<x5>263.856309</x5>
			<y5>113.199382</y5>
			<x6>262.086261</x6>
			<y6>128.97962</y6>
			<x7>268.656422</x7>
			<y7>139.296737</y7>
			<x8>277.759508</x8>
			<y8>141.091882</y8>
			<x9>286.39651200000003</x9>
			<y9>131.928344</y9>
		</polygon>
	</object>
	<object>
		<name>greenapple</name>
		<pose>Unspecified</pose>
		<truncated>0</truncated>
		<difficult>0</difficult>
		<occluded>0</occluded>
		<bndbox>
			<xmin>1</xmin>
			<xmax>26</xmax>
			<ymin>235</ymin>
			<ymax>297</ymax>
		</bndbox>
		<polygon>
			<x1>0</x1>
			<y1>295.773701</y1>
			<x2>18.177826</x2>
			<y2>294.562765</y2>
			<x3>25.469085</x3>
			<y3>279.11953</y3>
			<x4>25.130512</x4>
			<y4>249.80133</y4>
			<x5>18.751069</x5>
			<y5>241.298779</y5>
			<x6>7.719365</x6>
			<y6>234.202505</y6>
			<x7>0</x7>
			<y7>233.930879</y7>
			<x8>0</x8>
			<y8>295.773701</y8>
		</polygon>
	</object>
	<object>
		<name>orange</name>
		<pose>Unspecified</pose>
		<truncated>0</truncated>
		<difficult>0</difficult>
		<occluded>0</occluded>
		<bndbox>
			<xmin>4</xmin>
			<xmax>59</xmax>
			<ymin>397</ymin>
			<ymax>417</ymax>
		</bndbox>
		<polygon>
			<x1>58.038079</x1>
			<y1>416</y1>
			<x2>57.311635</x2>
			<y2>412.45130700000004</y2>
			<x3>43.196285</x3>
			<y3>395.588775</y3>
			<x4>17.232776</x4>
			<y4>396.48303699999997</y4>
			<x5>10.153668</x5>
			<y5>400.896305</y5>
			<x6>3.022718</x6>
			<y6>416</y6>
			<x7>58.038079</x7>
			<y7>416</y7>
		</polygon>
	</object>
</annotation>
