<annotation>
	<folder></folder>
	<filename>image_71_png.rf.df32d67033cad5273503e28219d3e0de.jpg</filename>
	<path>image_71_png.rf.df32d67033cad5273503e28219d3e0de.jpg</path>
	<source>
		<database>roboflow.ai</database>
	</source>
	<size>
		<width>416</width>
		<height>416</height>
		<depth>3</depth>
	</size>
	<segmented>0</segmented>
	<object>
		<name>orange</name>
		<pose>Unspecified</pose>
		<truncated>0</truncated>
		<difficult>0</difficult>
		<occluded>0</occluded>
		<bndbox>
			<xmin>142</xmin>
			<xmax>199</xmax>
			<ymin>38</ymin>
			<ymax>112</ymax>
		</bndbox>
		<polygon>
			<x1>179.239121</x1>
			<y1>37.121955</y1>
			<x2>158.670625</x2>
			<y2>36.636377</y2>
			<x3>147.529596</x3>
			<y3>43.984647</y3>
			<x4>141.233679</x4>
			<y4>59.648388</y4>
			<x5>141.563264</x5>
			<y5>81.675532</y5>
			<x6>144.627987</x6>
			<y6>91.943074</y6>
			<x7>155.443979</x7>
			<y7>106.690752</y7>
			<x8>161.047908</x8>
			<y8>109.631641</y8>
			<x9>173.106318</x9>
			<y9>111.011665</y9>
			<x10>185.923544</x10>
			<y10>107.017107</y10>
			<x11>193.516249</x11>
			<y11>97.394366</y11>
			<x12>197.848301</x12>
			<y12>81.937036</y12>
			<x13>195.279635</x13>
			<y13>57.497814</y13>
			<x14>188.758326</x14>
			<y14>45.828632</y14>
			<x15>179.239121</x15>
			<y15>37.121955</y15>
		</polygon>
	</object>
	<object>
		<name>mango</name>
		<pose>Unspecified</pose>
		<truncated>0</truncated>
		<difficult>0</difficult>
		<occluded>0</occluded>
		<bndbox>
			<xmin>336</xmin>
			<xmax>364</xmax>
			<ymin>64</ymin>
			<ymax>100</ymax>
		</bndbox>
		<polygon>
			<x1>363.332757</x1>
			<y1>86.875356</y1>
			<x2>362.14016300000003</x2>
			<y2>75.528574</y2>
			<x3>354.401347</x3>
			<y3>64.869829</y3>
			<x4>343.652182</x4>
			<y4>63.352197</y4>
			<x5>334.566756</x5>
			<y5>71.366885</y5>
			<x6>336.034565</x6>
			<y6>85.332154</y6>
			<x7>349.37730799999997</x7>
			<y7>98.93179</y7>
			<x8>358.450278</x8>
			<y8>97.095711</y8>
			<x9>363.332757</x9>
			<y9>86.875356</y9>
		</polygon>
	</object>
	<object>
		<name>redapple</name>
		<pose>Unspecified</pose>
		<truncated>0</truncated>
		<difficult>0</difficult>
		<occluded>0</occluded>
		<bndbox>
			<xmin>130</xmin>
			<xmax>178</xmax>
			<ymin>171</ymin>
			<ymax>227</ymax>
		</bndbox>
		<polygon>
			<x1>130.000378</x1>
			<y1>170</y1>
			<x2>128.905815</x2>
			<y2>178.675791</y2>
			<x3>132.04982</x3>
			<y3>195.99477100000001</y3>
			<x4>145.930536</x4>
			<y4>221.009991</y4>
			<x5>155.737411</x5>
			<y5>226.156546</y5>
			<x6>169.300996</x6>
			<y6>222.966014</y6>
			<x7>174.366952</x7>
			<y7>214.491318</y7>
			<x8>177.389759</x8>
			<y8>199.171593</y8>
			<x9>174.454141</x9>
			<y9>171.241055</y9>
			<x10>173.678968</x10>
			<y10>170</y10>
			<x11>130.000378</x11>
			<y11>170</y11>
		</polygon>
	</object>
	<object>
		<name>greenapple</name>
		<pose>Unspecified</pose>
		<truncated>0</truncated>
		<difficult>0</difficult>
		<occluded>0</occluded>
		<bndbox>
			<xmin>163</xmin>
			<xmax>207</xmax>
			<ymin>320</ymin>
			<ymax>382</ymax>
		</bndbox>
		<polygon>
			<x1>169.193446</x1>
			<y1>322.696585</y1>
			<x2>163.931558</x2>
			<y2>335.604232</y2>
			<x3>161.759305</x3>
			<y3>346.42220199999997</y3>
			<x4>162.560036</x4>
			<y4>366.634884</y4>
			<x5>174.501797</x5>
			<y5>379.499297</y5>
			<x6>181.977853</x6>
			<y6>381.360945</y6>
			<x7>196.196062</x7>
			<y7>378.101609</y7>
			<x8>203.513553</x8>
			<y8>365.86038099999996</y8>
			<x9>205.698262</x9>
			<y9>348.86380299999996</y9>
			<x10>204.413929</x10>
			<y10>336.644192</y10>
			<x11>190.233088</x11>
			<y11>321.367702</y11>
			<x12>174.809829</x12>
			<y12>319.458866</y12>
			<x13>169.193446</x13>
			<y13>322.696585</y13>
		</polygon>
	</object>
	<object>
		<name>capsicum</name>
		<pose>Unspecified</pose>
		<truncated>0</truncated>
		<difficult>0</difficult>
		<occluded>0</occluded>
		<bndbox>
			<xmin>333</xmin>
			<xmax>417</xmax>
			<ymin>171</ymin>
			<ymax>417</ymax>
		</bndbox>
		<polygon>
			<x1>416</x1>
			<y1>416</y1>
			<x2>416</x2>
			<y2>170</y2>
			<x3>401.325788</x3>
			<y3>170</y3>
			<x4>402.3112</x4>
			<y4>174.226194</y4>
			<x5>406.043</x5>
			<y5>178.246323</y5>
			<x6>404.813038</x6>
			<y6>185.435368</y6>
			<x7>388.251556</x7>
			<y7>191.588407</y7>
			<x8>380.02914</x8>
			<y8>188.922732</y8>
			<x9>352.15560800000003</x9>
			<y9>194.499773</y9>
			<x10>339.038257</x10>
			<y10>208.233062</y10>
			<x11>333.384506</x11>
			<y11>230.006609</y11>
			<x12>331.56675</x12>
			<y12>250.494505</y12>
			<x13>335.486575</x13>
			<y13>300.383384</y13>
			<x14>355.642846</x14>
			<y14>366.215173</y14>
			<x15>375.7572</x15>
			<y15>406.459696</y15>
			<x16>385.117292</x16>
			<y16>416</y16>
			<x17>416</x17>
			<y17>416</y17>
		</polygon>
	</object>
</annotation>
