<annotation>
	<folder></folder>
	<filename>image_8_png.rf.d1de9bdcb00d72bd72d24f28519eabcb.jpg</filename>
	<path>image_8_png.rf.d1de9bdcb00d72bd72d24f28519eabcb.jpg</path>
	<source>
		<database>roboflow.ai</database>
	</source>
	<size>
		<width>416</width>
		<height>416</height>
		<depth>3</depth>
	</size>
	<segmented>0</segmented>
	<object>
		<name>mango</name>
		<pose>Unspecified</pose>
		<truncated>0</truncated>
		<difficult>0</difficult>
		<occluded>0</occluded>
		<bndbox>
			<xmin>1</xmin>
			<xmax>98</xmax>
			<ymin>66</ymin>
			<ymax>246</ymax>
		</bndbox>
		<polygon>
			<x1>0</x1>
			<y1>245</y1>
			<x2>26.940993</x2>
			<y2>245</y2>
			<x3>43.914981</x3>
			<y3>237.098007</y3>
			<x4>66.876721</x4>
			<y4>220.766992</y4>
			<x5>80.315498</x5>
			<y5>207.388591</y5>
			<x6>89.528275</x6>
			<y6>190.48597</y6>
			<x7>93.406141</x7>
			<y7>176.348077</y7>
			<x8>97.094294</x8>
			<y8>143.64965</y8>
			<x9>90.112626</x9>
			<y9>116.480679</y9>
			<x10>77.675576</x10>
			<y10>96.686963</y10>
			<x11>51.685921</x11>
			<y11>79.135329</y11>
			<x12>33.001409</x12>
			<y12>71.208974</y12>
			<x13>0</x13>
			<y13>64.527243</y13>
			<x14>0</x14>
			<y14>245</y14>
		</polygon>
	</object>
	<object>
		<name>capsicum</name>
		<pose>Unspecified</pose>
		<truncated>0</truncated>
		<difficult>0</difficult>
		<occluded>0</occluded>
		<bndbox>
			<xmin>119</xmin>
			<xmax>146</xmax>
			<ymin>332</ymin>
			<ymax>371</ymax>
		</bndbox>
		<polygon>
			<x1>137.372923</x1>
			<y1>365.082318</y1>
			<x2>144.729297</x2>
			<y2>346.92601</y2>
			<x3>143.272255</x3>
			<y3>335.552844</y3>
			<x4>130.156954</x4>
			<y4>331.387555</y4>
			<x5>122.135618</x5>
			<y5>333.678594</y5>
			<x6>117.902976</x6>
			<y6>345.901221</y6>
			<x7>118.213164</x7>
			<y7>359.851228</y7>
			<x8>126.86152</x8>
			<y8>369.713353</y8>
			<x9>137.372923</x9>
			<y9>365.082318</y9>
		</polygon>
	</object>
	<object>
		<name>capsicum</name>
		<pose>Unspecified</pose>
		<truncated>0</truncated>
		<difficult>0</difficult>
		<occluded>0</occluded>
		<bndbox>
			<xmin>276</xmin>
			<xmax>300</xmax>
			<ymin>295</ymin>
			<ymax>330</ymax>
		</bndbox>
		<polygon>
			<x1>289.972529</x1>
			<y1>328.635715</y1>
			<x2>298.355284</x2>
			<y2>312.513094</y2>
			<x3>299.388309</x3>
			<y3>298.799932</y3>
			<x4>291.962693</x4>
			<y4>293.78517999999997</y4>
			<x5>280.583325</x5>
			<y5>295.484106</y5>
			<x6>276.94640300000003</x6>
			<y6>300.400944</y6>
			<x7>275.476073</x7>
			<y7>320.521475</y7>
			<x8>278.909992</x8>
			<y8>328.5378</y8>
			<x9>289.972529</x9>
			<y9>328.635715</y9>
		</polygon>
	</object>
</annotation>
