<annotation>
	<folder></folder>
	<filename>image_156_png.rf.df9abe8383a9177e904f331951dde591.jpg</filename>
	<path>image_156_png.rf.df9abe8383a9177e904f331951dde591.jpg</path>
	<source>
		<database>roboflow.ai</database>
	</source>
	<size>
		<width>416</width>
		<height>416</height>
		<depth>3</depth>
	</size>
	<segmented>0</segmented>
	<object>
		<name>mango</name>
		<pose>Unspecified</pose>
		<truncated>0</truncated>
		<difficult>0</difficult>
		<occluded>0</occluded>
		<bndbox>
			<xmin>56</xmin>
			<xmax>117</xmax>
			<ymin>1</ymin>
			<ymax>46</ymax>
		</bndbox>
		<polygon>
			<x1>116</x1>
			<y1>0</y1>
			<x2>63.907613</x2>
			<y2>0</y2>
			<x3>54.783545</x3>
			<y3>16.53859</y3>
			<x4>55.667917</x4>
			<y4>31.361434</y4>
			<x5>66.036535</x5>
			<y5>41.939172</y5>
			<x6>78.830507</x6>
			<y6>45.330739</y6>
			<x7>109.268769</x7>
			<y7>34.921001</y7>
			<x8>116</x8>
			<y8>29.143403</y8>
			<x9>116</x9>
			<y9>0</y9>
		</polygon>
	</object>
	<object>
		<name>greenapple</name>
		<pose>Unspecified</pose>
		<truncated>0</truncated>
		<difficult>0</difficult>
		<occluded>0</occluded>
		<bndbox>
			<xmin>177</xmin>
			<xmax>224</xmax>
			<ymin>1</ymin>
			<ymax>61</ymax>
		</bndbox>
		<polygon>
			<x1>186.59887700000002</x1>
			<y1>0</y1>
			<x2>180.642106</x2>
			<y2>7.040307</y2>
			<x3>179.100339</x3>
			<y3>23.408265</y3>
			<x4>175.792181</x4>
			<y4>27.053708</y4>
			<x5>178.659722</x5>
			<y5>27.278959</y5>
			<x6>182.633119</x6>
			<y6>48.853294</y6>
			<x7>197.413397</x7>
			<y7>60.211499</y7>
			<x8>215.50026400000002</x8>
			<y8>56.642146</y8>
			<x9>220.131841</x9>
			<y9>52.666737</y9>
			<x10>223.218121</x10>
			<y10>39.674525</y10>
			<x11>219.90564999999998</x11>
			<y11>12.294149</y11>
			<x12>206.531816</x12>
			<y12>0</y12>
			<x13>186.59887700000002</x13>
			<y13>0</y13>
		</polygon>
	</object>
	<object>
		<name>redapple</name>
		<pose>Unspecified</pose>
		<truncated>0</truncated>
		<difficult>0</difficult>
		<occluded>0</occluded>
		<bndbox>
			<xmin>191</xmin>
			<xmax>245</xmax>
			<ymin>115</ymin>
			<ymax>191</ymax>
		</bndbox>
		<polygon>
			<x1>204.47974</x1>
			<y1>116.742615</y1>
			<x2>194.554484</x2>
			<y2>122.037886</y2>
			<x3>190.14439299999998</x3>
			<y3>132.539535</y3>
			<x4>190.145961</x4>
			<y4>143.821651</y4>
			<x5>195.442385</x5>
			<y5>162.245492</y5>
			<x6>203.60556400000002</x6>
			<y6>175.253525</y6>
			<x7>215.739004</x7>
			<y7>187.271662</y7>
			<x8>225.665436</x8>
			<y8>190.437977</y8>
			<x9>238.458232</x9>
			<y9>185.367958</y9>
			<x10>242.64801599999998</x10>
			<y10>176.801656</y10>
			<x11>244.189783</x11>
			<y11>160.433698</y11>
			<x12>236.46526</x12>
			<y12>129.452326</y12>
			<x13>222.125598</x13>
			<y13>114.223427</y13>
			<x14>204.47974</x14>
			<y14>116.742615</y14>
		</polygon>
	</object>
	<object>
		<name>redapple</name>
		<pose>Unspecified</pose>
		<truncated>0</truncated>
		<difficult>0</difficult>
		<occluded>0</occluded>
		<bndbox>
			<xmin>77</xmin>
			<xmax>117</xmax>
			<ymin>280</ymin>
			<ymax>356</ymax>
		</bndbox>
		<polygon>
			<x1>116</x1>
			<y1>286.203477</y1>
			<x2>109.787308</x2>
			<y2>279.058444</y2>
			<x3>91.259039</x3>
			<y3>280.857434</y3>
			<x4>81.333784</x4>
			<y4>286.15270399999997</y4>
			<x5>76.261981</x5>
			<y5>296.819336</y5>
			<x6>76.484251</x6>
			<y6>308.986634</y6>
			<x7>82.442385</x7>
			<y7>327.245492</y7>
			<x8>102.739004</x8>
			<y8>352.271662</y8>
			<x9>114.650566</x9>
			<y9>354.943029</y9>
			<x10>116</x10>
			<y10>354.35647800000004</y10>
			<x11>116</x11>
			<y11>286.203477</y11>
		</polygon>
	</object>
	<object>
		<name>greenapple</name>
		<pose>Unspecified</pose>
		<truncated>0</truncated>
		<difficult>0</difficult>
		<occluded>0</occluded>
		<bndbox>
			<xmin>174</xmin>
			<xmax>202</xmax>
			<ymin>315</ymin>
			<ymax>347</ymax>
		</bndbox>
		<polygon>
			<x1>200.998434</x1>
			<y1>334.333754</y1>
			<x2>197.687924</x2>
			<y2>321.056023</y2>
			<x3>188.202108</x3>
			<y3>314.019013</y3>
			<x4>180.040889</x4>
			<y4>315.113625</y4>
			<x5>173.204266</x5>
			<y5>324.339858</y5>
			<x6>174.970655</x6>
			<y6>337.062372</y6>
			<x7>183.574452</x7>
			<y7>346.199712</y7>
			<x8>194.60321199999998</x8>
			<y8>345.330351</y8>
			<x9>200.998434</x9>
			<y9>334.333754</y9>
		</polygon>
	</object>
</annotation>
