<annotation>
	<folder></folder>
	<filename>image_222_png.rf.4d26c1c25bb146cacb5765b110e554cb.jpg</filename>
	<path>image_222_png.rf.4d26c1c25bb146cacb5765b110e554cb.jpg</path>
	<source>
		<database>roboflow.ai</database>
	</source>
	<size>
		<width>416</width>
		<height>416</height>
		<depth>3</depth>
	</size>
	<segmented>0</segmented>
	<object>
		<name>capsicum</name>
		<pose>Unspecified</pose>
		<truncated>0</truncated>
		<difficult>0</difficult>
		<occluded>0</occluded>
		<bndbox>
			<xmin>225</xmin>
			<xmax>249</xmax>
			<ymin>14</ymin>
			<ymax>54</ymax>
		</bndbox>
		<polygon>
			<x1>224.42015700000002</x1>
			<y1>33.397913</y1>
			<x2>227.560544</x2>
			<y2>46.96128</y2>
			<x3>237.594583</x3>
			<y3>52.539845</y3>
			<x4>246.54532899999998</x4>
			<y4>42.78981</y4>
			<x5>248.27292599999998</x5>
			<y5>21.206285</y5>
			<x6>244.31588299999999</x6>
			<y6>15.733793</y6>
			<x7>236.872729</x7>
			<y7>16.504443</y7>
			<x8>236.260366</x8>
			<y8>12.891473</y8>
			<x9>234.847063</x9>
			<y9>16.469084</y9>
			<x10>225.315384</x10>
			<y10>20.805559</y10>
			<x11>224.42015700000002</x11>
			<y11>33.397913</y11>
		</polygon>
	</object>
	<object>
		<name>orange</name>
		<pose>Unspecified</pose>
		<truncated>0</truncated>
		<difficult>0</difficult>
		<occluded>0</occluded>
		<bndbox>
			<xmin>222</xmin>
			<xmax>247</xmax>
			<ymin>166</ymin>
			<ymax>198</ymax>
		</bndbox>
		<polygon>
			<x1>244.659052</x1>
			<y1>189.549805</y1>
			<x2>246.229501</x2>
			<y2>176.969236</y2>
			<x3>241.67581</x3>
			<y3>166.983481</y3>
			<x4>232.92935699999998</x4>
			<y4>165.029671</y4>
			<x5>224.763835</x5>
			<y5>168.489421</y5>
			<x6>221.120576</x6>
			<y6>183.73552</y6>
			<x7>226.333774</x7>
			<y7>194.633356</y7>
			<x8>235.064513</x8>
			<y8>197.487462</y8>
			<x9>244.659052</x9>
			<y9>189.549805</y9>
		</polygon>
	</object>
</annotation>
