<annotation>
	<folder></folder>
	<filename>image_193_png.rf.55176c180202762017274db8a01c179b.jpg</filename>
	<path>image_193_png.rf.55176c180202762017274db8a01c179b.jpg</path>
	<source>
		<database>roboflow.ai</database>
	</source>
	<size>
		<width>416</width>
		<height>416</height>
		<depth>3</depth>
	</size>
	<segmented>0</segmented>
	<object>
		<name>redapple</name>
		<pose>Unspecified</pose>
		<truncated>0</truncated>
		<difficult>0</difficult>
		<occluded>0</occluded>
		<bndbox>
			<xmin>138</xmin>
			<xmax>171</xmax>
			<ymin>112</ymin>
			<ymax>191</ymax>
		</bndbox>
		<polygon>
			<x1>137</x1>
			<y1>189.986704</y1>
			<x2>152.373349</x2>
			<y2>186.54042</y2>
			<x3>165.623509</x3>
			<y3>176.952257</y3>
			<x4>169.884078</x4>
			<y4>147.193796</y4>
			<x5>168.333914</x5>
			<y5>138.402379</y5>
			<x6>162.676836</x6>
			<y6>129.428646</y6>
			<x7>141.986571</x7>
			<y7>112.227968</y7>
			<x8>137</x8>
			<y8>111.269971</y8>
			<x9>137</x9>
			<y9>189.986704</y9>
		</polygon>
	</object>
	<object>
		<name>orange</name>
		<pose>Unspecified</pose>
		<truncated>0</truncated>
		<difficult>0</difficult>
		<occluded>0</occluded>
		<bndbox>
			<xmin>263</xmin>
			<xmax>321</xmax>
			<ymin>114</ymin>
			<ymax>189</ymax>
		</bndbox>
		<polygon>
			<x1>273.75642600000003</x1>
			<y1>116.187645</y1>
			<x2>264.419581</x2>
			<y2>128.711686</y2>
			<x3>262.13428</x3>
			<y3>142.711775</y3>
			<x4>264.42094199999997</x4>
			<y4>159.531604</y4>
			<x5>272.286833</x5>
			<y5>177.180615</y5>
			<x6>288.44372</x6>
			<y6>187.928849</y6>
			<x7>304.251309</x7>
			<y7>185.141545</y7>
			<x8>312.697321</x8>
			<y8>179.119909</y8>
			<x9>319.089536</x9>
			<y9>165.302136</y9>
			<x10>320.057537</x10>
			<y10>151.534322</y10>
			<x11>317.267242</x11>
			<y11>135.709771</y11>
			<x12>311.95878200000004</x12>
			<y12>124.861618</y12>
			<x13>297.62282700000003</x13>
			<y13>112.885829</y13>
			<x14>273.75642600000003</x14>
			<y14>116.187645</y14>
		</polygon>
	</object>
	<object>
		<name>greenapple</name>
		<pose>Unspecified</pose>
		<truncated>0</truncated>
		<difficult>0</difficult>
		<occluded>0</occluded>
		<bndbox>
			<xmin>361</xmin>
			<xmax>389</xmax>
			<ymin>60</ymin>
			<ymax>93</ymax>
		</bndbox>
		<polygon>
			<x1>372.127395</x1>
			<y1>92.496861</y1>
			<x2>383.169421</x2>
			<y2>89.64338</y2>
			<x3>387.547104</x3>
			<y3>79.806723</y3>
			<x4>385.99694</x4>
			<y4>71.015306</y4>
			<x5>380.33986200000004</x5>
			<y5>62.041574</y5>
			<x6>371.660985</x6>
			<y6>59.039518</y6>
			<x7>362.556323</x7>
			<y7>65.177292</y7>
			<x8>360.15459</x8>
			<y8>74.665534</y8>
			<x9>365.92810099999997</x9>
			<y9>88.151113</y9>
			<x10>372.127395</x10>
			<y10>92.496861</y10>
		</polygon>
	</object>
	<object>
		<name>orange</name>
		<pose>Unspecified</pose>
		<truncated>0</truncated>
		<difficult>0</difficult>
		<occluded>0</occluded>
		<bndbox>
			<xmin>173</xmin>
			<xmax>233</xmax>
			<ymin>233</ymin>
			<ymax>311</ymax>
		</bndbox>
		<polygon>
			<x1>212.41333400000002</x1>
			<y1>234.457059</y1>
			<x2>203.075807</x2>
			<y2>231.571141</y2>
			<x3>191.220116</x3>
			<y3>233.661619</y3>
			<x4>179.984489</x4>
			<y4>239.268664</y4>
			<x5>173.785875</x5>
			<y5>250.332875</y5>
			<x6>171.500574</x6>
			<y6>264.332965</y6>
			<x7>175.06595099999998</x7>
			<y7>284.553223</y7>
			<x8>180.529429</x8>
			<y8>296.28051800000003</y8>
			<x9>191.262102</x9>
			<y9>307.078712</y9>
			<x10>206.023841</x10>
			<y10>309.914671</y10>
			<x11>216.407218</x11>
			<y11>307.177326</y11>
			<x12>225.860496</x12>
			<y12>299.165131</y12>
			<x13>229.734545</x13>
			<y13>290.323754</y13>
			<x14>231.554797</x14>
			<y14>273.68624</y14>
			<x15>227.17575399999998</x15>
			<y15>252.702977</y15>
			<x16>212.41333400000002</x16>
			<y16>234.457059</y16>
		</polygon>
	</object>
</annotation>
