<annotation>
	<folder></folder>
	<filename>image_60_png.rf.535fad0ade3085807fe90f8470d5265b.jpg</filename>
	<path>image_60_png.rf.535fad0ade3085807fe90f8470d5265b.jpg</path>
	<source>
		<database>roboflow.ai</database>
	</source>
	<size>
		<width>416</width>
		<height>416</height>
		<depth>3</depth>
	</size>
	<segmented>0</segmented>
	<object>
		<name>mango</name>
		<pose>Unspecified</pose>
		<truncated>0</truncated>
		<difficult>0</difficult>
		<occluded>0</occluded>
		<bndbox>
			<xmin>120</xmin>
			<xmax>171</xmax>
			<ymin>1</ymin>
			<ymax>23</ymax>
		</bndbox>
		<polygon>
			<x1>119.360167</x1>
			<y1>0</y1>
			<x2>119.739104</x2>
			<y2>4.243582</y2>
			<x3>125.457223</x3>
			<y3>13.958301</y3>
			<x4>134.506293</x4>
			<y4>20.234832</y4>
			<x5>148.863534</x5>
			<y5>22.233604</y5>
			<x6>157.41114</x6>
			<y6>19.760556</y6>
			<x7>165.396274</x7>
			<y7>12.033193</y7>
			<x8>169.487983</x8>
			<y8>2.489703</y8>
			<x9>169.531441</x9>
			<y9>0</y9>
			<x10>119.360167</x10>
			<y10>0</y10>
		</polygon>
	</object>
	<object>
		<name>orange</name>
		<pose>Unspecified</pose>
		<truncated>0</truncated>
		<difficult>0</difficult>
		<occluded>0</occluded>
		<bndbox>
			<xmin>292</xmin>
			<xmax>347</xmax>
			<ymin>1</ymin>
			<ymax>59</ymax>
		</bndbox>
		<polygon>
			<x1>294.205876</x1>
			<y1>0</y1>
			<x2>290.57671</x2>
			<y2>12.827966</y2>
			<x3>292.14211</x3>
			<y3>35.581441</y3>
			<x4>298.437954</x4>
			<y4>49.676658</y4>
			<x5>305.525059</x5>
			<y5>55.918943</y5>
			<x6>327.73016</x6>
			<y6>58.054699</y6>
			<x7>337.662007</x7>
			<y7>51.235398</y7>
			<x8>344.44593199999997</x8>
			<y8>37.368489</y8>
			<x9>346.257242</x9>
			<y9>8.555377</y9>
			<x10>343.22484299999996</x10>
			<y10>0</y10>
			<x11>294.205876</x11>
			<y11>0</y11>
		</polygon>
	</object>
	<object>
		<name>greenapple</name>
		<pose>Unspecified</pose>
		<truncated>0</truncated>
		<difficult>0</difficult>
		<occluded>0</occluded>
		<bndbox>
			<xmin>264</xmin>
			<xmax>287</xmax>
			<ymin>89</ymin>
			<ymax>119</ymax>
		</bndbox>
		<polygon>
			<x1>285.628991</x1>
			<y1>108.8907</y1>
			<x2>285.827273</x2>
			<y2>97.531087</y2>
			<x3>280.093903</x3>
			<y3>88.690183</y3>
			<x4>270.299329</x4>
			<y4>87.645135</y4>
			<x5>262.95293100000004</x5>
			<y5>96.25773</y5>
			<x6>262.739395</x6>
			<y6>108.491161</y6>
			<x7>270.419479</x7>
			<y7>118.240128</y7>
			<x8>278.267341</x8>
			<y8>118.377113</y8>
			<x9>285.628991</x9>
			<y9>108.8907</y9>
		</polygon>
	</object>
	<object>
		<name>mango</name>
		<pose>Unspecified</pose>
		<truncated>0</truncated>
		<difficult>0</difficult>
		<occluded>0</occluded>
		<bndbox>
			<xmin>1</xmin>
			<xmax>33</xmax>
			<ymin>376</ymin>
			<ymax>417</ymax>
		</bndbox>
		<polygon>
			<x1>0</x1>
			<y1>416</y1>
			<x2>29.80214</x2>
			<y2>416</y2>
			<x3>32.498393</x3>
			<y3>404.606492</y3>
			<x4>24.332099</x4>
			<y4>385.234129</y4>
			<x5>15.313533</x5>
			<y5>377.209965</y5>
			<x6>4.880224</x6>
			<y6>375.279685</y6>
			<x7>0</x7>
			<y7>376.492968</y7>
			<x8>0</x8>
			<y8>416</y8>
		</polygon>
	</object>
	<object>
		<name>greenapple</name>
		<pose>Unspecified</pose>
		<truncated>0</truncated>
		<difficult>0</difficult>
		<occluded>0</occluded>
		<bndbox>
			<xmin>206</xmin>
			<xmax>229</xmax>
			<ymin>285</ymin>
			<ymax>315</ymax>
		</bndbox>
		<polygon>
			<x1>227.769859</x1>
			<y1>305.648583</y1>
			<x2>227.968142</x2>
			<y2>294.288968</y2>
			<x3>222.234771</x3>
			<y3>285.448065</y3>
			<x4>212.440197</x4>
			<y4>284.403018</y4>
			<x5>205.0938</x5>
			<y5>293.015612</y5>
			<x6>204.895517</x6>
			<y6>304.375227</y6>
			<x7>211.92161099999998</x7>
			<y7>314.112777</y7>
			<x8>221.731438</x8>
			<y8>314.284008</y8>
			<x9>227.769859</x9>
			<y9>305.648583</y9>
		</polygon>
	</object>
	<object>
		<name>mango</name>
		<pose>Unspecified</pose>
		<truncated>0</truncated>
		<difficult>0</difficult>
		<occluded>0</occluded>
		<bndbox>
			<xmin>331</xmin>
			<xmax>357</xmax>
			<ymin>288</ymin>
			<ymax>323</ymax>
		</bndbox>
		<polygon>
			<x1>355.829571</x1>
			<y1>314.876535</y1>
			<x2>355.480633</x2>
			<y2>297.38879</y2>
			<x3>349.093274</x3>
			<y3>288.536471</y3>
			<x4>339.313952</x4>
			<y4>286.617607</y4>
			<x5>330.69008199999996</x5>
			<y5>293.459738</y5>
			<x6>329.792054</x6>
			<y6>307.429387</y6>
			<x7>339.37309200000004</x7>
			<y7>320.707864</y7>
			<x8>349.82165499999996</x8>
			<y8>321.764328</y8>
			<x9>355.829571</x9>
			<y9>314.876535</y9>
		</polygon>
	</object>
</annotation>
