<annotation>
	<folder></folder>
	<filename>image_102_png.rf.e38c874fcfdd3a419558be658a19979c.jpg</filename>
	<path>image_102_png.rf.e38c874fcfdd3a419558be658a19979c.jpg</path>
	<source>
		<database>roboflow.ai</database>
	</source>
	<size>
		<width>416</width>
		<height>416</height>
		<depth>3</depth>
	</size>
	<segmented>0</segmented>
	<object>
		<name>orange</name>
		<pose>Unspecified</pose>
		<truncated>0</truncated>
		<difficult>0</difficult>
		<occluded>0</occluded>
		<bndbox>
			<xmin>221</xmin>
			<xmax>245</xmax>
			<ymin>153</ymin>
			<ymax>184</ymax>
		</bndbox>
		<polygon>
			<x1>244.270803</x1>
			<y1>173.454921</y1>
			<x2>242.970989</x2>
			<y2>160.843517</y2>
			<x3>237.135481</x3>
			<y3>152.878402</y3>
			<x4>227.325909</x4>
			<y4>152.201844</y4>
			<x5>220.147945</x5>
			<y5>157.409763</y5>
			<x6>220.02768700000001</x6>
			<y6>173.08466</y6>
			<x7>227.558751</x7>
			<y7>182.530472</y7>
			<x8>236.70775700000002</x8>
			<y8>183.347438</y8>
			<x9>244.270803</x9>
			<y9>173.454921</y9>
		</polygon>
	</object>
	<object>
		<name>redapple</name>
		<pose>Unspecified</pose>
		<truncated>0</truncated>
		<difficult>0</difficult>
		<occluded>0</occluded>
		<bndbox>
			<xmin>370</xmin>
			<xmax>417</xmax>
			<ymin>102</ymin>
			<ymax>182</ymax>
		</bndbox>
		<polygon>
			<x1>416</x1>
			<y1>125.061915</y1>
			<x2>409.64245900000003</x2>
			<y2>113.449265</y2>
			<x3>402.860237</x3>
			<y3>107.526477</y3>
			<x4>388.426694</x4>
			<y4>107.832775</y4>
			<x5>388.437355</x5>
			<y5>101.386664</y5>
			<x6>386.455653</x6>
			<y6>101.807888</y6>
			<x7>386.444993</x7>
			<y7>108.253999</y7>
			<x8>374.92920300000003</x8>
			<y8>112.542853</y8>
			<x9>369.34785899999997</x9>
			<y9>122.014147</y9>
			<x10>368.577695</x10>
			<y10>131.383341</y10>
			<x11>372.509116</x11>
			<y11>149.879222</y11>
			<x12>390.76448500000004</x12>
			<y12>177.297594</y12>
			<x13>407.455214</x13>
			<y13>181.114262</y13>
			<x14>416</x14>
			<y14>176.58136</y14>
			<x15>416</x15>
			<y15>125.061915</y15>
		</polygon>
	</object>
	<object>
		<name>greenapple</name>
		<pose>Unspecified</pose>
		<truncated>0</truncated>
		<difficult>0</difficult>
		<occluded>0</occluded>
		<bndbox>
			<xmin>6</xmin>
			<xmax>185</xmax>
			<ymin>250</ymin>
			<ymax>417</ymax>
		</bndbox>
		<polygon>
			<x1>176.256553</x1>
			<y1>416</y1>
			<x2>180.151579</x2>
			<y2>406.073719</y2>
			<x3>183.87148</x3>
			<y3>381.348754</y3>
			<x4>184.497076</x4>
			<y4>345.314364</y4>
			<x5>177.206525</x5>
			<y5>304.51876</y5>
			<x6>160.844585</x6>
			<y6>273.015731</y6>
			<x7>141.631843</x7>
			<y7>254.085798</y7>
			<x8>111.454283</x8>
			<y8>248.533098</y8>
			<x9>69.276917</x9>
			<y9>254.736526</y9>
			<x10>28.784446</x10>
			<y10>268.866762</y10>
			<x11>12.425494</x11>
			<y11>292.596045</y11>
			<x12>7.20791</x12>
			<y12>310.27495999999996</y12>
			<x13>5.381437</x13>
			<y13>330.91526899999997</y13>
			<x14>8.828841</x14>
			<y14>356.878425</y14>
			<x15>17.649056</x15>
			<y15>385.38175</y15>
			<x16>28.461635</x16>
			<y16>407.017743</y16>
			<x17>34.662676</x17>
			<y17>416</y17>
			<x18>176.256553</x18>
			<y18>416</y18>
		</polygon>
	</object>
</annotation>
