<annotation>
	<folder></folder>
	<filename>image_192_png.rf.be435770615d5b56dac3f37951f2d60a.jpg</filename>
	<path>image_192_png.rf.be435770615d5b56dac3f37951f2d60a.jpg</path>
	<source>
		<database>roboflow.ai</database>
	</source>
	<size>
		<width>416</width>
		<height>416</height>
		<depth>3</depth>
	</size>
	<segmented>0</segmented>
	<object>
		<name>mango</name>
		<pose>Unspecified</pose>
		<truncated>0</truncated>
		<difficult>0</difficult>
		<occluded>0</occluded>
		<bndbox>
			<xmin>83</xmin>
			<xmax>165</xmax>
			<ymin>72</ymin>
			<ymax>149</ymax>
		</bndbox>
		<polygon>
			<x1>124.784587</x1>
			<y1>72.852989</y1>
			<x2>107.572016</x2>
			<y2>84.664725</y2>
			<x3>84.043339</x3>
			<y3>114.417565</y3>
			<x4>81.59426</x4>
			<y4>130.133571</y4>
			<x5>89.001815</x5>
			<y5>142.085614</y5>
			<x6>102.602339</x6>
			<y6>147.930775</y6>
			<x7>126.16833</x7>
			<y7>144.54456</y7>
			<x8>141.825506</x8>
			<y8>137.44295</y8>
			<x9>158.281836</x9>
			<y9>118.436064</y9>
			<x10>163.624034</x10>
			<y10>104.234638</y10>
			<x11>162.206083</x11>
			<y11>90.743732</y11>
			<x12>157.786177</x12>
			<y12>81.205661</y12>
			<x13>140.33293</x13>
			<y13>71.218792</y13>
			<x14>124.784587</x14>
			<y14>72.852989</y14>
		</polygon>
	</object>
	<object>
		<name>redapple</name>
		<pose>Unspecified</pose>
		<truncated>0</truncated>
		<difficult>0</difficult>
		<occluded>0</occluded>
		<bndbox>
			<xmin>105</xmin>
			<xmax>153</xmax>
			<ymin>188</ymin>
			<ymax>258</ymax>
		</bndbox>
		<polygon>
			<x1>150.867275</x1>
			<y1>257</y1>
			<x2>152.478798</x2>
			<y2>251.808055</y2>
			<x3>151.779774</x3>
			<y3>219.145673</y3>
			<x4>136.775604</x4>
			<y4>193.442798</y4>
			<x5>130.015454</x5>
			<y5>194.153318</y5>
			<x6>125.87914</x6>
			<y6>187.313429</y6>
			<x7>120.834837</x7>
			<y7>197.846228</y7>
			<x8>111.654219</x8>
			<y8>201.539137</y8>
			<x9>106.231796</x9>
			<y9>208.474362</y9>
			<x10>103.797022</x10>
			<y10>217.823559</y10>
			<x11>105.106139</x11>
			<y11>236.78188</y11>
			<x12>111.728845</x12>
			<y12>254.272389</y12>
			<x13>113.66805</x13>
			<y13>257</y13>
			<x14>150.867275</x14>
			<y14>257</y14>
		</polygon>
	</object>
	<object>
		<name>mango</name>
		<pose>Unspecified</pose>
		<truncated>0</truncated>
		<difficult>0</difficult>
		<occluded>0</occluded>
		<bndbox>
			<xmin>1</xmin>
			<xmax>53</xmax>
			<ymin>336</ymin>
			<ymax>400</ymax>
		</bndbox>
		<polygon>
			<x1>0</x1>
			<y1>384.377361</y1>
			<x2>6.444468</x2>
			<y2>392.74857399999996</y2>
			<x3>20.13952</x3>
			<y3>399.493128</y3>
			<x4>39.554893</x4>
			<y4>395.633832</y4>
			<x5>50.305209</x5>
			<y5>380.86399</y5>
			<x6>51.969437</x6>
			<y6>370.68645100000003</y6>
			<x7>49.686412</x7>
			<y7>355.46781</y7>
			<x8>34.856997</x8>
			<y8>337.93053</y8>
			<x9>27.042713</x9>
			<y9>335.114528</y9>
			<x10>14.19843</x10>
			<y10>336.464516</y10>
			<x11>3.273357</x11>
			<y11>343.068763</y11>
			<x12>0</x12>
			<y12>349.646667</y12>
			<x13>0</x13>
			<y13>384.377361</y13>
		</polygon>
	</object>
	<object>
		<name>greenapple</name>
		<pose>Unspecified</pose>
		<truncated>0</truncated>
		<difficult>0</difficult>
		<occluded>0</occluded>
		<bndbox>
			<xmin>178</xmin>
			<xmax>201</xmax>
			<ymin>323</ymin>
			<ymax>354</ymax>
		</bndbox>
		<polygon>
			<x1>199.600346</x1>
			<y1>346.62115900000003</y1>
			<x2>200.021379</x2>
			<y2>331.11831</y2>
			<x3>193.667959</x3>
			<y3>322.69279</y3>
			<x4>184.690706</x4>
			<y4>321.817678</y4>
			<x5>177.240238</x5>
			<y5>328.966059</y5>
			<x6>177.400689</x6>
			<y6>343.498462</y6>
			<x7>182.983565</x7>
			<y7>351.095642</y7>
			<x8>193.407378</x8>
			<y8>352.728042</y8>
			<x9>199.600346</x9>
			<y9>346.62115900000003</y9>
		</polygon>
	</object>
</annotation>
