<annotation>
	<folder></folder>
	<filename>image_111_png.rf.e7e20e79e7fcea3890f1b5b94ad5c42f.jpg</filename>
	<path>image_111_png.rf.e7e20e79e7fcea3890f1b5b94ad5c42f.jpg</path>
	<source>
		<database>roboflow.ai</database>
	</source>
	<size>
		<width>416</width>
		<height>416</height>
		<depth>3</depth>
	</size>
	<segmented>0</segmented>
	<object>
		<name>mango</name>
		<pose>Unspecified</pose>
		<truncated>0</truncated>
		<difficult>0</difficult>
		<occluded>0</occluded>
		<bndbox>
			<xmin>1</xmin>
			<xmax>69</xmax>
			<ymin>61</ymin>
			<ymax>129</ymax>
		</bndbox>
		<polygon>
			<x1>0</x1>
			<y1>126.873516</y1>
			<x2>27.104526</x2>
			<y2>128.019892</y2>
			<x3>44.780226</x3>
			<y3>122.390757</y3>
			<x4>61.959906</x4>
			<y4>105.874187</y4>
			<x5>68.294282</x5>
			<y5>89.636362</y5>
			<x6>63.493773</x6>
			<y6>70.932156</y6>
			<x7>52.56627</x7>
			<y7>62.184579</y7>
			<x8>34.021828</x8>
			<y8>59.578328</y8>
			<x9>9.267252</x9>
			<y9>72.325885</y9>
			<x10>0</x10>
			<y10>80.426757</y10>
			<x11>0</x11>
			<y11>126.873516</y11>
		</polygon>
	</object>
	<object>
		<name>orange</name>
		<pose>Unspecified</pose>
		<truncated>0</truncated>
		<difficult>0</difficult>
		<occluded>0</occluded>
		<bndbox>
			<xmin>133</xmin>
			<xmax>157</xmax>
			<ymin>64</ymin>
			<ymax>95</ymax>
		</bndbox>
		<polygon>
			<x1>153.732113</x1>
			<y1>87.220236</y1>
			<x2>156.13378</x2>
			<y2>74.937091</y2>
			<x3>153.940436</x3>
			<y3>66.515543</y3>
			<x4>145.040936</x4>
			<y4>62.560369</y4>
			<x5>134.112492</x5>
			<y5>68.236292</y5>
			<x6>131.586585</x6>
			<y6>81.403453</y6>
			<x7>134.44223</x7>
			<y7>89.918081</y7>
			<x8>145.328634</x8>
			<y8>94.152496</y8>
			<x9>153.732113</x9>
			<y9>87.220236</y9>
		</polygon>
	</object>
	<object>
		<name>orange</name>
		<pose>Unspecified</pose>
		<truncated>0</truncated>
		<difficult>0</difficult>
		<occluded>0</occluded>
		<bndbox>
			<xmin>288</xmin>
			<xmax>405</xmax>
			<ymin>1</ymin>
			<ymax>204</ymax>
		</bndbox>
		<polygon>
			<x1>287</x1>
			<y1>0</y1>
			<x2>287</x2>
			<y2>199.681625</y2>
			<x3>310.611471</x3>
			<y3>203</y3>
			<x4>317.99146</x4>
			<y4>203</y4>
			<x5>330.707316</x5>
			<y5>201.316902</y5>
			<x6>358.60806</x6>
			<y6>185.405603</y6>
			<x7>374.463137</x7>
			<y7>168.702871</y7>
			<x8>389.449473</x8>
			<y8>143.764755</y8>
			<x9>401.414823</x9>
			<y9>106.682865</y9>
			<x10>404.480674</x10>
			<y10>65.645802</y10>
			<x11>397.031901</x11>
			<y11>32.145774</y11>
			<x12>386.643399</x12>
			<y12>9.951795</y12>
			<x13>378.97588</x13>
			<y13>0</y13>
			<x14>287</x14>
			<y14>0</y14>
		</polygon>
	</object>
	<object>
		<name>orange</name>
		<pose>Unspecified</pose>
		<truncated>0</truncated>
		<difficult>0</difficult>
		<occluded>0</occluded>
		<bndbox>
			<xmin>108</xmin>
			<xmax>286</xmax>
			<ymin>246</ymin>
			<ymax>417</ymax>
		</bndbox>
		<polygon>
			<x1>267.201696</x1>
			<y1>416</y1>
			<x2>270.360255</x2>
			<y2>411.08980299999996</y2>
			<x3>281.042102</x3>
			<y3>378.33491300000003</y3>
			<x4>284.645072</x4>
			<y4>352.698446</y4>
			<x5>284.025754</x5>
			<y5>328.271528</y5>
			<x6>274.465836</x6>
			<y6>295.376275</y6>
			<x7>264.242674</x7>
			<y7>276.811441</y7>
			<x8>255.426316</x8>
			<y8>267.459089</y8>
			<x9>228.438236</x9>
			<y9>252.84843899999998</y9>
			<x10>189.072869</x10>
			<y10>244.611566</y10>
			<x11>171.769891</x11>
			<y11>247.588653</y11>
			<x12>153.472989</x12>
			<y12>257.637869</y12>
			<x13>127.433967</x13>
			<y13>289.135925</y13>
			<x14>112.157109</x14>
			<y14>325.752412</y14>
			<x15>106.897915</x15>
			<y15>358.367929</y15>
			<x16>107.061372</x16>
			<y16>390.844072</y16>
			<x17>114.013409</x17>
			<y17>416</y17>
			<x18>267.201696</x18>
			<y18>416</y18>
		</polygon>
	</object>
</annotation>
