<annotation>
	<folder></folder>
	<filename>image_43_png.rf.37cdcd5d495c2eed95684bfb849a0253.jpg</filename>
	<path>image_43_png.rf.37cdcd5d495c2eed95684bfb849a0253.jpg</path>
	<source>
		<database>roboflow.ai</database>
	</source>
	<size>
		<width>416</width>
		<height>416</height>
		<depth>3</depth>
	</size>
	<segmented>0</segmented>
	<object>
		<name>mango</name>
		<pose>Unspecified</pose>
		<truncated>0</truncated>
		<difficult>0</difficult>
		<occluded>0</occluded>
		<bndbox>
			<xmin>1</xmin>
			<xmax>196</xmax>
			<ymin>19</ymin>
			<ymax>196</ymax>
		</bndbox>
		<polygon>
			<x1>195</x1>
			<y1>57.114247</y1>
			<x2>191.522915</x2>
			<y2>49.901772</y2>
			<x3>181.438412</x3>
			<y3>36.963546</y3>
			<x4>166.804336</x4>
			<y4>26.957101</y4>
			<x5>138.099249</x5>
			<y5>17.688086</y5>
			<x6>81.004386</x6>
			<y6>17.986954</y6>
			<x7>56.634899</x7>
			<y7>27.344144</y7>
			<x8>29.243625</x8>
			<y8>43.144173</y8>
			<x9>0</x9>
			<y9>65.966937</y9>
			<x10>0</x10>
			<y10>195</y10>
			<x11>141.177563</x11>
			<y11>195</y11>
			<x12>144.615747</x12>
			<y12>193.311863</y12>
			<x13>174.264917</x13>
			<y13>169.313463</y13>
			<x14>195</x14>
			<y14>142.33035</y14>
			<x15>195</x15>
			<y15>57.114247</y15>
		</polygon>
	</object>
	<object>
		<name>orange</name>
		<pose>Unspecified</pose>
		<truncated>0</truncated>
		<difficult>0</difficult>
		<occluded>0</occluded>
		<bndbox>
			<xmin>196</xmin>
			<xmax>207</xmax>
			<ymin>1</ymin>
			<ymax>24</ymax>
		</bndbox>
		<polygon>
			<x1>195</x1>
			<y1>0</y1>
			<x2>195</x2>
			<y2>22.643446</y2>
			<x3>199.644342</x3>
			<y3>21.983244</y3>
			<x4>206.451809</x4>
			<y4>10.853094</y4>
			<x5>205.218698</x5>
			<y5>0.144335</y5>
			<x6>205.098397</x6>
			<y6>0</y6>
			<x7>195</x7>
			<y7>0</y7>
		</polygon>
	</object>
	<object>
		<name>redapple</name>
		<pose>Unspecified</pose>
		<truncated>0</truncated>
		<difficult>0</difficult>
		<occluded>0</occluded>
		<bndbox>
			<xmin>338</xmin>
			<xmax>412</xmax>
			<ymin>1</ymin>
			<ymax>73</ymax>
		</bndbox>
		<polygon>
			<x1>344.02962</x1>
			<y1>0</y1>
			<x2>337.533506</x2>
			<y2>12.063433</y2>
			<x3>336.50872200000003</x3>
			<y3>30.970564</y3>
			<x4>343.571436</x4>
			<y4>50.351629</y4>
			<x5>357.193868</x5>
			<y5>66.695568</y5>
			<x6>367.526122</x6>
			<y6>71.54077</y6>
			<x7>390.354684</x7>
			<y7>71.242158</y7>
			<x8>401.510893</x8>
			<y8>66.168575</y8>
			<x9>405.87277800000004</x9>
			<y9>59.655503</y9>
			<x10>410.91785200000004</x10>
			<y10>40.537678</y10>
			<x11>408.063113</x11>
			<y11>24.527211</y11>
			<x12>390.229673</x12>
			<y12>0</y12>
			<x13>344.02962</x13>
			<y13>0</y13>
		</polygon>
	</object>
	<object>
		<name>mango</name>
		<pose>Unspecified</pose>
		<truncated>0</truncated>
		<difficult>0</difficult>
		<occluded>0</occluded>
		<bndbox>
			<xmin>321</xmin>
			<xmax>348</xmax>
			<ymin>127</ymin>
			<ymax>163</ymax>
		</bndbox>
		<polygon>
			<x1>346.863466</x1>
			<y1>151.628479</y1>
			<x2>345.39574500000003</x2>
			<y2>136.443102</y2>
			<x3>340.28311099999996</x3>
			<y3>128.631006</y3>
			<x4>328.034556</x4>
			<y4>125.681797</y4>
			<x5>319.746226</x5>
			<y5>134.196209</y5>
			<x6>320.496976</x6>
			<y6>148.521377</y6>
			<x7>329.817588</x7>
			<y7>159.704073</y7>
			<x8>339.339028</x8>
			<y8>161.898421</y8>
			<x9>346.863466</x9>
			<y9>151.628479</y9>
		</polygon>
	</object>
	<object>
		<name>redapple</name>
		<pose>Unspecified</pose>
		<truncated>0</truncated>
		<difficult>0</difficult>
		<occluded>0</occluded>
		<bndbox>
			<xmin>9</xmin>
			<xmax>56</xmax>
			<ymin>196</ymin>
			<ymax>249</ymax>
		</bndbox>
		<polygon>
			<x1>9.030675</x1>
			<y1>195</y1>
			<x2>8.203311</x2>
			<y2>212.554678</y2>
			<x3>12.97435</x3>
			<y3>226.669152</y3>
			<x4>23.246541</x4>
			<y4>243.188669</y4>
			<x5>31.568651</x5>
			<y5>248.139219</y5>
			<x6>44.252645</x6>
			<y6>246.576697</y6>
			<x7>50.624674</x7>
			<y7>239.958278</y7>
			<x8>55.140465</x8>
			<y8>223.56153799999998</y8>
			<x9>53.643618</x9>
			<y9>195</y9>
			<x10>9.030675</x10>
			<y10>195</y10>
		</polygon>
	</object>
	<object>
		<name>mango</name>
		<pose>Unspecified</pose>
		<truncated>0</truncated>
		<difficult>0</difficult>
		<occluded>0</occluded>
		<bndbox>
			<xmin>130</xmin>
			<xmax>157</xmax>
			<ymin>196</ymin>
			<ymax>213</ymax>
		</bndbox>
		<polygon>
			<x1>128.895135</x1>
			<y1>195</y1>
			<x2>129.059739</x2>
			<y2>198.14082200000001</y2>
			<x3>139.81429</x3>
			<y3>211.043931</y3>
			<x4>149.288809</x4>
			<y4>212.342958</y4>
			<x5>156.19012</x5>
			<y5>203.003453</y5>
			<x6>155.453911</x6>
			<y6>195</y6>
			<x7>128.895135</x7>
			<y7>195</y7>
		</polygon>
	</object>
	<object>
		<name>greenapple</name>
		<pose>Unspecified</pose>
		<truncated>0</truncated>
		<difficult>0</difficult>
		<occluded>0</occluded>
		<bndbox>
			<xmin>33</xmin>
			<xmax>77</xmax>
			<ymin>345</ymin>
			<ymax>409</ymax>
		</bndbox>
		<polygon>
			<x1>32.401955</x1>
			<y1>366.60278500000004</y1>
			<x2>31.705624</x2>
			<y2>391.777176</y2>
			<x3>42.507097</x3>
			<y3>405.575609</y3>
			<x4>50.018393</x4>
			<y4>407.875305</y4>
			<x5>66.005706</x5>
			<y5>405.24188200000003</y5>
			<x6>71.131482</x6>
			<y6>400.48434</y6>
			<x7>74.012504</x7>
			<y7>391.35553200000004</y7>
			<x8>75.908166</x8>
			<y8>363.424938</y8>
			<x9>60.898716</x9>
			<y9>346.255909</y9>
			<x10>46.01689</x10>
			<y10>344.342486</y10>
			<x11>37.681639</x11>
			<y11>351.96157500000004</y11>
			<x12>32.401955</x12>
			<y12>366.60278500000004</y12>
		</polygon>
	</object>
	<object>
		<name>capsicum</name>
		<pose>Unspecified</pose>
		<truncated>0</truncated>
		<difficult>0</difficult>
		<occluded>0</occluded>
		<bndbox>
			<xmin>149</xmin>
			<xmax>173</xmax>
			<ymin>314</ymin>
			<ymax>353</ymax>
		</bndbox>
		<polygon>
			<x1>162.639058</x1>
			<y1>351.697309</y1>
			<x2>170.786622</x2>
			<y2>340.496928</y2>
			<x3>171.858328</x3>
			<y3>322.485119</y3>
			<x4>168.132713</x4>
			<y4>315.498115</y4>
			<x5>159.422086</x5>
			<y5>315.954619</y5>
			<x6>157.941224</x6>
			<y6>313.338882</y6>
			<x7>148.265875</x7>
			<y7>321.02820099999997</y7>
			<x8>148.252734</x8>
			<y8>333.597839</y8>
			<x9>152.306803</x9>
			<y9>346.852106</y9>
			<x10>162.639058</x10>
			<y10>351.697309</y10>
		</polygon>
	</object>
	<object>
		<name>redapple</name>
		<pose>Unspecified</pose>
		<truncated>0</truncated>
		<difficult>0</difficult>
		<occluded>0</occluded>
		<bndbox>
			<xmin>213</xmin>
			<xmax>417</xmax>
			<ymin>196</ymin>
			<ymax>407</ymax>
		</bndbox>
		<polygon>
			<x1>416</x1>
			<y1>195</y1>
			<x2>213.120298</x2>
			<y2>195</y2>
			<x3>212.352698</x3>
			<y3>200.307014</y3>
			<x4>215.530246</x4>
			<y4>273.758619</y4>
			<x5>223.156023</x5>
			<y5>303.88356</y5>
			<x6>238.85616</x6>
			<y6>347.052074</y6>
			<x7>257.825835</x7>
			<y7>375.68472499999996</y7>
			<x8>303.738205</x8>
			<y8>405.59871499999997</y8>
			<x9>322.499555</x9>
			<y9>404.615475</y9>
			<x10>332.127981</x10>
			<y10>396.03083100000003</y10>
			<x11>362.480979</x11>
			<y11>385.462277</y11>
			<x12>381.938661</x12>
			<y12>359.304644</y12>
			<x13>401.798001</x13>
			<y13>315.170319</y13>
			<x14>409.241737</x14>
			<y14>290.540092</y14>
			<x15>415.358517</x15>
			<y15>253.41046</y15>
			<x16>416</x16>
			<y16>243.122445</y16>
			<x17>416</x17>
			<y17>195</y17>
		</polygon>
	</object>
</annotation>
