<annotation>
	<folder></folder>
	<filename>image_90_png.rf.1a9f61554bb55d8f9e805857a096911e.jpg</filename>
	<path>image_90_png.rf.1a9f61554bb55d8f9e805857a096911e.jpg</path>
	<source>
		<database>roboflow.ai</database>
	</source>
	<size>
		<width>416</width>
		<height>416</height>
		<depth>3</depth>
	</size>
	<segmented>0</segmented>
	<object>
		<name>redapple</name>
		<pose>Unspecified</pose>
		<truncated>0</truncated>
		<difficult>0</difficult>
		<occluded>0</occluded>
		<bndbox>
			<xmin>1</xmin>
			<xmax>47</xmax>
			<ymin>25</ymin>
			<ymax>108</ymax>
		</bndbox>
		<polygon>
			<x1>0</x1>
			<y1>102.656696</y1>
			<x2>13.897957</x2>
			<y2>106.760595</y2>
			<x3>31.033746</x3>
			<y3>102.488163</y3>
			<x4>42.881589</x4>
			<y4>93.229234</y4>
			<x5>46.270073</x5>
			<y5>66.263963</y5>
			<x6>42.252196</x6>
			<y6>55.556576</y6>
			<x7>14.543526</x7>
			<y7>28.238358</y7>
			<x8>2.697565</x8>
			<y8>23.986254</y8>
			<x9>0</x9>
			<y9>24.180274</y9>
			<x10>0</x10>
			<y10>102.656696</y10>
		</polygon>
	</object>
	<object>
		<name>capsicum</name>
		<pose>Unspecified</pose>
		<truncated>0</truncated>
		<difficult>0</difficult>
		<occluded>0</occluded>
		<bndbox>
			<xmin>89</xmin>
			<xmax>114</xmax>
			<ymin>1</ymin>
			<ymax>25</ymax>
		</bndbox>
		<polygon>
			<x1>87.938635</x1>
			<y1>0</y1>
			<x2>87.741473</x2>
			<y2>5.484538</y2>
			<x3>94.720463</x3>
			<y3>19.957159</y3>
			<x4>101.912385</x4>
			<y4>24.468942</y4>
			<x5>107.835742</x5>
			<y5>23.892788</y5>
			<x6>113.125569</x6>
			<y6>15.368251</y6>
			<x7>112.607735</x7>
			<y7>0</y7>
			<x8>87.938635</x8>
			<y8>0</y8>
		</polygon>
	</object>
	<object>
		<name>greenapple</name>
		<pose>Unspecified</pose>
		<truncated>0</truncated>
		<difficult>0</difficult>
		<occluded>0</occluded>
		<bndbox>
			<xmin>126</xmin>
			<xmax>151</xmax>
			<ymin>127</ymin>
			<ymax>159</ymax>
		</bndbox>
		<polygon>
			<x1>150.128022</x1>
			<y1>144.850972</y1>
			<x2>147.168037</x2>
			<y2>132.979119</y2>
			<x3>138.072513</x3>
			<y3>126.239844</y3>
			<x4>129.821949</x4>
			<y4>128.296941</y4>
			<x5>125.166781</x5>
			<y5>136.66324</y5>
			<x6>126.857449</x6>
			<y6>148.85157</y6>
			<x7>137.856572</x7>
			<y7>157.818337</y7>
			<x8>146.530367</x8>
			<y8>154.755012</y8>
			<x9>150.128022</x9>
			<y9>144.850972</y9>
		</polygon>
	</object>
	<object>
		<name>orange</name>
		<pose>Unspecified</pose>
		<truncated>0</truncated>
		<difficult>0</difficult>
		<occluded>0</occluded>
		<bndbox>
			<xmin>116</xmin>
			<xmax>175</xmax>
			<ymin>355</ymin>
			<ymax>417</ymax>
		</bndbox>
		<polygon>
			<x1>169.526722</x1>
			<y1>416</y1>
			<x2>170.927131</x2>
			<y2>414.326045</y2>
			<x3>174.10193</x3>
			<y3>402.726026</y3>
			<x4>173.469528</x4>
			<y4>386.671024</y4>
			<x5>169.029174</x5>
			<y5>371.565451</y5>
			<x6>161.626577</x6>
			<y6>360.801264</y6>
			<x7>152.531054</x7>
			<y7>354.06199000000004</y7>
			<x8>129.472285</x8>
			<y8>356.208368</y8>
			<x9>119.95165</x9>
			<y9>363.986356</y9>
			<x10>115.295729</x10>
			<y10>377.757068</y10>
			<x11>119.311723</x11>
			<y11>401.97549000000004</y11>
			<x12>125.021772</x12>
			<y12>414.06237999999996</y12>
			<x13>126.923054</x13>
			<y13>416</y13>
			<x14>169.526722</x14>
			<y14>416</y14>
		</polygon>
	</object>
	<object>
		<name>mango</name>
		<pose>Unspecified</pose>
		<truncated>0</truncated>
		<difficult>0</difficult>
		<occluded>0</occluded>
		<bndbox>
			<xmin>248</xmin>
			<xmax>417</xmax>
			<ymin>331</ymin>
			<ymax>417</ymax>
		</bndbox>
		<polygon>
			<x1>416</x1>
			<y1>416</y1>
			<x2>416</x2>
			<y2>334.931595</y2>
			<x3>389.04641200000003</x3>
			<y3>330.175484</y3>
			<x4>369.584169</x4>
			<y4>330.524444</y4>
			<x5>335.735822</x5>
			<y5>338.06308</y5>
			<x6>313.522011</x6>
			<y6>349.005832</y6>
			<x7>282.20966599999997</x7>
			<y7>374.826963</y7>
			<x8>247.37100900000002</x8>
			<y8>416</y8>
			<x9>416</x9>
			<y9>416</y9>
		</polygon>
	</object>
</annotation>
