<annotation>
	<folder></folder>
	<filename>image_111_png.rf.146f4cb32b05ca7a21bf72ba63b1910e.jpg</filename>
	<path>image_111_png.rf.146f4cb32b05ca7a21bf72ba63b1910e.jpg</path>
	<source>
		<database>roboflow.ai</database>
	</source>
	<size>
		<width>416</width>
		<height>416</height>
		<depth>3</depth>
	</size>
	<segmented>0</segmented>
	<object>
		<name>orange</name>
		<pose>Unspecified</pose>
		<truncated>0</truncated>
		<difficult>0</difficult>
		<occluded>0</occluded>
		<bndbox>
			<xmin>59</xmin>
			<xmax>83</xmax>
			<ymin>64</ymin>
			<ymax>94</ymax>
		</bndbox>
		<polygon>
			<x1>81.704246</x1>
			<y1>84.519725</y1>
			<x2>80.853687</x2>
			<y2>72.139613</y2>
			<x3>76.584964</x3>
			<y3>64.637966</y3>
			<x4>67.027195</x4>
			<y4>63.136253</y4>
			<x5>57.996383</x5>
			<y5>71.379124</y5>
			<x6>58.954809</x6>
			<y6>84.637745</y6>
			<x7>63.883116</x7>
			<y7>92.058405</y7>
			<x8>75.419635</x8>
			<y8>93.317159</y8>
			<x9>81.704246</x9>
			<y9>84.519725</y9>
		</polygon>
	</object>
	<object>
		<name>redapple</name>
		<pose>Unspecified</pose>
		<truncated>0</truncated>
		<difficult>0</difficult>
		<occluded>0</occluded>
		<bndbox>
			<xmin>68</xmin>
			<xmax>143</xmax>
			<ymin>189</ymin>
			<ymax>273</ymax>
		</bndbox>
		<polygon>
			<x1>113.665675</x1>
			<y1>194.280392</y1>
			<x2>97.524451</x2>
			<y2>188.236505</y2>
			<x3>85.65195</x3>
			<y3>189.694265</y3>
			<x4>77.172854</x4>
			<y4>196.97764</y4>
			<x5>67.229585</x5>
			<y5>219.6006</y5>
			<x6>68.727349</x6>
			<y6>237.251766</y6>
			<x7>74.302859</x7>
			<y7>249.94348</y7>
			<x8>86.905673</x8>
			<y8>265.339363</y8>
			<x9>99.748979</x9>
			<y9>271.788185</y9>
			<x10>123.050133</x10>
			<y10>270.710669</y10>
			<x11>133.723714</x11>
			<y11>264.941351</y11>
			<x12>137.141877</x12>
			<y12>260.062887</y12>
			<x13>137.166636</x13>
			<y13>249.35880600000002</y13>
			<x14>141.808479</x14>
			<y14>238.087819</y14>
			<x15>137.995984</x15>
			<y15>223.396127</y15>
			<x16>113.665675</x16>
			<y16>194.280392</y16>
		</polygon>
	</object>
	<object>
		<name>greenapple</name>
		<pose>Unspecified</pose>
		<truncated>0</truncated>
		<difficult>0</difficult>
		<occluded>0</occluded>
		<bndbox>
			<xmin>190</xmin>
			<xmax>214</xmax>
			<ymin>170</ymin>
			<ymax>202</ymax>
		</bndbox>
		<polygon>
			<x1>208.608544</x1>
			<y1>198.674434</y1>
			<x2>213.13014</x2>
			<y2>191.876978</y2>
			<x3>208.226593</x3>
			<y3>173.752237</y3>
			<x4>199.664388</x4>
			<y4>169.453024</y4>
			<x5>192.84044</x5>
			<y5>173.857912</y5>
			<x6>189.194163</x6>
			<y6>182.3314</y6>
			<x7>192.89879</x7>
			<y7>196.144582</y7>
			<x8>199.482244</x8>
			<y8>200.686756</y8>
			<x9>208.608544</x9>
			<y9>198.674434</y9>
		</polygon>
	</object>
	<object>
		<name>mango</name>
		<pose>Unspecified</pose>
		<truncated>0</truncated>
		<difficult>0</difficult>
		<occluded>0</occluded>
		<bndbox>
			<xmin>218</xmin>
			<xmax>246</xmax>
			<ymin>167</ymin>
			<ymax>202</ymax>
		</bndbox>
		<polygon>
			<x1>244.961941</x1>
			<y1>192.44417099999998</y1>
			<x2>242.145012</x2>
			<y2>174.954979</y2>
			<x3>234.470504</x3>
			<y3>166.979756</y3>
			<x4>224.361019</x4>
			<y4>166.43753900000002</y4>
			<x5>216.649374</x5>
			<y5>174.518437</y5>
			<x6>217.715668</x6>
			<y6>188.655566</y6>
			<x7>229.227429</x7>
			<y7>200.618401</y7>
			<x8>239.88863</x8>
			<y8>200.201123</y8>
			<x9>244.961941</x9>
			<y9>192.44417099999998</y9>
		</polygon>
	</object>
	<object>
		<name>capsicum</name>
		<pose>Unspecified</pose>
		<truncated>0</truncated>
		<difficult>0</difficult>
		<occluded>0</occluded>
		<bndbox>
			<xmin>373</xmin>
			<xmax>396</xmax>
			<ymin>150</ymin>
			<ymax>172</ymax>
		</bndbox>
		<polygon>
			<x1>372.329421</x1>
			<y1>149</y1>
			<x2>375.260609</x2>
			<y2>163.069206</y2>
			<x3>381.61595</x3>
			<y3>171.206402</y3>
			<x4>392.061416</x4>
			<y4>169.032107</y4>
			<x5>395.06048999999996</x5>
			<y5>155.287566</y5>
			<x6>393.520687</x6>
			<y6>149</y6>
			<x7>372.329421</x7>
			<y7>149</y7>
		</polygon>
	</object>
</annotation>
