<annotation>
	<folder></folder>
	<filename>image_64_png.rf.ee128fc665003530304f5fa3c9524d3e.jpg</filename>
	<path>image_64_png.rf.ee128fc665003530304f5fa3c9524d3e.jpg</path>
	<source>
		<database>roboflow.ai</database>
	</source>
	<size>
		<width>416</width>
		<height>416</height>
		<depth>3</depth>
	</size>
	<segmented>0</segmented>
	<object>
		<name>mango</name>
		<pose>Unspecified</pose>
		<truncated>0</truncated>
		<difficult>0</difficult>
		<occluded>0</occluded>
		<bndbox>
			<xmin>151</xmin>
			<xmax>179</xmax>
			<ymin>43</ymin>
			<ymax>79</ymax>
		</bndbox>
		<polygon>
			<x1>178.299809</x1>
			<y1>67.756824</y1>
			<x2>177.142677</x2>
			<y2>54.530749</y2>
			<x3>168.857742</x3>
			<y3>43.705252</y3>
			<x4>158.696197</x4>
			<y4>41.92881</y4>
			<x5>150.122364</x5>
			<y5>50.675309</y5>
			<x6>149.955479</x6>
			<y6>64.01722</y6>
			<x7>161.781881</x7>
			<y7>77.198341</y7>
			<x8>171.204276</x8>
			<y8>78.150963</y8>
			<x9>178.299809</x9>
			<y9>67.756824</y9>
		</polygon>
	</object>
	<object>
		<name>orange</name>
		<pose>Unspecified</pose>
		<truncated>0</truncated>
		<difficult>0</difficult>
		<occluded>0</occluded>
		<bndbox>
			<xmin>215</xmin>
			<xmax>272</xmax>
			<ymin>11</ymin>
			<ymax>84</ymax>
		</bndbox>
		<polygon>
			<x1>254.563846</x1>
			<y1>10.25596</y1>
			<x2>230.500132</x2>
			<y2>9.6958</y2>
			<x3>222.279738</x3>
			<y3>14.857428</y3>
			<x4>215.41563200000002</x4>
			<y4>27.896782</y4>
			<x5>213.770448</x5>
			<y5>39.591052</y5>
			<x6>217.916451</x6>
			<y6>64.10597</y6>
			<x7>226.432812</x7>
			<y7>77.576682</y7>
			<x8>236.240918</x8>
			<y8>82.937996</y8>
			<x9>253.530268</x9>
			<y9>82.313861</y9>
			<x10>260.503788</x10>
			<y10>78.149808</y10>
			<x11>267.59932000000003</x11>
			<y11>67.755668</y11>
			<x12>271.076244</x12>
			<y12>54.124167</y12>
			<x13>271.165986</x13>
			<y13>39.900518</y13>
			<x14>268.022831</x14>
			<y14>26.848198</y14>
			<x15>254.563846</x15>
			<y15>10.25596</y15>
		</polygon>
	</object>
	<object>
		<name>mango</name>
		<pose>Unspecified</pose>
		<truncated>0</truncated>
		<difficult>0</difficult>
		<occluded>0</occluded>
		<bndbox>
			<xmin>33</xmin>
			<xmax>184</xmax>
			<ymin>267</ymin>
			<ymax>417</ymax>
		</bndbox>
		<polygon>
			<x1>183</x1>
			<y1>416</y1>
			<x2>183</x2>
			<y2>265.726132</y2>
			<x3>166.725742</x3>
			<y3>268.937797</y3>
			<x4>133.612743</x4>
			<y4>286.939094</y4>
			<x5>50.734202</x5>
			<y5>353.718679</y5>
			<x6>36.388853</x6>
			<y6>372.743481</y6>
			<x7>32.095637</x7>
			<y7>384.669424</y7>
			<x8>32.070436</x8>
			<y8>414.880199</y8>
			<x9>32.415087</x9>
			<y9>416</y9>
			<x10>183</x10>
			<y10>416</y10>
		</polygon>
	</object>
	<object>
		<name>orange</name>
		<pose>Unspecified</pose>
		<truncated>0</truncated>
		<difficult>0</difficult>
		<occluded>0</occluded>
		<bndbox>
			<xmin>254</xmin>
			<xmax>311</xmax>
			<ymin>146</ymin>
			<ymax>216</ymax>
		</bndbox>
		<polygon>
			<x1>264.73134600000003</x1>
			<y1>145</y1>
			<x2>263.097502</x2>
			<y2>145.746442</y2>
			<x3>254.98652199999998</x3>
			<y3>159.783371</y3>
			<x4>253.142182</x4>
			<y4>176.825989</y4>
			<x5>256.00904</x5>
			<y5>194.344919</y5>
			<x6>261.645943</x6>
			<y6>205.40209</y6>
			<x7>273.825784</x7>
			<y7>214.998339</y7>
			<x8>295.749189</x8>
			<y8>213.968778</y8>
			<x9>306.07762</x9>
			<y9>202.403308</y9>
			<x10>309.78597</x10>
			<y10>191.417022</y10>
			<x11>307.902289</x11>
			<y11>162.26174</y11>
			<x12>295.617902</x12>
			<y12>145</y12>
			<x13>264.73134600000003</x13>
			<y13>145</y13>
		</polygon>
	</object>
	<object>
		<name>capsicum</name>
		<pose>Unspecified</pose>
		<truncated>0</truncated>
		<difficult>0</difficult>
		<occluded>0</occluded>
		<bndbox>
			<xmin>389</xmin>
			<xmax>412</xmax>
			<ymin>370</ymin>
			<ymax>405</ymax>
		</bndbox>
		<polygon>
			<x1>406.95701199999996</x1>
			<y1>402.372031</y1>
			<x2>410.787376</x2>
			<y2>385.155659</y2>
			<x3>408.229086</x3>
			<y3>371.163683</y3>
			<x4>400.715572</x4>
			<y4>369.155568</y4>
			<x5>392.263752</x5>
			<y5>371.67197999999996</y5>
			<x6>388.169691</x6>
			<y6>378.249576</y6>
			<x7>390.959408</x7>
			<y7>394.88676699999996</y7>
			<x8>397.76604199999997</x8>
			<y8>404.064625</y8>
			<x9>406.95701199999996</x9>
			<y9>402.372031</y9>
		</polygon>
	</object>
</annotation>
