<annotation>
	<folder></folder>
	<filename>image_192_png.rf.32129a56d75aa403b3d8dd784c38b2f1.jpg</filename>
	<path>image_192_png.rf.32129a56d75aa403b3d8dd784c38b2f1.jpg</path>
	<source>
		<database>roboflow.ai</database>
	</source>
	<size>
		<width>416</width>
		<height>416</height>
		<depth>3</depth>
	</size>
	<segmented>0</segmented>
	<object>
		<name>mango</name>
		<pose>Unspecified</pose>
		<truncated>0</truncated>
		<difficult>0</difficult>
		<occluded>0</occluded>
		<bndbox>
			<xmin>1</xmin>
			<xmax>32</xmax>
			<ymin>34</ymin>
			<ymax>101</ymax>
		</bndbox>
		<polygon>
			<x1>0</x1>
			<y1>100.49855</y1>
			<x2>2.876041</x2>
			<y2>99.757225</y2>
			<x3>22.579983</x3>
			<y3>83.682854</y3>
			<x4>30.386714</x4>
			<y4>70.450698</y4>
			<x5>31.345482</x5>
			<y5>56.739685</y5>
			<x6>28.624596</x6>
			<y6>46.445514</y6>
			<x7>13.020413</x7>
			<y7>33.413382</y7>
			<x8>0</x8>
			<y8>32.502906</y8>
			<x9>0</x9>
			<y9>100.49855</y9>
		</polygon>
	</object>
	<object>
		<name>orange</name>
		<pose>Unspecified</pose>
		<truncated>0</truncated>
		<difficult>0</difficult>
		<occluded>0</occluded>
		<bndbox>
			<xmin>246</xmin>
			<xmax>417</xmax>
			<ymin>64</ymin>
			<ymax>221</ymax>
		</bndbox>
		<polygon>
			<x1>416</x1>
			<y1>132.921085</y1>
			<x2>408.352655</x2>
			<y2>110.597071</y2>
			<x3>389.534544</x3>
			<y3>84.480679</y3>
			<x4>354.947813</x4>
			<y4>67.365546</y4>
			<x5>319.466234</x5>
			<y5>63.047358</y5>
			<x6>302.647612</x6>
			<y6>67.382508</y6>
			<x7>283.135423</x7>
			<y7>80.714676</y7>
			<x8>268.161138</x8>
			<y8>98.038313</y8>
			<x9>257.231713</x9>
			<y9>116.563332</y9>
			<x10>249.726271</x10>
			<y10>135.327778</y10>
			<x11>244.512589</x11>
			<y11>160.68224</y11>
			<x12>244.914134</x12>
			<y12>213.98547</y12>
			<x13>246.79312199999998</x13>
			<y13>220</y13>
			<x14>413.56274199999996</x14>
			<y14>220</y14>
			<x15>416</x15>
			<y15>210.306723</y15>
			<x16>416</x16>
			<y16>132.921085</y16>
		</polygon>
	</object>
	<object>
		<name>orange</name>
		<pose>Unspecified</pose>
		<truncated>0</truncated>
		<difficult>0</difficult>
		<occluded>0</occluded>
		<bndbox>
			<xmin>1</xmin>
			<xmax>18</xmax>
			<ymin>307</ymin>
			<ymax>340</ymax>
		</bndbox>
		<polygon>
			<x1>0</x1>
			<y1>337.471225</y1>
			<x2>4.702904</x2>
			<y2>339.287854</y2>
			<x3>14.865314</x3>
			<y3>331.731646</y3>
			<x4>17.129756</x4>
			<y4>319.03047200000003</y4>
			<x5>13.039278</x5>
			<y5>308.64053</y5>
			<x6>4.264759</x6>
			<y6>306.189882</y6>
			<x7>0</x7>
			<y7>307.740939</y7>
			<x8>0</x8>
			<y8>337.471225</y8>
		</polygon>
	</object>
	<object>
		<name>redapple</name>
		<pose>Unspecified</pose>
		<truncated>0</truncated>
		<difficult>0</difficult>
		<occluded>0</occluded>
		<bndbox>
			<xmin>148</xmin>
			<xmax>175</xmax>
			<ymin>323</ymin>
			<ymax>412</ymax>
		</bndbox>
		<polygon>
			<x1>174</x1>
			<y1>322.087249</y1>
			<x2>162.306602</x2>
			<y2>329.182226</y2>
			<x3>149.322789</x3>
			<y3>347.563588</y3>
			<x4>147.167883</x4>
			<y4>368.539255</y4>
			<x5>151.431815</x5>
			<y5>386.289623</y5>
			<x6>159.375401</x6>
			<y6>400.623148</y6>
			<x7>173.116949</x7>
			<y7>410.76942199999996</y7>
			<x8>174</x8>
			<y8>410.867165</y8>
			<x9>174</x9>
			<y9>322.087249</y9>
		</polygon>
	</object>
	<object>
		<name>orange</name>
		<pose>Unspecified</pose>
		<truncated>0</truncated>
		<difficult>0</difficult>
		<occluded>0</occluded>
		<bndbox>
			<xmin>378</xmin>
			<xmax>417</xmax>
			<ymin>353</ymin>
			<ymax>417</ymax>
		</bndbox>
		<polygon>
			<x1>416</x1>
			<y1>416</y1>
			<x2>416</x2>
			<y2>353.141743</y2>
			<x3>409.86012800000003</x3>
			<y3>352.225281</y3>
			<x4>395.972445</x4>
			<y4>354.009771</y4>
			<x5>384.933485</x5>
			<y5>364.26029600000004</y5>
			<x6>378.304592</x6>
			<y6>380.330426</y6>
			<x7>377.281907</x7>
			<y7>394.955506</y7>
			<x8>380.240165</x8>
			<y8>411.696035</y8>
			<x9>382.526413</x9>
			<y9>416</y9>
			<x10>416</x10>
			<y10>416</y10>
		</polygon>
	</object>
</annotation>
