<annotation>
	<folder></folder>
	<filename>image_217_png.rf.c4fa46379382b539299538779a888a68.jpg</filename>
	<path>image_217_png.rf.c4fa46379382b539299538779a888a68.jpg</path>
	<source>
		<database>roboflow.ai</database>
	</source>
	<size>
		<width>416</width>
		<height>416</height>
		<depth>3</depth>
	</size>
	<segmented>0</segmented>
	<object>
		<name>capsicum</name>
		<pose>Unspecified</pose>
		<truncated>0</truncated>
		<difficult>0</difficult>
		<occluded>0</occluded>
		<bndbox>
			<xmin>75</xmin>
			<xmax>101</xmax>
			<ymin>201</ymin>
			<ymax>238</ymax>
		</bndbox>
		<polygon>
			<x1>87.554438</x1>
			<y1>237</y1>
			<x2>96.631366</x2>
			<y2>227.872366</y2>
			<x3>100.316535</x3>
			<y3>211.26222</y3>
			<x4>98.412772</x4>
			<y4>205.585802</y4>
			<x5>89.099452</x5>
			<y5>199.769516</y5>
			<x6>76.184102</x6>
			<y6>205.166197</y6>
			<x7>73.533954</x7>
			<y7>219.217375</y7>
			<x8>77.382582</x8>
			<y8>235.083373</y8>
			<x9>81.470427</x9>
			<y9>237</y9>
			<x10>87.554438</x10>
			<y10>237</y10>
		</polygon>
	</object>
	<object>
		<name>orange</name>
		<pose>Unspecified</pose>
		<truncated>0</truncated>
		<difficult>0</difficult>
		<occluded>0</occluded>
		<bndbox>
			<xmin>307</xmin>
			<xmax>417</xmax>
			<ymin>106</ymin>
			<ymax>238</ymax>
		</bndbox>
		<polygon>
			<x1>416</x1>
			<y1>237</y1>
			<x2>416</x2>
			<y2>110.688071</y2>
			<x3>388.47785799999997</x3>
			<y3>105.473165</y3>
			<x4>376.846012</x4>
			<y4>106.542846</y4>
			<x5>357.348748</x5>
			<y5>115.521885</y5>
			<x6>341.866392</x6>
			<y6>129.572567</y6>
			<x7>326.838957</x7>
			<y7>149.997524</y7>
			<x8>315.412608</x8>
			<y8>173.63301</y8>
			<x9>310.154355</x9>
			<y9>191.825027</y9>
			<x10>305.681702</x10>
			<y10>223.649608</y10>
			<x11>305.803279</x11>
			<y11>237</y11>
			<x12>416</x12>
			<y12>237</y12>
		</polygon>
	</object>
	<object>
		<name>capsicum</name>
		<pose>Unspecified</pose>
		<truncated>0</truncated>
		<difficult>0</difficult>
		<occluded>0</occluded>
		<bndbox>
			<xmin>136</xmin>
			<xmax>300</xmax>
			<ymin>238</ymin>
			<ymax>417</ymax>
		</bndbox>
		<polygon>
			<x1>175.042449</x1>
			<y1>237</y1>
			<x2>160.841515</x2>
			<y2>245.066693</y2>
			<x3>150.947152</x3>
			<y3>262.607147</y3>
			<x4>143.080792</x4>
			<y4>284.940003</y4>
			<x5>134.922969</x5>
			<y5>333.37473</y5>
			<x6>138.354009</x6>
			<y6>405.073613</y6>
			<x7>140.940128</x7>
			<y7>416</y7>
			<x8>280.804955</x8>
			<y8>416</y8>
			<x9>297.269028</x9>
			<y9>365.20574999999997</y9>
			<x10>299</x10>
			<y10>354.057096</y10>
			<x11>299</x11>
			<y11>280.125287</y11>
			<x12>295.205574</x12>
			<y12>269.359192</y12>
			<x13>279.062799</x13>
			<y13>254.469795</y13>
			<x14>257.869152</x14>
			<y14>251.491222</y14>
			<x15>248.01777</x15>
			<y15>244.697838</y15>
			<x16>247.365307</x16>
			<y16>237</y16>
			<x17>232.627976</x17>
			<y17>237</y17>
			<x18>231.957195</x18>
			<y18>238.834764</y18>
			<x19>215.564998</x19>
			<y19>240.136899</y19>
			<x20>208.155779</x20>
			<y20>237</y20>
			<x21>175.042449</x21>
			<y21>237</y21>
		</polygon>
	</object>
</annotation>
