<annotation>
	<folder></folder>
	<filename>image_85_png.rf.15d3ab4f3f3872295e4d7e2a2dea9a16.jpg</filename>
	<path>image_85_png.rf.15d3ab4f3f3872295e4d7e2a2dea9a16.jpg</path>
	<source>
		<database>roboflow.ai</database>
	</source>
	<size>
		<width>416</width>
		<height>416</height>
		<depth>3</depth>
	</size>
	<segmented>0</segmented>
	<object>
		<name>capsicum</name>
		<pose>Unspecified</pose>
		<truncated>0</truncated>
		<difficult>0</difficult>
		<occluded>0</occluded>
		<bndbox>
			<xmin>138</xmin>
			<xmax>169</xmax>
			<ymin>161</ymin>
			<ymax>188</ymax>
		</bndbox>
		<polygon>
			<x1>167.172015</x1>
			<y1>187</y1>
			<x2>168.492164</x2>
			<y2>170.372514</y2>
			<x3>163.561105</x3>
			<y3>160.509244</y3>
			<x4>151.311891</x4>
			<y4>159.818569</y4>
			<x5>137.16582</x5>
			<y5>167.301374</y5>
			<x6>136.917545</x6>
			<y6>187</y6>
			<x7>167.172015</x7>
			<y7>187</y7>
		</polygon>
	</object>
	<object>
		<name>greenapple</name>
		<pose>Unspecified</pose>
		<truncated>0</truncated>
		<difficult>0</difficult>
		<occluded>0</occluded>
		<bndbox>
			<xmin>217</xmin>
			<xmax>233</xmax>
			<ymin>12</ymin>
			<ymax>72</ymax>
		</bndbox>
		<polygon>
			<x1>216</x1>
			<y1>70.56452</y1>
			<x2>219.261655</x2>
			<y2>70.352432</y2>
			<x3>227.907514</x3>
			<y3>59.347691</y3>
			<x4>231.622314</x4>
			<y4>38.479681</y4>
			<x5>230.737499</x5>
			<y5>26.736813</y5>
			<x6>216.181069</x6>
			<y6>10.710155</y6>
			<x7>216</x7>
			<y7>10.692404</y7>
			<x8>216</x8>
			<y8>70.56452</y8>
		</polygon>
	</object>
	<object>
		<name>orange</name>
		<pose>Unspecified</pose>
		<truncated>0</truncated>
		<difficult>0</difficult>
		<occluded>0</occluded>
		<bndbox>
			<xmin>336</xmin>
			<xmax>394</xmax>
			<ymin>25</ymin>
			<ymax>100</ymax>
		</bndbox>
		<polygon>
			<x1>380.304557</x1>
			<y1>26.839567</y1>
			<x2>355.094928</x2>
			<y2>23.66166</y2>
			<x3>343.63583</x3>
			<y3>29.288593</y3>
			<x4>336.380808</x4>
			<y4>42.078028</y4>
			<x5>334.76804400000003</x5>
			<y5>66.527289</y5>
			<x6>336.996346</x6>
			<y6>77.342221</y6>
			<x7>344.029443</x7>
			<y7>90.786743</y7>
			<x8>352.295544</x8>
			<y8>96.973856</y8>
			<x9>365.93559400000004</x9>
			<y9>99.449225</y9>
			<x10>378.10589300000004</x10>
			<y10>95.618849</y10>
			<x11>388.111021</x11>
			<y11>84.590382</y11>
			<x12>390.703297</x12>
			<y12>77.309249</y12>
			<x13>392.568589</x13>
			<y13>67.327349</y13>
			<x14>390.79895999999997</x14>
			<y14>43.841612</y14>
			<x15>380.304557</x15>
			<y15>26.839567</y15>
		</polygon>
	</object>
	<object>
		<name>capsicum</name>
		<pose>Unspecified</pose>
		<truncated>0</truncated>
		<difficult>0</difficult>
		<occluded>0</occluded>
		<bndbox>
			<xmin>69</xmin>
			<xmax>217</xmax>
			<ymin>282</ymin>
			<ymax>417</ymax>
		</bndbox>
		<polygon>
			<x1>216</x1>
			<y1>416</y1>
			<x2>216</x2>
			<y2>324.20142699999997</y2>
			<x3>196.918507</x3>
			<y3>312.35914</y3>
			<x4>177.224874</x4>
			<y4>313.607379</y4>
			<x5>165.592163</x5>
			<y5>309.288001</y5>
			<x6>159.065089</x6>
			<y6>285.885306</y6>
			<x7>150.814771</x7>
			<y7>280.602402</y7>
			<x8>148.222494</x8>
			<y8>287.883536</y8>
			<x9>153.153553</x9>
			<y9>297.746805</y9>
			<x10>151.240913</x10>
			<y10>305.016076</y10>
			<x11>135.672439</x11>
			<y11>308.90576599999997</y11>
			<x12>111.853647</x12>
			<y12>307.512553</y12>
			<x13>93.55085</x13>
			<y13>310.545487</y13>
			<x14>80.194895</x14>
			<y14>324.34590000000003</y14>
			<x15>68.687485</x15>
			<y15>366.153099</y15>
			<x16>68.21969</x16>
			<y16>416</y16>
			<x17>216</x17>
			<y17>416</y17>
		</polygon>
	</object>
	<object>
		<name>mango</name>
		<pose>Unspecified</pose>
		<truncated>0</truncated>
		<difficult>0</difficult>
		<occluded>0</occluded>
		<bndbox>
			<xmin>402</xmin>
			<xmax>417</xmax>
			<ymin>240</ymin>
			<ymax>276</ymax>
		</bndbox>
		<polygon>
			<x1>416</x1>
			<y1>241.11299300000002</y1>
			<x2>409.305064</x2>
			<y2>239.260044</y2>
			<x3>400.611857</x3>
			<y3>247.552155</y3>
			<x4>400.86438499999997</x4>
			<y4>262.019517</y4>
			<x5>409.90482</x5>
			<y5>273.620027</y5>
			<x6>416</x6>
			<y6>275.243252</y6>
			<x7>416</x7>
			<y7>241.11299300000002</y7>
		</polygon>
	</object>
	<object>
		<name>greenapple</name>
		<pose>Unspecified</pose>
		<truncated>0</truncated>
		<difficult>0</difficult>
		<occluded>0</occluded>
		<bndbox>
			<xmin>274</xmin>
			<xmax>297</xmax>
			<ymin>387</ymin>
			<ymax>417</ymax>
		</bndbox>
		<polygon>
			<x1>290.127371</x1>
			<y1>416</y1>
			<x2>294.71119899999997</x2>
			<y2>412.20806300000004</y2>
			<x3>296.481792</x3>
			<y3>396.800902</y3>
			<x4>290.886882</x4>
			<y4>387.853706</y4>
			<x5>282.02006</x5>
			<y5>386.19950600000004</y5>
			<x6>273.974921</x6>
			<y6>392.671333</y6>
			<x7>272.86818</x7>
			<y7>407.162421</y7>
			<x8>277.767673</x8>
			<y8>415.21727</y8>
			<x9>280.93044299999997</x9>
			<y9>416</y9>
			<x10>290.127371</x10>
			<y10>416</y10>
		</polygon>
	</object>
</annotation>
