<annotation>
	<folder></folder>
	<filename>image_21_png.rf.5fa8556cab9bf504c4ba178b8b07199a.jpg</filename>
	<path>image_21_png.rf.5fa8556cab9bf504c4ba178b8b07199a.jpg</path>
	<source>
		<database>roboflow.ai</database>
	</source>
	<size>
		<width>416</width>
		<height>416</height>
		<depth>3</depth>
	</size>
	<segmented>0</segmented>
	<object>
		<name>greenapple</name>
		<pose>Unspecified</pose>
		<truncated>0</truncated>
		<difficult>0</difficult>
		<occluded>0</occluded>
		<bndbox>
			<xmin>95</xmin>
			<xmax>263</xmax>
			<ymin>93</ymin>
			<ymax>297</ymax>
		</bndbox>
		<polygon>
			<x1>224.831235</x1>
			<y1>284.049886</y1>
			<x2>243.173116</x2>
			<y2>262.333243</y2>
			<x3>251.647594</x3>
			<y3>240.961178</y3>
			<x4>259.157954</x4>
			<y4>210.841059</y4>
			<x5>262.277929</x5>
			<y5>187.021461</y5>
			<x6>261.328428</x6>
			<y6>159.831283</y6>
			<x7>249.455518</x7>
			<y7>121.606322</y7>
			<x8>232.963203</x8>
			<y8>101.984289</y8>
			<x9>208.25606</x9>
			<y9>92.309016</y9>
			<x10>173.987805</x10>
			<y10>91.749346</y10>
			<x11>130.03592</x11>
			<y11>96.796868</y11>
			<x12>110.79118</x12>
			<y12>111.519663</y12>
			<x13>98.40037</x13>
			<y13>133.906661</y13>
			<x14>93.719707</x14>
			<y14>150.755383</y14>
			<x15>93.966137</x15>
			<y15>195.533554</y15>
			<x16>97.240656</x16>
			<y16>213.860819</y16>
			<x17>107.430363</x17>
			<y17>241.606494</y17>
			<x18>130.425071</x18>
			<y18>277.686729</y18>
			<x19>138.594657</x19>
			<y19>285.304989</y19>
			<x20>156.692901</x20>
			<y20>294.332877</y20>
			<x21>194.280921</x21>
			<y21>295.654792</y21>
			<x22>208.661224</x22>
			<y22>292.518104</y22>
			<x23>224.831235</x23>
			<y23>284.049886</y23>
		</polygon>
	</object>
	<object>
		<name>greenapple</name>
		<pose>Unspecified</pose>
		<truncated>0</truncated>
		<difficult>0</difficult>
		<occluded>0</occluded>
		<bndbox>
			<xmin>304</xmin>
			<xmax>417</xmax>
			<ymin>163</ymin>
			<ymax>313</ymax>
		</bndbox>
		<polygon>
			<x1>303</x1>
			<y1>312</y1>
			<x2>416</x2>
			<y2>312</y2>
			<x3>416</x3>
			<y3>170.237145</y3>
			<x4>401.887367</x4>
			<y4>164.217128</y4>
			<x5>362.295238</x5>
			<y5>162.087028</y5>
			<x6>318.404613</x6>
			<y6>168.888755</y6>
			<x7>303</x7>
			<y7>183.347529</y7>
			<x8>303</x8>
			<y8>312</y8>
		</polygon>
	</object>
	<object>
		<name>greenapple</name>
		<pose>Unspecified</pose>
		<truncated>0</truncated>
		<difficult>0</difficult>
		<occluded>0</occluded>
		<bndbox>
			<xmin>1</xmin>
			<xmax>22</xmax>
			<ymin>375</ymin>
			<ymax>417</ymax>
		</bndbox>
		<polygon>
			<x1>0</x1>
			<y1>416</y1>
			<x2>18.517429</x2>
			<y2>416</y2>
			<x3>20.921769</x3>
			<y3>406.317419</y3>
			<x4>20.370445</x4>
			<y4>390.529575</y4>
			<x5>13.424626</x5>
			<y5>380.234063</y5>
			<x6>5.316301</x6>
			<y6>374.370007</y6>
			<x7>0</x7>
			<y7>373.882731</y7>
			<x8>0</x8>
			<y8>416</y8>
		</polygon>
	</object>
	<object>
		<name>capsicum</name>
		<pose>Unspecified</pose>
		<truncated>0</truncated>
		<difficult>0</difficult>
		<occluded>0</occluded>
		<bndbox>
			<xmin>98</xmin>
			<xmax>120</xmax>
			<ymin>341</ymin>
			<ymax>375</ymax>
		</bndbox>
		<polygon>
			<x1>113.949622</x1>
			<y1>373.210965</y1>
			<x2>118.660914</x2>
			<y2>357.239344</y2>
			<x3>116.824565</x3>
			<y3>342.374546</y3>
			<x4>109.496582</x4>
			<y4>339.995929</y4>
			<x5>101.006091</x5>
			<y5>342.048767</y5>
			<x6>96.615707</x6>
			<y6>348.349288</y6>
			<x7>98.513313</x7>
			<y7>364.968291</y7>
			<x8>104.770675</x8>
			<y8>374.409673</y8>
			<x9>113.949622</x9>
			<y9>373.210965</y9>
		</polygon>
	</object>
	<object>
		<name>mango</name>
		<pose>Unspecified</pose>
		<truncated>0</truncated>
		<difficult>0</difficult>
		<occluded>0</occluded>
		<bndbox>
			<xmin>310</xmin>
			<xmax>417</xmax>
			<ymin>323</ymin>
			<ymax>417</ymax>
		</bndbox>
		<polygon>
			<x1>416</x1>
			<y1>416</y1>
			<x2>416</x2>
			<y2>322.156571</y2>
			<x3>405.035824</x3>
			<y3>328.167882</y3>
			<x4>339.530197</x4>
			<y4>376.120337</y4>
			<x5>321.662368</x5>
			<y5>392.551393</y5>
			<x6>310.434066</x6>
			<y6>410.506936</y6>
			<x7>309.037964</x7>
			<y7>416</y7>
			<x8>416</x8>
			<y8>416</y8>
		</polygon>
	</object>
</annotation>
