<annotation>
	<folder></folder>
	<filename>image_177_png.rf.aeab2533ed0bbd17b793431ecebe9e6f.jpg</filename>
	<path>image_177_png.rf.aeab2533ed0bbd17b793431ecebe9e6f.jpg</path>
	<source>
		<database>roboflow.ai</database>
	</source>
	<size>
		<width>416</width>
		<height>416</height>
		<depth>3</depth>
	</size>
	<segmented>0</segmented>
	<object>
		<name>greenapple</name>
		<pose>Unspecified</pose>
		<truncated>0</truncated>
		<difficult>0</difficult>
		<occluded>0</occluded>
		<bndbox>
			<xmin>93</xmin>
			<xmax>118</xmax>
			<ymin>64</ymin>
			<ymax>97</ymax>
		</bndbox>
		<polygon>
			<x1>114.31068</x1>
			<y1>89.289549</y1>
			<x2>117.244161</x2>
			<y2>74.198098</y2>
			<x3>113.286624</x3>
			<y3>66.058637</y3>
			<x4>104.117684</x4>
			<y4>63.355102</y4>
			<x5>94.385108</x5>
			<y5>70.676023</y5>
			<x6>91.969301</x6>
			<y6>83.104276</y6>
			<x7>98.078165</x7>
			<y7>94.425736</y7>
			<x8>106.085163</x8>
			<y8>95.982138</y8>
			<x9>114.31068</x9>
			<y9>89.289549</y9>
		</polygon>
	</object>
	<object>
		<name>capsicum</name>
		<pose>Unspecified</pose>
		<truncated>0</truncated>
		<difficult>0</difficult>
		<occluded>0</occluded>
		<bndbox>
			<xmin>242</xmin>
			<xmax>352</xmax>
			<ymin>9</ymin>
			<ymax>204</ymax>
		</bndbox>
		<polygon>
			<x1>241</x1>
			<y1>203</y1>
			<x2>325.62143100000003</x2>
			<y2>203</y2>
			<x3>340.560264</x3>
			<y3>164.064639</y3>
			<x4>348.647495</x4>
			<y4>126.021846</y4>
			<x5>350.53393900000003</x5>
			<y5>91.380113</y5>
			<x6>343.826768</x6>
			<y6>68.887063</y6>
			<x7>327.064888</x7>
			<y7>51.809771</y7>
			<x8>306.874835</x8>
			<y8>48.806497</y8>
			<x9>296.072242</x9>
			<y9>40.257765</y9>
			<x10>296.359704</x10>
			<y10>20.966883</y10>
			<x11>292.080032</x11>
			<y11>10.922257</y11>
			<x12>287.087148</x12>
			<y12>8.109191</y12>
			<x13>281.898727</x13>
			<y13>9.864486</y13>
			<x14>280.345708</x14>
			<y14>17.854077</y14>
			<x15>282.62363</x15>
			<y15>27.509604</y15>
			<x16>279.90866900000003</x16>
			<y16>34.352062</y16>
			<x17>241</x17>
			<y17>28.735977</y17>
			<x18>241</x18>
			<y18>203</y18>
		</polygon>
	</object>
	<object>
		<name>greenapple</name>
		<pose>Unspecified</pose>
		<truncated>0</truncated>
		<difficult>0</difficult>
		<occluded>0</occluded>
		<bndbox>
			<xmin>24</xmin>
			<xmax>73</xmax>
			<ymin>274</ymin>
			<ymax>338</ymax>
		</bndbox>
		<polygon>
			<x1>41.652178</x1>
			<y1>275.105353</y1>
			<x2>31.896622</x2>
			<y2>286.106904</y2>
			<x3>22.520853</x3>
			<y3>316.529038</y3>
			<x4>24.476641</x4>
			<y4>324.279397</y4>
			<x5>32.437677</x5>
			<y5>333.19705999999996</y5>
			<x6>51.787923</x6>
			<y6>336.958367</y6>
			<x7>61.693056</x7>
			<y7>328.749713</y7>
			<x8>69.987517</x8>
			<y8>311.015234</y8>
			<x9>72.403324</x9>
			<y9>298.586981</y9>
			<x10>69.63071</x10>
			<y10>287.914023</y10>
			<x11>61.842231</x11>
			<y11>278.108627</y11>
			<x12>49.014908</x12>
			<y12>272.851426</y12>
			<x13>41.652178</x13>
			<y13>275.105353</y13>
		</polygon>
	</object>
	<object>
		<name>greenapple</name>
		<pose>Unspecified</pose>
		<truncated>0</truncated>
		<difficult>0</difficult>
		<occluded>0</occluded>
		<bndbox>
			<xmin>303</xmin>
			<xmax>329</xmax>
			<ymin>263</ymin>
			<ymax>297</ymax>
		</bndbox>
		<polygon>
			<x1>324.96031600000003</x1>
			<y1>289.897712</y1>
			<x2>327.870816</x2>
			<y2>278.486891</y2>
			<x3>323.614125</x3>
			<y3>264.761635</y3>
			<x4>316.446935</x4>
			<y4>262.447201</y4>
			<x5>304.885167</x5>
			<y5>268.491288</y5>
			<x6>301.80210999999997</x6>
			<y6>280.789842</y6>
			<x7>304.574724</x7>
			<y7>291.4628</y7>
			<x8>316.24010599999997</x8>
			<y8>295.57286899999997</y8>
			<x9>324.96031600000003</x9>
			<y9>289.897712</y9>
		</polygon>
	</object>
</annotation>
