<annotation>
	<folder></folder>
	<filename>image_54_png.rf.4431594334e1568a1bda0801581c7423.jpg</filename>
	<path>image_54_png.rf.4431594334e1568a1bda0801581c7423.jpg</path>
	<source>
		<database>roboflow.ai</database>
	</source>
	<size>
		<width>416</width>
		<height>416</height>
		<depth>3</depth>
	</size>
	<segmented>0</segmented>
	<object>
		<name>orange</name>
		<pose>Unspecified</pose>
		<truncated>0</truncated>
		<difficult>0</difficult>
		<occluded>0</occluded>
		<bndbox>
			<xmin>93</xmin>
			<xmax>150</xmax>
			<ymin>30</ymin>
			<ymax>103</ymax>
		</bndbox>
		<polygon>
			<x1>107.016438</x1>
			<y1>28.956168</y1>
			<x2>98.822103</x2>
			<y2>34.83022</y2>
			<x3>92.437029</x3>
			<y3>47.645821</y3>
			<x4>91.997909</x4>
			<y4>69.764231</y4>
			<x5>94.83476</x5>
			<y5>81.934972</y5>
			<x6>103.784432</x6>
			<y6>96.328789</y6>
			<x7>111.399112</x7>
			<y7>101.097366</y7>
			<x8>126.01367</x8>
			<y8>101.842433</y8>
			<x9>136.307092</x9>
			<y9>97.588614</y9>
			<x10>146.934248</x10>
			<y10>79.17533</y10>
			<x11>148.646879</x11>
			<y11>65.802949</y11>
			<x12>146.099856</x12>
			<y12>48.310892</y12>
			<x13>132.170339</x13>
			<y13>28.964252</y13>
			<x14>107.016438</x14>
			<y14>28.956168</y14>
		</polygon>
	</object>
	<object>
		<name>mango</name>
		<pose>Unspecified</pose>
		<truncated>0</truncated>
		<difficult>0</difficult>
		<occluded>0</occluded>
		<bndbox>
			<xmin>59</xmin>
			<xmax>88</xmax>
			<ymin>137</ymin>
			<ymax>173</ymax>
		</bndbox>
		<polygon>
			<x1>86.535097</x1>
			<y1>162.031072</y1>
			<x2>85.612892</x2>
			<y2>148.842937</y2>
			<x3>77.56785</x3>
			<y3>137.919896</y3>
			<x4>66.844066</x4>
			<y4>136.019251</y4>
			<x5>58.236943</x5>
			<y5>145.456201</y5>
			<x6>57.657289</x6>
			<y6>156.098831</y6>
			<x7>68.583088</x7>
			<y7>170.354463</y7>
			<x8>79.306873</x8>
			<y8>172.255107</y8>
			<x9>86.535097</x9>
			<y9>162.031072</y9>
		</polygon>
	</object>
	<object>
		<name>greenapple</name>
		<pose>Unspecified</pose>
		<truncated>0</truncated>
		<difficult>0</difficult>
		<occluded>0</occluded>
		<bndbox>
			<xmin>273</xmin>
			<xmax>417</xmax>
			<ymin>1</ymin>
			<ymax>202</ymax>
		</bndbox>
		<polygon>
			<x1>316.536187</x1>
			<y1>0</y1>
			<x2>304.462224</x2>
			<y2>2.329117</y2>
			<x3>285.271852</x3>
			<y3>21.341201</y3>
			<x4>274.41635</x4>
			<y4>45.955011</y4>
			<x5>271.50926</x5>
			<y5>61.177932</y5>
			<x6>273.863086</x6>
			<y6>104.305234</y6>
			<x7>278.509196</x7>
			<y7>123.417525</y7>
			<x8>294.26554699999997</x8>
			<y8>159.423074</y8>
			<x9>316.714375</x9>
			<y9>187.009067</y9>
			<x10>333.322634</x10>
			<y10>197.33331</y10>
			<x11>351.476657</x11>
			<y11>201.364906</y11>
			<x12>388.900107</x12>
			<y12>196.980987</y12>
			<x13>414.98497</x13>
			<y13>181.904334</y13>
			<x14>416</x14>
			<y14>180.203362</y14>
			<x15>416</x15>
			<y15>8.293112</y15>
			<x16>413.166777</x16>
			<y16>4.446344</y16>
			<x17>399.917165</x17>
			<y17>0</y17>
			<x18>316.536187</x18>
			<y18>0</y18>
		</polygon>
	</object>
	<object>
		<name>redapple</name>
		<pose>Unspecified</pose>
		<truncated>0</truncated>
		<difficult>0</difficult>
		<occluded>0</occluded>
		<bndbox>
			<xmin>1</xmin>
			<xmax>62</xmax>
			<ymin>225</ymin>
			<ymax>298</ymax>
		</bndbox>
		<polygon>
			<x1>0</x1>
			<y1>224</y1>
			<x2>0</x2>
			<y2>286.008344</y2>
			<x3>6.694347</x3>
			<y3>292.482705</y3>
			<x4>16.943863</x4>
			<y4>297.067038</y4>
			<x5>38.02255</x5>
			<y5>295.593073</y5>
			<x6>51.486557</x6>
			<y6>289.350529</y6>
			<x7>56.738655</x7>
			<y7>279.264677</y7>
			<x8>61.130028</x8>
			<y8>256.86990000000003</y8>
			<x9>57.511508</x9>
			<y9>242.986802</y9>
			<x10>46.585708</x10>
			<y10>228.73117</y10>
			<x11>40.265064</x11>
			<y11>224</y11>
			<x12>0</x12>
			<y12>224</y12>
		</polygon>
	</object>
	<object>
		<name>orange</name>
		<pose>Unspecified</pose>
		<truncated>0</truncated>
		<difficult>0</difficult>
		<occluded>0</occluded>
		<bndbox>
			<xmin>151</xmin>
			<xmax>209</xmax>
			<ymin>237</ymin>
			<ymax>312</ymax>
		</bndbox>
		<polygon>
			<x1>192.854245</x1>
			<y1>237.940256</y1>
			<x2>169.553511</x2>
			<y2>236.03557</y2>
			<x3>160.577507</x3>
			<y3>240.197266</y3>
			<x4>152.216305</x4>
			<y4>253.151052</y4>
			<x5>150.196273</x5>
			<y5>262.127387</y5>
			<x6>152.453469</x6>
			<y6>284.940759</y6>
			<x7>158.048116</x7>
			<y7>298.685673</y7>
			<x8>165.908717</x8>
			<y8>306.971087</y8>
			<x9>176.096753</x9>
			<y9>310.67621099999997</y9>
			<x10>189.868161</x10>
			<y10>308.829712</y10>
			<x11>200.574371</x11>
			<y11>301.012997</y11>
			<x12>204.693491</x12>
			<y12>293.65689399999997</y12>
			<x13>208.013368</x13>
			<y13>274.871076</y13>
			<x14>206.186534</x14>
			<y14>258.212166</y14>
			<x15>192.854245</x15>
			<y15>237.940256</y15>
		</polygon>
	</object>
	<object>
		<name>capsicum</name>
		<pose>Unspecified</pose>
		<truncated>0</truncated>
		<difficult>0</difficult>
		<occluded>0</occluded>
		<bndbox>
			<xmin>134</xmin>
			<xmax>157</xmax>
			<ymin>334</ymin>
			<ymax>369</ymax>
		</bndbox>
		<polygon>
			<x1>151.522564</x1>
			<y1>366.28860099999997</y1>
			<x2>155.685591</x2>
			<y2>350.09434699999997</y2>
			<x3>153.323009</x3>
			<y3>335.239917</y3>
			<x4>144.575351</x4>
			<y4>333.201089</y4>
			<x5>135.537867</x5>
			<y5>336.483575</y5>
			<x6>133.271913</x6>
			<y6>341.943075</y6>
			<x7>135.757456</x7>
			<y7>358.555924</y7>
			<x8>142.36212</x8>
			<y8>367.81267</y8>
			<x9>151.522564</x9>
			<y9>366.28860099999997</y9>
		</polygon>
	</object>
	<object>
		<name>redapple</name>
		<pose>Unspecified</pose>
		<truncated>0</truncated>
		<difficult>0</difficult>
		<occluded>0</occluded>
		<bndbox>
			<xmin>345</xmin>
			<xmax>394</xmax>
			<ymin>225</ymin>
			<ymax>295</ymax>
		</bndbox>
		<polygon>
			<x1>351.811177</x1>
			<y1>224</y1>
			<x2>346.14751</x2>
			<y2>232.774567</y2>
			<x3>344.25043900000003</x3>
			<y3>243.509321</y3>
			<x4>346.200233</x4>
			<y4>261.926648</y4>
			<x5>351.79488000000003</x5>
			<y5>275.671562</y5>
			<x6>361.34178099999997</x6>
			<y6>289.140108</y6>
			<x7>370.27387899999997</x7>
			<y7>293.81656399999997</y7>
			<x8>383.325098</x8>
			<y8>291.136917</y8>
			<x9>388.761637</x9>
			<y9>283.688692</y9>
			<x10>392.98614299999997</x10>
			<y10>268.373648</y10>
			<x11>390.834333</x11>
			<y11>237.601333</y11>
			<x12>381.889103</x12>
			<y12>224</y12>
			<x13>351.811177</x13>
			<y13>224</y13>
		</polygon>
	</object>
</annotation>
