<annotation>
	<folder></folder>
	<filename>image_42_png.rf.b3ed9a4c8216b5b37c4b6bc947c603c6.jpg</filename>
	<path>image_42_png.rf.b3ed9a4c8216b5b37c4b6bc947c603c6.jpg</path>
	<source>
		<database>roboflow.ai</database>
	</source>
	<size>
		<width>416</width>
		<height>416</height>
		<depth>3</depth>
	</size>
	<segmented>0</segmented>
	<object>
		<name>orange</name>
		<pose>Unspecified</pose>
		<truncated>0</truncated>
		<difficult>0</difficult>
		<occluded>0</occluded>
		<bndbox>
			<xmin>52</xmin>
			<xmax>232</xmax>
			<ymin>97</ymin>
			<ymax>271</ymax>
		</bndbox>
		<polygon>
			<x1>214.498302</x1>
			<y1>270</y1>
			<x2>217.089339</x2>
			<y2>265.860325</y2>
			<x3>227.406098</x3>
			<y3>232.200056</y3>
			<x4>230.852649</x4>
			<y4>204.130156</y4>
			<x5>230.136527</x5>
			<y5>181.983064</y5>
			<x6>221.621524</x6>
			<y6>150.606205</y6>
			<x7>203.407789</x7>
			<y7>119.876754</y7>
			<x8>170.554394</x8>
			<y8>102.055888</y8>
			<x9>132.871252</x9>
			<y9>95.590716</y9>
			<x10>121.030688</x10>
			<y10>96.894273</y10>
			<x11>101.309494</x11>
			<y11>106.421528</y11>
			<x12>85.770593</x12>
			<y12>121.057963</y12>
			<x13>70.807206</x13>
			<y13>142.198984</y13>
			<x14>59.571585</x14>
			<y14>166.555113</y14>
			<x15>54.529289</x15>
			<y15>185.237764</y15>
			<x16>50.526843</x16>
			<y16>217.835069</y16>
			<x17>51.252776</x17>
			<y17>245.498156</y17>
			<x18>58.980217</x18>
			<y18>270</y18>
			<x19>214.498302</x19>
			<y19>270</y19>
		</polygon>
	</object>
	<object>
		<name>redapple</name>
		<pose>Unspecified</pose>
		<truncated>0</truncated>
		<difficult>0</difficult>
		<occluded>0</occluded>
		<bndbox>
			<xmin>325</xmin>
			<xmax>367</xmax>
			<ymin>1</ymin>
			<ymax>179</ymax>
		</bndbox>
		<polygon>
			<x1>324</x1>
			<y1>0</y1>
			<x2>324</x2>
			<y2>178.164164</y2>
			<x3>335.442927</x3>
			<y3>155.506282</y3>
			<x4>350.033539</x4>
			<y4>115.017723</y4>
			<x5>359.663604</x5>
			<y5>75.758348</y5>
			<x6>365.749023</x6>
			<y6>9.408925</y6>
			<x7>364.989243</x7>
			<y7>0</y7>
			<x8>324</x8>
			<y8>0</y8>
		</polygon>
	</object>
	<object>
		<name>capsicum</name>
		<pose>Unspecified</pose>
		<truncated>0</truncated>
		<difficult>0</difficult>
		<occluded>0</occluded>
		<bndbox>
			<xmin>1</xmin>
			<xmax>22</xmax>
			<ymin>347</ymin>
			<ymax>384</ymax>
		</bndbox>
		<polygon>
			<x1>0</x1>
			<y1>378.450576</y1>
			<x2>2.404838</x2>
			<y2>382.653126</y2>
			<x3>11.992392</x3>
			<y3>382.911198</y3>
			<x4>18.963971</x4>
			<y4>370.899355</y4>
			<x5>21.298731</x5>
			<y5>351.88426</y5>
			<x6>14.408903</x6>
			<y6>346.442638</y6>
			<x7>2.45716</x7>
			<y7>348.651674</y7>
			<x8>0</x8>
			<y8>351.215801</y8>
			<x9>0</x9>
			<y9>378.450576</y9>
		</polygon>
	</object>
	<object>
		<name>greenapple</name>
		<pose>Unspecified</pose>
		<truncated>0</truncated>
		<difficult>0</difficult>
		<occluded>0</occluded>
		<bndbox>
			<xmin>132</xmin>
			<xmax>158</xmax>
			<ymin>374</ymin>
			<ymax>409</ymax>
		</bndbox>
		<polygon>
			<x1>154.814902</x1>
			<y1>400.447597</y1>
			<x2>156.937114</x2>
			<y2>388.759459</y2>
			<x3>151.724781</x3>
			<y3>375.25162</y3>
			<x4>143.713354</x4>
			<y4>373.348809</y4>
			<x5>133.347546</x5>
			<y5>379.429102</y5>
			<x6>130.669438</x6>
			<y6>395.644643</y6>
			<x7>136.326488</x7>
			<y7>405.53055900000004</y7>
			<x8>146.368568</x8>
			<y8>407.682704</y8>
			<x9>154.814902</x9>
			<y9>400.447597</y9>
		</polygon>
	</object>
	<object>
		<name>redapple</name>
		<pose>Unspecified</pose>
		<truncated>0</truncated>
		<difficult>0</difficult>
		<occluded>0</occluded>
		<bndbox>
			<xmin>162</xmin>
			<xmax>234</xmax>
			<ymin>271</ymin>
			<ymax>330</ymax>
		</bndbox>
		<polygon>
			<x1>162.58679</x1>
			<y1>270</y1>
			<x2>160.812035</x2>
			<y2>284.454218</y2>
			<x3>164.791587</x3>
			<y3>302.406349</y3>
			<x4>170.903163</x4>
			<y4>314.186337</y4>
			<x5>185.248524</x5>
			<y5>326.058175</y5>
			<x6>204.090095</x6>
			<y6>329.290761</y6>
			<x7>218.183669</x7>
			<y7>326.425575</y7>
			<x8>223.58893</x8>
			<y8>321.574468</y8>
			<x9>232.914888</x9>
			<y9>301.579521</y9>
			<x10>233.228806</x10>
			<y10>287.831088</y10>
			<x11>225.149141</x11>
			<y11>270</y11>
			<x12>162.58679</x12>
			<y12>270</y12>
		</polygon>
	</object>
	<object>
		<name>redapple</name>
		<pose>Unspecified</pose>
		<truncated>0</truncated>
		<difficult>0</difficult>
		<occluded>0</occluded>
		<bndbox>
			<xmin>325</xmin>
			<xmax>370</xmax>
			<ymin>294</ymin>
			<ymax>379</ymax>
		</bndbox>
		<polygon>
			<x1>324</x1>
			<y1>376.33016299999997</y1>
			<x2>336.204105</x2>
			<y2>377.828638</y2>
			<x3>353.116393</x3>
			<y3>374.390416</y3>
			<x4>365.038707</x4>
			<y4>355.633392</y4>
			<x5>368.403507</x5>
			<y5>345.016957</y5>
			<x6>368.828604</x6>
			<y6>330.363044</y6>
			<x7>354.231456</x7>
			<y7>303.754182</y7>
			<x8>340.795147</x8>
			<y8>295.670488</y8>
			<x9>327.368648</x9>
			<y9>293.10278900000003</y9>
			<x10>324</x10>
			<y10>294.406067</y10>
			<x11>324</x11>
			<y11>376.33016299999997</y11>
		</polygon>
	</object>
</annotation>
