<annotation>
	<folder></folder>
	<filename>image_197_png.rf.608f5547c8819b8de2c9eca5a97d44ea.jpg</filename>
	<path>image_197_png.rf.608f5547c8819b8de2c9eca5a97d44ea.jpg</path>
	<source>
		<database>roboflow.ai</database>
	</source>
	<size>
		<width>416</width>
		<height>416</height>
		<depth>3</depth>
	</size>
	<segmented>0</segmented>
	<object>
		<name>mango</name>
		<pose>Unspecified</pose>
		<truncated>0</truncated>
		<difficult>0</difficult>
		<occluded>0</occluded>
		<bndbox>
			<xmin>2</xmin>
			<xmax>56</xmax>
			<ymin>32</ymin>
			<ymax>96</ymax>
		</bndbox>
		<polygon>
			<x1>43.253248</x1>
			<y1>35.707501</y1>
			<x2>26.581768</x2>
			<y2>31.227111</y2>
			<x3>16.371531</x3>
			<y3>32.495353</y3>
			<x4>6.411567</x4>
			<y4>41.891728</y4>
			<x5>1.705422</x5>
			<y5>54.268449</y5>
			<x6>0.904296</x6>
			<y6>69.554831</y6>
			<x7>4.338066</x7>
			<y7>81.456479</y7>
			<x8>12.006731</x8>
			<y8>89.973395</y8>
			<x9>31.328682</x9>
			<y9>95.494358</y9>
			<x10>43.797742</x10>
			<y10>89.836154</y10>
			<x11>48.848412</x11>
			<y11>83.789167</y11>
			<x12>54.228955</x12>
			<y12>71.447789</y12>
			<x13>54.982956</x13>
			<y13>57.060607</y13>
			<x14>51.502061</x14>
			<y14>46.058158</y14>
			<x15>43.253248</x15>
			<y15>35.707501</y15>
		</polygon>
	</object>
	<object>
		<name>orange</name>
		<pose>Unspecified</pose>
		<truncated>0</truncated>
		<difficult>0</difficult>
		<occluded>0</occluded>
		<bndbox>
			<xmin>32</xmin>
			<xmax>89</xmax>
			<ymin>183</ymin>
			<ymax>242</ymax>
		</bndbox>
		<polygon>
			<x1>85.278188</x1>
			<y1>241</y1>
			<x2>87.512076</x2>
			<y2>236.394102</y2>
			<x3>87.859778</x3>
			<y3>203.952253</y3>
			<x4>80.520989</x4>
			<y4>189.140947</y4>
			<x5>74.687021</x5>
			<y5>184.326858</y5>
			<x6>55.17657</x6>
			<y6>182.402691</y6>
			<x7>41.985986</x7>
			<y7>188.92475</y7>
			<x8>33.813595</x8>
			<y8>202.92315</y8>
			<x9>30.800772</x9>
			<y9>221.700296</y9>
			<x10>32.697244</x10>
			<y10>237.128052</y10>
			<x11>34.517477</x11>
			<y11>241</y11>
			<x12>85.278188</x12>
			<y12>241</y12>
		</polygon>
	</object>
	<object>
		<name>capsicum</name>
		<pose>Unspecified</pose>
		<truncated>0</truncated>
		<difficult>0</difficult>
		<occluded>0</occluded>
		<bndbox>
			<xmin>163</xmin>
			<xmax>184</xmax>
			<ymin>1</ymin>
			<ymax>32</ymax>
		</bndbox>
		<polygon>
			<x1>170.085839</x1>
			<y1>0</y1>
			<x2>162.625078</x2>
			<y2>3.191764</y2>
			<x3>162.404102</x3>
			<y3>20.311886</y3>
			<x4>167.233795</x4>
			<y4>31.385023</y4>
			<x5>178.071307</x5>
			<y5>31.051324</y5>
			<x6>182.824577</x6>
			<y6>17.775404</y6>
			<x7>183.045553</x7>
			<y7>0.655281</y7>
			<x8>181.500541</x8>
			<y8>0</y8>
			<x9>170.085839</x9>
			<y9>0</y9>
		</polygon>
	</object>
	<object>
		<name>greenapple</name>
		<pose>Unspecified</pose>
		<truncated>0</truncated>
		<difficult>0</difficult>
		<occluded>0</occluded>
		<bndbox>
			<xmin>236</xmin>
			<xmax>261</xmax>
			<ymin>3</ymin>
			<ymax>35</ymax>
		</bndbox>
		<polygon>
			<x1>259.048109</x1>
			<y1>25.945293</y1>
			<x2>259.660734</x2>
			<y2>14.255707</y2>
			<x3>253.48224299999998</x3>
			<y3>3.111884</y3>
			<x4>246.110977</x4>
			<y4>1.823903</y4>
			<x5>235.570865</x5>
			<y5>9.386537</y5>
			<x6>235.39701300000002</x6>
			<y6>25.60746</y6>
			<x7>241.71688</x7>
			<y7>34.053688</y7>
			<x8>252.554391</x8>
			<y8>33.719989</y8>
			<x9>259.048109</x9>
			<y9>25.945293</y9>
		</polygon>
	</object>
	<object>
		<name>mango</name>
		<pose>Unspecified</pose>
		<truncated>0</truncated>
		<difficult>0</difficult>
		<occluded>0</occluded>
		<bndbox>
			<xmin>371</xmin>
			<xmax>399</xmax>
			<ymin>10</ymin>
			<ymax>48</ymax>
		</bndbox>
		<polygon>
			<x1>397.785837</x1>
			<y1>36.822904</y1>
			<x2>398.492712</x2>
			<y2>23.33492</y2>
			<x3>391.01254800000004</x3>
			<y3>11.221209</y3>
			<x4>381.66521</x4>
			<y4>8.928</y4>
			<x5>371.846621</x5>
			<y5>15.626778</y5>
			<x6>369.79094799999996</x6>
			<y6>29.044073</y6>
			<x7>379.152935</x7>
			<y7>43.961412</y7>
			<x8>389.127547</x8>
			<y8>47.189165</y8>
			<x9>397.785837</x9>
			<y9>36.822904</y9>
		</polygon>
	</object>
	<object>
		<name>orange</name>
		<pose>Unspecified</pose>
		<truncated>0</truncated>
		<difficult>0</difficult>
		<occluded>0</occluded>
		<bndbox>
			<xmin>26</xmin>
			<xmax>83</xmax>
			<ymin>276</ymin>
			<ymax>353</ymax>
		</bndbox>
		<polygon>
			<x1>37.337583</x1>
			<y1>279.989584</y1>
			<x2>28.537918</x2>
			<y2>293.053442</y2>
			<x3>25.445495</x3>
			<y3>326.253113</y3>
			<x4>29.553664</x4>
			<y4>338.190106</y4>
			<x5>38.476877</x5>
			<y5>348.576105</y5>
			<x6>62.660996</x6>
			<y6>351.646879</y6>
			<x7>73.969758</x7>
			<y7>342.321191</y7>
			<x8>79.977577</x8>
			<y8>330.914356</y8>
			<x9>81.626953</x9>
			<y9>299.442395</y9>
			<x10>71.779067</x10>
			<y10>280.892917</y10>
			<x11>63.921902</x11>
			<y11>275.972798</y11>
			<x12>49.759518</x12>
			<y12>275.230578</y12>
			<x13>37.337583</x13>
			<y13>279.989584</y13>
		</polygon>
	</object>
	<object>
		<name>redapple</name>
		<pose>Unspecified</pose>
		<truncated>0</truncated>
		<difficult>0</difficult>
		<occluded>0</occluded>
		<bndbox>
			<xmin>1</xmin>
			<xmax>48</xmax>
			<ymin>375</ymin>
			<ymax>417</ymax>
		</bndbox>
		<polygon>
			<x1>46.439615</x1>
			<y1>416</y1>
			<x2>47.444036</x2>
			<y2>396.83448999999996</y2>
			<x3>39.666473</x3>
			<y3>377.491845</y3>
			<x4>22.273469</x4>
			<y4>373.875311</y4>
			<x5>9.992909</x5>
			<y5>375.93671900000004</y5>
			<x6>4.989365</x6>
			<y6>381.08450700000003</y6>
			<x7>1.098994</x7>
			<y7>390.79897600000004</y7>
			<x8>0.015119</x8>
			<y8>411.48055</y8>
			<x9>1.593295</x9>
			<y9>416</y9>
			<x10>46.439615</x10>
			<y10>416</y10>
		</polygon>
	</object>
	<object>
		<name>greenapple</name>
		<pose>Unspecified</pose>
		<truncated>0</truncated>
		<difficult>0</difficult>
		<occluded>0</occluded>
		<bndbox>
			<xmin>138</xmin>
			<xmax>161</xmax>
			<ymin>389</ymin>
			<ymax>417</ymax>
		</bndbox>
		<polygon>
			<x1>156.030054</x1>
			<y1>416</y1>
			<x2>159.597447</x2>
			<y2>411.728888</y2>
			<x3>160.351447</x3>
			<y3>397.341706</y3>
			<x4>155.333254</x4>
			<y4>389.865365</y4>
			<x5>145.264392</x5>
			<y5>388.436009</y5>
			<x6>138.1434</x6>
			<y6>395.276163</y6>
			<x7>136.762125</x7>
			<y7>408.728802</y7>
			<x8>141.642624</x8>
			<y8>416</y8>
			<x9>156.030054</x9>
			<y9>416</y9>
		</polygon>
	</object>
	<object>
		<name>greenapple</name>
		<pose>Unspecified</pose>
		<truncated>0</truncated>
		<difficult>0</difficult>
		<occluded>0</occluded>
		<bndbox>
			<xmin>288</xmin>
			<xmax>311</xmax>
			<ymin>242</ymin>
			<ymax>255</ymax>
		</bndbox>
		<polygon>
			<x1>286.804259</x1>
			<y1>241</y1>
			<x2>287.071412</x2>
			<y2>246.642804</y2>
			<x3>291.462332</x3>
			<y3>253.184602</y3>
			<x4>302.927117</x4>
			<y4>253.785446</y4>
			<x5>309.37371</x5>
			<y5>246.909949</y5>
			<x6>309.683437</x6>
			<y6>241</y6>
			<x7>286.804259</x7>
			<y7>241</y7>
		</polygon>
	</object>
</annotation>
