<annotation>
	<folder></folder>
	<filename>image_58_png.rf.c5fe819bb1a4b45f25b9c0fdc1b71ebf.jpg</filename>
	<path>image_58_png.rf.c5fe819bb1a4b45f25b9c0fdc1b71ebf.jpg</path>
	<source>
		<database>roboflow.ai</database>
	</source>
	<size>
		<width>416</width>
		<height>416</height>
		<depth>3</depth>
	</size>
	<segmented>0</segmented>
	<object>
		<name>redapple</name>
		<pose>Unspecified</pose>
		<truncated>0</truncated>
		<difficult>0</difficult>
		<occluded>0</occluded>
		<bndbox>
			<xmin>38</xmin>
			<xmax>109</xmax>
			<ymin>1</ymin>
			<ymax>58</ymax>
		</bndbox>
		<polygon>
			<x1>39.355112</x1>
			<y1>0</y1>
			<x2>37.244664</x2>
			<y2>16.418845</y2>
			<x3>41.612561</x3>
			<y3>38.59458</y3>
			<x4>52.333006</x4>
			<y4>50.143313</y4>
			<x5>65.269347</x5>
			<y5>56.932184</y5>
			<x6>85.995607</x6>
			<y6>53.848374</y6>
			<x7>100.87826</x7>
			<y7>46.851787</y7>
			<x8>108.034891</x8>
			<y8>18.03242</y8>
			<x9>106.528957</x9>
			<y9>3.704417</y9>
			<x10>103.090225</x10>
			<y10>0</y10>
			<x11>39.355112</x11>
			<y11>0</y11>
		</polygon>
	</object>
	<object>
		<name>capsicum</name>
		<pose>Unspecified</pose>
		<truncated>0</truncated>
		<difficult>0</difficult>
		<occluded>0</occluded>
		<bndbox>
			<xmin>256</xmin>
			<xmax>279</xmax>
			<ymin>22</ymin>
			<ymax>57</ymax>
		</bndbox>
		<polygon>
			<x1>278.169137</x1>
			<y1>47.551708</y1>
			<x2>277.925112</x2>
			<y2>25.847931</y2>
			<x3>273.330636</x3>
			<y3>20.898473</y3>
			<x4>261.241383</x4>
			<y4>22.169105</y4>
			<x5>255.089856</x5>
			<y5>28.248013</y5>
			<x6>258.503766</x6>
			<y6>47.807837</y6>
			<x7>261.943233</x7>
			<y7>54.689476</y7>
			<x8>272.299974</x8>
			<y8>56.317117</y8>
			<x9>278.169137</x9>
			<y9>47.551708</y9>
		</polygon>
	</object>
	<object>
		<name>redapple</name>
		<pose>Unspecified</pose>
		<truncated>0</truncated>
		<difficult>0</difficult>
		<occluded>0</occluded>
		<bndbox>
			<xmin>1</xmin>
			<xmax>29</xmax>
			<ymin>223</ymin>
			<ymax>301</ymax>
		</bndbox>
		<polygon>
			<x1>0</x1>
			<y1>299.867552</y1>
			<x2>7.95432</x2>
			<y2>298.672411</y2>
			<x3>21.977107</x3>
			<y3>289.955414</y3>
			<x4>28.367991</x4>
			<y4>260.31113700000003</y4>
			<x5>27.426782</x5>
			<y5>251.356135</y5>
			<x6>22.361702</x6>
			<y6>241.92917699999998</y6>
			<x7>2.734668</x7>
			<y7>223.168028</y7>
			<x8>0</x8>
			<y8>222.442716</y8>
			<x9>0</x9>
			<y9>299.867552</y9>
		</polygon>
	</object>
	<object>
		<name>mango</name>
		<pose>Unspecified</pose>
		<truncated>0</truncated>
		<difficult>0</difficult>
		<occluded>0</occluded>
		<bndbox>
			<xmin>213</xmin>
			<xmax>241</xmax>
			<ymin>399</ymin>
			<ymax>417</ymax>
		</bndbox>
		<polygon>
			<x1>239.735019</x1>
			<y1>416</y1>
			<x2>238.96027800000002</x2>
			<y2>411.825559</y2>
			<x3>233.223573</x3>
			<y3>402.469191</y3>
			<x4>220.569594</x4>
			<y4>398.366822</y4>
			<x5>211.624667</x5>
			<y5>410.17168300000003</y5>
			<x6>211.612918</x6>
			<y6>416</y6>
			<x7>239.735019</x7>
			<y7>416</y7>
		</polygon>
	</object>
	<object>
		<name>orange</name>
		<pose>Unspecified</pose>
		<truncated>0</truncated>
		<difficult>0</difficult>
		<occluded>0</occluded>
		<bndbox>
			<xmin>209</xmin>
			<xmax>234</xmax>
			<ymin>259</ymin>
			<ymax>290</ymax>
		</bndbox>
		<polygon>
			<x1>215.8031</x1>
			<y1>288.40988600000003</y1>
			<x2>225.394095</x2>
			<y2>289.212617</y2>
			<x3>232.60650900000002</x3>
			<y3>280.306027</y3>
			<x4>231.7722</x4>
			<y4>265.90743299999997</y4>
			<x5>227.755228</x5>
			<y5>259.991885</y5>
			<x6>218.741738</x6>
			<y6>258.223062</y6>
			<x7>209.814331</x7>
			<y7>261.124883</y7>
			<x8>208.108138</x8>
			<y8>270.725983</y8>
			<x9>209.48889</x9>
			<y9>280.019609</y9>
			<x10>215.8031</x10>
			<y10>288.40988600000003</y10>
		</polygon>
	</object>
</annotation>
