<annotation>
	<folder></folder>
	<filename>image_6_png.rf.fa42fbbb5d749af342c916e68d57269d.jpg</filename>
	<path>image_6_png.rf.fa42fbbb5d749af342c916e68d57269d.jpg</path>
	<source>
		<database>roboflow.ai</database>
	</source>
	<size>
		<width>416</width>
		<height>416</height>
		<depth>3</depth>
	</size>
	<segmented>0</segmented>
	<object>
		<name>greenapple</name>
		<pose>Unspecified</pose>
		<truncated>0</truncated>
		<difficult>0</difficult>
		<occluded>0</occluded>
		<bndbox>
			<xmin>109</xmin>
			<xmax>163</xmax>
			<ymin>1</ymin>
			<ymax>170</ymax>
		</bndbox>
		<polygon>
			<x1>162</x1>
			<y1>0</y1>
			<x2>117.500969</x2>
			<y2>0</y2>
			<x3>110.170018</x3>
			<y3>20.64417</y3>
			<x4>107.520437</x4>
			<y4>37.895543</y4>
			<x5>107.864721</x5>
			<y5>67.118343</y5>
			<x6>111.807791</x6>
			<y6>90.989794</y6>
			<x7>121.661962</x7>
			<y7>121.457523</y7>
			<x8>129.949048</x8>
			<y8>138.177977</y8>
			<x9>148.268382</x9>
			<y9>160.725785</y9>
			<x10>162</x10>
			<y10>169.467361</y10>
			<x11>162</x11>
			<y11>0</y11>
		</polygon>
	</object>
	<object>
		<name>mango</name>
		<pose>Unspecified</pose>
		<truncated>0</truncated>
		<difficult>0</difficult>
		<occluded>0</occluded>
		<bndbox>
			<xmin>163</xmin>
			<xmax>214</xmax>
			<ymin>182</ymin>
			<ymax>209</ymax>
		</bndbox>
		<polygon>
			<x1>162</x1>
			<y1>208</y1>
			<x2>213.21966</x2>
			<y2>208</y2>
			<x3>213.309552</x3>
			<y3>205.425818</y3>
			<x4>205.704016</x4>
			<y4>188.729165</y4>
			<x5>194.340503</x5>
			<y5>181.942485</y5>
			<x6>175.938606</x6>
			<y6>181.299877</y6>
			<x7>162</x7>
			<y7>189.646691</y7>
			<x8>162</x8>
			<y8>208</y8>
		</polygon>
	</object>
	<object>
		<name>redapple</name>
		<pose>Unspecified</pose>
		<truncated>0</truncated>
		<difficult>0</difficult>
		<occluded>0</occluded>
		<bndbox>
			<xmin>289</xmin>
			<xmax>354</xmax>
			<ymin>179</ymin>
			<ymax>209</ymax>
		</bndbox>
		<polygon>
			<x1>353.334903</x1>
			<y1>208</y1>
			<x2>337.49821399999996</x2>
			<y2>186.028825</y2>
			<x3>320.71412499999997</x3>
			<y3>178.140018</y3>
			<x4>306.40153799999996</x4>
			<y4>177.640211</y4>
			<x5>293.751549</x5>
			<y5>188.152506</y5>
			<x6>289.28018</x6>
			<y6>198.950403</y6>
			<x7>287.602413</x7>
			<y7>208</y7>
			<x8>353.334903</x8>
			<y8>208</y8>
		</polygon>
	</object>
	<object>
		<name>orange</name>
		<pose>Unspecified</pose>
		<truncated>0</truncated>
		<difficult>0</difficult>
		<occluded>0</occluded>
		<bndbox>
			<xmin>195</xmin>
			<xmax>251</xmax>
			<ymin>209</ymin>
			<ymax>285</ymax>
		</bndbox>
		<polygon>
			<x1>214.198308</x1>
			<y1>208</y1>
			<x2>204.90259700000001</x2>
			<y2>211.761827</y2>
			<x3>196.246403</x3>
			<y3>225.152098</y3>
			<x4>193.705289</x4>
			<y4>258.83832</y4>
			<x5>198.062256</x5>
			<y5>270.857348</y5>
			<x6>207.253761</x6>
			<y6>281.219526</y6>
			<x7>231.72594800000002</x7>
			<y7>283.899788</y7>
			<x8>242.980997</x8>
			<y8>274.251618</y8>
			<x9>248.847306</x9>
			<y9>262.58959600000003</y9>
			<x10>249.961641</x10>
			<y10>230.679222</y10>
			<x11>239.693576</x11>
			<y11>212.063917</y11>
			<x12>232.96591899999999</x12>
			<y12>208</y12>
			<x13>214.198308</x13>
			<y13>208</y13>
		</polygon>
	</object>
	<object>
		<name>redapple</name>
		<pose>Unspecified</pose>
		<truncated>0</truncated>
		<difficult>0</difficult>
		<occluded>0</occluded>
		<bndbox>
			<xmin>171</xmin>
			<xmax>218</xmax>
			<ymin>308</ymin>
			<ymax>384</ymax>
		</bndbox>
		<polygon>
			<x1>178.972869</x1>
			<y1>309.442713</y1>
			<x2>174.010977</x2>
			<y2>314.74646</y2>
			<x3>170.252999</x3>
			<y3>324.656433</y3>
			<x4>169.520722</x4>
			<y4>345.626107</y4>
			<x5>180.737996</x5>
			<y5>376.141437</y5>
			<x6>190.056853</x6>
			<y6>382.856716</y6>
			<x7>204.433118</x7>
			<y7>381.533073</y7>
			<x8>210.85362700000002</x8>
			<y8>373.541751</y8>
			<x9>216.197575</x9>
			<y9>357.297304</y9>
			<x10>217.152719</x10>
			<y10>329.945555</y10>
			<x11>208.96114699999998</x11>
			<y11>310.48992599999997</y11>
			<x12>191.336316</x12>
			<y12>307.135944</y12>
			<x13>178.972869</x13>
			<y13>309.442713</y13>
		</polygon>
	</object>
	<object>
		<name>greenapple</name>
		<pose>Unspecified</pose>
		<truncated>0</truncated>
		<difficult>0</difficult>
		<occluded>0</occluded>
		<bndbox>
			<xmin>309</xmin>
			<xmax>332</xmax>
			<ymin>321</ymin>
			<ymax>352</ymax>
		</bndbox>
		<polygon>
			<x1>330.653485</x1>
			<y1>343.037457</y1>
			<x2>331.162895</x2>
			<y2>328.449857</y2>
			<x3>325.965186</x3>
			<y3>320.96565499999997</y3>
			<x4>315.773748</x4>
			<y4>319.69692499999996</y4>
			<x5>308.703525</x5>
			<y5>326.752722</y5>
			<x6>307.5444</x6>
			<y6>340.40479600000003</y6>
			<x7>314.69125099999997</x7>
			<y7>350.69557399999997</y7>
			<x8>324.232976</x8>
			<y8>351.028778</y8>
			<x9>330.653485</x9>
			<y9>343.037457</y9>
		</polygon>
	</object>
</annotation>
