<annotation>
	<folder></folder>
	<filename>image_159_png.rf.0c73982adf9c580abd0d4f47ed767faf.jpg</filename>
	<path>image_159_png.rf.0c73982adf9c580abd0d4f47ed767faf.jpg</path>
	<source>
		<database>roboflow.ai</database>
	</source>
	<size>
		<width>416</width>
		<height>416</height>
		<depth>3</depth>
	</size>
	<segmented>0</segmented>
	<object>
		<name>redapple</name>
		<pose>Unspecified</pose>
		<truncated>0</truncated>
		<difficult>0</difficult>
		<occluded>0</occluded>
		<bndbox>
			<xmin>93</xmin>
			<xmax>144</xmax>
			<ymin>157</ymin>
			<ymax>233</ymax>
		</bndbox>
		<polygon>
			<x1>127.082195</x1>
			<y1>232</y1>
			<x2>131.33973</x2>
			<y2>227.589787</y2>
			<x3>137.77189</x3>
			<y3>214.220346</y3>
			<x4>142.654566</x4>
			<y4>194.232363</y4>
			<x5>142.69383</x5>
			<y5>182.455108</y5>
			<x6>138.936214</x6>
			<y6>169.101885</y6>
			<x7>128.514253</x7>
			<y7>162.731836</y7>
			<x8>123.671522</x8>
			<y8>155.532605</y8>
			<x9>118.634509</x9>
			<y9>160.989771</y9>
			<x10>107.786084</x10>
			<y10>160.889851</y10>
			<x11>101.586789</x11>
			<y11>165.235599</y11>
			<x12>95.774695</x12>
			<y12>175.088474</y12>
			<x13>92.32575</x13>
			<y13>190.796886</y13>
			<x14>95.036836</x14>
			<y14>213.936805</y14>
			<x15>101.119018</x15>
			<y15>229.512862</y15>
			<x16>106.177798</x16>
			<y16>232</y16>
			<x17>127.082195</x17>
			<y17>232</y17>
		</polygon>
	</object>
	<object>
		<name>greenapple</name>
		<pose>Unspecified</pose>
		<truncated>0</truncated>
		<difficult>0</difficult>
		<occluded>0</occluded>
		<bndbox>
			<xmin>114</xmin>
			<xmax>139</xmax>
			<ymin>25</ymin>
			<ymax>57</ymax>
		</bndbox>
		<polygon>
			<x1>133.904646</x1>
			<y1>51.279376</y1>
			<x2>137.547191</x2>
			<y2>38.324526</y2>
			<x3>133.324526</x3>
			<y3>27.608728</y3>
			<x4>125.072114</x4>
			<y4>24.340654</y4>
			<x5>116.586838</x5>
			<y5>30.096273</y5>
			<x6>112.944292</x6>
			<y6>43.051123</y6>
			<x7>116.663325</x7>
			<y7>52.771642</y7>
			<x8>126.233036</x8>
			<y8>56.271991</y8>
			<x9>133.904646</x9>
			<y9>51.279376</y9>
		</polygon>
	</object>
	<object>
		<name>capsicum</name>
		<pose>Unspecified</pose>
		<truncated>0</truncated>
		<difficult>0</difficult>
		<occluded>0</occluded>
		<bndbox>
			<xmin>306</xmin>
			<xmax>330</xmax>
			<ymin>74</ymin>
			<ymax>107</ymax>
		</bndbox>
		<polygon>
			<x1>321.60502299999996</x1>
			<y1>105.551489</y1>
			<x2>329.160882</x2>
			<y2>89.66076</y2>
			<x3>328.85153</x3>
			<y3>76.009085</y3>
			<x4>320.599119</x4>
			<y4>72.741012</y4>
			<x5>310.254326</x5>
			<y5>73.636371</y5>
			<x6>306.68962899999997</x6>
			<y6>78.446671</y6>
			<x7>305.410234</x7>
			<y7>97.257059</y7>
			<x8>309.94293300000004</x8>
			<y8>106.214573</y8>
			<x9>321.60502299999996</x9>
			<y9>105.551489</y9>
		</polygon>
	</object>
	<object>
		<name>mango</name>
		<pose>Unspecified</pose>
		<truncated>0</truncated>
		<difficult>0</difficult>
		<occluded>0</occluded>
		<bndbox>
			<xmin>154</xmin>
			<xmax>235</xmax>
			<ymin>77</ymin>
			<ymax>144</ymax>
		</bndbox>
		<polygon>
			<x1>153</x1>
			<y1>131.021567</y1>
			<x2>153.763097</x2>
			<y2>133.06437</y2>
			<x3>167.168272</x3>
			<y3>141.773391</y3>
			<x4>189.36875700000002</x4>
			<y4>142.96851</y4>
			<x5>204.789145</x5>
			<y5>140.248688</y5>
			<x6>221.604682</x6>
			<y6>129.616593</y6>
			<x7>232.957421</x7>
			<y7>115.301832</y7>
			<x8>234.39183400000002</x8>
			<y8>95.612302</y8>
			<x9>225.365021</x9>
			<y9>81.329978</y9>
			<x10>208.046532</x10>
			<y10>75.556835</y10>
			<x11>185.264566</x11>
			<y11>81.510988</y11>
			<x12>153.958058</x12>
			<y12>104.998014</y12>
			<x13>153</x13>
			<y13>107.630618</y13>
			<x14>153</x14>
			<y14>131.021567</y14>
		</polygon>
	</object>
	<object>
		<name>mango</name>
		<pose>Unspecified</pose>
		<truncated>0</truncated>
		<difficult>0</difficult>
		<occluded>0</occluded>
		<bndbox>
			<xmin>15</xmin>
			<xmax>154</xmax>
			<ymin>233</ymin>
			<ymax>384</ymax>
		</bndbox>
		<polygon>
			<x1>153</x1>
			<y1>232</y1>
			<x2>68.51906</x2>
			<y2>232</y2>
			<x3>59.791398</x3>
			<y3>235.928599</y3>
			<x4>38.558915</x4>
			<y4>248.501295</y4>
			<x5>23.602895</x5>
			<y5>263.99365</y5>
			<x6>16.202052</x6>
			<y6>279.005237</y6>
			<x7>13.760375</x7>
			<y7>296.704208</y7>
			<x8>17.788759</x8>
			<y8>320.07640200000003</y8>
			<x9>31.193254</x9>
			<y9>344.195382</y9>
			<x10>47.620229</x10>
			<y10>358.876079</y10>
			<x11>78.653926</x11>
			<y11>371.59996</y11>
			<x12>136.46007</x12>
			<y12>382.699218</y12>
			<x13>153</x13>
			<y13>382.624558</y13>
			<x14>153</x14>
			<y14>232</y14>
		</polygon>
	</object>
	<object>
		<name>capsicum</name>
		<pose>Unspecified</pose>
		<truncated>0</truncated>
		<difficult>0</difficult>
		<occluded>0</occluded>
		<bndbox>
			<xmin>239</xmin>
			<xmax>276</xmax>
			<ymin>327</ymin>
			<ymax>381</ymax>
		</bndbox>
		<polygon>
			<x1>257.17562599999997</x1>
			<y1>379.551668</y1>
			<x2>262.716271</x2>
			<y2>375.089782</y2>
			<x3>270.93077900000003</x3>
			<y3>359.31519000000003</y3>
			<x4>274.84477300000003</x4>
			<y4>340.969353</y4>
			<x5>272.094423</x5>
			<y5>329.606689</y5>
			<x6>259.890114</x6>
			<y6>325.641789</y6>
			<x7>243.50104299999998</x7>
			<y7>330.003756</y7>
			<x8>238.34691800000002</x8>
			<y8>355.382727</y8>
			<x9>242.181702</x9>
			<y9>376.001359</y9>
			<x10>257.17562599999997</x10>
			<y10>379.551668</y10>
		</polygon>
	</object>
</annotation>
