<annotation>
	<folder></folder>
	<filename>image_37_png.rf.c2471ed8560a4af5ae973cf6813bab54.jpg</filename>
	<path>image_37_png.rf.c2471ed8560a4af5ae973cf6813bab54.jpg</path>
	<source>
		<database>roboflow.ai</database>
	</source>
	<size>
		<width>416</width>
		<height>416</height>
		<depth>3</depth>
	</size>
	<segmented>0</segmented>
	<object>
		<name>orange</name>
		<pose>Unspecified</pose>
		<truncated>0</truncated>
		<difficult>0</difficult>
		<occluded>0</occluded>
		<bndbox>
			<xmin>66</xmin>
			<xmax>213</xmax>
			<ymin>145</ymin>
			<ymax>254</ymax>
		</bndbox>
		<polygon>
			<x1>212</x1>
			<y1>253</y1>
			<x2>212</x2>
			<y2>178.801802</y2>
			<x3>196.364897</x3>
			<y3>158.438627</y3>
			<x4>168.912115</x4>
			<y4>146.744601</y4>
			<x5>134.355568</x5>
			<y5>144.48197</y5>
			<x6>118.694705</x6>
			<y6>146.733108</y6>
			<x7>104.727743</x7>
			<y7>153.240996</y7>
			<x8>88.82631</x8>
			<y8>167.847034</y8>
			<x9>76.236188</x9>
			<y9>190.092277</y9>
			<x10>66.607621</x10>
			<y10>223.531281</y10>
			<x11>65.164792</x11>
			<y11>244.801262</y11>
			<x12>65.688856</x12>
			<y12>253</y12>
			<x13>212</x13>
			<y13>253</y13>
		</polygon>
	</object>
	<object>
		<name>redapple</name>
		<pose>Unspecified</pose>
		<truncated>0</truncated>
		<difficult>0</difficult>
		<occluded>0</occluded>
		<bndbox>
			<xmin>325</xmin>
			<xmax>398</xmax>
			<ymin>120</ymin>
			<ymax>205</ymax>
		</bndbox>
		<polygon>
			<x1>344.030617</x1>
			<y1>119.568214</y1>
			<x2>337.779351</x2>
			<y2>123.639087</y2>
			<x3>324.260239</x3>
			<y3>150.370554</y3>
			<x4>325.05784800000004</x4>
			<y4>167.039573</y4>
			<x5>331.680472</x5>
			<y5>182.317981</y5>
			<x6>342.160944</x6>
			<y6>196.377881</y6>
			<x7>356.69604000000004</x7>
			<y7>203.916121</y7>
			<x8>377.099947</x8>
			<y8>203.012</y8>
			<x9>390.334694</x9>
			<y9>195.687182</y9>
			<x10>396.870326</x10>
			<y10>172.20966</y10>
			<x11>394.258531</x11>
			<y11>157.46134</y11>
			<x12>369.63651600000003</x12>
			<y12>125.256895</y12>
			<x13>354.52218700000003</x13>
			<y13>118.65032</y13>
			<x14>344.030617</x14>
			<y14>119.568214</y14>
		</polygon>
	</object>
	<object>
		<name>mango</name>
		<pose>Unspecified</pose>
		<truncated>0</truncated>
		<difficult>0</difficult>
		<occluded>0</occluded>
		<bndbox>
			<xmin>289</xmin>
			<xmax>316</xmax>
			<ymin>1</ymin>
			<ymax>15</ymax>
		</bndbox>
		<polygon>
			<x1>288.3989</x1>
			<y1>0</y1>
			<x2>295.475601</x2>
			<y2>10.168574</y2>
			<x3>307.00535</x3>
			<y3>13.564799</y3>
			<x4>314.611856</x4>
			<y4>2.327442</y4>
			<x5>314.408231</x5>
			<y5>0</y5>
			<x6>288.3989</x6>
			<y6>0</y6>
		</polygon>
	</object>
	<object>
		<name>greenapple</name>
		<pose>Unspecified</pose>
		<truncated>0</truncated>
		<difficult>0</difficult>
		<occluded>0</occluded>
		<bndbox>
			<xmin>96</xmin>
			<xmax>213</xmax>
			<ymin>326</ymin>
			<ymax>417</ymax>
		</bndbox>
		<polygon>
			<x1>212</x1>
			<y1>416</y1>
			<x2>212</x2>
			<y2>328.242452</y2>
			<x3>180.595529</x3>
			<y3>328.053107</y3>
			<x4>172.420888</x4>
			<y4>325.24433799999997</y4>
			<x5>167.481067</x5>
			<y5>329.200474</y5>
			<x6>127.132199</x6>
			<y6>336.254501</y6>
			<x7>113.624185</x7>
			<y7>348.008173</y7>
			<x8>101.110555</x8>
			<y8>371.12771399999997</y8>
			<x9>95.88637</x9>
			<y9>394.490499</y9>
			<x10>95.372532</x10>
			<y10>411.27425600000004</y10>
			<x11>96.010115</x11>
			<y11>416</y11>
			<x12>212</x12>
			<y12>416</y12>
		</polygon>
	</object>
	<object>
		<name>mango</name>
		<pose>Unspecified</pose>
		<truncated>0</truncated>
		<difficult>0</difficult>
		<occluded>0</occluded>
		<bndbox>
			<xmin>213</xmin>
			<xmax>273</xmax>
			<ymin>282</ymin>
			<ymax>354</ymax>
		</bndbox>
		<polygon>
			<x1>212</x1>
			<y1>353.28947700000003</y1>
			<x2>237.636752</x2>
			<y2>349.31425</y2>
			<x3>256.543534</x3>
			<y3>338.850226</y3>
			<x4>266.040719</x4>
			<y4>326.566465</y4>
			<x5>271.953324</x5>
			<y5>311.072357</y5>
			<x6>267.571136</x6>
			<y6>291.192989</y6>
			<x7>255.429459</x7>
			<y7>280.802383</y7>
			<x8>236.260507</x8>
			<y8>280.71747</y8>
			<x9>216.850985</x9>
			<y9>292.987458</y9>
			<x10>212</x10>
			<y10>299.07917</y10>
			<x11>212</x11>
			<y11>353.28947700000003</y11>
		</polygon>
	</object>
</annotation>
