<annotation>
	<folder></folder>
	<filename>image_161_png.rf.65542603c7ee75eb79e79a6f87e05f9e.jpg</filename>
	<path>image_161_png.rf.65542603c7ee75eb79e79a6f87e05f9e.jpg</path>
	<source>
		<database>roboflow.ai</database>
	</source>
	<size>
		<width>416</width>
		<height>416</height>
		<depth>3</depth>
	</size>
	<segmented>0</segmented>
	<object>
		<name>redapple</name>
		<pose>Unspecified</pose>
		<truncated>0</truncated>
		<difficult>0</difficult>
		<occluded>0</occluded>
		<bndbox>
			<xmin>168</xmin>
			<xmax>221</xmax>
			<ymin>163</ymin>
			<ymax>251</ymax>
		</bndbox>
		<polygon>
			<x1>220</x1>
			<y1>173.54387</y1>
			<x2>217.180283</x2>
			<y2>169.612539</y2>
			<x3>201.086828</x3>
			<y3>162.234167</y3>
			<x4>188.099463</x4>
			<y4>162.001273</y4>
			<x5>175.732785</x5>
			<y5>173.611775</y5>
			<x6>167.105485</x6>
			<y6>191.421034</y6>
			<x7>170.771916</x7>
			<y7>222.288994</y7>
			<x8>182.671084</x8>
			<y8>240.849572</y8>
			<x9>196.769187</x9>
			<y9>249.246048</y9>
			<x10>218.65772</x10>
			<y10>249.925984</y10>
			<x11>220</x11>
			<y11>249.355014</y11>
			<x12>220</x12>
			<y12>173.54387</y12>
		</polygon>
	</object>
	<object>
		<name>mango</name>
		<pose>Unspecified</pose>
		<truncated>0</truncated>
		<difficult>0</difficult>
		<occluded>0</occluded>
		<bndbox>
			<xmin>305</xmin>
			<xmax>361</xmax>
			<ymin>39</ymin>
			<ymax>104</ymax>
		</bndbox>
		<polygon>
			<x1>340.443063</x1>
			<y1>38.159356</y1>
			<x2>323.369504</x2>
			<y2>38.140611</y2>
			<x3>313.392739</x3>
			<y3>43.231134</y3>
			<x4>306.47432200000003</x4>
			<y4>54.556105</y4>
			<x5>303.976316</x5>
			<y5>72.044141</y5>
			<x6>306.687845</x6>
			<y6>84.691493</y6>
			<x7>313.342334</x7>
			<y7>94.391604</y7>
			<x8>330.16456700000003</x8>
			<y8>102.645315</y8>
			<x9>341.69437600000003</x9>
			<y9>101.127532</y9>
			<x10>351.62339399999996</x10>
			<y10>95.125978</y10>
			<x11>357.322982</x11>
			<y11>86.605481</y11>
			<x12>360.107459</x12>
			<y12>74.583628</y12>
			<x13>357.790492</x13>
			<y13>56.434402</y13>
			<x14>348.220892</x14>
			<y14>43.232934</y14>
			<x15>340.443063</x15>
			<y15>38.159356</y15>
		</polygon>
	</object>
	<object>
		<name>redapple</name>
		<pose>Unspecified</pose>
		<truncated>0</truncated>
		<difficult>0</difficult>
		<occluded>0</occluded>
		<bndbox>
			<xmin>221</xmin>
			<xmax>258</xmax>
			<ymin>165</ymin>
			<ymax>248</ymax>
		</bndbox>
		<polygon>
			<x1>220</x1>
			<y1>247.275761</y1>
			<x2>234.585897</x2>
			<y2>246.511347</y2>
			<x3>248.553366</x3>
			<y3>239.384614</y3>
			<x4>257.336502</x4>
			<y4>211.518329</y4>
			<x5>257.492339</x5>
			<y5>201.461303</y5>
			<x6>253.56198</x6>
			<y6>191.618425</y6>
			<x7>233.251695</x7>
			<y7>168.930992</y7>
			<x8>220</x8>
			<y8>164.092981</y8>
			<x9>220</x9>
			<y9>247.275761</y9>
		</polygon>
	</object>
	<object>
		<name>capsicum</name>
		<pose>Unspecified</pose>
		<truncated>0</truncated>
		<difficult>0</difficult>
		<occluded>0</occluded>
		<bndbox>
			<xmin>319</xmin>
			<xmax>345</xmax>
			<ymin>147</ymin>
			<ymax>187</ymax>
		</bndbox>
		<polygon>
			<x1>342.837597</x1>
			<y1>175.063764</y1>
			<x2>343.925794</x2>
			<y2>156.736081</y2>
			<x3>340.13867</x3>
			<y3>149.626294</y3>
			<x4>330.365488</x4>
			<y4>145.570821</y4>
			<x5>317.90332</x5>
			<y5>155.359262</y5>
			<x6>318.619496</x6>
			<y6>169.024719</y6>
			<x7>325.560456</x7>
			<y7>184.191014</y7>
			<x8>333.876082</x8>
			<y8>186.495809</y8>
			<x9>342.837597</x9>
			<y9>175.063764</y9>
		</polygon>
	</object>
	<object>
		<name>mango</name>
		<pose>Unspecified</pose>
		<truncated>0</truncated>
		<difficult>0</difficult>
		<occluded>0</occluded>
		<bndbox>
			<xmin>1</xmin>
			<xmax>43</xmax>
			<ymin>258</ymin>
			<ymax>328</ymax>
		</bndbox>
		<polygon>
			<x1>1.747978</x1>
			<y1>257</y1>
			<x2>0</x2>
			<y2>257.99462</y2>
			<x3>0</x3>
			<y3>327.112119</y3>
			<x4>18.108446</x4>
			<y4>320.401042</y4>
			<x5>34.955882</x5>
			<y5>303.074517</y5>
			<x6>42.173372</x6>
			<y6>284.425611</y6>
			<x7>37.813307</x7>
			<y7>266.383459</y7>
			<x8>31.983086</x8>
			<y8>259.380748</y8>
			<x9>27.068587</x9>
			<y9>257</y9>
			<x10>1.747978</x10>
			<y10>257</y10>
		</polygon>
	</object>
	<object>
		<name>greenapple</name>
		<pose>Unspecified</pose>
		<truncated>0</truncated>
		<difficult>0</difficult>
		<occluded>0</occluded>
		<bndbox>
			<xmin>101</xmin>
			<xmax>123</xmax>
			<ymin>258</ymin>
			<ymax>268</ymax>
		</bndbox>
		<polygon>
			<x1>100.235698</x1>
			<y1>257</y1>
			<x2>105.426515</x2>
			<y2>266.494132</y2>
			<x3>116.370782</x3>
			<y3>266.8341</y3>
			<x4>122.213605</x4>
			<y4>261.046695</y4>
			<x5>122.432454</x5>
			<y5>257</y5>
			<x6>100.235698</x6>
			<y6>257</y6>
		</polygon>
	</object>
	<object>
		<name>capsicum</name>
		<pose>Unspecified</pose>
		<truncated>0</truncated>
		<difficult>0</difficult>
		<occluded>0</occluded>
		<bndbox>
			<xmin>122</xmin>
			<xmax>156</xmax>
			<ymin>375</ymin>
			<ymax>417</ymax>
		</bndbox>
		<polygon>
			<x1>150.762795</x1>
			<y1>416</y1>
			<x2>155.111371</x2>
			<y2>393.611898</y2>
			<x3>155.362697</x3>
			<y3>385.376933</y3>
			<x4>152.256606</x4>
			<y4>378.231455</y4>
			<x5>137.035164</x5>
			<y5>374.46151299999997</y5>
			<x6>123.748727</x6>
			<y6>381.552554</y6>
			<x7>120.67778</x7>
			<y7>388.108224</y7>
			<x8>122.64793</x8>
			<y8>412.670355</y8>
			<x9>123.836676</x9>
			<y9>416</y9>
			<x10>150.762795</x10>
			<y10>416</y10>
		</polygon>
	</object>
</annotation>
