<annotation>
	<folder></folder>
	<filename>image_39_png.rf.80c2c8e05b24d2e3302da5a86b7e5e3b.jpg</filename>
	<path>image_39_png.rf.80c2c8e05b24d2e3302da5a86b7e5e3b.jpg</path>
	<source>
		<database>roboflow.ai</database>
	</source>
	<size>
		<width>416</width>
		<height>416</height>
		<depth>3</depth>
	</size>
	<segmented>0</segmented>
	<object>
		<name>capsicum</name>
		<pose>Unspecified</pose>
		<truncated>0</truncated>
		<difficult>0</difficult>
		<occluded>0</occluded>
		<bndbox>
			<xmin>139</xmin>
			<xmax>238</xmax>
			<ymin>1</ymin>
			<ymax>233</ymax>
		</bndbox>
		<polygon>
			<x1>213.496557</x1>
			<y1>0</y1>
			<x2>215.32954</x2>
			<y2>5.25065</y2>
			<x3>213.766442</x3>
			<y3>13.275658</y3>
			<x4>197.465636</x4>
			<y4>17.660208</y4>
			<x5>187.389941</x5>
			<y5>14.657992</y5>
			<x6>161.811233</x6>
			<y6>18.646212</y6>
			<x7>148.517089</x7>
			<y7>29.933714</y7>
			<x8>137.833315</x8>
			<y8>65.796244</y8>
			<x9>138.761054</x9>
			<y9>121.349248</y9>
			<x10>157.281144</x10>
			<y10>197.161846</y10>
			<x11>173.104304</x11>
			<y11>232</y11>
			<x12>237</x12>
			<y12>232</y12>
			<x13>237</x13>
			<y13>18.723276</y13>
			<x14>229.07131</x14>
			<y14>15.12126</y14>
			<x15>225.988844</x15>
			<y15>0</y15>
			<x16>213.496557</x16>
			<y16>0</y16>
		</polygon>
	</object>
	<object>
		<name>redapple</name>
		<pose>Unspecified</pose>
		<truncated>0</truncated>
		<difficult>0</difficult>
		<occluded>0</occluded>
		<bndbox>
			<xmin>238</xmin>
			<xmax>267</xmax>
			<ymin>159</ymin>
			<ymax>233</ymax>
		</bndbox>
		<polygon>
			<x1>237</x1>
			<y1>232</y1>
			<x2>255.217674</x2>
			<y2>232</y2>
			<x3>257.984212</x3>
			<y3>230.59129</y3>
			<x4>265.878315</x4>
			<y4>204.583179</y4>
			<x5>261.045435</x5>
			<y5>188.067716</y5>
			<x6>239.694755</x6>
			<y6>159.179432</y6>
			<x7>237</x7>
			<y7>158.041667</y7>
			<x8>237</x8>
			<y8>232</y8>
		</polygon>
	</object>
	<object>
		<name>orange</name>
		<pose>Unspecified</pose>
		<truncated>0</truncated>
		<difficult>0</difficult>
		<occluded>0</occluded>
		<bndbox>
			<xmin>32</xmin>
			<xmax>85</xmax>
			<ymin>396</ymin>
			<ymax>417</ymax>
		</bndbox>
		<polygon>
			<x1>84.081261</x1>
			<y1>416</y1>
			<x2>82.805486</x2>
			<y2>410.994303</y2>
			<x3>70.765194</x3>
			<y3>395.739129</y3>
			<x4>46.274677</x4>
			<y4>395.257492</y4>
			<x5>37.979074</x5>
			<y5>400.987639</y5>
			<x6>31.371309</x6>
			<y6>413.68985399999997</y6>
			<x7>31.368759</x7>
			<y7>416</y7>
			<x8>84.081261</x8>
			<y8>416</y8>
		</polygon>
	</object>
	<object>
		<name>capsicum</name>
		<pose>Unspecified</pose>
		<truncated>0</truncated>
		<difficult>0</difficult>
		<occluded>0</occluded>
		<bndbox>
			<xmin>1</xmin>
			<xmax>19</xmax>
			<ymin>233</ymin>
			<ymax>245</ymax>
		</bndbox>
		<polygon>
			<x1>0</x1>
			<y1>232</y1>
			<x2>0</x2>
			<y2>237.574539</y2>
			<x3>4.61861</x3>
			<y3>243.874204</y3>
			<x4>15.076957</x4>
			<y4>241.560974</y4>
			<x5>17.551046</x5>
			<y5>232</y5>
			<x6>0</x6>
			<y6>232</y6>
		</polygon>
	</object>
</annotation>
