<annotation>
	<folder></folder>
	<filename>image_180_png.rf.fe82a811dbc451366af0468803bf7087.jpg</filename>
	<path>image_180_png.rf.fe82a811dbc451366af0468803bf7087.jpg</path>
	<source>
		<database>roboflow.ai</database>
	</source>
	<size>
		<width>416</width>
		<height>416</height>
		<depth>3</depth>
	</size>
	<segmented>0</segmented>
	<object>
		<name>orange</name>
		<pose>Unspecified</pose>
		<truncated>0</truncated>
		<difficult>0</difficult>
		<occluded>0</occluded>
		<bndbox>
			<xmin>5</xmin>
			<xmax>65</xmax>
			<ymin>4</ymin>
			<ymax>81</ymax>
		</bndbox>
		<polygon>
			<x1>37.920318</x1>
			<y1>3.296021</y1>
			<x2>23.775591</x2>
			<y2>5.480783</y2>
			<x3>14.263771</x3>
			<y3>14.185467</y3>
			<x4>8.437875</x4>
			<y4>24.649501</y4>
			<x5>4.107739</x5>
			<y5>46.359518</y5>
			<x6>6.79978</x6>
			<y6>64.240402</y6>
			<x7>12.976991</x7>
			<y7>72.933631</y7>
			<x8>36.536454</x8>
			<y8>80.189537</y8>
			<x9>49.086691</x9>
			<y9>73.094717</y9>
			<x10>57.054207</x10>
			<y10>62.216727</y10>
			<x11>63.873986</x11>
			<y11>35.631159</y11>
			<x12>62.128932</x12>
			<y12>22.510844</y12>
			<x13>55.901533</x13>
			<y13>11.080864</y13>
			<x14>37.920318</x14>
			<y14>3.296021</y14>
		</polygon>
	</object>
	<object>
		<name>capsicum</name>
		<pose>Unspecified</pose>
		<truncated>0</truncated>
		<difficult>0</difficult>
		<occluded>0</occluded>
		<bndbox>
			<xmin>272</xmin>
			<xmax>308</xmax>
			<ymin>57</ymin>
			<ymax>114</ymax>
		</bndbox>
		<polygon>
			<x1>289.19224099999997</x1>
			<y1>61.17335</y1>
			<x2>276.790921</x2>
			<y2>64.668998</y2>
			<x3>271.962198</x3>
			<y3>82.630354</y3>
			<x4>271.21761</x4>
			<y4>100.626219</y4>
			<x5>273.958192</x5>
			<y5>109.434426</y5>
			<x6>287.35668499999997</x6>
			<y6>113.436101</y6>
			<x7>294.976178</x7>
			<y7>107.019704</y7>
			<x8>304.287246</x8>
			<y8>87.368014</y8>
			<x9>307.074725</x9>
			<y9>75.294119</y9>
			<x10>304.283955</x10>
			<y10>63.749158</y10>
			<x11>294.77049</x11>
			<y11>60.644414</y11>
			<x12>292.329388</x12>
			<y12>56.447287</y12>
			<x13>289.19224099999997</x13>
			<y13>61.17335</y13>
		</polygon>
	</object>
	<object>
		<name>redapple</name>
		<pose>Unspecified</pose>
		<truncated>0</truncated>
		<difficult>0</difficult>
		<occluded>0</occluded>
		<bndbox>
			<xmin>10</xmin>
			<xmax>196</xmax>
			<ymin>233</ymin>
			<ymax>399</ymax>
		</bndbox>
		<polygon>
			<x1>195</x1>
			<y1>232</y1>
			<x2>12.900903</x2>
			<y2>232</y2>
			<x3>10.093117</x3>
			<y3>244.161856</y3>
			<x4>9.201257</x4>
			<y4>277.566321</y4>
			<x5>12.145882</x5>
			<y5>320.940393</y5>
			<x6>22.858918</x6>
			<y6>354.298895</y6>
			<x7>57.330522</x7>
			<y7>394.050883</y7>
			<x8>73.518141</x8>
			<y8>397.788089</y8>
			<x9>88.45929</x9>
			<y9>392.153642</y9>
			<x10>113.611599</x10>
			<y10>392.51018</y10>
			<x11>126.411129</x11>
			<y11>387.289689</y11>
			<x12>139.757788</x12>
			<y12>376.745184</y12>
			<x13>163.362502</x13>
			<y13>351.309558</y13>
			<x14>184.327008</x14>
			<y14>322.539229</y14>
			<x15>195</x15>
			<y15>301.63795600000003</y15>
			<x16>195</x16>
			<y16>232</y16>
		</polygon>
	</object>
	<object>
		<name>redapple</name>
		<pose>Unspecified</pose>
		<truncated>0</truncated>
		<difficult>0</difficult>
		<occluded>0</occluded>
		<bndbox>
			<xmin>325</xmin>
			<xmax>373</xmax>
			<ymin>233</ymin>
			<ymax>287</ymax>
		</bndbox>
		<polygon>
			<x1>326.562481</x1>
			<y1>232</y1>
			<x2>323.889645</x2>
			<y2>246.095561</y2>
			<x3>329.17335</x3>
			<y3>276.383826</y3>
			<x4>336.197172</x4>
			<y4>284.364122</y4>
			<x5>350.840486</x5>
			<y5>285.928021</y5>
			<x6>357.61336900000003</x6>
			<y6>280.224557</y6>
			<x7>366.77551900000003</x7>
			<y7>264.172041</y7>
			<x8>372.35047599999996</x8>
			<y8>240.024248</y8>
			<x9>370.655396</x9>
			<y9>232</y9>
			<x10>326.562481</x10>
			<y10>232</y10>
		</polygon>
	</object>
	<object>
		<name>greenapple</name>
		<pose>Unspecified</pose>
		<truncated>0</truncated>
		<difficult>0</difficult>
		<occluded>0</occluded>
		<bndbox>
			<xmin>282</xmin>
			<xmax>306</xmax>
			<ymin>354</ymin>
			<ymax>386</ymax>
		</bndbox>
		<polygon>
			<x1>302.889763</x1>
			<y1>378.413992</y1>
			<x2>304.830632</x2>
			<y2>367.05302900000004</y2>
			<x3>302.039861</x3>
			<y3>355.508069</y3>
			<x4>294.46891</x4>
			<y4>352.851789</y4>
			<x5>284.25939800000003</x5>
			<y5>358.670232</y5>
			<x6>280.824416</x6>
			<y6>370.594641</y6>
			<x7>283.814291</x7>
			<y7>381.277179</y7>
			<x8>294.622765</x8>
			<y8>384.6809</y8>
			<x9>302.889763</x9>
			<y9>378.413992</y9>
		</polygon>
	</object>
</annotation>
