<annotation>
	<folder></folder>
	<filename>image_207_png.rf.14d69797b83d89b096f49dde517b6eee.jpg</filename>
	<path>image_207_png.rf.14d69797b83d89b096f49dde517b6eee.jpg</path>
	<source>
		<database>roboflow.ai</database>
	</source>
	<size>
		<width>416</width>
		<height>416</height>
		<depth>3</depth>
	</size>
	<segmented>0</segmented>
	<object>
		<name>orange</name>
		<pose>Unspecified</pose>
		<truncated>0</truncated>
		<difficult>0</difficult>
		<occluded>0</occluded>
		<bndbox>
			<xmin>124</xmin>
			<xmax>181</xmax>
			<ymin>45</ymin>
			<ymax>121</ymax>
		</bndbox>
		<polygon>
			<x1>158.254944</x1>
			<y1>44.196359</y1>
			<x2>137.406193</x2>
			<y2>46.243922</y2>
			<x3>129.067859</x3>
			<y3>52.711028</y3>
			<x4>123.119644</x4>
			<y4>66.785071</y4>
			<x5>123.56951</x5>
			<y5>88.785306</y5>
			<x6>128.106485</x6>
			<y6>102.26829</y6>
			<x7>133.209123</x7>
			<y7>110.376545</y7>
			<x8>142.845818</x8>
			<y8>117.847579</y8>
			<x9>154.991345</x9>
			<y9>119.670791</y9>
			<x10>169.524071</x10>
			<y10>114.980734</y10>
			<x11>176.728161</x11>
			<y11>105.142881</y11>
			<x12>180.207118</x12>
			<y12>92.298409</y12>
			<x13>175.950058</x13>
			<y13>62.007856</y13>
			<x14>165.46195</x14>
			<y14>48.478711</y14>
			<x15>158.254944</x15>
			<y15>44.196359</y15>
		</polygon>
	</object>
	<object>
		<name>redapple</name>
		<pose>Unspecified</pose>
		<truncated>0</truncated>
		<difficult>0</difficult>
		<occluded>0</occluded>
		<bndbox>
			<xmin>250</xmin>
			<xmax>302</xmax>
			<ymin>1</ymin>
			<ymax>63</ymax>
		</bndbox>
		<polygon>
			<x1>249</x1>
			<y1>0</y1>
			<x2>249</x2>
			<y2>57.125647</y2>
			<x3>259.91586</x3>
			<y3>61.604526</y3>
			<x4>281.290702</x4>
			<y4>58.600487</y4>
			<x5>295.984631</x5>
			<y5>50.357622</y5>
			<x6>301.443408</x6>
			<y6>18.701597</y6>
			<x7>297.797417</x7>
			<y7>6.858471</y7>
			<x8>291.571785</x8>
			<y8>0</y8>
			<x9>249</x9>
			<y9>0</y9>
		</polygon>
	</object>
	<object>
		<name>orange</name>
		<pose>Unspecified</pose>
		<truncated>0</truncated>
		<difficult>0</difficult>
		<occluded>0</occluded>
		<bndbox>
			<xmin>395</xmin>
			<xmax>417</xmax>
			<ymin>1</ymin>
			<ymax>64</ymax>
		</bndbox>
		<polygon>
			<x1>416</x1>
			<y1>0</y1>
			<x2>399.115518</x2>
			<y2>0</y2>
			<x3>395.080342</x3>
			<y3>8.1894</y3>
			<x4>393.626611</x4>
			<y4>26.044476</y4>
			<x5>398.24564499999997</x5>
			<y5>44.811157</y5>
			<x6>405.130249</x6>
			<y6>56.199127</y6>
			<x7>413.997591</x7>
			<y7>62.895748</y7>
			<x8>416</x8>
			<y8>62.873648</y8>
			<x9>416</x9>
			<y9>0</y9>
		</polygon>
	</object>
	<object>
		<name>capsicum</name>
		<pose>Unspecified</pose>
		<truncated>0</truncated>
		<difficult>0</difficult>
		<occluded>0</occluded>
		<bndbox>
			<xmin>400</xmin>
			<xmax>417</xmax>
			<ymin>229</ymin>
			<ymax>254</ymax>
		</bndbox>
		<polygon>
			<x1>416</x1>
			<y1>253</y1>
			<x2>416</x2>
			<y2>227.649006</y2>
			<x3>406.299495</x3>
			<y3>229.012323</y3>
			<x4>398.608883</x4>
			<y4>235.388398</y4>
			<x5>400.798228</x5>
			<y5>250.966397</y5>
			<x6>401.96993699999996</x6>
			<y6>253</y6>
			<x7>416</x7>
			<y7>253</y7>
		</polygon>
	</object>
	<object>
		<name>mango</name>
		<pose>Unspecified</pose>
		<truncated>0</truncated>
		<difficult>0</difficult>
		<occluded>0</occluded>
		<bndbox>
			<xmin>250</xmin>
			<xmax>417</xmax>
			<ymin>254</ymin>
			<ymax>371</ymax>
		</bndbox>
		<polygon>
			<x1>416</x1>
			<y1>253</y1>
			<x2>254.15442</x2>
			<y2>253</y2>
			<x3>249</x3>
			<y3>257.936646</y3>
			<x4>249</x4>
			<y4>348.134687</y4>
			<x5>269.009428</x5>
			<y5>364.399022</y5>
			<x6>294.960816</x6>
			<y6>370.459715</y6>
			<x7>325.89029600000003</x7>
			<y7>369.643013</y7>
			<x8>374.347853</x8>
			<y8>361.95020999999997</y8>
			<x9>409.647272</x9>
			<y9>349.928892</y9>
			<x10>416</x10>
			<y10>346.162527</y10>
			<x11>416</x11>
			<y11>253</y11>
		</polygon>
	</object>
</annotation>
