<annotation>
	<folder></folder>
	<filename>image_175_png.rf.28586ce9726c94dbe974a1ec5b2f4bdc.jpg</filename>
	<path>image_175_png.rf.28586ce9726c94dbe974a1ec5b2f4bdc.jpg</path>
	<source>
		<database>roboflow.ai</database>
	</source>
	<size>
		<width>416</width>
		<height>416</height>
		<depth>3</depth>
	</size>
	<segmented>0</segmented>
	<object>
		<name>orange</name>
		<pose>Unspecified</pose>
		<truncated>0</truncated>
		<difficult>0</difficult>
		<occluded>0</occluded>
		<bndbox>
			<xmin>61</xmin>
			<xmax>117</xmax>
			<ymin>194</ymin>
			<ymax>221</ymax>
		</bndbox>
		<polygon>
			<x1>115.995021</x1>
			<y1>220</y1>
			<x2>113.923952</x2>
			<y2>209.851511</y2>
			<x3>108.213618</x3>
			<y3>200.800838</y3>
			<x4>97.847829</x4>
			<y4>192.571047</y4>
			<x5>77.426804</x5>
			<y5>193.428854</y5>
			<x6>65.885079</x6>
			<y6>201.864236</y6>
			<x7>60.406036</x7>
			<y7>217.459516</y7>
			<x8>60.69206</x8>
			<y8>220</y8>
			<x9>115.995021</x9>
			<y9>220</y9>
		</polygon>
	</object>
	<object>
		<name>capsicum</name>
		<pose>Unspecified</pose>
		<truncated>0</truncated>
		<difficult>0</difficult>
		<occluded>0</occluded>
		<bndbox>
			<xmin>137</xmin>
			<xmax>154</xmax>
			<ymin>1</ymin>
			<ymax>29</ymax>
		</bndbox>
		<polygon>
			<x1>153</x1>
			<y1>0</y1>
			<x2>136.243163</x2>
			<y2>0</y2>
			<x3>135.93887</x3>
			<y3>0.246892</y3>
			<x4>136.641401</x4>
			<y4>12.009223</y4>
			<x5>144.267668</x5>
			<y5>28.036653</y5>
			<x6>153</x6>
			<y6>28.422313</y6>
			<x7>153</x7>
			<y7>0</y7>
		</polygon>
	</object>
	<object>
		<name>redapple</name>
		<pose>Unspecified</pose>
		<truncated>0</truncated>
		<difficult>0</difficult>
		<occluded>0</occluded>
		<bndbox>
			<xmin>224</xmin>
			<xmax>296</xmax>
			<ymin>1</ymin>
			<ymax>83</ymax>
		</bndbox>
		<polygon>
			<x1>247.561986</x1>
			<y1>0</y1>
			<x2>237.007112</x2>
			<y2>1.262361</y2>
			<x3>229.14306</x3>
			<y3>7.220624</y3>
			<x4>222.60697299999998</x4>
			<y4>28.48823</y4>
			<x5>222.681905</x5>
			<y5>52.247429</y5>
			<x6>228.821683</x6>
			<y6>67.622644</y6>
			<x7>243.13823</x7>
			<y7>78.813104</y7>
			<x8>254.052356</x8>
			<y8>82.37459</y8>
			<x9>275.334436</x9>
			<y9>78.621985</y9>
			<x10>288.36264900000003</x10>
			<y10>70.838819</y10>
			<x11>292.62829</x11>
			<y11>60.029112</y11>
			<x12>294.70491100000004</x12>
			<y12>36.80486</y12>
			<x13>289.542915</x13>
			<y13>23.085882</y13>
			<x14>276.908846</x14>
			<y14>9.77011</y14>
			<x15>263.882797</x15>
			<y15>2.009395</y15>
			<x16>255.80102</x16>
			<y16>0</y16>
			<x17>247.561986</x17>
			<y17>0</y17>
		</polygon>
	</object>
	<object>
		<name>orange</name>
		<pose>Unspecified</pose>
		<truncated>0</truncated>
		<difficult>0</difficult>
		<occluded>0</occluded>
		<bndbox>
			<xmin>387</xmin>
			<xmax>417</xmax>
			<ymin>5</ymin>
			<ymax>80</ymax>
		</bndbox>
		<polygon>
			<x1>416</x1>
			<y1>3.728181</y1>
			<x2>402.76032</x2>
			<y2>4.036922</y2>
			<x3>394.074844</x3>
			<y3>9.225701</y3>
			<x4>386.952954</x4>
			<y4>23.282011</y4>
			<x5>385.856279</x5>
			<y5>32.61862</y5>
			<x6>390.58666700000003</x6>
			<y6>55.556937</y6>
			<x7>397.743857</x7>
			<y7>68.924107</y7>
			<x8>406.623158</x8>
			<y8>76.501682</y8>
			<x9>416</x9>
			<y9>78.833073</y9>
			<x10>416</x10>
			<y10>3.728181</y10>
		</polygon>
	</object>
	<object>
		<name>capsicum</name>
		<pose>Unspecified</pose>
		<truncated>0</truncated>
		<difficult>0</difficult>
		<occluded>0</occluded>
		<bndbox>
			<xmin>378</xmin>
			<xmax>402</xmax>
			<ymin>106</ymin>
			<ymax>142</ymax>
		</bndbox>
		<polygon>
			<x1>398.321001</x1>
			<y1>138.310929</y1>
			<x2>400.827067</x2>
			<y2>121.411219</y2>
			<x3>396.838843</x3>
			<y3>106.570951</y3>
			<x4>387.723922</x4>
			<y4>105.435186</y4>
			<x5>378.882088</x5>
			<y5>109.737211</y5>
			<x6>377.159979</x6>
			<y6>115.526806</y6>
			<x7>381.460921</x7>
			<y7>132.140581</y7>
			<x8>389.16645</x8>
			<y8>140.839447</y8>
			<x9>398.321001</x9>
			<y9>138.310929</y9>
		</polygon>
	</object>
	<object>
		<name>greenapple</name>
		<pose>Unspecified</pose>
		<truncated>0</truncated>
		<difficult>0</difficult>
		<occluded>0</occluded>
		<bndbox>
			<xmin>1</xmin>
			<xmax>154</xmax>
			<ymin>271</ymin>
			<ymax>417</ymax>
		</bndbox>
		<polygon>
			<x1>153</x1>
			<y1>416</y1>
			<x2>153</x2>
			<y2>296.175664</y2>
			<x3>152.893887</x3>
			<y3>295.952656</y3>
			<x4>134.353494</x4>
			<y4>276.363739</y4>
			<x5>104.388104</x5>
			<y5>269.76124</y5>
			<x6>62.019935</x6>
			<y6>274.488921</y6>
			<x7>21.058993</x7>
			<y7>287.197381</y7>
			<x8>3.881867</x8>
			<y8>310.34129</y8>
			<x9>0</x9>
			<y9>321.981485</y9>
			<x10>0</x10>
			<y10>381.661103</y10>
			<x11>5.864073</x11>
			<y11>403.252774</y11>
			<x12>11.687719</x12>
			<y12>416</y12>
			<x13>153</x13>
			<y13>416</y13>
		</polygon>
	</object>
	<object>
		<name>mango</name>
		<pose>Unspecified</pose>
		<truncated>0</truncated>
		<difficult>0</difficult>
		<occluded>0</occluded>
		<bndbox>
			<xmin>154</xmin>
			<xmax>168</xmax>
			<ymin>245</ymin>
			<ymax>279</ymax>
		</bndbox>
		<polygon>
			<x1>153</x1>
			<y1>278.11106</y1>
			<x2>162.023857</x2>
			<y2>277.284051</y2>
			<x3>166.602215</x3>
			<y3>268.24785099999997</y3>
			<x4>162.966339</x4>
			<y4>251.516807</y4>
			<x5>153</x5>
			<y5>243.604154</y5>
			<x6>153</x6>
			<y6>278.11106</y6>
		</polygon>
	</object>
	<object>
		<name>redapple</name>
		<pose>Unspecified</pose>
		<truncated>0</truncated>
		<difficult>0</difficult>
		<occluded>0</occluded>
		<bndbox>
			<xmin>305</xmin>
			<xmax>378</xmax>
			<ymin>221</ymin>
			<ymax>300</ymax>
		</bndbox>
		<polygon>
			<x1>316.89281</x1>
			<y1>220</y1>
			<x2>311.275828</x2>
			<y2>225.365843</y2>
			<x3>305.953143</x3>
			<y3>241.847875</y3>
			<x4>304.42485899999997</x4>
			<y4>260.403824</y4>
			<x5>310.485376</x5>
			<y5>283.107603</y5>
			<x6>318.034546</x6>
			<y6>290.919716</y6>
			<x7>334.542278</x7>
			<y7>298.980839</y7>
			<x8>353.985521</x8>
			<y8>296.466794</y8>
			<x9>372.686602</x9>
			<y9>285.854701</y9>
			<x10>377.190028</x10>
			<y10>253.059303</y10>
			<x11>371.20660799999996</x11>
			<y11>238.57084</y11>
			<x12>355.44320300000004</x12>
			<y12>223.063884</y12>
			<x13>349.070209</x13>
			<y13>220</y13>
			<x14>316.89281</x14>
			<y14>220</y14>
		</polygon>
	</object>
	<object>
		<name>greenapple</name>
		<pose>Unspecified</pose>
		<truncated>0</truncated>
		<difficult>0</difficult>
		<occluded>0</occluded>
		<bndbox>
			<xmin>319</xmin>
			<xmax>344</xmax>
			<ymin>359</ymin>
			<ymax>389</ymax>
		</bndbox>
		<polygon>
			<x1>342.981309</x1>
			<y1>377.953282</y1>
			<x2>340.47957199999996</x2>
			<y2>363.765228</y2>
			<x3>333.908184</x3>
			<y3>357.609353</y3>
			<x4>323.775851</x4>
			<y4>358.481633</y4>
			<x5>318.37607</x5>
			<y5>366.74834799999996</y5>
			<x6>320.056383</x6>
			<y6>380.166917</y6>
			<x7>326.119065</x7>
			<y7>387.326815</y7>
			<x8>337.229179</x8>
			<y8>388.110773</y8>
			<x9>342.981309</x9>
			<y9>377.953282</y9>
		</polygon>
	</object>
	<object>
		<name>capsicum</name>
		<pose>Unspecified</pose>
		<truncated>0</truncated>
		<difficult>0</difficult>
		<occluded>0</occluded>
		<bndbox>
			<xmin>178</xmin>
			<xmax>201</xmax>
			<ymin>373</ymin>
			<ymax>409</ymax>
		</bndbox>
		<polygon>
			<x1>198.153503</x1>
			<y1>404.404654</y1>
			<x2>199.994503</x2>
			<y2>387.622213</y2>
			<x3>196.162637</x3>
			<y3>373.668698</y3>
			<x4>187.712782</x4>
			<y4>372.415664</y4>
			<x5>177.697177</x5>
			<y5>377.838981</y5>
			<x6>176.640133</x6>
			<y6>383.511307</y6>
			<x7>182.583922</x7>
			<y7>401.66405</y7>
			<x8>189.15531</x8>
			<y8>407.819925</y8>
			<x9>198.153503</x9>
			<y9>404.404654</y9>
		</polygon>
	</object>
</annotation>
