<annotation>
	<folder></folder>
	<filename>image_198_png.rf.5d504f8a3d0c240fd3aaacf5d1afdf2a.jpg</filename>
	<path>image_198_png.rf.5d504f8a3d0c240fd3aaacf5d1afdf2a.jpg</path>
	<source>
		<database>roboflow.ai</database>
	</source>
	<size>
		<width>416</width>
		<height>416</height>
		<depth>3</depth>
	</size>
	<segmented>0</segmented>
	<object>
		<name>capsicum</name>
		<pose>Unspecified</pose>
		<truncated>0</truncated>
		<difficult>0</difficult>
		<occluded>0</occluded>
		<bndbox>
			<xmin>179</xmin>
			<xmax>203</xmax>
			<ymin>222</ymin>
			<ymax>242</ymax>
		</bndbox>
		<polygon>
			<x1>200.602821</x1>
			<y1>241</y1>
			<x2>201.571672</x2>
			<y2>229.284396</y2>
			<x3>197.702661</x3>
			<y3>223.927921</y3>
			<x4>190.424893</x4>
			<y4>224.682377</y4>
			<x5>189.826203</x5>
			<y5>221.145966</y5>
			<x6>188.444242</x6>
			<y6>224.647805</y6>
			<x7>179.124297</x7>
			<y7>228.892576</y7>
			<x8>178.264118</x8>
			<y8>240.336934</y8>
			<x9>178.407201</x9>
			<y9>241</y9>
			<x10>200.602821</x10>
			<y10>241</y10>
		</polygon>
	</object>
	<object>
		<name>mango</name>
		<pose>Unspecified</pose>
		<truncated>0</truncated>
		<difficult>0</difficult>
		<occluded>0</occluded>
		<bndbox>
			<xmin>265</xmin>
			<xmax>318</xmax>
			<ymin>35</ymin>
			<ymax>96</ymax>
		</bndbox>
		<polygon>
			<x1>285.522473</x1>
			<y1>33.563173</y1>
			<x2>276.893509</x2>
			<y2>36.057025</y2>
			<x3>268.817088</x3>
			<y3>44.730952</y3>
			<x4>263.903316</x4>
			<y4>61.393495</y4>
			<x5>264.363569</x5>
			<y5>72.860901</y5>
			<x6>268.785125</x6>
			<y6>84.397452</y6>
			<x7>275.924456</x7>
			<y7>91.573992</y7>
			<x8>296.329652</x8>
			<y8>95.456126</y8>
			<x9>307.000795</x9>
			<y9>89.471961</y9>
			<x10>313.081184</x10>
			<y10>81.644683</y10>
			<x11>317.288593</x11>
			<y11>67.61428</y11>
			<x12>316.82834</x12>
			<y12>56.146874</y12>
			<x13>303.962401</x13>
			<y13>36.529514</y13>
			<x14>285.522473</x14>
			<y14>33.563173</y14>
		</polygon>
	</object>
	<object>
		<name>orange</name>
		<pose>Unspecified</pose>
		<truncated>0</truncated>
		<difficult>0</difficult>
		<occluded>0</occluded>
		<bndbox>
			<xmin>14</xmin>
			<xmax>70</xmax>
			<ymin>364</ymin>
			<ymax>417</ymax>
		</bndbox>
		<polygon>
			<x1>67.717404</x1>
			<y1>416</y1>
			<x2>69.349085</x2>
			<y2>389.50023899999997</y2>
			<x3>63.023787</x3>
			<y3>373.523007</y3>
			<x4>57.834344</x4>
			<y4>368.143484</y4>
			<x5>38.764962</x5>
			<y5>363.40317500000003</y5>
			<x6>24.1479</x6>
			<y6>368.436975</y6>
			<x7>16.009953</x7>
			<y7>380.635789</y7>
			<x8>13.199885</x8>
			<y8>390.283131</y8>
			<x9>13.444794</x9>
			<y9>414.08764099999996</y9>
			<x10>14.123352</x10>
			<y10>416</y10>
			<x11>67.717404</x11>
			<y11>416</y11>
		</polygon>
	</object>
	<object>
		<name>capsicum</name>
		<pose>Unspecified</pose>
		<truncated>0</truncated>
		<difficult>0</difficult>
		<occluded>0</occluded>
		<bndbox>
			<xmin>137</xmin>
			<xmax>169</xmax>
			<ymin>323</ymin>
			<ymax>380</ymax>
		</bndbox>
		<polygon>
			<x1>141.744616</x1>
			<y1>328.178104</y1>
			<x2>136.370589</x2>
			<y2>333.373242</y2>
			<x3>135.909136</x3>
			<y3>359.809893</y3>
			<x4>142.863886</x4>
			<y4>377.56109100000003</y4>
			<x5>156.713059</x5>
			<y5>378.68432</y5>
			<x6>162.102466</x6>
			<y6>372.607962</y6>
			<x7>167.722601</x7>
			<y7>353.31327699999997</y7>
			<x8>168.014855</x8>
			<y8>336.570064</y8>
			<x9>164.207371</x9>
			<y9>327.68870300000003</y9>
			<x10>149.114674</x10>
			<y10>322.136317</y10>
			<x11>148.362166</x11>
			<y11>327.412124</y11>
			<x12>141.744616</x12>
			<y12>328.178104</y12>
		</polygon>
	</object>
	<object>
		<name>greenapple</name>
		<pose>Unspecified</pose>
		<truncated>0</truncated>
		<difficult>0</difficult>
		<occluded>0</occluded>
		<bndbox>
			<xmin>254</xmin>
			<xmax>384</xmax>
			<ymin>242</ymin>
			<ymax>385</ymax>
		</bndbox>
		<polygon>
			<x1>253</x1>
			<y1>241</y1>
			<x2>253</x2>
			<y2>370.79220399999997</y2>
			<x3>263.575519</x3>
			<y3>378.722849</y3>
			<x4>281.309084</x4>
			<y4>384.321331</y4>
			<x5>318.97221</x5>
			<y5>383.21576300000004</y5>
			<x6>346.271829</x6>
			<y6>370.469927</y6>
			<x7>363.868158</x7>
			<y7>346.095347</y7>
			<x8>372.159924</x8>
			<y8>325.084316</y8>
			<x9>381.388779</x9>
			<y9>288.222819</y9>
			<x10>382.679648</x10>
			<y10>252.104252</y10>
			<x11>379.97407599999997</x11>
			<y11>241</y11>
			<x12>253</x12>
			<y12>241</y12>
		</polygon>
	</object>
</annotation>
