<annotation>
	<folder></folder>
	<filename>image_48_png.rf.9091b7f68afecebfca21d21cf24eae0e.jpg</filename>
	<path>image_48_png.rf.9091b7f68afecebfca21d21cf24eae0e.jpg</path>
	<source>
		<database>roboflow.ai</database>
	</source>
	<size>
		<width>416</width>
		<height>416</height>
		<depth>3</depth>
	</size>
	<segmented>0</segmented>
	<object>
		<name>mango</name>
		<pose>Unspecified</pose>
		<truncated>0</truncated>
		<difficult>0</difficult>
		<occluded>0</occluded>
		<bndbox>
			<xmin>339</xmin>
			<xmax>417</xmax>
			<ymin>52</ymin>
			<ymax>119</ymax>
		</bndbox>
		<polygon>
			<x1>416</x1>
			<y1>60.297354</y1>
			<x2>413.284302</x2>
			<y2>56.503575</y2>
			<x3>393.445019</x3>
			<y3>51.38556</y3>
			<x4>372.332095</x4>
			<y4>58.611466</y4>
			<x5>342.936915</x5>
			<y5>79.394706</y5>
			<x6>337.700856</x6>
			<y6>94.500575</y6>
			<x7>341.498161</x7>
			<y7>105.219222</y7>
			<x8>352.949966</x8>
			<y8>114.861746</y8>
			<x9>377.21430799999996</x9>
			<y9>118.217199</y9>
			<x10>396.94836799999996</x10>
			<y10>114.30239</y10>
			<x11>413.810411</x11>
			<y11>101.6677</y11>
			<x12>416</x12>
			<y12>98.376491</y12>
			<x13>416</x13>
			<y13>60.297354</y13>
		</polygon>
	</object>
	<object>
		<name>redapple</name>
		<pose>Unspecified</pose>
		<truncated>0</truncated>
		<difficult>0</difficult>
		<occluded>0</occluded>
		<bndbox>
			<xmin>329</xmin>
			<xmax>387</xmax>
			<ymin>181</ymin>
			<ymax>209</ymax>
		</bndbox>
		<polygon>
			<x1>385.54780900000003</x1>
			<y1>208</y1>
			<x2>379.627258</x2>
			<y2>192.615855</y2>
			<x3>370.57576</x3>
			<y3>184.384578</y3>
			<x4>355.903583</x4>
			<y4>180.364864</y4>
			<x5>347.05346099999997</x5>
			<y5>183.889989</y5>
			<x6>328.725465</x6>
			<y6>203.421448</y6>
			<x7>327.53937199999996</x7>
			<y7>208</y7>
			<x8>385.54780900000003</x8>
			<y8>208</y8>
		</polygon>
	</object>
	<object>
		<name>capsicum</name>
		<pose>Unspecified</pose>
		<truncated>0</truncated>
		<difficult>0</difficult>
		<occluded>0</occluded>
		<bndbox>
			<xmin>244</xmin>
			<xmax>270</xmax>
			<ymin>209</ymin>
			<ymax>238</ymax>
		</bndbox>
		<polygon>
			<x1>245.500651</x1>
			<y1>208</y1>
			<x2>243.098714</x2>
			<y2>215.147512</y2>
			<x3>244.784177</x3>
			<y3>232.62564</y3>
			<x4>253.922763</x4>
			<y4>237.271245</y4>
			<x5>259.176956</x5>
			<y5>234.783874</y5>
			<x6>265.434458</x6>
			<y6>224.40035</y6>
			<x7>269.195498</x7>
			<y7>209.882002</y7>
			<x8>268.32426499999997</x8>
			<y8>208</y8>
			<x9>245.500651</x9>
			<y9>208</y9>
		</polygon>
	</object>
	<object>
		<name>mango</name>
		<pose>Unspecified</pose>
		<truncated>0</truncated>
		<difficult>0</difficult>
		<occluded>0</occluded>
		<bndbox>
			<xmin>370</xmin>
			<xmax>417</xmax>
			<ymin>258</ymin>
			<ymax>322</ymax>
		</bndbox>
		<polygon>
			<x1>416</x1>
			<y1>257.413525</y1>
			<x2>405.601207</x2>
			<y2>260.501034</y2>
			<x3>377.21840399999996</x3>
			<y3>279.69737</y3>
			<x4>370.681502</x4>
			<y4>288.21941300000003</y4>
			<x5>368.84906</x5>
			<y5>296.840375</y5>
			<x6>372.925765</x6>
			<y6>309.420504</y6>
			<x7>382.160507</x7>
			<y7>316.78968399999997</y7>
			<x8>412.421084</x8>
			<y8>320.51863000000003</y8>
			<x9>416</x9>
			<y9>319.51460199999997</y9>
			<x10>416</x10>
			<y10>257.413525</y10>
		</polygon>
	</object>
	<object>
		<name>greenapple</name>
		<pose>Unspecified</pose>
		<truncated>0</truncated>
		<difficult>0</difficult>
		<occluded>0</occluded>
		<bndbox>
			<xmin>209</xmin>
			<xmax>234</xmax>
			<ymin>343</ymin>
			<ymax>374</ymax>
		</bndbox>
		<polygon>
			<x1>230.774104</x1>
			<y1>368.40878399999997</y1>
			<x2>233.33952299999999</x2>
			<y2>356.339437</y2>
			<x3>231.017238</x3>
			<y3>345.033269</y3>
			<x4>222.98718300000002</x4>
			<y4>341.524336</y4>
			<x5>212.66204299999998</x5>
			<y5>345.636981</y5>
			<x6>207.88862699999999</x6>
			<y6>361.742234</y6>
			<x7>213.344197</x7>
			<y7>371.011264</y7>
			<x8>225.799312</x8>
			<y8>372.757634</y8>
			<x9>230.774104</x9>
			<y9>368.40878399999997</y9>
		</polygon>
	</object>
</annotation>
