<annotation>
	<folder></folder>
	<filename>image_66_png.rf.d9ba0fab3f530e5ca305cdfb2b0e2793.jpg</filename>
	<path>image_66_png.rf.d9ba0fab3f530e5ca305cdfb2b0e2793.jpg</path>
	<source>
		<database>roboflow.ai</database>
	</source>
	<size>
		<width>416</width>
		<height>416</height>
		<depth>3</depth>
	</size>
	<segmented>0</segmented>
	<object>
		<name>orange</name>
		<pose>Unspecified</pose>
		<truncated>0</truncated>
		<difficult>0</difficult>
		<occluded>0</occluded>
		<bndbox>
			<xmin>154</xmin>
			<xmax>209</xmax>
			<ymin>37</ymin>
			<ymax>114</ymax>
		</bndbox>
		<polygon>
			<x1>208</x1>
			<y1>49.610347</y1>
			<x2>204.22809</x2>
			<y2>43.680378</y2>
			<x3>182.900588</x3>
			<y3>36.498768</y3>
			<x4>169.93803</x4>
			<y4>40.723105</y4>
			<x5>160.060832</x5>
			<y5>52.24094</y5>
			<x6>152.834636</x6>
			<y6>75.604144</y6>
			<x7>152.85065</x7>
			<y7>89.588635</y7>
			<x8>157.921058</x8>
			<y8>102.969261</y8>
			<x9>165.842033</x9>
			<y9>110.536381</y9>
			<x10>187.603895</x10>
			<y10>113.166123</y10>
			<x11>199.244156</x11>
			<y11>105.816001</y11>
			<x12>205.82682</x12>
			<y12>96.272845</y12>
			<x13>208</x13>
			<y13>88.353776</y13>
			<x14>208</x14>
			<y14>49.610347</y14>
		</polygon>
	</object>
	<object>
		<name>orange</name>
		<pose>Unspecified</pose>
		<truncated>0</truncated>
		<difficult>0</difficult>
		<occluded>0</occluded>
		<bndbox>
			<xmin>348</xmin>
			<xmax>409</xmax>
			<ymin>1</ymin>
			<ymax>46</ymax>
		</bndbox>
		<polygon>
			<x1>348.989549</x1>
			<y1>0</y1>
			<x2>346.895316</x2>
			<y2>9.622847</y2>
			<x3>349.333942</x3>
			<y3>27.939495</y3>
			<x4>355.49825899999996</x4>
			<y4>36.932698</y4>
			<x5>379.46395</x5>
			<y5>44.772082</y5>
			<x6>392.423306</x6>
			<y6>37.750848</y6>
			<x7>400.762627</x7>
			<y7>26.781608</y7>
			<x8>408.13394700000003</x8>
			<y8>0</y8>
			<x9>348.989549</x9>
			<y9>0</y9>
		</polygon>
	</object>
	<object>
		<name>capsicum</name>
		<pose>Unspecified</pose>
		<truncated>0</truncated>
		<difficult>0</difficult>
		<occluded>0</occluded>
		<bndbox>
			<xmin>306</xmin>
			<xmax>332</xmax>
			<ymin>54</ymin>
			<ymax>89</ymax>
		</bndbox>
		<polygon>
			<x1>318.193298</x1>
			<y1>88.213684</y1>
			<x2>328.067293</x2>
			<y2>73.89895</y2>
			<x3>330.908251</x3>
			<y3>59.694749</y3>
			<x4>326.066232</x4>
			<y4>53.827333</y4>
			<x5>313.538033</x5>
			<y5>53.499801</y5>
			<x6>307.389731</x6>
			<y6>58.49109</y6>
			<x7>304.770758</x7>
			<y7>74.614704</y7>
			<x8>308.740853</x8>
			<y8>86.788958</y8>
			<x9>318.193298</x9>
			<y9>88.213684</y9>
		</polygon>
	</object>
	<object>
		<name>greenapple</name>
		<pose>Unspecified</pose>
		<truncated>0</truncated>
		<difficult>0</difficult>
		<occluded>0</occluded>
		<bndbox>
			<xmin>97</xmin>
			<xmax>121</xmax>
			<ymin>283</ymin>
			<ymax>314</ymax>
		</bndbox>
		<polygon>
			<x1>117.647173</x1>
			<y1>307.362956</y1>
			<x2>119.831786</x2>
			<y2>295.79121</y2>
			<x3>117.180784</x3>
			<y3>283.945843</y3>
			<x4>111.463639</x4>
			<y4>281.588365</y4>
			<x5>100.479723</x5>
			<y5>286.306032</y5>
			<x6>96.094484</x6>
			<y6>295.465036</y6>
			<x7>97.648375</x7>
			<y7>308.900928</y7>
			<x8>108.423117</x8>
			<y8>313.45144</y8>
			<x9>117.647173</x9>
			<y9>307.362956</y9>
		</polygon>
	</object>
</annotation>
