<annotation>
	<folder></folder>
	<filename>image_35_png.rf.14a8be2eaa9da5c0f6fd14dc03d18443.jpg</filename>
	<path>image_35_png.rf.14a8be2eaa9da5c0f6fd14dc03d18443.jpg</path>
	<source>
		<database>roboflow.ai</database>
	</source>
	<size>
		<width>416</width>
		<height>416</height>
		<depth>3</depth>
	</size>
	<segmented>0</segmented>
	<object>
		<name>redapple</name>
		<pose>Unspecified</pose>
		<truncated>0</truncated>
		<difficult>0</difficult>
		<occluded>0</occluded>
		<bndbox>
			<xmin>1</xmin>
			<xmax>192</xmax>
			<ymin>1</ymin>
			<ymax>288</ymax>
		</bndbox>
		<polygon>
			<x1>10.152247</x1>
			<y1>0</y1>
			<x2>0</x2>
			<y2>27.443208</y2>
			<x3>0</x3>
			<y3>168.112023</y3>
			<x4>20.167968</x4>
			<y4>227.086136</y4>
			<x5>32.103782</x5>
			<y5>249.142559</y5>
			<x6>39.495283</x6>
			<y6>257.38076</y6>
			<x7>86.119209</x7>
			<y7>287.064213</y7>
			<x8>104.655433</x8>
			<y8>285.442504</y8>
			<x9>117.124172</x9>
			<y9>275.466758</y9>
			<x10>139.246732</x10>
			<y10>269.088848</y10>
			<x11>151.053463</x11>
			<y11>259.171019</y11>
			<x12>163.335646</x12>
			<y12>239.438233</y12>
			<x13>175.077834</x13>
			<y13>213.533279</y13>
			<x14>188.002355</x14>
			<y14>170.643625</y14>
			<x15>191</x15>
			<y15>150.320259</y15>
			<x16>191</x16>
			<y16>51.012781</y16>
			<x17>190.056909</x17>
			<y17>41.633209</y17>
			<x18>179.033964</x18>
			<y18>0</y18>
			<x19>10.152247</x19>
			<y19>0</y19>
		</polygon>
	</object>
	<object>
		<name>greenapple</name>
		<pose>Unspecified</pose>
		<truncated>0</truncated>
		<difficult>0</difficult>
		<occluded>0</occluded>
		<bndbox>
			<xmin>198</xmin>
			<xmax>370</xmax>
			<ymin>133</ymin>
			<ymax>300</ymax>
		</bndbox>
		<polygon>
			<x1>353.92472699999996</x1>
			<y1>299</y1>
			<x2>360.680167</x2>
			<y2>278.986465</y2>
			<x3>366.66343900000004</x3>
			<y3>248.254427</y3>
			<x4>368.55265099999997</x4>
			<y4>224.099984</y4>
			<x5>366.161245</x5>
			<y5>196.766097</y5>
			<x6>352.174865</x6>
			<y6>158.896303</y6>
			<x7>334.512405</x7>
			<y7>140.006359</y7>
			<x8>309.092405</x8>
			<y8>131.568474</y8>
			<x9>274.513705</x9>
			<y9>132.816743</y9>
			<x10>230.467739</x10>
			<y10>140.224215</y10>
			<x11>211.841773</x11>
			<y11>156.069574</y11>
			<x12>200.530166</x12>
			<y12>179.271394</y12>
			<x13>196.699802</x13>
			<y13>196.487768</y13>
			<x14>199.310034</x14>
			<y14>241.572256</y14>
			<x15>203.57805</x15>
			<y15>259.857087</y15>
			<x16>215.314709</x16>
			<y16>287.261858</y16>
			<x17>223.698862</x17>
			<y17>299</y17>
			<x18>353.92472699999996</x18>
			<y18>299</y18>
		</polygon>
	</object>
	<object>
		<name>greenapple</name>
		<pose>Unspecified</pose>
		<truncated>0</truncated>
		<difficult>0</difficult>
		<occluded>0</occluded>
		<bndbox>
			<xmin>293</xmin>
			<xmax>319</xmax>
			<ymin>384</ymin>
			<ymax>415</ymax>
		</bndbox>
		<polygon>
			<x1>317.549638</x1>
			<y1>405.402466</y1>
			<x2>316.546791</x2>
			<y2>393.939868</y2>
			<x3>310.325021</x3>
			<y3>383.822354</y3>
			<x4>300.240618</x4>
			<y4>382.92765099999997</y4>
			<x5>292.328792</x5>
			<y5>391.61623199999997</y5>
			<x6>292.823916</x6>
			<y6>404.900225</y6>
			<x7>299.63055099999997</x7>
			<y7>414.078082</y7>
			<x8>312.208703</x8>
			<y8>412.977636</y8>
			<x9>317.549638</x9>
			<y9>405.402466</y9>
		</polygon>
	</object>
</annotation>
