<annotation>
	<folder></folder>
	<filename>image_51_png.rf.0d5760bef877654f3cb52b958647f9b5.jpg</filename>
	<path>image_51_png.rf.0d5760bef877654f3cb52b958647f9b5.jpg</path>
	<source>
		<database>roboflow.ai</database>
	</source>
	<size>
		<width>416</width>
		<height>416</height>
		<depth>3</depth>
	</size>
	<segmented>0</segmented>
	<object>
		<name>redapple</name>
		<pose>Unspecified</pose>
		<truncated>0</truncated>
		<difficult>0</difficult>
		<occluded>0</occluded>
		<bndbox>
			<xmin>1</xmin>
			<xmax>52</xmax>
			<ymin>194</ymin>
			<ymax>229</ymax>
		</bndbox>
		<polygon>
			<x1>0</x1>
			<y1>228</y1>
			<x2>51.498859</x2>
			<y2>228</y2>
			<x3>50.939792</x3>
			<y3>225.913532</y3>
			<x4>20.743792</x4>
			<y4>196.716656</y4>
			<x5>7.790068</x5>
			<y5>192.730023</y5>
			<x6>0</x6>
			<y6>193.429954</y6>
			<x7>0</x7>
			<y7>228</y7>
		</polygon>
	</object>
	<object>
		<name>greenapple</name>
		<pose>Unspecified</pose>
		<truncated>0</truncated>
		<difficult>0</difficult>
		<occluded>0</occluded>
		<bndbox>
			<xmin>58</xmin>
			<xmax>83</xmax>
			<ymin>20</ymin>
			<ymax>52</ymax>
		</bndbox>
		<polygon>
			<x1>82.328819</x1>
			<y1>40.385488</y1>
			<x2>79.066131</x2>
			<y2>28.208969</y2>
			<x3>70.398718</x3>
			<y3>19.345034</y3>
			<x4>62.99022</x4>
			<y4>20.397939</y4>
			<x5>56.607586</x5>
			<y5>30.497931</y5>
			<x6>58.565648</x6>
			<y6>43.024024</y6>
			<x7>66.347697</x7>
			<y7>51.192995</y7>
			<x8>77.670077</x8>
			<y8>49.091368</y8>
			<x9>82.328819</x9>
			<y9>40.385488</y9>
		</polygon>
	</object>
	<object>
		<name>orange</name>
		<pose>Unspecified</pose>
		<truncated>0</truncated>
		<difficult>0</difficult>
		<occluded>0</occluded>
		<bndbox>
			<xmin>233</xmin>
			<xmax>270</xmax>
			<ymin>178</ymin>
			<ymax>229</ymax>
		</bndbox>
		<polygon>
			<x1>232</x1>
			<y1>228</y1>
			<x2>268.75229</x2>
			<y2>228</y2>
			<x3>268.51838</x3>
			<y3>214.09525</y3>
			<x4>264.323495</x4>
			<y4>198.439725</y4>
			<x5>258.032288</x5>
			<y5>188.006891</y5>
			<x6>242.561858</x6>
			<y6>177.237033</y6>
			<x7>232</x7>
			<y7>179.651928</y7>
			<x8>232</x8>
			<y8>228</y8>
		</polygon>
	</object>
	<object>
		<name>greenapple</name>
		<pose>Unspecified</pose>
		<truncated>0</truncated>
		<difficult>0</difficult>
		<occluded>0</occluded>
		<bndbox>
			<xmin>303</xmin>
			<xmax>331</xmax>
			<ymin>118</ymin>
			<ymax>151</ymax>
		</bndbox>
		<polygon>
			<x1>315.713521</x1>
			<y1>150.178529</y1>
			<x2>326.569803</x2>
			<y2>146.3374</y2>
			<x3>330.110133</x3>
			<y3>136.066804</y3>
			<x4>327.77964099999997</x4>
			<y4>127.36929</y4>
			<x5>321.302219</x5>
			<y5>118.850747</y5>
			<x6>312.30921</x6>
			<y6>116.599433</y6>
			<x7>303.689752</x7>
			<y7>123.569993</y7>
			<x8>302.106363</x8>
			<y8>133.316229</y8>
			<x9>309.096718</x9>
			<y9>146.358316</y9>
			<x10>315.713521</x10>
			<y10>150.178529</y10>
		</polygon>
	</object>
	<object>
		<name>mango</name>
		<pose>Unspecified</pose>
		<truncated>0</truncated>
		<difficult>0</difficult>
		<occluded>0</occluded>
		<bndbox>
			<xmin>274</xmin>
			<xmax>329</xmax>
			<ymin>7</ymin>
			<ymax>69</ymax>
		</bndbox>
		<polygon>
			<x1>289.93424600000003</x1>
			<y1>7.002391</y1>
			<x2>279.124799</x2>
			<y2>13.627561</y2>
			<x3>273.627529</x3>
			<y3>24.422517</y3>
			<x4>272.976336</x4>
			<y4>37.647758</y4>
			<x5>278.289634</x5>
			<y5>54.867999</y5>
			<x6>287.842408</x6>
			<y6>64.426898</y6>
			<x7>299.910769</x7>
			<y7>67.718568</y7>
			<x8>312.118511</x8>
			<y8>66.311906</y8>
			<x9>321.204067</x9>
			<y9>61.080849</y9>
			<x10>326.095858</x10>
			<y10>53.24472</y10>
			<x11>328.284727</x11>
			<y11>40.539657</y11>
			<x12>322.924596</x12>
			<y12>20.535375</y12>
			<x13>306.521969</x13>
			<y13>6.286511</y13>
			<x14>289.93424600000003</x14>
			<y14>7.002391</y14>
		</polygon>
	</object>
	<object>
		<name>redapple</name>
		<pose>Unspecified</pose>
		<truncated>0</truncated>
		<difficult>0</difficult>
		<occluded>0</occluded>
		<bndbox>
			<xmin>1</xmin>
			<xmax>57</xmax>
			<ymin>267</ymin>
			<ymax>352</ymax>
		</bndbox>
		<polygon>
			<x1>0</x1>
			<y1>341.934524</y1>
			<x2>8.310947</x2>
			<y2>348.020702</y2>
			<x3>21.683935</x3>
			<y3>350.962799</y3>
			<x4>42.138704</x4>
			<y4>346.414157</y4>
			<x5>52.062789</x5>
			<y5>339.094022</y5>
			<x6>54.997639</x6>
			<y6>331.78225399999997</y6>
			<x7>56.160643</x7>
			<y7>310.030103</y7>
			<x8>51.12723</x8>
			<y8>296.463655</y8>
			<x9>21.397327</x9>
			<y9>269.006282</y9>
			<x10>5.834349</x10>
			<y10>265.718795</y10>
			<x11>0</x11>
			<y11>266.891715</y11>
			<x12>0</x12>
			<y12>341.934524</y12>
		</polygon>
	</object>
	<object>
		<name>mango</name>
		<pose>Unspecified</pose>
		<truncated>0</truncated>
		<difficult>0</difficult>
		<occluded>0</occluded>
		<bndbox>
			<xmin>143</xmin>
			<xmax>193</xmax>
			<ymin>399</ymin>
			<ymax>417</ymax>
		</bndbox>
		<polygon>
			<x1>191.590793</x1>
			<y1>416</y1>
			<x2>191.155043</x2>
			<y2>414.62017000000003</y2>
			<x3>173.867053</x3>
			<y3>399.676341</y3>
			<x4>165.759406</x4>
			<y4>398.119991</y4>
			<x5>153.365449</x5>
			<y5>401.440942</y5>
			<x6>143.674414</x6>
			<y6>409.630828</y6>
			<x7>141.678456</x7>
			<y7>416</y7>
			<x8>191.590793</x8>
			<y8>416</y8>
		</polygon>
	</object>
	<object>
		<name>orange</name>
		<pose>Unspecified</pose>
		<truncated>0</truncated>
		<difficult>0</difficult>
		<occluded>0</occluded>
		<bndbox>
			<xmin>233</xmin>
			<xmax>280</xmax>
			<ymin>229</ymin>
			<ymax>252</ymax>
		</bndbox>
		<polygon>
			<x1>232</x1>
			<y1>228</y1>
			<x2>232</x2>
			<y2>240.716465</y2>
			<x3>235.215184</x3>
			<y3>245.014069</y3>
			<x4>246.025751</x4>
			<y4>251.439354</y4>
			<x5>269.975138</x5>
			<y5>246.886529</y5>
			<x6>274.913763</x6>
			<y6>241.834441</y6>
			<x7>278.687134</x7>
			<y7>228</y7>
			<x8>232</x8>
			<y8>228</y8>
		</polygon>
	</object>
</annotation>
