<annotation>
	<folder></folder>
	<filename>image_120_png.rf.2b819a8298887f417877b9b1d95b9725.jpg</filename>
	<path>image_120_png.rf.2b819a8298887f417877b9b1d95b9725.jpg</path>
	<source>
		<database>roboflow.ai</database>
	</source>
	<size>
		<width>416</width>
		<height>416</height>
		<depth>3</depth>
	</size>
	<segmented>0</segmented>
	<object>
		<name>redapple</name>
		<pose>Unspecified</pose>
		<truncated>0</truncated>
		<difficult>0</difficult>
		<occluded>0</occluded>
		<bndbox>
			<xmin>1</xmin>
			<xmax>29</xmax>
			<ymin>124</ymin>
			<ymax>200</ymax>
		</bndbox>
		<polygon>
			<x1>0</x1>
			<y1>199</y1>
			<x2>17.091977</x2>
			<y2>199</y2>
			<x3>20.611122</x3>
			<y3>195.125414</y3>
			<x4>22.159789</x4>
			<y4>184.298619</y4>
			<x5>28.497467</x5>
			<y5>171.746445</y5>
			<x6>25.999889</x6>
			<y6>159.040052</y6>
			<x7>5.499393</x7>
			<y7>126.120733</y7>
			<x8>0</x8>
			<y8>122.738012</y8>
			<x9>0</x9>
			<y9>199</y9>
		</polygon>
	</object>
	<object>
		<name>mango</name>
		<pose>Unspecified</pose>
		<truncated>0</truncated>
		<difficult>0</difficult>
		<occluded>0</occluded>
		<bndbox>
			<xmin>299</xmin>
			<xmax>326</xmax>
			<ymin>79</ymin>
			<ymax>116</ymax>
		</bndbox>
		<polygon>
			<x1>325.382364</x1>
			<y1>104.017786</y1>
			<x2>324.275622</x2>
			<y2>89.526698</y2>
			<x3>317.637102</x3>
			<y3>80.365966</y3>
			<x4>307.47414200000003</x4>
			<y4>78.3796</y4>
			<x5>297.801421</x5>
			<y5>87.255618</y5>
			<x6>297.580459</x6>
			<y6>99.914559</y6>
			<x7>307.538239</x7>
			<y7>113.655656</y7>
			<x8>318.396617</x8>
			<y8>114.749676</y8>
			<x9>325.382364</x9>
			<y9>104.017786</y9>
		</polygon>
	</object>
	<object>
		<name>greenapple</name>
		<pose>Unspecified</pose>
		<truncated>0</truncated>
		<difficult>0</difficult>
		<occluded>0</occluded>
		<bndbox>
			<xmin>4</xmin>
			<xmax>50</xmax>
			<ymin>288</ymin>
			<ymax>351</ymax>
		</bndbox>
		<polygon>
			<x1>11.662038</x1>
			<y1>294.11091999999996</y1>
			<x2>3.870392</x2>
			<y2>312.064627</y2>
			<x3>3.475816</x3>
			<y3>334.66988000000003</y3>
			<x4>10.082769</x4>
			<y4>345.639032</y4>
			<x5>17.47984</x5>
			<y5>350.290576</y5>
			<x6>37.220822</x6>
			<y6>348.826184</y6>
			<x7>44.901987</x7>
			<y7>337.201947</y7>
			<x8>49.31124</x8>
			<y8>318.284714</y8>
			<x9>48.821002</x9>
			<y9>307.42233</y9>
			<x10>37.535518</x10>
			<y10>291.849086</y10>
			<x11>29.458814</x11>
			<y11>287.185679</y11>
			<x12>20.623558</x12>
			<y12>287.031459</y12>
			<x13>11.662038</x13>
			<y13>294.11091999999996</y13>
		</polygon>
	</object>
	<object>
		<name>orange</name>
		<pose>Unspecified</pose>
		<truncated>0</truncated>
		<difficult>0</difficult>
		<occluded>0</occluded>
		<bndbox>
			<xmin>154</xmin>
			<xmax>212</xmax>
			<ymin>308</ymin>
			<ymax>386</ymax>
		</bndbox>
		<polygon>
			<x1>204.331161</x1>
			<y1>317.372655</y1>
			<x2>197.661075</x2>
			<y2>310.020343</y2>
			<x3>175.280467</x3>
			<y3>306.916231</y3>
			<x4>162.920773</x4>
			<y4>313.936376</y4>
			<x5>155.887677</x5>
			<y5>327.380897</y5>
			<x6>153.485762</x6>
			<y6>348.14214000000004</y6>
			<x7>155.303704</x7>
			<y7>360.83667</y7>
			<x8>160.519822</x8>
			<y8>373.590516</y8>
			<x9>168.549178</x9>
			<y9>380.966553</y9>
			<x10>181.399112</x10>
			<y10>384.80879300000004</y10>
			<x11>192.984473</x11>
			<y11>383.202045</y11>
			<x12>202.625628</x12>
			<y12>376.134447</y12>
			<x13>208.979089</x13>
			<y13>362.678063</y13>
			<x14>211.191608</x14>
			<y14>352.767342</y14>
			<x15>210.211131</x15>
			<y15>331.042573</y15>
			<x16>204.331161</x16>
			<y16>317.372655</y16>
		</polygon>
	</object>
	<object>
		<name>redapple</name>
		<pose>Unspecified</pose>
		<truncated>0</truncated>
		<difficult>0</difficult>
		<occluded>0</occluded>
		<bndbox>
			<xmin>232</xmin>
			<xmax>283</xmax>
			<ymin>233</ymin>
			<ymax>311</ymax>
		</bndbox>
		<polygon>
			<x1>256.210733</x1>
			<y1>232.427544</y1>
			<x2>243.250318</x2>
			<y2>234.91477600000002</y2>
			<x3>237.734323</x3>
			<y3>239.340922</y3>
			<x4>232.787481</x4>
			<y4>250.10840100000001</y4>
			<x5>231.11255</x5>
			<y5>268.168878</y5>
			<x6>242.762008</x6>
			<y6>301.838186</y6>
			<x7>250.127512</x7>
			<y7>308.29815</y7>
			<x8>260.290471</x8>
			<y8>310.284517</y8>
			<x9>269.868493</x9>
			<y9>306.833759</y9>
			<x10>275.447622</x10>
			<y10>298.790773</y10>
			<x11>280.520728</x11>
			<y11>280.78961200000003</y11>
			<x12>281.563372</x12>
			<y12>260.004643</y12>
			<x13>272.443058</x13>
			<y13>237.233309</y13>
			<x14>256.210733</x14>
			<y14>232.427544</y14>
		</polygon>
	</object>
	<object>
		<name>greenapple</name>
		<pose>Unspecified</pose>
		<truncated>0</truncated>
		<difficult>0</difficult>
		<occluded>0</occluded>
		<bndbox>
			<xmin>365</xmin>
			<xmax>389</xmax>
			<ymin>245</ymin>
			<ymax>277</ymax>
		</bndbox>
		<polygon>
			<x1>388.15559099999996</x1>
			<y1>268.196617</y1>
			<x2>388.329205</x2>
			<y2>258.250306</y2>
			<x3>383.113088</x3>
			<y3>245.49646</y3>
			<x4>374.309398</x4>
			<y4>243.53382</y4>
			<x5>364.66824399999996</x5>
			<y5>250.601417</y5>
			<x6>363.72029599999996</x6>
			<y6>265.961126</y6>
			<x7>370.343033</x7>
			<y7>276.026067</y7>
			<x8>380.537559</x8>
			<y8>276.20401300000003</y8>
			<x9>388.15559099999996</x9>
			<y9>268.196617</y9>
		</polygon>
	</object>
	<object>
		<name>mango</name>
		<pose>Unspecified</pose>
		<truncated>0</truncated>
		<difficult>0</difficult>
		<occluded>0</occluded>
		<bndbox>
			<xmin>353</xmin>
			<xmax>382</xmax>
			<ymin>389</ymin>
			<ymax>417</ymax>
		</bndbox>
		<polygon>
			<x1>380.816779</x1>
			<y1>416</y1>
			<x2>381.046473</x2>
			<y2>402.840878</y2>
			<x3>373.775666</x3>
			<y3>390.955653</y3>
			<x4>363.62849</x4>
			<y4>388.065077</y4>
			<x5>353.971552</x5>
			<y5>396.036885</y5>
			<x6>352.375537</x6>
			<y6>409.57631100000003</y6>
			<x7>357.030601</x7>
			<y7>416</y7>
			<x8>380.816779</x8>
			<y8>416</y8>
		</polygon>
	</object>
</annotation>
