<annotation>
	<folder></folder>
	<filename>image_61_png.rf.4c3d783911934f5471d939d4fd973011.jpg</filename>
	<path>image_61_png.rf.4c3d783911934f5471d939d4fd973011.jpg</path>
	<source>
		<database>roboflow.ai</database>
	</source>
	<size>
		<width>416</width>
		<height>416</height>
		<depth>3</depth>
	</size>
	<segmented>0</segmented>
	<object>
		<name>redapple</name>
		<pose>Unspecified</pose>
		<truncated>0</truncated>
		<difficult>0</difficult>
		<occluded>0</occluded>
		<bndbox>
			<xmin>98</xmin>
			<xmax>147</xmax>
			<ymin>104</ymin>
			<ymax>178</ymax>
		</bndbox>
		<polygon>
			<x1>112.407897</x1>
			<y1>103.183962</y1>
			<x2>104.3243</x2>
			<y2>111.118047</y2>
			<x3>97.314318</x3>
			<y3>133.791892</y3>
			<x4>97.107149</x4>
			<y4>142.785287</y4>
			<x5>103.509356</x5>
			<y5>168.803166</y5>
			<x6>111.389218</x6>
			<y6>175.290359</y6>
			<x7>125.226046</x7>
			<y7>176.931259</y7>
			<x8>139.26146</x8>
			<y8>156.009052</y8>
			<x9>145.841652</x9>
			<y9>126.896515</y9>
			<x10>144.131077</x10>
			<y10>114.711458</y10>
			<x11>139.656914</x11>
			<y11>108.168896</y11>
			<x12>120.708964</x12>
			<y12>102.540137</y12>
			<x13>112.407897</x13>
			<y13>103.183962</y13>
		</polygon>
	</object>
	<object>
		<name>greenapple</name>
		<pose>Unspecified</pose>
		<truncated>0</truncated>
		<difficult>0</difficult>
		<occluded>0</occluded>
		<bndbox>
			<xmin>39</xmin>
			<xmax>87</xmax>
			<ymin>222</ymin>
			<ymax>284</ymax>
		</bndbox>
		<polygon>
			<x1>46.130872</x1>
			<y1>238.751694</y1>
			<x2>41.661859</x2>
			<y2>240.350958</y2>
			<x3>44.218279</x3>
			<y3>243.701859</y3>
			<x4>37.845256</x4>
			<y4>263.821002</y4>
			<x5>46.795299</x5>
			<y5>279.62007</y5>
			<x6>67.018884</x6>
			<y6>282.853366</y6>
			<x7>79.9927</x7>
			<y7>266.188996</y7>
			<x8>86.365723</x8>
			<y8>246.069854</y8>
			<x9>76.348931</x9>
			<y9>226.386797</y9>
			<x10>62.722706</x10>
			<y10>221.180388</y10>
			<x11>53.147721</x11>
			<y11>226.93362</y11>
			<x12>46.130872</x12>
			<y12>238.751694</y12>
		</polygon>
	</object>
	<object>
		<name>mango</name>
		<pose>Unspecified</pose>
		<truncated>0</truncated>
		<difficult>0</difficult>
		<occluded>0</occluded>
		<bndbox>
			<xmin>1</xmin>
			<xmax>27</xmax>
			<ymin>363</ymin>
			<ymax>417</ymax>
		</bndbox>
		<polygon>
			<x1>0</x1>
			<y1>416</y1>
			<x2>16.347792</x2>
			<y2>416</y2>
			<x3>25.583936</x3>
			<y3>397.344134</y3>
			<x4>21.952185</x4>
			<y4>376.539531</y4>
			<x5>14.921602</x5>
			<y5>366.646067</y5>
			<x6>5.127431</x6>
			<y6>362.39509699999996</y6>
			<x7>0</x7>
			<y7>362.478458</y7>
			<x8>0</x8>
			<y8>416</y8>
		</polygon>
	</object>
	<object>
		<name>orange</name>
		<pose>Unspecified</pose>
		<truncated>0</truncated>
		<difficult>0</difficult>
		<occluded>0</occluded>
		<bndbox>
			<xmin>272</xmin>
			<xmax>326</xmax>
			<ymin>217</ymin>
			<ymax>245</ymax>
		</bndbox>
		<polygon>
			<x1>270.513564</x1>
			<y1>216</y1>
			<x2>270.583329</x2>
			<y2>221.643122</y2>
			<x3>273.357219</x3>
			<y3>232.284283</y3>
			<x4>281.026476</x4>
			<y4>242.336986</y4>
			<x5>304.441723</x5>
			<y5>243.65254</y5>
			<x6>315.292343</x6>
			<y6>235.503845</y6>
			<x7>322.09687099999996</x7>
			<y7>224.537338</y7>
			<x8>325.331989</x8>
			<y8>216</y8>
			<x9>270.513564</x9>
			<y9>216</y9>
		</polygon>
	</object>
	<object>
		<name>mango</name>
		<pose>Unspecified</pose>
		<truncated>0</truncated>
		<difficult>0</difficult>
		<occluded>0</occluded>
		<bndbox>
			<xmin>382</xmin>
			<xmax>417</xmax>
			<ymin>217</ymin>
			<ymax>247</ymax>
		</bndbox>
		<polygon>
			<x1>416</x1>
			<y1>216</y1>
			<x2>382.036402</x2>
			<y2>216</y2>
			<x3>380.62897899999996</x3>
			<y3>218.327421</y3>
			<x4>383.404585</x4>
			<y4>231.682525</y4>
			<x5>394.905898</x5>
			<y5>242.690667</y5>
			<x6>416</x6>
			<y6>246.404746</y6>
			<x7>416</x7>
			<y7>216</y7>
		</polygon>
	</object>
	<object>
		<name>greenapple</name>
		<pose>Unspecified</pose>
		<truncated>0</truncated>
		<difficult>0</difficult>
		<occluded>0</occluded>
		<bndbox>
			<xmin>374</xmin>
			<xmax>417</xmax>
			<ymin>322</ymin>
			<ymax>384</ymax>
		</bndbox>
		<polygon>
			<x1>416</x1>
			<y1>335.526176</y1>
			<x2>411.348931</x2>
			<y2>326.386797</y2>
			<x3>398.361382</x3>
			<y3>321.339628</y3>
			<x4>388.147721</x4>
			<y4>326.93362</y4>
			<x5>381.130872</x5>
			<y5>338.751694</y5>
			<x6>376.661859</x6>
			<y6>340.350958</y6>
			<x7>379.00595899999996</x7>
			<y7>344.553428</y7>
			<x8>372.63122</x8>
			<y8>361.958627</y8>
			<x9>380.091592</x9>
			<y9>378.29078300000003</y9>
			<x10>402.018884</x10>
			<y10>382.853366</y10>
			<x11>407.97585100000003</x11>
			<y11>378.007071</y11>
			<x12>416</x12>
			<y12>364.253466</y12>
			<x13>416</x13>
			<y13>335.526176</y13>
		</polygon>
	</object>
</annotation>
