<annotation>
	<folder></folder>
	<filename>image_139_png.rf.2b2bccf3d5e2f39d607a9725dd9072e2.jpg</filename>
	<path>image_139_png.rf.2b2bccf3d5e2f39d607a9725dd9072e2.jpg</path>
	<source>
		<database>roboflow.ai</database>
	</source>
	<size>
		<width>416</width>
		<height>416</height>
		<depth>3</depth>
	</size>
	<segmented>0</segmented>
	<object>
		<name>orange</name>
		<pose>Unspecified</pose>
		<truncated>0</truncated>
		<difficult>0</difficult>
		<occluded>0</occluded>
		<bndbox>
			<xmin>3</xmin>
			<xmax>60</xmax>
			<ymin>164</ymin>
			<ymax>239</ymax>
		</bndbox>
		<polygon>
			<x1>49.610788</x1>
			<y1>174.472539</y1>
			<x2>41.000528</x2>
			<y2>166.102991</y2>
			<x3>31.918492</x3>
			<y3>163.117227</y3>
			<x4>22.227964</x4>
			<y4>164.652056</y4>
			<x5>11.146196</x5>
			<y5>169.94661</y5>
			<x6>5.270252</x6>
			<y6>178.840859</y6>
			<x7>2.190252</x7>
			<y7>197.025552</y7>
			<x8>4.651138</x8>
			<y8>212.562969</y8>
			<x9>11.634268</x9>
			<y9>227.384132</y9>
			<x10>19.461777</x10>
			<y10>234.992811</y10>
			<x11>31.26467</x11>
			<y11>238.432478</y11>
			<x12>43.539338</x12>
			<y12>236.488361</y12>
			<x13>51.254216</x13>
			<y13>230.842227</y13>
			<x14>56.720012</x14>
			<y14>219.358409</y14>
			<x15>58.682202</x15>
			<y15>206.65982</y15>
			<x16>55.401022</x16>
			<y16>185.943264</y16>
			<x17>49.610788</x17>
			<y17>174.472539</y17>
		</polygon>
	</object>
	<object>
		<name>redapple</name>
		<pose>Unspecified</pose>
		<truncated>0</truncated>
		<difficult>0</difficult>
		<occluded>0</occluded>
		<bndbox>
			<xmin>119</xmin>
			<xmax>192</xmax>
			<ymin>117</ymin>
			<ymax>199</ymax>
		</bndbox>
		<polygon>
			<x1>191</x1>
			<y1>161.093453</y1>
			<x2>184.184442</x2>
			<y2>146.079418</y2>
			<x3>161.720551</x3>
			<y3>121.322357</y3>
			<x4>144.985265</x4>
			<y4>116.009375</y4>
			<x5>134.648703</x5>
			<y5>117.646525</y5>
			<x6>124.151341</x6>
			<y6>130.81211</y6>
			<x7>118.114597</x7>
			<y7>151.234792</y7>
			<x8>120.302051</x8>
			<y8>165.045829</y8>
			<x9>129.633434</x9>
			<y9>182.149596</y9>
			<x10>141.374699</x10>
			<y10>193.562615</y10>
			<x11>156.681199</x11>
			<y11>198.217051</y11>
			<x12>175.416218</x12>
			<y12>195.249715</y12>
			<x13>186.733875</x13>
			<y13>187.26327</y13>
			<x14>187.267278</x14>
			<y14>173.906136</y14>
			<x15>191</x15>
			<y15>162.678997</y15>
			<x16>191</x16>
			<y16>161.093453</y16>
		</polygon>
	</object>
	<object>
		<name>greenapple</name>
		<pose>Unspecified</pose>
		<truncated>0</truncated>
		<difficult>0</difficult>
		<occluded>0</occluded>
		<bndbox>
			<xmin>203</xmin>
			<xmax>248</xmax>
			<ymin>1</ymin>
			<ymax>63</ymax>
		</bndbox>
		<polygon>
			<x1>207.736397</x1>
			<y1>6.688794</y1>
			<x2>202.345688</x2>
			<y2>27.009155</y2>
			<x3>206.037016</x3>
			<y3>50.31528</y3>
			<x4>214.001242</x4>
			<y4>58.787148</y4>
			<x5>221.79120699999999</x5>
			<y5>61.977557</y5>
			<x6>240.252795</x6>
			<y6>57.283841</y6>
			<x7>244.60078099999998</x7>
			<y7>51.286127</y7>
			<x8>246.56297</x8>
			<y8>38.587538</y8>
			<x9>244.946463</x9>
			<y9>15.837637</y9>
			<x10>236.84552200000002</x10>
			<y10>6.502579</y10>
			<x11>225.924553</x11>
			<y11>0.268699</y11>
			<x12>213.513169</x12>
			<y12>1.349626</y12>
			<x13>207.736397</x13>
			<y13>6.688794</y13>
		</polygon>
	</object>
	<object>
		<name>mango</name>
		<pose>Unspecified</pose>
		<truncated>0</truncated>
		<difficult>0</difficult>
		<occluded>0</occluded>
		<bndbox>
			<xmin>192</xmin>
			<xmax>213</xmax>
			<ymin>128</ymin>
			<ymax>163</ymax>
		</bndbox>
		<polygon>
			<x1>191</x1>
			<y1>154.367295</y1>
			<x2>197.011658</x2>
			<y2>160.580503</y2>
			<x3>205.820263</x3>
			<y3>161.839888</y3>
			<x4>212.342241</x4>
			<y4>152.843317</y4>
			<x5>211.446858</x5>
			<y5>138.827635</y5>
			<x6>203.209201</x6>
			<y6>128.629387</y6>
			<x7>192.971811</x7>
			<y7>126.711456</y7>
			<x8>191</x8>
			<y8>128.879852</y8>
			<x9>191</x9>
			<y9>154.367295</y9>
		</polygon>
	</object>
	<object>
		<name>orange</name>
		<pose>Unspecified</pose>
		<truncated>0</truncated>
		<difficult>0</difficult>
		<occluded>0</occluded>
		<bndbox>
			<xmin>370</xmin>
			<xmax>417</xmax>
			<ymin>133</ymin>
			<ymax>206</ymax>
		</bndbox>
		<polygon>
			<x1>416</x1>
			<y1>142.657381</y1>
			<x2>411.707129</x2>
			<y2>136.309359</y2>
			<x3>404.42648199999996</x3>
			<y3>132.15344</y3>
			<x4>382.187856</x4>
			<y4>133.906005</y4>
			<x5>374.609694</x5>
			<y5>140.415328</y5>
			<x6>369.417329</x6>
			<y6>153.625527</y6>
			<x7>370.89712</x7>
			<y7>175.512238</y7>
			<x8>375.805429</x8>
			<y8>189.777178</y8>
			<x9>385.608589</x9>
			<y9>201.497161</y9>
			<x10>392.752519</x10>
			<y10>204.789891</y10>
			<x11>415.736352</x11>
			<y11>199.379923</y11>
			<x12>416</x12>
			<y12>198.880128</y12>
			<x13>416</x13>
			<y13>142.657381</y13>
		</polygon>
	</object>
	<object>
		<name>redapple</name>
		<pose>Unspecified</pose>
		<truncated>0</truncated>
		<difficult>0</difficult>
		<occluded>0</occluded>
		<bndbox>
			<xmin>70</xmin>
			<xmax>138</xmax>
			<ymin>250</ymin>
			<ymax>317</ymax>
		</bndbox>
		<polygon>
			<x1>74.291034</x1>
			<y1>249</y1>
			<x2>72.52168</x2>
			<y2>251.38386</y2>
			<x3>69.417597</x3>
			<y3>281.960176</y3>
			<x4>74.500166</x4>
			<y4>301.506576</y4>
			<x5>94.677431</x5>
			<y5>316.00768</y5>
			<x6>114.977953</x6>
			<y6>314.56208100000003</y6>
			<x7>131.46389</x7>
			<y7>305.757061</y7>
			<x8>135.029126</x8>
			<y8>298.998478</y8>
			<x9>137.28883</x9>
			<y9>275.634646</y9>
			<x10>133.809307</x10>
			<y10>262.028253</y10>
			<x11>121.466507</x11>
			<y11>249</y11>
			<x12>74.291034</x12>
			<y12>249</y12>
		</polygon>
	</object>
</annotation>
