<annotation>
	<folder></folder>
	<filename>image_17_png.rf.3d9cca61c52901fc42dd476a90c290ef.jpg</filename>
	<path>image_17_png.rf.3d9cca61c52901fc42dd476a90c290ef.jpg</path>
	<source>
		<database>roboflow.ai</database>
	</source>
	<size>
		<width>416</width>
		<height>416</height>
		<depth>3</depth>
	</size>
	<segmented>0</segmented>
	<object>
		<name>orange</name>
		<pose>Unspecified</pose>
		<truncated>0</truncated>
		<difficult>0</difficult>
		<occluded>0</occluded>
		<bndbox>
			<xmin>115</xmin>
			<xmax>196</xmax>
			<ymin>1</ymin>
			<ymax>200</ymax>
		</bndbox>
		<polygon>
			<x1>195</x1>
			<y1>199</y1>
			<x2>195</x2>
			<y2>0</y2>
			<x3>177.729937</x3>
			<y3>0</y3>
			<x4>163.344051</x4>
			<y4>5.0919</y4>
			<x5>145.188484</x5>
			<y5>20.007521</y5>
			<x6>131.869647</x6>
			<y6>38.488396</y6>
			<x7>122.657912</x7>
			<y7>57.81</y7>
			<x8>116.855493</x8>
			<y8>77.072095</y8>
			<x9>113.891978</x9>
			<y9>102.671575</y9>
			<x10>118.906605</x10>
			<y10>155.504384</y10>
			<x11>136.003713</x11>
			<y11>197.177257</y11>
			<x12>137.95747</x12>
			<y12>199</y12>
			<x13>195</x13>
			<y13>199</y13>
		</polygon>
	</object>
	<object>
		<name>greenapple</name>
		<pose>Unspecified</pose>
		<truncated>0</truncated>
		<difficult>0</difficult>
		<occluded>0</occluded>
		<bndbox>
			<xmin>347</xmin>
			<xmax>417</xmax>
			<ymin>1</ymin>
			<ymax>167</ymax>
		</bndbox>
		<polygon>
			<x1>416</x1>
			<y1>0</y1>
			<x2>353.21867599999996</x2>
			<y2>0</y2>
			<x3>346.24888799999997</x3>
			<y3>26.100443</y3>
			<x4>348.392769</x4>
			<y4>70.771586</y4>
			<x5>364.253522</x5>
			<y5>119.765397</y5>
			<x6>386.630402</x6>
			<y6>151.309496</y6>
			<x7>398.381294</x7>
			<y7>160.22858</y7>
			<x8>414.857465</x8>
			<y8>166.327925</y8>
			<x9>416</x9>
			<y9>166.285155</y9>
			<x10>416</x10>
			<y10>0</y10>
		</polygon>
	</object>
	<object>
		<name>mango</name>
		<pose>Unspecified</pose>
		<truncated>0</truncated>
		<difficult>0</difficult>
		<occluded>0</occluded>
		<bndbox>
			<xmin>261</xmin>
			<xmax>316</xmax>
			<ymin>210</ymin>
			<ymax>274</ymax>
		</bndbox>
		<polygon>
			<x1>279.372848</x1>
			<y1>208.561494</y1>
			<x2>267.210758</x2>
			<y2>215.160722</y2>
			<x3>260.630947</x3>
			<y3>228.961869</y3>
			<x4>259.61749299999997</x4>
			<y4>249.052791</y4>
			<x5>262.488239</x5>
			<y5>257.214459</y5>
			<x6>270.845737</x6>
			<y6>267.105195</y6>
			<x7>284.594454</x7>
			<y7>273.25214800000003</y7>
			<x8>295.488345</x8>
			<y8>272.14957400000003</y8>
			<x9>305.620767</x9>
			<y9>266.498194</y9>
			<x10>311.614244</x10>
			<y10>258.181801</y10>
			<x11>314.816581</x11>
			<y11>246.26444800000002</y11>
			<x12>312.42071799999997</x12>
			<y12>226.233035</y12>
			<x13>296.435353</x13>
			<y13>209.176087</y13>
			<x14>279.372848</x14>
			<y14>208.561494</y14>
		</polygon>
	</object>
</annotation>
