<annotation>
	<folder></folder>
	<filename>image_216_png.rf.1a6944acd84fbb34e9e8d39672f780b4.jpg</filename>
	<path>image_216_png.rf.1a6944acd84fbb34e9e8d39672f780b4.jpg</path>
	<source>
		<database>roboflow.ai</database>
	</source>
	<size>
		<width>416</width>
		<height>416</height>
		<depth>3</depth>
	</size>
	<segmented>0</segmented>
	<object>
		<name>greenapple</name>
		<pose>Unspecified</pose>
		<truncated>0</truncated>
		<difficult>0</difficult>
		<occluded>0</occluded>
		<bndbox>
			<xmin>254</xmin>
			<xmax>389</xmax>
			<ymin>28</ymin>
			<ymax>138</ymax>
		</bndbox>
		<polygon>
			<x1>253</x1>
			<y1>137</y1>
			<x2>385.125409</x2>
			<y2>137</y2>
			<x3>386.60731699999997</x3>
			<y3>130.110832</y3>
			<x4>387.811712</x4>
			<y4>107.129605</y4>
			<x5>380.466509</x5>
			<y5>69.519175</y5>
			<x6>374.525092</x6>
			<y6>55.912982</y6>
			<x7>365.1729</x7>
			<y7>43.900681</y7>
			<x8>343.16549</x8>
			<y8>32.111469</y8>
			<x9>304.196846</x9>
			<y9>26.523924</y9>
			<x10>259.455965</x10>
			<y10>29.497081</y10>
			<x11>253</x11>
			<y11>33.805644</y11>
			<x12>253</x12>
			<y12>137</y12>
		</polygon>
	</object>
	<object>
		<name>greenapple</name>
		<pose>Unspecified</pose>
		<truncated>0</truncated>
		<difficult>0</difficult>
		<occluded>0</occluded>
		<bndbox>
			<xmin>1</xmin>
			<xmax>156</xmax>
			<ymin>297</ymin>
			<ymax>417</ymax>
		</bndbox>
		<polygon>
			<x1>0</x1>
			<y1>416</y1>
			<x2>148.601689</x2>
			<y2>416</y2>
			<x3>153.607317</x3>
			<y3>398.110832</y3>
			<x4>154.997004</x4>
			<y4>371.59403199999997</y4>
			<x5>152.605331</x5>
			<y5>353.74226799999997</y5>
			<x6>147.559154</x6>
			<y6>335.751388</y6>
			<x7>135.398383</x7>
			<y7>313.842363</y7>
			<x8>106.230056</x8>
			<y8>299.01890000000003</y8>
			<x9>75.132279</x9>
			<y9>295.616493</y9>
			<x10>33.138549</x10>
			<y10>296.960979</y10>
			<x11>16.840941</x11>
			<y11>303.197426</y11>
			<x12>4.200829</x12>
			<y12>315.829802</y12>
			<x13>0</x13>
			<y13>322.45338300000003</y13>
			<x14>0</x14>
			<y14>416</y14>
		</polygon>
	</object>
	<object>
		<name>greenapple</name>
		<pose>Unspecified</pose>
		<truncated>0</truncated>
		<difficult>0</difficult>
		<occluded>0</occluded>
		<bndbox>
			<xmin>254</xmin>
			<xmax>277</xmax>
			<ymin>148</ymin>
			<ymax>209</ymax>
		</bndbox>
		<polygon>
			<x1>253</x1>
			<y1>207.84145</y1>
			<x2>263.71368</x2>
			<y2>207.453422</y2>
			<x3>268.637</x3>
			<y3>202.393516</y3>
			<x4>274.872466</x4>
			<y4>184.99388199999999</y4>
			<x5>276.46255</x5>
			<y5>167.350793</y5>
			<x6>270.382165</x6>
			<y6>156.39628199999999</y6>
			<x7>260.84468</x7>
			<y7>147.919553</y7>
			<x8>253</x8>
			<y8>146.982739</y8>
			<x9>253</x9>
			<y9>207.84145</y9>
		</polygon>
	</object>
	<object>
		<name>mango</name>
		<pose>Unspecified</pose>
		<truncated>0</truncated>
		<difficult>0</difficult>
		<occluded>0</occluded>
		<bndbox>
			<xmin>254</xmin>
			<xmax>282</xmax>
			<ymin>283</ymin>
			<ymax>348</ymax>
		</bndbox>
		<polygon>
			<x1>253</x1>
			<y1>347.173564</y1>
			<x2>253.74016</x2>
			<y2>346.96945800000003</y2>
			<x3>272.538197</x3>
			<y3>331.11452199999997</y3>
			<x4>279.869301</x4>
			<y4>318.203913</y4>
			<x5>280.564145</x5>
			<y5>304.945513</y5>
			<x6>277.755566</x6>
			<y6>295.048789</y6>
			<x7>262.430739</x7>
			<y7>282.723475</y7>
			<x8>253</x8>
			<y8>282.229231</y8>
			<x9>253</x9>
			<y9>347.173564</y9>
		</polygon>
	</object>
</annotation>
