<annotation>
	<folder></folder>
	<filename>image_219_png.rf.521776c30c63538f434f156188f1d82a.jpg</filename>
	<path>image_219_png.rf.521776c30c63538f434f156188f1d82a.jpg</path>
	<source>
		<database>roboflow.ai</database>
	</source>
	<size>
		<width>416</width>
		<height>416</height>
		<depth>3</depth>
	</size>
	<segmented>0</segmented>
	<object>
		<name>mango</name>
		<pose>Unspecified</pose>
		<truncated>0</truncated>
		<difficult>0</difficult>
		<occluded>0</occluded>
		<bndbox>
			<xmin>1</xmin>
			<xmax>51</xmax>
			<ymin>12</ymin>
			<ymax>74</ymax>
		</bndbox>
		<polygon>
			<x1>0</x1>
			<y1>54.888079</y1>
			<x2>1.956736</x2>
			<y2>60.274905</y2>
			<x3>10.288469</x3>
			<y3>68.531752</y3>
			<x4>24.597546</x4>
			<y4>72.933165</y4>
			<x5>34.320329</x5>
			<y5>71.043248</y5>
			<x6>44.810475</x6>
			<y6>62.719206</y6>
			<x7>49.537133</x7>
			<y7>42.047693</y7>
			<x8>44.060993</x8>
			<y8>24.257254</y8>
			<x9>37.193802</x9>
			<y9>16.613581</y9>
			<x10>25.957483</x10>
			<y10>10.717032</y10>
			<x11>10.232858</x11>
			<y11>12.875738</y11>
			<x12>0.870913</x12>
			<y12>20.082627</y12>
			<x13>0</x13>
			<y13>22.168489</y13>
			<x14>0</x14>
			<y14>54.888079</y14>
		</polygon>
	</object>
	<object>
		<name>redapple</name>
		<pose>Unspecified</pose>
		<truncated>0</truncated>
		<difficult>0</difficult>
		<occluded>0</occluded>
		<bndbox>
			<xmin>39</xmin>
			<xmax>108</xmax>
			<ymin>124</ymin>
			<ymax>175</ymax>
		</bndbox>
		<polygon>
			<x1>105.399108</x1>
			<y1>174</y1>
			<x2>107.434857</x2>
			<y2>156.492795</y2>
			<x3>100.518673</x3>
			<y3>141.67583</y3>
			<x4>78.333382</x4>
			<y4>124.439765</y4>
			<x5>52.525135</x5>
			<y5>123.171416</y5>
			<x6>42.20316</x6>
			<y6>132.360621</y6>
			<x7>39.203894</x7>
			<y7>144.615695</y7>
			<x8>38.390846</x8>
			<y8>168.117887</y8>
			<x9>40.388361</x9>
			<y9>174</y9>
			<x10>105.399108</x10>
			<y10>174</y10>
		</polygon>
	</object>
	<object>
		<name>mango</name>
		<pose>Unspecified</pose>
		<truncated>0</truncated>
		<difficult>0</difficult>
		<occluded>0</occluded>
		<bndbox>
			<xmin>311</xmin>
			<xmax>388</xmax>
			<ymin>1</ymin>
			<ymax>64</ymax>
		</bndbox>
		<polygon>
			<x1>332.67571399999997</x1>
			<y1>0</y1>
			<x2>328.175599</x2>
			<y2>4.036805</y2>
			<x3>309.886038</x3>
			<y3>34.527496</y3>
			<x4>310.152197</x4>
			<y4>49.739244</y4>
			<x5>318.82027</x5>
			<y5>59.726417</y5>
			<x6>333.609362</x6>
			<y6>63.136672</y6>
			<x7>354.831315</x7>
			<y7>58.113691</y7>
			<x8>373.243362</x8>
			<y8>45.556232</y8>
			<x9>384.308202</x9>
			<y9>26.346256</y9>
			<x10>386.802955</x10>
			<y10>11.495693</y10>
			<x11>382.627205</x11>
			<y11>0</y11>
			<x12>332.67571399999997</x12>
			<y12>0</y12>
		</polygon>
	</object>
	<object>
		<name>capsicum</name>
		<pose>Unspecified</pose>
		<truncated>0</truncated>
		<difficult>0</difficult>
		<occluded>0</occluded>
		<bndbox>
			<xmin>97</xmin>
			<xmax>123</xmax>
			<ymin>182</ymin>
			<ymax>219</ymax>
		</bndbox>
		<polygon>
			<x1>122.374716</x1>
			<y1>205.693305</y1>
			<x2>121.292201</x2>
			<y2>189.742388</y2>
			<x3>115.721381</x3>
			<y3>181.846727</y3>
			<x4>106.142271</x4>
			<y4>181.015161</y4>
			<x5>96.468482</x5>
			<y5>190.078371</y5>
			<x6>98.342856</x6>
			<y6>203.18180999999998</y6>
			<x7>107.203597</x7>
			<y7>217.620792</y7>
			<x8>116.614537</x8>
			<y8>217.587194</y8>
			<x9>122.374716</x9>
			<y9>205.693305</y9>
		</polygon>
	</object>
	<object>
		<name>capsicum</name>
		<pose>Unspecified</pose>
		<truncated>0</truncated>
		<difficult>0</difficult>
		<occluded>0</occluded>
		<bndbox>
			<xmin>341</xmin>
			<xmax>365</xmax>
			<ymin>203</ymin>
			<ymax>240</ymax>
		</bndbox>
		<polygon>
			<x1>362.138345</x1>
			<y1>235.840859</y1>
			<x2>364.464929</x2>
			<y2>220.125133</y2>
			<x3>361.774198</x3>
			<y3>206.282526</y3>
			<x4>353.635133</x4>
			<y4>202.477488</y4>
			<x5>341.99229</x5>
			<y5>208.332035</y5>
			<x6>340.240401</x6>
			<y6>213.161828</y6>
			<x7>345.236526</x7>
			<y7>231.943424</y7>
			<x8>353.400088</x8>
			<y8>239.335108</y8>
			<x9>362.138345</x9>
			<y9>235.840859</y9>
		</polygon>
	</object>
	<object>
		<name>greenapple</name>
		<pose>Unspecified</pose>
		<truncated>0</truncated>
		<difficult>0</difficult>
		<occluded>0</occluded>
		<bndbox>
			<xmin>362</xmin>
			<xmax>387</xmax>
			<ymin>353</ymin>
			<ymax>384</ymax>
		</bndbox>
		<polygon>
			<x1>386.284734</x1>
			<y1>373.905745</y1>
			<x2>384.57853</x2>
			<y2>361.667469</y2>
			<x3>375.262271</x3>
			<y3>351.806291</y3>
			<x4>367.484044</x4>
			<y4>353.318225</y4>
			<x5>360.595664</x5>
			<y5>366.32926599999996</y5>
			<x6>364.078254</x6>
			<y6>377.324395</y6>
			<x7>370.609104</x7>
			<y7>383.237743</y7>
			<x8>381.148243</x8>
			<y8>382.086994</y8>
			<x9>386.284734</x9>
			<y9>373.905745</y9>
		</polygon>
	</object>
</annotation>
