<annotation>
	<folder></folder>
	<filename>image_180_png.rf.89a9a93b4114be53223adfaf93f6b0c1.jpg</filename>
	<path>image_180_png.rf.89a9a93b4114be53223adfaf93f6b0c1.jpg</path>
	<source>
		<database>roboflow.ai</database>
	</source>
	<size>
		<width>416</width>
		<height>416</height>
		<depth>3</depth>
	</size>
	<segmented>0</segmented>
	<object>
		<name>orange</name>
		<pose>Unspecified</pose>
		<truncated>0</truncated>
		<difficult>0</difficult>
		<occluded>0</occluded>
		<bndbox>
			<xmin>103</xmin>
			<xmax>157</xmax>
			<ymin>1</ymin>
			<ymax>27</ymax>
		</bndbox>
		<polygon>
			<x1>101.894354</x1>
			<y1>0</y1>
			<x2>101.895144</x2>
			<y2>0.063343</y2>
			<x3>108.14523</x3>
			<y3>16.78001</y3>
			<x4>115.871071</x4>
			<y4>23.907527</y4>
			<x5>140.038138</x5>
			<y5>26.07753</y5>
			<x6>150.66973</x6>
			<y6>16.648196</y6>
			<x7>156.115173</x7>
			<y7>4.506089</y7>
			<x8>156.302696</x8>
			<y8>0</y8>
			<x9>101.894354</x9>
			<y9>0</y9>
		</polygon>
	</object>
	<object>
		<name>capsicum</name>
		<pose>Unspecified</pose>
		<truncated>0</truncated>
		<difficult>0</difficult>
		<occluded>0</occluded>
		<bndbox>
			<xmin>76</xmin>
			<xmax>99</xmax>
			<ymin>47</ymin>
			<ymax>82</ymax>
		</bndbox>
		<polygon>
			<x1>91.990062</x1>
			<y1>80.306059</y1>
			<x2>98.150503</x2>
			<y2>64.680101</y2>
			<x3>97.740555</x3>
			<y3>50.687622</y3>
			<x4>91.930922</x4>
			<y4>46.215801</y4>
			<x5>80.113372</x5>
			<y5>48.631773</y5>
			<x6>75.428686</x6>
			<y6>54.66858</y6>
			<x7>76.462117</x7>
			<y7>70.420107</y7>
			<x8>82.818971</x8>
			<y8>81.020059</y8>
			<x9>91.990062</x9>
			<y9>80.306059</y9>
		</polygon>
	</object>
	<object>
		<name>orange</name>
		<pose>Unspecified</pose>
		<truncated>0</truncated>
		<difficult>0</difficult>
		<occluded>0</occluded>
		<bndbox>
			<xmin>225</xmin>
			<xmax>254</xmax>
			<ymin>2</ymin>
			<ymax>74</ymax>
		</bndbox>
		<polygon>
			<x1>224</x1>
			<y1>73.232476</y1>
			<x2>235.807142</x2>
			<y2>71.864169</y2>
			<x3>241.7693</x3>
			<y3>67.597825</y3>
			<x4>249.84595</x4>
			<y4>54.627563</y4>
			<x5>253.34467899999999</x5>
			<y5>41.577393</y5>
			<x6>252.995741</x6>
			<y6>24.089648</y6>
			<x7>249.254841</x7>
			<y7>13.535358</y7>
			<x8>239.628045</x8>
			<y8>2.878329</y8>
			<x9>224</x9>
			<y9>0.758722</y9>
			<x10>224</x10>
			<y10>73.232476</y10>
		</polygon>
	</object>
</annotation>
