<annotation>
	<folder></folder>
	<filename>image_133_png.rf.e5461122627c0a9a5101d99c5ce60b2c.jpg</filename>
	<path>image_133_png.rf.e5461122627c0a9a5101d99c5ce60b2c.jpg</path>
	<source>
		<database>roboflow.ai</database>
	</source>
	<size>
		<width>416</width>
		<height>416</height>
		<depth>3</depth>
	</size>
	<segmented>0</segmented>
	<object>
		<name>capsicum</name>
		<pose>Unspecified</pose>
		<truncated>0</truncated>
		<difficult>0</difficult>
		<occluded>0</occluded>
		<bndbox>
			<xmin>141</xmin>
			<xmax>162</xmax>
			<ymin>152</ymin>
			<ymax>187</ymax>
		</bndbox>
		<polygon>
			<x1>161.252844</x1>
			<y1>176.867221</y1>
			<x2>161.382584</x2>
			<y2>155.976418</y2>
			<x3>157.691741</x3>
			<y3>151.079462</y3>
			<x4>147.331316</x4>
			<y4>151.985882</y4>
			<x5>140.510664</x5>
			<y5>156.06252</y5>
			<x6>140.499706</x6>
			<y6>170.853091</y6>
			<x7>145.51789</x7>
			<y7>183.463715</y7>
			<x8>154.237875</x8>
			<y8>186.180724</y8>
			<x9>161.252844</x9>
			<y9>176.867221</y9>
		</polygon>
	</object>
	<object>
		<name>greenapple</name>
		<pose>Unspecified</pose>
		<truncated>0</truncated>
		<difficult>0</difficult>
		<occluded>0</occluded>
		<bndbox>
			<xmin>278</xmin>
			<xmax>417</xmax>
			<ymin>145</ymin>
			<ymax>250</ymax>
		</bndbox>
		<polygon>
			<x1>416</x1>
			<y1>249</y1>
			<x2>416</x2>
			<y2>174.20562</y2>
			<x3>398.436203</x3>
			<y3>164.913429</y3>
			<x4>356.541294</x4>
			<y4>163.358896</y4>
			<x5>354.717496</x5>
			<y5>157.428618</y5>
			<x6>358.22497999999996</x6>
			<y6>152.771866</y6>
			<x7>357.620701</x7>
			<y7>145.864916</y7>
			<x8>352.86141</x8>
			<y8>143.671369</y8>
			<x9>353.07705599999997</x9>
			<y9>161.052046</y9>
			<x10>350.141563</x10>
			<y10>164.788777</y10>
			<x11>310.94458299999997</x11>
			<y11>171.697978</y11>
			<x12>293.946865</x12>
			<y12>186.234743</y12>
			<x13>285.442526</x13>
			<y13>200.898411</y13>
			<x14>279.258442</x14>
			<y14>219.708969</y14>
			<x15>276.959517</x15>
			<y15>238.17962</y15>
			<x16>277.61481</x16>
			<y16>249</y16>
			<x17>416</x17>
			<y17>249</y17>
		</polygon>
	</object>
	<object>
		<name>orange</name>
		<pose>Unspecified</pose>
		<truncated>0</truncated>
		<difficult>0</difficult>
		<occluded>0</occluded>
		<bndbox>
			<xmin>264</xmin>
			<xmax>417</xmax>
			<ymin>250</ymin>
			<ymax>384</ymax>
		</bndbox>
		<polygon>
			<x1>416</x1>
			<y1>249</y1>
			<x2>263.279426</x2>
			<y2>249</y2>
			<x3>262.99502</x3>
			<y3>271.930716</y3>
			<x4>270.462612</x4>
			<y4>319.996109</y4>
			<x5>285.484875</x5>
			<y5>350.00101</y5>
			<x6>297.129395</x6>
			<y6>363.77186</y6>
			<x7>311.06188099999997</x7>
			<y7>373.862628</y7>
			<x8>347.085804</x8>
			<y8>382.890624</y8>
			<x9>367.159128</x9>
			<y9>381.134436</y9>
			<x10>386.779241</x10>
			<y10>374.198036</y10>
			<x11>400.269475</x11>
			<y11>364.318021</y11>
			<x12>411.439455</x12>
			<y12>350.291116</y12>
			<x13>416</x13>
			<y13>339.70203300000003</y13>
			<x14>416</x14>
			<y14>249</y14>
		</polygon>
	</object>
</annotation>
