<annotation>
	<folder></folder>
	<filename>image_211_png.rf.17acec4b24ec3bf187e403988300ec4c.jpg</filename>
	<path>image_211_png.rf.17acec4b24ec3bf187e403988300ec4c.jpg</path>
	<source>
		<database>roboflow.ai</database>
	</source>
	<size>
		<width>416</width>
		<height>416</height>
		<depth>3</depth>
	</size>
	<segmented>0</segmented>
	<object>
		<name>redapple</name>
		<pose>Unspecified</pose>
		<truncated>0</truncated>
		<difficult>0</difficult>
		<occluded>0</occluded>
		<bndbox>
			<xmin>14</xmin>
			<xmax>82</xmax>
			<ymin>1</ymin>
			<ymax>47</ymax>
		</bndbox>
		<polygon>
			<x1>12.568503</x1>
			<y1>0</y1>
			<x2>12.831898</x2>
			<y2>11.434171</y2>
			<x3>20.906911</x3>
			<y3>32.937968</y3>
			<x4>44.525894</x4>
			<y4>46.043695</y4>
			<x5>64.751196</x5>
			<y5>40.096457</y5>
			<x6>78.166818</x6>
			<y6>31.324537</y6>
			<x7>80.596331</x7>
			<y7>0</y7>
			<x8>12.568503</x8>
			<y8>0</y8>
		</polygon>
	</object>
	<object>
		<name>orange</name>
		<pose>Unspecified</pose>
		<truncated>0</truncated>
		<difficult>0</difficult>
		<occluded>0</occluded>
		<bndbox>
			<xmin>170</xmin>
			<xmax>346</xmax>
			<ymin>52</ymin>
			<ymax>213</ymax>
		</bndbox>
		<polygon>
			<x1>338.41113</x1>
			<y1>212</y1>
			<x2>344.57428300000004</x2>
			<y2>182.345376</y2>
			<x3>342.043614</x3>
			<y3>144.987142</y3>
			<x4>329.08525</x4>
			<y4>103.89729</y4>
			<x5>306.753919</x5>
			<y5>74.18943</y5>
			<x6>281.861019</x6>
			<y6>55.974298</y6>
			<x7>245.25277</x7>
			<y7>50.629683</y7>
			<x8>211.616996</x8>
			<y8>57.207013</y8>
			<x9>197.56269700000001</x9>
			<y9>66.138172</y9>
			<x10>183.715568</x10>
			<y10>84.062726</y10>
			<x11>175.188448</x11>
			<y11>104.278872</y11>
			<x12>170.705702</x12>
			<y12>124.391147</y12>
			<x13>169.416333</x13>
			<y13>143.707222</y13>
			<x14>172.167904</x14>
			<y14>168.347313</y14>
			<x15>186.720092</x15>
			<y15>212</y15>
			<x16>338.41113</x16>
			<y16>212</y16>
		</polygon>
	</object>
	<object>
		<name>redapple</name>
		<pose>Unspecified</pose>
		<truncated>0</truncated>
		<difficult>0</difficult>
		<occluded>0</occluded>
		<bndbox>
			<xmin>1</xmin>
			<xmax>84</xmax>
			<ymin>213</ymin>
			<ymax>417</ymax>
		</bndbox>
		<polygon>
			<x1>0</x1>
			<y1>212</y1>
			<x2>0</x2>
			<y2>416</y2>
			<x3>80.952348</x3>
			<y3>416</y3>
			<x4>83.285609</x4>
			<y4>393.247588</y4>
			<x5>82.244612</x5>
			<y5>356.422441</y5>
			<x6>76.313395</x6>
			<y6>310.86701</y6>
			<x7>68.882208</x7>
			<y7>281.062146</y7>
			<x8>54.432456</x8>
			<y8>242.15314899999998</y8>
			<x9>36.40985</x9>
			<y9>212</y9>
			<x10>0</x10>
			<y10>212</y10>
		</polygon>
	</object>
	<object>
		<name>greenapple</name>
		<pose>Unspecified</pose>
		<truncated>0</truncated>
		<difficult>0</difficult>
		<occluded>0</occluded>
		<bndbox>
			<xmin>129</xmin>
			<xmax>148</xmax>
			<ymin>264</ymin>
			<ymax>322</ymax>
		</bndbox>
		<polygon>
			<x1>128</x1>
			<y1>321.246041</y1>
			<x2>142.875633</x2>
			<y2>315.995731</y2>
			<x3>147.14091</x3>
			<y3>303.173715</y3>
			<x4>143.32774</x4>
			<y4>274.275787</y4>
			<x5>135.244143</x5>
			<y5>266.341702</y5>
			<x6>128</x6>
			<y6>263.015922</y6>
			<x7>128</x7>
			<y7>321.246041</y7>
		</polygon>
	</object>
	<object>
		<name>mango</name>
		<pose>Unspecified</pose>
		<truncated>0</truncated>
		<difficult>0</difficult>
		<occluded>0</occluded>
		<bndbox>
			<xmin>197</xmin>
			<xmax>227</xmax>
			<ymin>221</ymin>
			<ymax>255</ymax>
		</bndbox>
		<polygon>
			<x1>225.93608899999998</x1>
			<y1>243.729661</y1>
			<x2>221.05102</x2>
			<y2>226.857549</y2>
			<x3>212.541066</x3>
			<y3>219.934271</y3>
			<x4>202.536293</x4>
			<y4>220.619731</y4>
			<x5>195.71803</x5>
			<y5>231.364764</y5>
			<x6>198.690505</x6>
			<y6>243.28671</y6>
			<x7>211.455435</x7>
			<y7>253.671627</y7>
			<x8>221.247888</x8>
			<y8>252.134599</y8>
			<x9>225.93608899999998</x9>
			<y9>243.729661</y9>
		</polygon>
	</object>
</annotation>
