<annotation>
	<folder></folder>
	<filename>image_141_png.rf.592c710573392d40e6deecf2ebf174ba.jpg</filename>
	<path>image_141_png.rf.592c710573392d40e6deecf2ebf174ba.jpg</path>
	<source>
		<database>roboflow.ai</database>
	</source>
	<size>
		<width>416</width>
		<height>416</height>
		<depth>3</depth>
	</size>
	<segmented>0</segmented>
	<object>
		<name>capsicum</name>
		<pose>Unspecified</pose>
		<truncated>0</truncated>
		<difficult>0</difficult>
		<occluded>0</occluded>
		<bndbox>
			<xmin>283</xmin>
			<xmax>348</xmax>
			<ymin>6</ymin>
			<ymax>179</ymax>
		</bndbox>
		<polygon>
			<x1>282</x1>
			<y1>178</y1>
			<x2>335.987744</x2>
			<y2>178</y2>
			<x3>346.217937</x3>
			<y3>123.67915</y3>
			<x4>347.295257</x4>
			<y4>72.963548</y4>
			<x5>343.552486</x5>
			<y5>45.932315</y5>
			<x6>334.045841</x6>
			<y6>25.994352</y6>
			<x7>312.174424</x7>
			<y7>9.768547</y7>
			<x8>291.246794</x8>
			<y8>10.133841</y8>
			<x9>283.337924</x9>
			<y9>6.77556</y9>
			<x10>282</x10>
			<y10>5.337164</y10>
			<x11>282</x11>
			<y11>178</y11>
		</polygon>
	</object>
	<object>
		<name>mango</name>
		<pose>Unspecified</pose>
		<truncated>0</truncated>
		<difficult>0</difficult>
		<occluded>0</occluded>
		<bndbox>
			<xmin>287</xmin>
			<xmax>313</xmax>
			<ymin>243</ymin>
			<ymax>278</ymax>
		</bndbox>
		<polygon>
			<x1>311.958019</x1>
			<y1>267.581054</y1>
			<x2>311.029485</x2>
			<y2>251.86377199999998</y2>
			<x3>302.359858</x3>
			<y3>242.400191</y3>
			<x4>293.842755</x4>
			<y4>241.674775</y4>
			<x5>286.132167</x5>
			<y5>249.676109</y5>
			<x6>285.691714</x6>
			<y6>261.920955</y6>
			<x7>297.06881</x7>
			<y7>276.581773</y7>
			<x8>305.57066</x8>
			<y8>276.433373</y8>
			<x9>311.958019</x9>
			<y9>267.581054</y9>
		</polygon>
	</object>
</annotation>
