<annotation>
	<folder></folder>
	<filename>image_177_png.rf.441949bf9c46e7d7e291b80c5c640c32.jpg</filename>
	<path>image_177_png.rf.441949bf9c46e7d7e291b80c5c640c32.jpg</path>
	<source>
		<database>roboflow.ai</database>
	</source>
	<size>
		<width>416</width>
		<height>416</height>
		<depth>3</depth>
	</size>
	<segmented>0</segmented>
	<object>
		<name>greenapple</name>
		<pose>Unspecified</pose>
		<truncated>0</truncated>
		<difficult>0</difficult>
		<occluded>0</occluded>
		<bndbox>
			<xmin>25</xmin>
			<xmax>80</xmax>
			<ymin>25</ymin>
			<ymax>109</ymax>
		</bndbox>
		<polygon>
			<x1>79</x1>
			<y1>35.819697</y1>
			<x2>77.755152</x2>
			<y2>34.489202</y2>
			<x3>64.200025</x3>
			<y3>26.01546</y3>
			<x4>52.970231</x4>
			<y4>24.236835</y4>
			<x5>43.684493</x5>
			<y5>27.285277</y5>
			<x6>31.503784</x6>
			<y6>44.336504</y6>
			<x7>24.328385</x7>
			<y7>63.988158</y7>
			<x8>24.558974</x8>
			<y8>83.908974</y8>
			<x9>33.833672</x9>
			<y9>98.031583</y9>
			<x10>42.904417</x10>
			<y10>104.891237</y10>
			<x11>62.061124</x11>
			<y11>107.925361</y11>
			<x12>78.231923</x12>
			<y12>104.159743</y12>
			<x13>79</x13>
			<y13>103.314059</y13>
			<x14>79</x14>
			<y14>35.819697</y14>
		</polygon>
	</object>
	<object>
		<name>mango</name>
		<pose>Unspecified</pose>
		<truncated>0</truncated>
		<difficult>0</difficult>
		<occluded>0</occluded>
		<bndbox>
			<xmin>195</xmin>
			<xmax>280</xmax>
			<ymin>1</ymin>
			<ymax>49</ymax>
		</bndbox>
		<polygon>
			<x1>213.010307</x1>
			<y1>0</y1>
			<x2>198.619233</x2>
			<y2>10.988052</y2>
			<x3>193.742534</x3>
			<y3>24.676963</y3>
			<x4>197.872273</x4>
			<y4>37.080859</y4>
			<x5>209.966598</x5>
			<y5>46.227065</y5>
			<x6>239.450897</x6>
			<y6>48.185424</y6>
			<x7>256.56157099999996</x7>
			<y7>42.761005</y7>
			<x8>271.486561</x8>
			<y8>29.759755</y8>
			<x9>278.865914</x9>
			<y9>17.371057</y9>
			<x10>278.66484</x10>
			<y10>0</y10>
			<x11>213.010307</x11>
			<y11>0</y11>
		</polygon>
	</object>
	<object>
		<name>redapple</name>
		<pose>Unspecified</pose>
		<truncated>0</truncated>
		<difficult>0</difficult>
		<occluded>0</occluded>
		<bndbox>
			<xmin>189</xmin>
			<xmax>259</xmax>
			<ymin>113</ymin>
			<ymax>202</ymax>
		</bndbox>
		<polygon>
			<x1>242.913577</x1>
			<y1>124.655707</y1>
			<x2>228.977173</x2>
			<y2>114.313914</y2>
			<x3>217.086802</x3>
			<y3>112.430664</y3>
			<x4>206.861189</x4>
			<y4>117.137907</y4>
			<x5>190.958651</x5>
			<y5>136.311149</y5>
			<x6>187.505083</x6>
			<y6>153.840788</y6>
			<x7>189.373794</x7>
			<y7>167.694236</y7>
			<x8>197.289669</x8>
			<y8>186.120786</y8>
			<x9>207.923192</x9>
			<y9>195.939454</y9>
			<x10>230.764057</x10>
			<y10>201.364755</y10>
			<x11>242.692099</x11>
			<y11>198.734814</y11>
			<x12>247.353805</x12>
			<y12>194.953998</y12>
			<x13>250.350753</x13>
			<y13>184.58269</y13>
			<x14>257.971733</x14>
			<y14>174.943756</y14>
			<x15>258.364049</x15>
			<y15>159.640757</y15>
			<x16>242.913577</x16>
			<y16>124.655707</y16>
		</polygon>
	</object>
	<object>
		<name>orange</name>
		<pose>Unspecified</pose>
		<truncated>0</truncated>
		<difficult>0</difficult>
		<occluded>0</occluded>
		<bndbox>
			<xmin>364</xmin>
			<xmax>417</xmax>
			<ymin>27</ymin>
			<ymax>100</ymax>
		</bndbox>
		<polygon>
			<x1>416</x1>
			<y1>42.446985</y1>
			<x2>409.976958</x2>
			<y2>31.810186</y2>
			<x3>385.814942</x3>
			<y3>26.175635</y3>
			<x4>372.109126</x4>
			<y4>35.754658</y4>
			<x5>367.409749</x5>
			<y5>44.048664</y5>
			<x6>363.435254</x6>
			<y6>60.591965</y6>
			<x7>364.707695</x7>
			<y7>82.485456</y7>
			<x8>370.958812</x8>
			<y8>94.321515</y8>
			<x9>378.987703</x9>
			<y9>99.208492</y9>
			<x10>401.484963</x10>
			<y10>98.252551</y10>
			<x11>410.287448</x11>
			<y11>89.70458</y11>
			<x12>416</x12>
			<y12>77.588781</y12>
			<x13>416</x13>
			<y13>42.446985</y13>
		</polygon>
	</object>
	<object>
		<name>greenapple</name>
		<pose>Unspecified</pose>
		<truncated>0</truncated>
		<difficult>0</difficult>
		<occluded>0</occluded>
		<bndbox>
			<xmin>320</xmin>
			<xmax>341</xmax>
			<ymin>125</ymin>
			<ymax>156</ymax>
		</bndbox>
		<polygon>
			<x1>333.541117</x1>
			<y1>155.278666</y1>
			<x2>339.803273</x2>
			<y2>149.943674</y2>
			<x3>340.093611</x3>
			<y3>131.009197</y3>
			<x4>333.004596</x4>
			<y4>124.463418</y4>
			<x5>325.17966</x5>
			<y5>126.839397</y5>
			<x6>319.29878099999996</x6>
			<y6>134.04244</y6>
			<x7>319.046114</x7>
			<y7>148.463726</y7>
			<x8>324.15340100000003</x8>
			<y8>154.69563</y8>
			<x9>333.541117</x9>
			<y9>155.278666</y9>
		</polygon>
	</object>
	<object>
		<name>redapple</name>
		<pose>Unspecified</pose>
		<truncated>0</truncated>
		<difficult>0</difficult>
		<occluded>0</occluded>
		<bndbox>
			<xmin>376</xmin>
			<xmax>417</xmax>
			<ymin>265</ymin>
			<ymax>342</ymax>
		</bndbox>
		<polygon>
			<x1>416</x1>
			<y1>269.261756</y1>
			<x2>402.860681</x2>
			<y2>264.203535</y2>
			<x3>389.09056</x3>
			<y3>265.637889</y3>
			<x4>382.828403</x4>
			<y4>270.972882</y4>
			<x5>378.129026</x5>
			<y5>279.266889</y5>
			<x6>374.815107</x6>
			<y6>295.914814</y6>
			<x7>377.027423</x7>
			<y7>316.149504</y7>
			<x8>384.282721</x8>
			<y8>334.471429</y8>
			<x9>399.4383</x9>
			<y9>341.390996</y9>
			<x10>407.923813</x10>
			<y10>339.119642</y10>
			<x11>415.544794</x11>
			<y11>329.480709</y11>
			<x12>416</x12>
			<y12>328.26631199999997</y12>
			<x13>416</x13>
			<y13>269.261756</y13>
		</polygon>
	</object>
</annotation>
