<annotation>
	<folder></folder>
	<filename>image_80_png.rf.3ffc1b54dc64c92495ab8710d72a5afb.jpg</filename>
	<path>image_80_png.rf.3ffc1b54dc64c92495ab8710d72a5afb.jpg</path>
	<source>
		<database>roboflow.ai</database>
	</source>
	<size>
		<width>416</width>
		<height>416</height>
		<depth>3</depth>
	</size>
	<segmented>0</segmented>
	<object>
		<name>mango</name>
		<pose>Unspecified</pose>
		<truncated>0</truncated>
		<difficult>0</difficult>
		<occluded>0</occluded>
		<bndbox>
			<xmin>118</xmin>
			<xmax>144</xmax>
			<ymin>15</ymin>
			<ymax>51</ymax>
		</bndbox>
		<polygon>
			<x1>142.803146</x1>
			<y1>41.253509</y1>
			<x2>142.695793</x2>
			<y2>25.101992</y2>
			<x3>136.303095</x3>
			<y3>15.907772</y3>
			<x4>126.307288</x4>
			<y4>13.764515</y4>
			<x5>116.57528</x5>
			<y5>23.292746</y5>
			<x6>116.776502</x6>
			<y6>36.756245</y6>
			<x7>127.067397</x7>
			<y7>49.674987</y7>
			<x8>135.784663</x8>
			<y8>49.979401</y8>
			<x9>142.803146</x9>
			<y9>41.253509</y9>
		</polygon>
	</object>
	<object>
		<name>redapple</name>
		<pose>Unspecified</pose>
		<truncated>0</truncated>
		<difficult>0</difficult>
		<occluded>0</occluded>
		<bndbox>
			<xmin>146</xmin>
			<xmax>188</xmax>
			<ymin>331</ymin>
			<ymax>417</ymax>
		</bndbox>
		<polygon>
			<x1>187</x1>
			<y1>416</y1>
			<x2>187</x2>
			<y2>333.63250500000004</y2>
			<x3>181.026526</x3>
			<y3>330.467735</y3>
			<x4>168.956463</x4>
			<y4>330.046239</y4>
			<x5>156.573509</x5>
			<y5>338.5848</y5>
			<x6>145.124914</x6>
			<y6>358.818264</y6>
			<x7>145.075821</x7>
			<y7>379.44980899999996</y7>
			<x8>151.186916</x8>
			<y8>396.70808</y8>
			<x9>159.497424</x9>
			<y9>408.660565</y9>
			<x10>172.95084</x10>
			<y10>416</y10>
			<x11>187</x11>
			<y11>416</y11>
		</polygon>
	</object>
	<object>
		<name>mango</name>
		<pose>Unspecified</pose>
		<truncated>0</truncated>
		<difficult>0</difficult>
		<occluded>0</occluded>
		<bndbox>
			<xmin>364</xmin>
			<xmax>417</xmax>
			<ymin>129</ymin>
			<ymax>175</ymax>
		</bndbox>
		<polygon>
			<x1>416</x1>
			<y1>128</y1>
			<x2>378.171332</x2>
			<y2>128</y2>
			<x3>368.62141299999996</x3>
			<y3>137.255568</y3>
			<x4>363.58331799999996</x4>
			<y4>146.947715</y4>
			<x5>363.270426</x5>
			<y5>155.907771</y5>
			<x6>369.569257</x6>
			<y6>167.790007</y6>
			<x7>380.110465</x7>
			<y7>173.540704</y7>
			<x8>411.050048</x8>
			<y8>171.929843</y8>
			<x9>416</x9>
			<y9>169.547942</y9>
			<x10>416</x10>
			<y10>128</y10>
		</polygon>
	</object>
	<object>
		<name>greenapple</name>
		<pose>Unspecified</pose>
		<truncated>0</truncated>
		<difficult>0</difficult>
		<occluded>0</occluded>
		<bndbox>
			<xmin>215</xmin>
			<xmax>239</xmax>
			<ymin>227</ymin>
			<ymax>259</ymax>
		</bndbox>
		<polygon>
			<x1>237.724296</x1>
			<y1>251.998603</y1>
			<x2>238.16234500000002</x2>
			<y2>239.454525</y2>
			<x3>233.843903</x3>
			<y3>228.538543</y3>
			<x4>225.189214</x4>
			<y4>226.442118</y4>
			<x5>215.58236399999998</x5>
			<y5>232.386328</y5>
			<x6>213.64675</x6>
			<y6>249.36360000000002</y6>
			<x7>220.741297</x7>
			<y7>257.685231</y7>
			<x8>233.513208</x8>
			<y8>257.23413800000003</y8>
			<x9>237.724296</x9>
			<y9>251.998603</y9>
		</polygon>
	</object>
</annotation>
