<annotation>
	<folder></folder>
	<filename>image_218_png.rf.4f9321bff4d06a9e3296bf0a3c9bb50c.jpg</filename>
	<path>image_218_png.rf.4f9321bff4d06a9e3296bf0a3c9bb50c.jpg</path>
	<source>
		<database>roboflow.ai</database>
	</source>
	<size>
		<width>416</width>
		<height>416</height>
		<depth>3</depth>
	</size>
	<segmented>0</segmented>
	<object>
		<name>greenapple</name>
		<pose>Unspecified</pose>
		<truncated>0</truncated>
		<difficult>0</difficult>
		<occluded>0</occluded>
		<bndbox>
			<xmin>206</xmin>
			<xmax>367</xmax>
			<ymin>150</ymin>
			<ymax>209</ymax>
		</bndbox>
		<polygon>
			<x1>365.94058</x1>
			<y1>208</y1>
			<x2>365.652523</x2>
			<y2>203.555543</y2>
			<x3>356.22213899999997</x3>
			<y3>180.533155</y3>
			<x4>330.155429</x4>
			<y4>161.340094</y4>
			<x5>298.275959</x5>
			<y5>151.611803</y5>
			<x6>289.95779600000003</x6>
			<y6>153.526466</y6>
			<x7>255.810003</x7>
			<y7>148.654584</y7>
			<x8>233.857021</x8>
			<y8>159.396449</y8>
			<x9>221.64027099999998</x9>
			<y9>171.147958</y9>
			<x10>209.21132699999998</x10>
			<y10>190.804211</y10>
			<x11>204.576178</x11>
			<y11>208</y11>
			<x12>365.94058</x12>
			<y12>208</y12>
		</polygon>
	</object>
	<object>
		<name>greenapple</name>
		<pose>Unspecified</pose>
		<truncated>0</truncated>
		<difficult>0</difficult>
		<occluded>0</occluded>
		<bndbox>
			<xmin>387</xmin>
			<xmax>411</xmax>
			<ymin>242</ymin>
			<ymax>273</ymax>
		</bndbox>
		<polygon>
			<x1>407.117229</x1>
			<y1>264.62998600000003</y1>
			<x2>409.763114</x2>
			<y2>251.018089</y2>
			<x3>405.981595</x3>
			<y3>243.219934</y3>
			<x4>396.576098</x4>
			<y4>240.508802</y4>
			<x5>388.872579</x5>
			<y5>246.074493</y5>
			<x6>385.754004</x6>
			<y6>258.71162</y6>
			<x7>388.732098</x7>
			<y7>267.236493</y7>
			<x8>398.444917</x8>
			<y8>271.773137</y8>
			<x9>407.117229</x9>
			<y9>264.62998600000003</y9>
		</polygon>
	</object>
	<object>
		<name>capsicum</name>
		<pose>Unspecified</pose>
		<truncated>0</truncated>
		<difficult>0</difficult>
		<occluded>0</occluded>
		<bndbox>
			<xmin>256</xmin>
			<xmax>278</xmax>
			<ymin>209</ymin>
			<ymax>239</ymax>
		</bndbox>
		<polygon>
			<x1>258.339831</x1>
			<y1>208</y1>
			<x2>255.73072100000002</x2>
			<y2>212.248347</y2>
			<x3>254.810228</x3>
			<y3>230.610065</y3>
			<x4>258.591747</x4>
			<y4>238.40822</y4>
			<x5>267.85528999999997</x5>
			<y5>238.443095</y5>
			<x6>275.298314</x6>
			<y6>223.997892</y6>
			<x7>276.668083</x7>
			<y7>210.137943</y7>
			<x8>272.879251</x8>
			<y8>208</y8>
			<x9>258.339831</x9>
			<y9>208</y9>
		</polygon>
	</object>
</annotation>
