<annotation>
	<folder></folder>
	<filename>image_80_png.rf.08b010adbe5fe1ae1c44263af5b0040f.jpg</filename>
	<path>image_80_png.rf.08b010adbe5fe1ae1c44263af5b0040f.jpg</path>
	<source>
		<database>roboflow.ai</database>
	</source>
	<size>
		<width>416</width>
		<height>416</height>
		<depth>3</depth>
	</size>
	<segmented>0</segmented>
	<object>
		<name>mango</name>
		<pose>Unspecified</pose>
		<truncated>0</truncated>
		<difficult>0</difficult>
		<occluded>0</occluded>
		<bndbox>
			<xmin>363</xmin>
			<xmax>417</xmax>
			<ymin>11</ymin>
			<ymax>80</ymax>
		</bndbox>
		<polygon>
			<x1>416</x1>
			<y1>9.507225</y1>
			<x2>395.058937</x2>
			<y2>18.338785</y2>
			<x3>366.555615</x3>
			<y3>41.611363</y3>
			<x4>362.293669</x4>
			<y4>57.379461</y4>
			<x5>366.933964</x5>
			<y5>68.033713</y5>
			<x6>379.306485</x6>
			<y6>77.046813</y6>
			<x7>404.30095800000004</x7>
			<y7>78.740993</y7>
			<x8>416</x8>
			<y8>75.562743</y8>
			<x9>416</x9>
			<y9>9.507225</y9>
		</polygon>
	</object>
	<object>
		<name>orange</name>
		<pose>Unspecified</pose>
		<truncated>0</truncated>
		<difficult>0</difficult>
		<occluded>0</occluded>
		<bndbox>
			<xmin>7</xmin>
			<xmax>187</xmax>
			<ymin>220</ymin>
			<ymax>417</ymax>
		</bndbox>
		<polygon>
			<x1>153.644532</x1>
			<y1>416</y1>
			<x2>155.363489</x2>
			<y2>414.190981</y2>
			<x3>170.491761</x3>
			<y3>389.038662</y3>
			<x4>182.567876</x4>
			<y4>351.636725</y4>
			<x5>185.657404</x5>
			<y5>310.243959</y5>
			<x6>178.131237</x6>
			<y6>276.45207500000004</y6>
			<x7>167.638457</x7>
			<y7>254.063925</y7>
			<x8>158.985646</x8>
			<y8>242.84575</y8>
			<x9>127.302448</x9>
			<y9>225.66302000000002</y9>
			<x10>89.434189</x10>
			<y10>218.522419</y10>
			<x11>74.095055</x11>
			<y11>220.913054</y11>
			<x12>57.209956</x12>
			<y12>229.451392</y12>
			<x13>41.453901</x13>
			<y13>244.51338</y13>
			<x14>27.077525</x14>
			<y14>264.31568</y14>
			<x15>15.543647</x15>
			<y15>288.154594</y15>
			<x16>9.861051</x16>
			<y16>309.178725</y16>
			<x17>6.352202</x17>
			<y17>334.145483</y17>
			<x18>6.229288</x18>
			<y18>364.134514</y18>
			<x19>15.929201</x19>
			<y19>401.869026</y19>
			<x20>24.596352</x20>
			<y20>416</y20>
			<x21>153.644532</x21>
			<y21>416</y21>
		</polygon>
	</object>
	<object>
		<name>mango</name>
		<pose>Unspecified</pose>
		<truncated>0</truncated>
		<difficult>0</difficult>
		<occluded>0</occluded>
		<bndbox>
			<xmin>369</xmin>
			<xmax>397</xmax>
			<ymin>195</ymin>
			<ymax>232</ymax>
		</bndbox>
		<polygon>
			<x1>394.69640200000003</x1>
			<y1>222.022966</y1>
			<x2>396.325511</x2>
			<y2>210.43125600000002</y2>
			<x3>391.26709500000004</x3>
			<y3>197.899677</y3>
			<x4>380.943004</x4>
			<y4>193.720875</y4>
			<x5>369.90918899999997</x5>
			<y5>199.444429</y5>
			<x6>367.904132</x6>
			<y6>213.71114799999998</y6>
			<x7>377.811304</x7>
			<y7>230.561303</y7>
			<x8>387.299153</x8>
			<y8>230.985452</y8>
			<x9>394.69640200000003</x9>
			<y9>222.022966</y9>
		</polygon>
	</object>
</annotation>
