<annotation>
	<folder></folder>
	<filename>image_11_png.rf.8b07b9f6a90b41a69381e0e81f50d308.jpg</filename>
	<path>image_11_png.rf.8b07b9f6a90b41a69381e0e81f50d308.jpg</path>
	<source>
		<database>roboflow.ai</database>
	</source>
	<size>
		<width>416</width>
		<height>416</height>
		<depth>3</depth>
	</size>
	<segmented>0</segmented>
	<object>
		<name>greenapple</name>
		<pose>Unspecified</pose>
		<truncated>0</truncated>
		<difficult>0</difficult>
		<occluded>0</occluded>
		<bndbox>
			<xmin>50</xmin>
			<xmax>167</xmax>
			<ymin>1</ymin>
			<ymax>163</ymax>
		</bndbox>
		<polygon>
			<x1>166</x1>
			<y1>162</y1>
			<x2>166</x2>
			<y2>0</y2>
			<x3>77.807258</x3>
			<y3>0</y3>
			<x4>72.606109</x4>
			<y4>5.003195</y4>
			<x5>60.812967</x5>
			<y5>23.897875</y5>
			<x6>55.532663</x6>
			<y6>37.991105</y6>
			<x7>49.313213</x7>
			<y7>70.78269</y7>
			<x8>49.360094</x8>
			<y8>96.914469</y8>
			<x9>53.057695</x9>
			<y9>124.789805</y9>
			<x10>57.397753</x10>
			<y10>141.104071</y10>
			<x11>68.678148</x11>
			<y11>162</y11>
			<x12>166</x12>
			<y12>162</y12>
		</polygon>
	</object>
	<object>
		<name>mango</name>
		<pose>Unspecified</pose>
		<truncated>0</truncated>
		<difficult>0</difficult>
		<occluded>0</occluded>
		<bndbox>
			<xmin>184</xmin>
			<xmax>417</xmax>
			<ymin>23</ymin>
			<ymax>163</ymax>
		</bndbox>
		<polygon>
			<x1>416</x1>
			<y1>162</y1>
			<x2>416</x2>
			<y2>37.790641</y2>
			<x3>400.062914</x3>
			<y3>29.971405</y3>
			<x4>367.353681</x4>
			<y4>22.419883</y4>
			<x5>348.408544</x5>
			<y5>22.549667</y5>
			<x6>308.34659</x6>
			<y6>32.21581</y6>
			<x7>216.183033</x7>
			<y7>68.584423</y7>
			<x8>198.124659</x8>
			<y8>82.42977</y8>
			<x9>185.936667</x9>
			<y9>103.034738</y9>
			<x10>182.727678</x10>
			<y10>125.712672</y10>
			<x11>184.699732</x11>
			<y11>140.579518</y11>
			<x12>195.522611</x12>
			<y12>162</y12>
			<x13>416</x13>
			<y13>162</y13>
		</polygon>
	</object>
	<object>
		<name>mango</name>
		<pose>Unspecified</pose>
		<truncated>0</truncated>
		<difficult>0</difficult>
		<occluded>0</occluded>
		<bndbox>
			<xmin>97</xmin>
			<xmax>167</xmax>
			<ymin>163</ymin>
			<ymax>182</ymax>
		</bndbox>
		<polygon>
			<x1>166</x1>
			<y1>162</y1>
			<x2>95.970993</x2>
			<y2>162</y2>
			<x3>97.375426</x3>
			<y3>167.176818</y3>
			<x4>106.6991</x4>
			<y4>176.535138</y4>
			<x5>131.26811</x5>
			<y5>181.306619</y5>
			<x6>153.765804</x6>
			<y6>177.493395</y6>
			<x7>166</x7>
			<y7>168.595508</y7>
			<x8>166</x8>
			<y8>162</y8>
		</polygon>
	</object>
	<object>
		<name>orange</name>
		<pose>Unspecified</pose>
		<truncated>0</truncated>
		<difficult>0</difficult>
		<occluded>0</occluded>
		<bndbox>
			<xmin>167</xmin>
			<xmax>312</xmax>
			<ymin>245</ymin>
			<ymax>417</ymax>
		</bndbox>
		<polygon>
			<x1>166</x1>
			<y1>416</y1>
			<x2>289.308339</x2>
			<y2>416</y2>
			<x3>291.637588</x3>
			<y3>413.096851</y3>
			<x4>303.480911</x4>
			<y4>385.20653</y4>
			<x5>310.193375</x5>
			<y5>356.131655</y5>
			<x6>311.132521</x6>
			<y6>337.43330000000003</y6>
			<x7>304.278314</x7>
			<y7>299.821978</y7>
			<x8>292.982585</x8>
			<y8>275.596811</y8>
			<x9>261.06415400000003</x9>
			<y9>252.91557699999998</y9>
			<x10>228.108415</x10>
			<y10>243.5057</y10>
			<x11>212.370065</x11>
			<y11>244.375828</y11>
			<x12>194.60838</x12>
			<y12>251.083892</y12>
			<x13>177.191364</x13>
			<y13>265.077308</y13>
			<x14>166</x14>
			<y14>277.960819</y14>
			<x15>166</x15>
			<y15>416</y15>
		</polygon>
	</object>
</annotation>
