<annotation>
	<folder></folder>
	<filename>image_136_png.rf.395254eeae2a0ce16ff88f0f7f403df6.jpg</filename>
	<path>image_136_png.rf.395254eeae2a0ce16ff88f0f7f403df6.jpg</path>
	<source>
		<database>roboflow.ai</database>
	</source>
	<size>
		<width>416</width>
		<height>416</height>
		<depth>3</depth>
	</size>
	<segmented>0</segmented>
	<object>
		<name>capsicum</name>
		<pose>Unspecified</pose>
		<truncated>0</truncated>
		<difficult>0</difficult>
		<occluded>0</occluded>
		<bndbox>
			<xmin>113</xmin>
			<xmax>137</xmax>
			<ymin>80</ymin>
			<ymax>119</ymax>
		</bndbox>
		<polygon>
			<x1>111.677601</x1>
			<y1>98.101223</y1>
			<x2>115.519339</x2>
			<y2>114.228513</y2>
			<x3>123.761616</x3>
			<y3>117.581483</y3>
			<x4>132.418672</x4>
			<y4>108.68871</y4>
			<x5>135.973034</x5>
			<y5>90.57663</y5>
			<x6>133.324396</x6>
			<y6>83.326601</y6>
			<x7>126.080637</x7>
			<y7>83.570142</y7>
			<x8>124.506688</x8>
			<y8>79.045999</y8>
			<x9>122.898811</x9>
			<y9>82.414481</y9>
			<x10>113.395576</x10>
			<y10>85.969495</y10>
			<x11>111.677601</x11>
			<y11>98.101223</y11>
		</polygon>
	</object>
	<object>
		<name>orange</name>
		<pose>Unspecified</pose>
		<truncated>0</truncated>
		<difficult>0</difficult>
		<occluded>0</occluded>
		<bndbox>
			<xmin>269</xmin>
			<xmax>324</xmax>
			<ymin>52</ymin>
			<ymax>124</ymax>
		</bndbox>
		<polygon>
			<x1>310.922876</x1>
			<y1>54.180015</y1>
			<x2>289.572447</x2>
			<y2>50.557517</y2>
			<x3>279.993042</x3>
			<y3>54.983156</y3>
			<x4>270.955137</x4>
			<y4>68.229049</y4>
			<x5>267.59535700000004</x5>
			<y5>91.62188</y5>
			<x6>269.710807</x6>
			<y6>104.966276</y6>
			<x7>275.236591</x7>
			<y7>116.854463</y7>
			<x8>283.25036</x8>
			<y8>122.819304</y8>
			<x9>304.90546800000004</x9>
			<y9>122.959305</y9>
			<x10>315.59349</x10>
			<y10>113.366931</y10>
			<x11>319.537013</x11>
			<y11>105.816353</y11>
			<x12>322.329678</x12>
			<y12>96.410513</y12>
			<x13>322.930722</x13>
			<y13>74.530899</y13>
			<x14>319.782825</x14>
			<y14>65.482614</y14>
			<x15>310.922876</x15>
			<y15>54.180015</y15>
		</polygon>
	</object>
	<object>
		<name>greenapple</name>
		<pose>Unspecified</pose>
		<truncated>0</truncated>
		<difficult>0</difficult>
		<occluded>0</occluded>
		<bndbox>
			<xmin>404</xmin>
			<xmax>417</xmax>
			<ymin>51</ymin>
			<ymax>106</ymax>
		</bndbox>
		<polygon>
			<x1>416</x1>
			<y1>49.807318</y1>
			<x2>412.834765</x2>
			<y2>52.568694</y2>
			<x3>406.97868700000004</x3>
			<y3>66.970248</y3>
			<x4>403.348156</x4>
			<y4>85.952952</y4>
			<x5>405.192855</x5>
			<y5>94.887222</y5>
			<x6>413.553544</x6>
			<y6>104.391567</y6>
			<x7>416</x7>
			<y7>104.715827</y7>
			<x8>416</x8>
			<y8>49.807318</y8>
		</polygon>
	</object>
	<object>
		<name>orange</name>
		<pose>Unspecified</pose>
		<truncated>0</truncated>
		<difficult>0</difficult>
		<occluded>0</occluded>
		<bndbox>
			<xmin>76</xmin>
			<xmax>101</xmax>
			<ymin>222</ymin>
			<ymax>253</ymax>
		</bndbox>
		<polygon>
			<x1>98.436298</x1>
			<y1>243.815953</y1>
			<x2>99.578844</x2>
			<y2>230.756594</y2>
			<x3>96.278607</x3>
			<y3>223.449558</y3>
			<x4>87.30856</x4>
			<y4>220.910205</y4>
			<x5>78.380754</x5>
			<y5>225.39285</y5>
			<x6>75.207241</x6>
			<y6>239.15181</y6>
			<x7>82.036223</x7>
			<y7>251.154012</y7>
			<x8>91.15861</x8>
			<y8>251.952117</y8>
			<x9>98.436298</x9>
			<y9>243.815953</y9>
		</polygon>
	</object>
	<object>
		<name>capsicum</name>
		<pose>Unspecified</pose>
		<truncated>0</truncated>
		<difficult>0</difficult>
		<occluded>0</occluded>
		<bndbox>
			<xmin>71</xmin>
			<xmax>92</xmax>
			<ymin>351</ymin>
			<ymax>384</ymax>
		</bndbox>
		<polygon>
			<x1>84.294345</x1>
			<y1>382.94476099999997</y1>
			<x2>90.074254</x2>
			<y2>369.41383099999996</y2>
			<x3>91.292969</x3>
			<y3>355.48384699999997</y3>
			<x4>85.233997</x4>
			<y4>349.690029</y4>
			<x5>74.579903</x5>
			<y5>351.38978</y5>
			<x6>70.941059</x6>
			<y6>355.457861</y6>
			<x7>69.722343</x7>
			<y7>369.38784499999997</y7>
			<x8>75.095788</x8>
			<y8>383.01727900000003</y8>
			<x9>84.294345</x9>
			<y9>382.94476099999997</y9>
		</polygon>
	</object>
	<object>
		<name>mango</name>
		<pose>Unspecified</pose>
		<truncated>0</truncated>
		<difficult>0</difficult>
		<occluded>0</occluded>
		<bndbox>
			<xmin>175</xmin>
			<xmax>255</xmax>
			<ymin>323</ymin>
			<ymax>390</ymax>
		</bndbox>
		<polygon>
			<x1>174</x1>
			<y1>373.54898000000003</y1>
			<x2>177.887807</x2>
			<y2>381.913219</y2>
			<x3>187.780204</x3>
			<y3>388.919707</y3>
			<x4>213.996505</x4>
			<y4>389.45876</y4>
			<x5>234.306174</x5>
			<y5>382.46274600000004</y5>
			<x6>245.721965</x6>
			<y6>372.056756</y6>
			<x7>254.184439</x7>
			<y7>357.883232</y7>
			<x8>253.329947</x8>
			<y8>337.630851</y8>
			<x9>243.24296900000002</x9>
			<y9>325.343612</y9>
			<x10>224.498937</x10>
			<y10>321.94914600000004</y10>
			<x11>203.385329</x11>
			<y11>330.62940000000003</y11>
			<x12>176.339475</x12>
			<y12>354.58183099999997</y12>
			<x13>174</x13>
			<y13>363.66528</y13>
			<x14>174</x14>
			<y14>373.54898000000003</y14>
		</polygon>
	</object>
</annotation>
