<annotation>
	<folder></folder>
	<filename>image_179_png.rf.ea8ea649473cba51218339d3b25f648e.jpg</filename>
	<path>image_179_png.rf.ea8ea649473cba51218339d3b25f648e.jpg</path>
	<source>
		<database>roboflow.ai</database>
	</source>
	<size>
		<width>416</width>
		<height>416</height>
		<depth>3</depth>
	</size>
	<segmented>0</segmented>
	<object>
		<name>greenapple</name>
		<pose>Unspecified</pose>
		<truncated>0</truncated>
		<difficult>0</difficult>
		<occluded>0</occluded>
		<bndbox>
			<xmin>9</xmin>
			<xmax>53</xmax>
			<ymin>1</ymin>
			<ymax>45</ymax>
		</bndbox>
		<polygon>
			<x1>12.615323</x1>
			<y1>0</y1>
			<x2>9.485062</x2>
			<y2>7.186718</y2>
			<x3>8.28577</x3>
			<y3>30.070567</y3>
			<x4>18.803884</x4>
			<y4>43.86028</y4>
			<x5>39.951212</x5>
			<y5>44.086</y5>
			<x6>49.446106</x6>
			<y6>26.932297</y6>
			<x7>52.056475</x7>
			<y7>2.357268</y7>
			<x8>50.17072</x8>
			<y8>0</y8>
			<x9>12.615323</x9>
			<y9>0</y9>
		</polygon>
	</object>
	<object>
		<name>capsicum</name>
		<pose>Unspecified</pose>
		<truncated>0</truncated>
		<difficult>0</difficult>
		<occluded>0</occluded>
		<bndbox>
			<xmin>266</xmin>
			<xmax>417</xmax>
			<ymin>13</ymin>
			<ymax>263</ymax>
		</bndbox>
		<polygon>
			<x1>416</x1>
			<y1>60.80312</y1>
			<x2>399.731438</x2>
			<y2>48.2653</y2>
			<x3>380.608476</x3>
			<y3>47.263108</y3>
			<x4>368.356397</x4>
			<y4>41.32561</y4>
			<x5>366.641279</x5>
			<y5>23.584416</y5>
			<x6>360.554547</x6>
			<y6>13.557203</y6>
			<x7>355.37149999999997</x7>
			<y7>11.52044</y7>
			<x8>350.617233</x8>
			<y8>13.918976</y8>
			<x9>353.32829</x9>
			<y9>37.890324</y9>
			<x10>337.317883</x10>
			<y10>40.581516</y10>
			<x11>316.355062</x11>
			<y11>36.835205</y11>
			<x12>297.753131</x12>
			<y12>38.508015</y12>
			<x13>282.554157</x13>
			<y13>50.949953</y13>
			<x14>274.331961</x14>
			<y14>69.052921</y14>
			<x15>268.516781</x15>
			<y15>91.694862</y15>
			<x16>265.135899</x16>
			<y16>143.589039</y16>
			<x17>275.431813</x17>
			<y17>212.086166</y17>
			<x18>290.362462</x18>
			<y18>255.231789</y18>
			<x19>295.725644</x19>
			<y19>262</y19>
			<x20>391.88538700000004</x20>
			<y20>262</y20>
			<x21>399.53454</x21>
			<y21>253.892732</y21>
			<x22>404.65782</x22>
			<y22>244.453012</y22>
			<x23>414.844614</x23>
			<y23>214.097088</y23>
			<x24>416</x24>
			<y24>209.180417</y24>
			<x25>416</x25>
			<y25>60.80312</y25>
		</polygon>
	</object>
	<object>
		<name>redapple</name>
		<pose>Unspecified</pose>
		<truncated>0</truncated>
		<difficult>0</difficult>
		<occluded>0</occluded>
		<bndbox>
			<xmin>19</xmin>
			<xmax>90</xmax>
			<ymin>333</ymin>
			<ymax>417</ymax>
		</bndbox>
		<polygon>
			<x1>70.651305</x1>
			<y1>416</y1>
			<x2>76.988172</x2>
			<y2>413.56940599999996</y2>
			<x3>88.876445</x3>
			<y3>388.598046</y3>
			<x4>88.203392</x4>
			<y4>376.206857</y4>
			<x5>70.127701</x5>
			<y5>342.604628</y5>
			<x6>56.695177</x6>
			<y6>333.95757000000003</y6>
			<x7>44.212466</x7>
			<y7>332.420813</y7>
			<x8>33.292853</x8>
			<y8>338.909065</y8>
			<x9>21.114181</x9>
			<y9>356.804682</y9>
			<x10>18.351792</x10>
			<y10>371.663524</y10>
			<x11>21.431861</x11>
			<y11>388.593687</y11>
			<x12>32.332628</x12>
			<y12>407.698847</y12>
			<x13>41.900929</x13>
			<y13>414.378259</y13>
			<x14>55.073949</x14>
			<y14>416</y14>
			<x15>70.651305</x15>
			<y15>416</y15>
		</polygon>
	</object>
	<object>
		<name>orange</name>
		<pose>Unspecified</pose>
		<truncated>0</truncated>
		<difficult>0</difficult>
		<occluded>0</occluded>
		<bndbox>
			<xmin>185</xmin>
			<xmax>240</xmax>
			<ymin>263</ymin>
			<ymax>305</ymax>
		</bndbox>
		<polygon>
			<x1>184.576978</x1>
			<y1>262</y1>
			<x2>184.414626</x2>
			<y2>281.519177</y2>
			<x3>188.476994</x3>
			<y3>292.322862</y3>
			<x4>195.928678</x4>
			<y4>301.539043</y4>
			<x5>217.597038</x5>
			<y5>304.439765</y5>
			<x6>224.329543</x6>
			<y6>302.144904</y6>
			<x7>232.090474</x7>
			<y7>292.843417</y7>
			<x8>237.490513</x8>
			<y8>278.122808</y8>
			<x9>238.94229</x9>
			<y9>262</y9>
			<x10>184.576978</x10>
			<y10>262</y10>
		</polygon>
	</object>
	<object>
		<name>capsicum</name>
		<pose>Unspecified</pose>
		<truncated>0</truncated>
		<difficult>0</difficult>
		<occluded>0</occluded>
		<bndbox>
			<xmin>242</xmin>
			<xmax>276</xmax>
			<ymin>341</ymin>
			<ymax>395</ymax>
		</bndbox>
		<polygon>
			<x1>262.035456</x1>
			<y1>393.55158700000004</y1>
			<x2>266.881977</x2>
			<y2>389.39275499999997</y2>
			<x3>272.189764</x3>
			<y3>376.432442</y3>
			<x4>275.41342</x4>
			<y4>352.772119</y4>
			<x5>270.645512</x5>
			<y5>342.814024</y5>
			<x6>255.571278</x6>
			<y6>340.258886</y6>
			<x7>243.286712</x7>
			<y7>347.558168</y7>
			<x8>241.474135</x8>
			<y8>369.527312</y8>
			<x9>246.961221</x9>
			<y9>390.996449</y9>
			<x10>262.035456</x10>
			<y10>393.55158700000004</y10>
		</polygon>
	</object>
</annotation>
