<annotation>
	<folder></folder>
	<filename>image_23_png.rf.22f26d83358cee004138137eb41c7310.jpg</filename>
	<path>image_23_png.rf.22f26d83358cee004138137eb41c7310.jpg</path>
	<source>
		<database>roboflow.ai</database>
	</source>
	<size>
		<width>416</width>
		<height>416</height>
		<depth>3</depth>
	</size>
	<segmented>0</segmented>
	<object>
		<name>mango</name>
		<pose>Unspecified</pose>
		<truncated>0</truncated>
		<difficult>0</difficult>
		<occluded>0</occluded>
		<bndbox>
			<xmin>1</xmin>
			<xmax>221</xmax>
			<ymin>47</ymin>
			<ymax>154</ymax>
		</bndbox>
		<polygon>
			<x1>0</x1>
			<y1>153</y1>
			<x2>220</x2>
			<y2>153</y2>
			<x3>220</x3>
			<y3>60.710077</y3>
			<x4>216.831806</x4>
			<y4>58.727878</y4>
			<x5>194.505398</x5>
			<y5>50.983876</y5>
			<x6>161.414211</x6>
			<y6>46.333213</y6>
			<x7>144.825388</x7>
			<y7>46.765544</y7>
			<x8>116.161629</x8>
			<y8>54.713316</y8>
			<x9>11.377173</x9>
			<y9>104.474056</y9>
			<x10>0</x10>
			<y10>113.7794</y10>
			<x11>0</x11>
			<y11>153</y11>
		</polygon>
	</object>
	<object>
		<name>capsicum</name>
		<pose>Unspecified</pose>
		<truncated>0</truncated>
		<difficult>0</difficult>
		<occluded>0</occluded>
		<bndbox>
			<xmin>226</xmin>
			<xmax>262</xmax>
			<ymin>1</ymin>
			<ymax>36</ymax>
		</bndbox>
		<polygon>
			<x1>226.297228</x1>
			<y1>0</y1>
			<x2>225.119862</x2>
			<y2>5.675706</y2>
			<x3>229.120442</x3>
			<y3>31.111599</y3>
			<x4>243.72378</x4>
			<y4>35.006456</y4>
			<x5>252.549028</x5>
			<y5>26.113055</y5>
			<x6>261.329749</x6>
			<y6>0</y6>
			<x7>226.297228</x7>
			<y7>0</y7>
		</polygon>
	</object>
	<object>
		<name>mango</name>
		<pose>Unspecified</pose>
		<truncated>0</truncated>
		<difficult>0</difficult>
		<occluded>0</occluded>
		<bndbox>
			<xmin>345</xmin>
			<xmax>401</xmax>
			<ymin>34</ymin>
			<ymax>100</ymax>
		</bndbox>
		<polygon>
			<x1>356.255468</x1>
			<y1>37.924306</y1>
			<x2>348.653915</x2>
			<y2>47.910933</y2>
			<x3>343.580767</x3>
			<y3>69.307856</y3>
			<x4>345.560804</x4>
			<y4>79.719841</y4>
			<x5>350.496092</x5>
			<y5>88.704666</y5>
			<x6>363.66231</x6>
			<y6>97.925027</y6>
			<x7>372.441605</x7>
			<y7>99.158877</y7>
			<x8>384.68401</x8>
			<y8>95.351958</y8>
			<x9>397.22630000000004</x9>
			<y9>79.610984</y9>
			<x10>399.598127</x10>
			<y10>57.834413</y10>
			<x11>387.955489</x11>
			<y11>37.773223</y11>
			<x12>368.624839</x12>
			<y12>33.213984</y12>
			<x13>356.255468</x13>
			<y13>37.924306</y13>
		</polygon>
	</object>
	<object>
		<name>orange</name>
		<pose>Unspecified</pose>
		<truncated>0</truncated>
		<difficult>0</difficult>
		<occluded>0</occluded>
		<bndbox>
			<xmin>11</xmin>
			<xmax>36</xmax>
			<ymin>300</ymin>
			<ymax>332</ymax>
		</bndbox>
		<polygon>
			<x1>32.870725</x1>
			<y1>323.566122</y1>
			<x2>35.323565</x2>
			<y2>311.013399</y2>
			<x3>32.414267</x3>
			<y3>302.313308</y3>
			<x4>23.888903</x4>
			<y4>299.272653</y4>
			<x5>13.672488</x5>
			<y5>303.364308</y5>
			<x6>10.417353</x6>
			<y6>316.72552099999996</y6>
			<x7>13.199685</x7>
			<y7>326.32901400000003</y7>
			<x8>24.299407</x8>
			<y8>330.652717</y8>
			<x9>32.870725</x9>
			<y9>323.566122</y9>
		</polygon>
	</object>
	<object>
		<name>mango</name>
		<pose>Unspecified</pose>
		<truncated>0</truncated>
		<difficult>0</difficult>
		<occluded>0</occluded>
		<bndbox>
			<xmin>143</xmin>
			<xmax>171</xmax>
			<ymin>316</ymin>
			<ymax>354</ymax>
		</bndbox>
		<polygon>
			<x1>168.104267</x1>
			<y1>346.256942</y1>
			<x2>170.389635</x2>
			<y2>329.995697</y2>
			<x3>166.256642</x3>
			<y3>320.202381</y3>
			<x4>154.608556</x4>
			<y4>314.880364</y4>
			<x5>143.884282</x5>
			<y5>322.58562800000004</y5>
			<x6>142.106772</x6>
			<y6>335.23326199999997</y6>
			<x7>150.332254</x7>
			<y7>350.20797200000004</y7>
			<x8>159.532949</x8>
			<y8>353.34353699999997</y8>
			<x9>168.104267</x9>
			<y9>346.256942</y9>
		</polygon>
	</object>
	<object>
		<name>redapple</name>
		<pose>Unspecified</pose>
		<truncated>0</truncated>
		<difficult>0</difficult>
		<occluded>0</occluded>
		<bndbox>
			<xmin>183</xmin>
			<xmax>221</xmax>
			<ymin>183</ymin>
			<ymax>272</ymax>
		</bndbox>
		<polygon>
			<x1>220</x1>
			<y1>183.671639</y1>
			<x2>211.17736</x2>
			<y2>181.879922</y2>
			<x3>200.031685</x3>
			<y3>187.683469</y3>
			<x4>185.630876</x4>
			<y4>206.84823</y4>
			<x5>182.121811</x5>
			<y5>222.01624900000002</y5>
			<x6>184.43679</x6>
			<y6>239.845276</y6>
			<x7>192.956707</x7>
			<y7>257.62510399999996</y7>
			<x8>203.969969</x8>
			<y8>267.464132</y8>
			<x9>220</x9>
			<y9>271.300212</y9>
			<x10>220</x10>
			<y10>183.671639</y10>
		</polygon>
	</object>
	<object>
		<name>redapple</name>
		<pose>Unspecified</pose>
		<truncated>0</truncated>
		<difficult>0</difficult>
		<occluded>0</occluded>
		<bndbox>
			<xmin>235</xmin>
			<xmax>417</xmax>
			<ymin>154</ymin>
			<ymax>407</ymax>
		</bndbox>
		<polygon>
			<x1>416</x1>
			<y1>153</y1>
			<x2>252.873931</x2>
			<y2>153</y2>
			<x3>248.624303</x3>
			<y3>162.364363</y3>
			<x4>244.059013</x4>
			<y4>180.147677</y4>
			<x5>233.688394</x5>
			<y5>258.838602</y5>
			<x6>237.175667</x6>
			<y6>302.627278</y6>
			<x7>242.988814</x7>
			<y7>334.766633</y7>
			<x8>256.484526</x8>
			<y8>366.14321</y8>
			<x9>295.261896</x9>
			<y9>403.836632</y9>
			<x10>311.469825</x10>
			<y10>406.114508</y10>
			<x11>326.92141100000003</x11>
			<y11>399.073624</y11>
			<x12>352.670424</x12>
			<y12>397.164935</y12>
			<x13>365.293725</x13>
			<y13>390.647808</y13>
			<x14>378.00348399999996</x14>
			<y14>378.615355</y14>
			<x15>400.808142</x15>
			<y15>348.655477</y15>
			<x16>416</x16>
			<y16>322.459258</y16>
			<x17>416</x17>
			<y17>153</y17>
		</polygon>
	</object>
</annotation>
