<annotation>
	<folder></folder>
	<filename>image_56_png.rf.75b40d19b25498828f11418215bfcf01.jpg</filename>
	<path>image_56_png.rf.75b40d19b25498828f11418215bfcf01.jpg</path>
	<source>
		<database>roboflow.ai</database>
	</source>
	<size>
		<width>416</width>
		<height>416</height>
		<depth>3</depth>
	</size>
	<segmented>0</segmented>
	<object>
		<name>mango</name>
		<pose>Unspecified</pose>
		<truncated>0</truncated>
		<difficult>0</difficult>
		<occluded>0</occluded>
		<bndbox>
			<xmin>200</xmin>
			<xmax>228</xmax>
			<ymin>54</ymin>
			<ymax>92</ymax>
		</bndbox>
		<polygon>
			<x1>224.248226</x1>
			<y1>83.060096</y1>
			<x2>226.514457</x2>
			<y2>67.838944</y2>
			<x3>223.396727</x3>
			<y3>58.941451</y3>
			<x4>212.076461</x4>
			<y4>53.055917</y4>
			<x5>201.849194</x5>
			<y5>59.359405</y5>
			<x6>199.08827</x6>
			<y6>73.563124</y6>
			<x7>205.519268</x7>
			<y7>86.789748</y7>
			<x8>214.343093</x8>
			<y8>91.268749</y8>
			<x9>224.248226</x9>
			<y9>83.060096</y9>
		</polygon>
	</object>
	<object>
		<name>greenapple</name>
		<pose>Unspecified</pose>
		<truncated>0</truncated>
		<difficult>0</difficult>
		<occluded>0</occluded>
		<bndbox>
			<xmin>45</xmin>
			<xmax>70</xmax>
			<ymin>171</ymin>
			<ymax>203</ymax>
		</bndbox>
		<polygon>
			<x1>64.028831</x1>
			<y1>198.399202</y1>
			<x2>68.964061</x2>
			<y2>183.696852</y2>
			<x3>65.35164</x3>
			<y3>173.781926</y3>
			<x4>57.022508</x4>
			<y4>170.320358</y4>
			<x5>47.807605</x5>
			<y5>174.978082</y5>
			<x6>43.712182</x6>
			<y6>188.9224</y6>
			<x7>46.829912</x7>
			<y7>197.819893</y7>
			<x8>56.320986</x8>
			<y8>202.428594</y8>
			<x9>64.028831</x9>
			<y9>198.399202</y9>
		</polygon>
	</object>
	<object>
		<name>redapple</name>
		<pose>Unspecified</pose>
		<truncated>0</truncated>
		<difficult>0</difficult>
		<occluded>0</occluded>
		<bndbox>
			<xmin>229</xmin>
			<xmax>252</xmax>
			<ymin>12</ymin>
			<ymax>89</ymax>
		</bndbox>
		<polygon>
			<x1>228</x1>
			<y1>87.692384</y1>
			<x2>233.188257</x2>
			<y2>86.594892</y2>
			<x3>248.546294</x3>
			<y3>61.020691</y3>
			<x4>251.13466</x4>
			<y4>47.704705</y4>
			<x5>249.178872</x5>
			<y5>39.954344</y5>
			<x6>234.637261</x6>
			<y6>15.01716</y6>
			<x7>228</x7>
			<y7>11.038058</y7>
			<x8>228</x8>
			<y8>87.692384</y8>
		</polygon>
	</object>
	<object>
		<name>orange</name>
		<pose>Unspecified</pose>
		<truncated>0</truncated>
		<difficult>0</difficult>
		<occluded>0</occluded>
		<bndbox>
			<xmin>307</xmin>
			<xmax>367</xmax>
			<ymin>209</ymin>
			<ymax>263</ymax>
		</bndbox>
		<polygon>
			<x1>360.682358</x1>
			<y1>262</y1>
			<x2>366.179009</x2>
			<y2>239.581519</y2>
			<x3>358.80458999999996</x3>
			<y3>216.95877</y3>
			<x4>335.646384</x4>
			<y4>207.8509</y4>
			<x5>321.588175</x5>
			<y5>212.488454</y5>
			<x6>311.660061</x6>
			<y6>224.377738</y6>
			<x7>306.011619</x7>
			<y7>246.311647</y7>
			<x8>305.942675</x8>
			<y8>257.353537</y8>
			<x9>306.987688</x9>
			<y9>262</y9>
			<x10>360.682358</x10>
			<y10>262</y10>
		</polygon>
	</object>
	<object>
		<name>greenapple</name>
		<pose>Unspecified</pose>
		<truncated>0</truncated>
		<difficult>0</difficult>
		<occluded>0</occluded>
		<bndbox>
			<xmin>208</xmin>
			<xmax>229</xmax>
			<ymin>263</ymin>
			<ymax>287</ymax>
		</bndbox>
		<polygon>
			<x1>228</x1>
			<y1>262</y1>
			<x2>208.758605</x2>
			<y2>262</y2>
			<x3>206.600576</x3>
			<y3>273.102095</y3>
			<x4>210.212998</x4>
			<y4>283.01702</y4>
			<x5>221.383688</x5>
			<y5>286.10965699999997</y5>
			<x6>228</x6>
			<y6>280.726377</y6>
			<x7>228</x7>
			<y7>262</y7>
		</polygon>
	</object>
</annotation>
