<annotation>
	<folder></folder>
	<filename>image_99_png.rf.7ff28463883a6be64f06bed4b638297c.jpg</filename>
	<path>image_99_png.rf.7ff28463883a6be64f06bed4b638297c.jpg</path>
	<source>
		<database>roboflow.ai</database>
	</source>
	<size>
		<width>416</width>
		<height>416</height>
		<depth>3</depth>
	</size>
	<segmented>0</segmented>
	<object>
		<name>mango</name>
		<pose>Unspecified</pose>
		<truncated>0</truncated>
		<difficult>0</difficult>
		<occluded>0</occluded>
		<bndbox>
			<xmin>167</xmin>
			<xmax>231</xmax>
			<ymin>33</ymin>
			<ymax>113</ymax>
		</bndbox>
		<polygon>
			<x1>166</x1>
			<y1>106.910779</y1>
			<x2>171.514071</x2>
			<y2>111.502062</y2>
			<x3>190.860846</x3>
			<y3>109.952496</y3>
			<x4>209.843528</x4>
			<y4>99.414521</y4>
			<x5>220.74232</x5>
			<y5>89.225424</y5>
			<x6>229.551121</x6>
			<y6>68.693177</y6>
			<x7>229.731529</x7>
			<y7>54.107287</y7>
			<x8>224.871192</x8>
			<y8>43.597853</y8>
			<x9>217.286156</x9>
			<y9>35.635691</y9>
			<x10>202.752977</x10>
			<y10>32.26107</y10>
			<x11>188.129593</x11>
			<y11>36.179394</y11>
			<x12>173.461655</x12>
			<y12>50.104222</y12>
			<x13>166</x13>
			<y13>64.66892</y13>
			<x14>166</x14>
			<y14>106.910779</y14>
		</polygon>
	</object>
	<object>
		<name>greenapple</name>
		<pose>Unspecified</pose>
		<truncated>0</truncated>
		<difficult>0</difficult>
		<occluded>0</occluded>
		<bndbox>
			<xmin>283</xmin>
			<xmax>309</xmax>
			<ymin>1</ymin>
			<ymax>26</ymax>
		</bndbox>
		<polygon>
			<x1>284.663371</x1>
			<y1>0</y1>
			<x2>282.136591</x2>
			<y2>5.538714</y2>
			<x3>285.316679</x3>
			<y3>17.406967</y3>
			<x4>295.444912</x4>
			<y4>24.687681</y4>
			<x5>303.074503</x5>
			<y5>22.643339</y5>
			<x6>307.569654</x6>
			<y6>11.444301</y6>
			<x7>304.616714</x7>
			<y7>0.423781</y7>
			<x8>304.128877</x8>
			<y8>0</y8>
			<x9>284.663371</x9>
			<y9>0</y9>
		</polygon>
	</object>
	<object>
		<name>capsicum</name>
		<pose>Unspecified</pose>
		<truncated>0</truncated>
		<difficult>0</difficult>
		<occluded>0</occluded>
		<bndbox>
			<xmin>183</xmin>
			<xmax>207</xmax>
			<ymin>157</ymin>
			<ymax>192</ymax>
		</bndbox>
		<polygon>
			<x1>206.172232</x1>
			<y1>184.897746</y1>
			<x2>206.125491</x2>
			<y2>169.464124</y2>
			<x3>200.583707</x3>
			<y3>156.411492</y3>
			<x4>192.908466</x4>
			<y4>155.742276</y4>
			<x5>184.052926</x5>
			<y5>160.840901</y5>
			<x6>181.828174</x6>
			<y6>167.797199</y6>
			<x7>189.595803</x7>
			<y7>186.613596</y7>
			<x8>199.678387</x8>
			<y8>191.180751</y8>
			<x9>206.172232</x9>
			<y9>184.897746</y9>
		</polygon>
	</object>
	<object>
		<name>greenapple</name>
		<pose>Unspecified</pose>
		<truncated>0</truncated>
		<difficult>0</difficult>
		<occluded>0</occluded>
		<bndbox>
			<xmin>115</xmin>
			<xmax>140</xmax>
			<ymin>267</ymin>
			<ymax>297</ymax>
		</bndbox>
		<polygon>
			<x1>138.58625</x1>
			<y1>285.17531</y1>
			<x2>134.951863</x2>
			<y2>271.611592</y2>
			<x3>128.048275</x3>
			<y3>266.192628</y3>
			<x4>118.284137</x4>
			<y4>267.900324</y4>
			<x5>113.743337</x5>
			<y5>276.385803</y5>
			<x6>116.514776</x6>
			<y6>289.27215</y6>
			<x7>123.009714</x7>
			<y7>295.709208</y7>
			<x8>133.86395</x8>
			<y8>295.526615</y8>
			<x9>138.58625</x9>
			<y9>285.17531</y9>
		</polygon>
	</object>
	<object>
		<name>greenapple</name>
		<pose>Unspecified</pose>
		<truncated>0</truncated>
		<difficult>0</difficult>
		<occluded>0</occluded>
		<bndbox>
			<xmin>257</xmin>
			<xmax>417</xmax>
			<ymin>260</ymin>
			<ymax>417</ymax>
		</bndbox>
		<polygon>
			<x1>416</x1>
			<y1>416</y1>
			<x2>416</x2>
			<y2>302.644573</y2>
			<x3>403.96254799999997</x3>
			<y3>281.547776</y3>
			<x4>385.159182</x4>
			<y4>264.779799</y4>
			<x5>352.91382699999997</x5>
			<y5>258.882367</y5>
			<x6>319.579466</x6>
			<y6>264.179895</y6>
			<x7>312.858472</x7>
			<y7>269.615167</y7>
			<x8>279.615409</x8>
			<y8>280.339812</y8>
			<x9>264.402967</x9>
			<y9>299.86212</y9>
			<x10>258.500365</x10>
			<y10>315.981267</y10>
			<x11>255.913705</x11>
			<y11>339.389281</y11>
			<x12>262.910774</x12>
			<y12>375.675487</y12>
			<x13>272.449948</x13>
			<y13>398.560185</y13>
			<x14>283.120346</x14>
			<y14>416</y14>
			<x15>416</x15>
			<y15>416</y15>
		</polygon>
	</object>
</annotation>
