<annotation>
	<folder></folder>
	<filename>image_150_png.rf.2cc10a4181f6a77d3b1babdfd4ddecb3.jpg</filename>
	<path>image_150_png.rf.2cc10a4181f6a77d3b1babdfd4ddecb3.jpg</path>
	<source>
		<database>roboflow.ai</database>
	</source>
	<size>
		<width>416</width>
		<height>416</height>
		<depth>3</depth>
	</size>
	<segmented>0</segmented>
	<object>
		<name>orange</name>
		<pose>Unspecified</pose>
		<truncated>0</truncated>
		<difficult>0</difficult>
		<occluded>0</occluded>
		<bndbox>
			<xmin>37</xmin>
			<xmax>62</xmax>
			<ymin>226</ymin>
			<ymax>258</ymax>
		</bndbox>
		<polygon>
			<x1>59.166966</x1>
			<y1>249.729251</y1>
			<x2>60.93994</x2>
			<y2>237.285692</y2>
			<x3>57.241072</x3>
			<y3>228.224045</y3>
			<x4>47.976897</x4>
			<y4>225.220789</y4>
			<x5>39.831442</x5>
			<y5>228.509335</y5>
			<x6>35.959795</x6>
			<y6>243.559351</y6>
			<x7>40.933159</x7>
			<y7>254.452</y7>
			<x8>49.528931</x8>
			<y8>257.431915</y8>
			<x9>59.166966</x9>
			<y9>249.729251</y9>
		</polygon>
	</object>
	<object>
		<name>redapple</name>
		<pose>Unspecified</pose>
		<truncated>0</truncated>
		<difficult>0</difficult>
		<occluded>0</occluded>
		<bndbox>
			<xmin>189</xmin>
			<xmax>204</xmax>
			<ymin>223</ymin>
			<ymax>283</ymax>
		</bndbox>
		<polygon>
			<x1>203</x1>
			<y1>282</y1>
			<x2>203</x2>
			<y2>222.050922</y2>
			<x3>199.316339</x3>
			<y3>222.466447</y3>
			<x4>191.683513</x4>
			<y4>230.239135</y4>
			<x5>188.698353</x5>
			<y5>239.06737</y5>
			<x6>188.0441</x6>
			<y6>257.802731</y6>
			<x7>196.676982</x7>
			<y7>282</y7>
			<x8>203</x8>
			<y8>282</y8>
		</polygon>
	</object>
	<object>
		<name>greenapple</name>
		<pose>Unspecified</pose>
		<truncated>0</truncated>
		<difficult>0</difficult>
		<occluded>0</occluded>
		<bndbox>
			<xmin>212</xmin>
			<xmax>387</xmax>
			<ymin>110</ymin>
			<ymax>283</ymax>
		</bndbox>
		<polygon>
			<x1>370.960753</x1>
			<y1>282</y1>
			<x2>379.99506299999996</x2>
			<y2>257.317534</y2>
			<x3>384.877818</x3>
			<y3>232.477099</y3>
			<x4>385.750155</x4>
			<y4>207.496618</y4>
			<x5>380.12539400000003</x5>
			<y5>176.929764</y5>
			<x6>367.629674</x6>
			<y6>151.48246</y6>
			<x7>346.070857</x7>
			<y7>136.437641</y7>
			<x8>303.480004</x8>
			<y8>129.590848</y8>
			<x9>302.361282</x9>
			<y9>123.299046</y9>
			<x10>306.527474</x10>
			<y10>118.978292</y10>
			<x11>306.776713</x11>
			<y11>111.841012</y11>
			<x12>302.191358</x12>
			<y12>109.001143</y12>
			<x13>300.231454</x13>
			<y13>126.797663</y13>
			<x14>296.76482</x14>
			<y14>130.249597</y14>
			<x15>255.867625</x15>
			<y15>132.394428</y15>
			<x16>236.685021</x16>
			<y16>145.123277</y16>
			<x17>226.1605</x17>
			<y17>159.04772</y17>
			<x18>217.485412</x18>
			<y18>177.502987</y18>
			<x19>212.820742</x19>
			<y19>196.098302</y19>
			<x20>211.280001</x20>
			<y20>221.055442</y20>
			<x21>213.718523</x21>
			<y21>247.044789</y21>
			<x22>222.016896</x22>
			<y22>277.705007</y22>
			<x23>224.362686</x23>
			<y23>282</y23>
			<x24>370.960753</x24>
			<y24>282</y24>
		</polygon>
	</object>
	<object>
		<name>greenapple</name>
		<pose>Unspecified</pose>
		<truncated>0</truncated>
		<difficult>0</difficult>
		<occluded>0</occluded>
		<bndbox>
			<xmin>67</xmin>
			<xmax>91</xmax>
			<ymin>302</ymin>
			<ymax>333</ymax>
		</bndbox>
		<polygon>
			<x1>89.840892</x1>
			<y1>325.974777</y1>
			<x2>90.277061</x2>
			<y2>313.484536</y2>
			<x3>85.9721</x3>
			<y3>302.615228</y3>
			<x4>77.345173</x4>
			<y4>300.527473</y4>
			<x5>67.769449</x5>
			<y5>306.445817</y5>
			<x6>65.840699</x6>
			<y6>323.350175</y6>
			<x7>72.912736</x7>
			<y7>331.636368</y7>
			<x8>85.643546</x8>
			<y8>331.18769</y8>
			<x9>89.840892</x9>
			<y9>325.974777</y9>
		</polygon>
	</object>
	<object>
		<name>redapple</name>
		<pose>Unspecified</pose>
		<truncated>0</truncated>
		<difficult>0</difficult>
		<occluded>0</occluded>
		<bndbox>
			<xmin>321</xmin>
			<xmax>392</xmax>
			<ymin>323</ymin>
			<ymax>405</ymax>
		</bndbox>
		<polygon>
			<x1>358.233111</x1>
			<y1>322.990203</y1>
			<x2>344.896208</x2>
			<y2>321.63122</y2>
			<x3>334.68323599999997</x3>
			<y3>326.63406299999997</y3>
			<x4>325.339745</x4>
			<y4>345.065989</y4>
			<x5>319.913207</x5>
			<y5>366.314442</y5>
			<x6>320.78269</x6>
			<y6>379.743525</y6>
			<x7>333.589958</x7>
			<y7>396.269229</y7>
			<x8>344.765877</x8>
			<y8>402.01898900000003</y8>
			<x9>364.118406</x9>
			<y9>403.588042</y9>
			<x10>378.341796</x10>
			<y10>398.725245</y10>
			<x11>386.92341799999997</x11>
			<y11>382.946459</y11>
			<x12>391.494624</x12>
			<y12>367.027624</y12>
			<x13>391.168925</x13>
			<y13>357.190523</y13>
			<x14>375.300037</x14>
			<y14>332.518672</y14>
			<x15>358.233111</x15>
			<y15>322.990203</y15>
		</polygon>
	</object>
</annotation>
