<annotation>
	<folder></folder>
	<filename>image_156_png.rf.d0ac786605ad0dad572a8ea5bb5d80c1.jpg</filename>
	<path>image_156_png.rf.d0ac786605ad0dad572a8ea5bb5d80c1.jpg</path>
	<source>
		<database>roboflow.ai</database>
	</source>
	<size>
		<width>416</width>
		<height>416</height>
		<depth>3</depth>
	</size>
	<segmented>0</segmented>
	<object>
		<name>greenapple</name>
		<pose>Unspecified</pose>
		<truncated>0</truncated>
		<difficult>0</difficult>
		<occluded>0</occluded>
		<bndbox>
			<xmin>18</xmin>
			<xmax>65</xmax>
			<ymin>14</ymin>
			<ymax>76</ymax>
		</bndbox>
		<polygon>
			<x1>20.398251</x1>
			<y1>34.116496</y1>
			<x2>17.169923</x2>
			<y2>58.329074</y2>
			<x3>22.214227</x3>
			<y3>68.861873</y3>
			<x4>29.17774</x4>
			<y4>74.140414</y4>
			<x5>47.524672</x5>
			<y5>75.159425</y5>
			<x6>56.865742</x6>
			<y6>64.319932</y6>
			<x7>64.041324</x7>
			<y7>35.06625</y7>
			<x8>60.836005</x8>
			<y8>26.545395</y8>
			<x9>51.641083</x9>
			<y9>16.485678</y9>
			<x10>34.929771</x10>
			<y10>12.91059</y10>
			<x11>28.183926</x11>
			<y11>18.566878</y11>
			<x12>20.398251</x12>
			<y12>34.116496</y12>
		</polygon>
	</object>
	<object>
		<name>orange</name>
		<pose>Unspecified</pose>
		<truncated>0</truncated>
		<difficult>0</difficult>
		<occluded>0</occluded>
		<bndbox>
			<xmin>164</xmin>
			<xmax>222</xmax>
			<ymin>48</ymin>
			<ymax>92</ymax>
		</bndbox>
		<polygon>
			<x1>219.165589</x1>
			<y1>91</y1>
			<x2>221.042828</x2>
			<y2>82.484968</y2>
			<x3>219.75672</x3>
			<y3>68.709854</y3>
			<x4>209.966008</x4>
			<y4>51.312882</y4>
			<x5>185.142518</x5>
			<y5>46.885171</y5>
			<x6>175.787143</x6>
			<y6>51.357856</y6>
			<x7>167.027559</x7>
			<y7>63.167796</y7>
			<x8>163.028687</x8>
			<y8>88.208715</y8>
			<x9>163.485117</x9>
			<y9>91</y9>
			<x10>219.165589</x10>
			<y10>91</y10>
		</polygon>
	</object>
	<object>
		<name>mango</name>
		<pose>Unspecified</pose>
		<truncated>0</truncated>
		<difficult>0</difficult>
		<occluded>0</occluded>
		<bndbox>
			<xmin>263</xmin>
			<xmax>287</xmax>
			<ymin>20</ymin>
			<ymax>83</ymax>
		</bndbox>
		<polygon>
			<x1>262</x1>
			<y1>81.657607</y1>
			<x2>265.257425</x2>
			<y2>81.792706</y2>
			<x3>279.236068</x3>
			<y3>72.34997</y3>
			<x4>285.764244</x4>
			<y4>55.758853</y4>
			<x5>286.033531</x5>
			<y5>46.693864</y5>
			<x6>282.530317</x6>
			<y6>34.504382</y6>
			<x7>274.781955</x7>
			<y7>23.687374</y7>
			<x8>262</x8>
			<y8>19.40999</y8>
			<x9>262</x9>
			<y9>81.657607</y9>
		</polygon>
	</object>
	<object>
		<name>capsicum</name>
		<pose>Unspecified</pose>
		<truncated>0</truncated>
		<difficult>0</difficult>
		<occluded>0</occluded>
		<bndbox>
			<xmin>56</xmin>
			<xmax>228</xmax>
			<ymin>140</ymin>
			<ymax>417</ymax>
		</bndbox>
		<polygon>
			<x1>158.010337</x1>
			<y1>416</y1>
			<x2>161.316222</x2>
			<y2>413.5406</y2>
			<x3>192.043491</x3>
			<y3>381.306327</y3>
			<x4>206.059448</x4>
			<y4>345.496965</y4>
			<x5>222.344127</x5>
			<y5>288.10215400000004</y5>
			<x6>227.070632</x6>
			<y6>243.132468</y6>
			<x7>225.566854</x7>
			<y7>218.422526</y7>
			<x8>219.534338</x8>
			<y8>197.78324</y8>
			<x9>198.927388</x9>
			<y9>179.249436</y9>
			<x10>179.228427</x10>
			<y10>178.088321</y10>
			<x11>167.62734</x11>
			<y11>171.413022</y11>
			<x12>164.814446</x12>
			<y12>165.66140000000001</y12>
			<x13>165.069428</x13>
			<y13>150.229603</y13>
			<x14>160.512079</x14>
			<y14>141.566642</y14>
			<x15>151.912946</x15>
			<y15>138.844179</y15>
			<x16>149.03413</x16>
			<y16>146.72556600000001</y16>
			<x17>152.631873</x17>
			<y17>158.01565499999998</y17>
			<x18>151.199618</x18>
			<y18>165.13975299999998</y18>
			<x19>133.921125</x19>
			<y19>166.961027</y19>
			<x20>120.778948</x20>
			<y20>161.942412</y20>
			<x21>93.360233</x21>
			<y21>162.697905</y21>
			<x22>79.381588</x22>
			<y22>172.14064100000002</y22>
			<x23>70.149353</x23>
			<y23>188.44755</y23>
			<x24>61.418377</x24>
			<y24>212.991106</y24>
			<x25>54.976026</x25>
			<y25>267.78307</y25>
			<x26>61.406568</x26>
			<y26>336.658639</y26>
			<x27>68.427298</x27>
			<y27>367.404412</y27>
			<x28>76.000905</x28>
			<y28>386.387015</y28>
			<x29>86.751221</x29>
			<y29>401.156857</y29>
			<x30>98.839263</x30>
			<y30>409.701995</y30>
			<x31>120.186221</x31>
			<y31>416</y31>
			<x32>158.010337</x32>
			<y32>416</y32>
		</polygon>
	</object>
	<object>
		<name>greenapple</name>
		<pose>Unspecified</pose>
		<truncated>0</truncated>
		<difficult>0</difficult>
		<occluded>0</occluded>
		<bndbox>
			<xmin>263</xmin>
			<xmax>297</xmax>
			<ymin>218</ymin>
			<ymax>281</ymax>
		</bndbox>
		<polygon>
			<x1>262</x1>
			<y1>279.281485</y1>
			<x2>280.992686</x2>
			<y2>279.53261699999996</y2>
			<x3>289.657741</x3>
			<y3>268.622071</y3>
			<x4>295.698961</x4>
			<y4>250.161115</y4>
			<x5>296.157308</x5>
			<y5>239.297338</y5>
			<x6>286.272066</x6>
			<y6>222.799761</y6>
			<x7>278.632538</x7>
			<y7>217.45016800000002</y7>
			<x8>269.844345</x8>
			<y8>216.52649200000002</y8>
			<x9>262</x9>
			<y9>221.680868</y9>
			<x10>262</x10>
			<y10>279.281485</y10>
		</polygon>
	</object>
	<object>
		<name>orange</name>
		<pose>Unspecified</pose>
		<truncated>0</truncated>
		<difficult>0</difficult>
		<occluded>0</occluded>
		<bndbox>
			<xmin>398</xmin>
			<xmax>417</xmax>
			<ymin>254</ymin>
			<ymax>327</ymax>
		</bndbox>
		<polygon>
			<x1>416</x1>
			<y1>252.643586</y1>
			<x2>409.255158</x2>
			<y2>255.731047</y2>
			<x3>401.07705799999997</x3>
			<y3>268.511433</y3>
			<x4>396.874821</x4>
			<y4>288.984333</y4>
			<x5>397.57944499999996</x5>
			<y5>301.789</y5>
			<x6>401.66414199999997</x6>
			<y6>314.948929</y6>
			<x7>409.02008</x7>
			<y7>322.996703</y7>
			<x8>416</x8>
			<y8>325.76689</y8>
			<x9>416</x9>
			<y9>252.643586</y9>
		</polygon>
	</object>
	<object>
		<name>mango</name>
		<pose>Unspecified</pose>
		<truncated>0</truncated>
		<difficult>0</difficult>
		<occluded>0</occluded>
		<bndbox>
			<xmin>346</xmin>
			<xmax>375</xmax>
			<ymin>352</ymin>
			<ymax>389</ymax>
		</bndbox>
		<polygon>
			<x1>372.076834</x1>
			<y1>381.857528</y1>
			<x2>373.778375</x2>
			<y2>365.668441</y2>
			<x3>368.73407199999997</x3>
			<y3>355.135642</y3>
			<x4>356.849395</x4>
			<y4>351.158524</y4>
			<x5>347.980976</x5>
			<y5>357.50105</y5>
			<x6>345.305524</x6>
			<y6>369.950457</y6>
			<x7>354.514751</x7>
			<y7>386.376983</y7>
			<x8>365.23645899999997</x8>
			<y8>388.413209</y8>
			<x9>372.076834</x9>
			<y9>381.857528</y9>
		</polygon>
	</object>
</annotation>
