<annotation>
	<folder></folder>
	<filename>image_184_png.rf.6a3b3c91b7709d2ebaa33c45ef534050.jpg</filename>
	<path>image_184_png.rf.6a3b3c91b7709d2ebaa33c45ef534050.jpg</path>
	<source>
		<database>roboflow.ai</database>
	</source>
	<size>
		<width>416</width>
		<height>416</height>
		<depth>3</depth>
	</size>
	<segmented>0</segmented>
	<object>
		<name>redapple</name>
		<pose>Unspecified</pose>
		<truncated>0</truncated>
		<difficult>0</difficult>
		<occluded>0</occluded>
		<bndbox>
			<xmin>1</xmin>
			<xmax>32</xmax>
			<ymin>133</ymin>
			<ymax>213</ymax>
		</bndbox>
		<polygon>
			<x1>0</x1>
			<y1>211.411651</y1>
			<x2>3.007717</x2>
			<y2>211.516683</y2>
			<x3>19.030235</x3>
			<y3>206.784842</y3>
			<x4>28.945744</x4>
			<y4>187.729449</y4>
			<x5>31.294596</x5>
			<y5>177.228755</y5>
			<x6>30.466907</x6>
			<y6>163.089561</y6>
			<x7>14.139601</x7>
			<y7>138.708284</y7>
			<x8>0.496695</x8>
			<y8>132.058612</y8>
			<x9>0</x9>
			<y9>132.008001</y9>
			<x10>0</x10>
			<y10>211.411651</y10>
		</polygon>
	</object>
	<object>
		<name>mango</name>
		<pose>Unspecified</pose>
		<truncated>0</truncated>
		<difficult>0</difficult>
		<occluded>0</occluded>
		<bndbox>
			<xmin>407</xmin>
			<xmax>417</xmax>
			<ymin>8</ymin>
			<ymax>42</ymax>
		</bndbox>
		<polygon>
			<x1>416</x1>
			<y1>7.482007</y1>
			<x2>415.274172</x2>
			<y2>7.238854</y2>
			<x3>406.418444</x3>
			<y3>14.866643</y3>
			<x4>405.92630199999996</x4>
			<y4>28.959748</y4>
			<x5>414.10533399999997</x5>
			<y5>40.709977</y5>
			<x6>416</x6>
			<y6>41.324182</y6>
			<x7>416</x7>
			<y7>7.482007</y7>
		</polygon>
	</object>
	<object>
		<name>greenapple</name>
		<pose>Unspecified</pose>
		<truncated>0</truncated>
		<difficult>0</difficult>
		<occluded>0</occluded>
		<bndbox>
			<xmin>275</xmin>
			<xmax>299</xmax>
			<ymin>145</ymin>
			<ymax>176</ymax>
		</bndbox>
		<polygon>
			<x1>295.295411</x1>
			<y1>169.72691</y1>
			<x2>297.79805799999997</x2>
			<y2>154.82212</y2>
			<x3>292.826325</x3>
			<y3>145.829573</y3>
			<x4>284.308945</x4>
			<y4>143.768353</y4>
			<x5>276.17465</x5>
			<y5>149.657549</y5>
			<x6>274.362678</x6>
			<y6>163.704564</y6>
			<x7>278.70525499999997</x7>
			<y7>171.793249</y7>
			<x8>288.511706</x8>
			<y8>174.781377</y8>
			<x9>295.295411</x9>
			<y9>169.72691</y9>
		</polygon>
	</object>
	<object>
		<name>redapple</name>
		<pose>Unspecified</pose>
		<truncated>0</truncated>
		<difficult>0</difficult>
		<occluded>0</occluded>
		<bndbox>
			<xmin>180</xmin>
			<xmax>248</xmax>
			<ymin>286</ymin>
			<ymax>367</ymax>
		</bndbox>
		<polygon>
			<x1>205.482929</x1>
			<y1>284.90574300000003</y1>
			<x2>198.193103</x2>
			<y2>285.53307</y2>
			<x3>187.956027</x3>
			<y3>294.87640799999997</y3>
			<x4>178.991243</x4>
			<y4>324.54771900000003</y4>
			<x5>180.263534</x5>
			<y5>344.87569</y5>
			<x6>197.466068</x6>
			<y6>363.114279</y6>
			<x7>217.861922</x7>
			<y7>365.590304</y7>
			<x8>235.894944</x8>
			<y8>360.046779</y8>
			<x9>240.72966300000002</x9>
			<y9>354.04235900000003</y9>
			<x10>247.46863100000002</x10>
			<y10>331.348467</y10>
			<x11>246.640943</x11>
			<y11>317.209273</y11>
			<x12>232.861021</x12>
			<y12>295.562632</y12>
			<x13>218.61971599999998</x13>
			<y13>287.128276</y13>
			<x14>205.482929</x14>
			<y14>284.90574300000003</y14>
		</polygon>
	</object>
	<object>
		<name>capsicum</name>
		<pose>Unspecified</pose>
		<truncated>0</truncated>
		<difficult>0</difficult>
		<occluded>0</occluded>
		<bndbox>
			<xmin>318</xmin>
			<xmax>338</xmax>
			<ymin>276</ymin>
			<ymax>309</ymax>
		</bndbox>
		<polygon>
			<x1>332.200629</x1>
			<y1>307.850579</y1>
			<x2>337.373695</x2>
			<y2>292.157149</y2>
			<x3>336.576766</x3>
			<y3>277.137137</y3>
			<x4>329.37921600000004</x4>
			<y4>275.122006</y4>
			<x5>320.73880099999997</x5>
			<y5>276.584063</y5>
			<x6>316.56399799999997</x6>
			<y6>282.611527</y6>
			<x7>317.33016799999996</x7>
			<y7>298.512359</y7>
			<x8>322.931057</x8>
			<y8>308.408771</y8>
			<x9>332.200629</x9>
			<y9>307.850579</y9>
		</polygon>
	</object>
</annotation>
