<annotation>
	<folder></folder>
	<filename>image_166_png.rf.167649ae1da90a308f43350446806646.jpg</filename>
	<path>image_166_png.rf.167649ae1da90a308f43350446806646.jpg</path>
	<source>
		<database>roboflow.ai</database>
	</source>
	<size>
		<width>416</width>
		<height>416</height>
		<depth>3</depth>
	</size>
	<segmented>0</segmented>
	<object>
		<name>capsicum</name>
		<pose>Unspecified</pose>
		<truncated>0</truncated>
		<difficult>0</difficult>
		<occluded>0</occluded>
		<bndbox>
			<xmin>162</xmin>
			<xmax>195</xmax>
			<ymin>43</ymin>
			<ymax>98</ymax>
		</bndbox>
		<polygon>
			<x1>170.669659</x1>
			<y1>47.643481</y1>
			<x2>160.92176</x2>
			<y2>55.77043</y2>
			<x3>163.139525</x3>
			<y3>74.035787</y3>
			<x4>169.518269</x4>
			<y4>89.711719</y4>
			<x5>176.322409</x5>
			<y5>97.292198</y5>
			<x6>189.163821</x6>
			<y6>94.796081</y6>
			<x7>192.657771</x7>
			<y7>88.775084</y7>
			<x8>193.700277</x8>
			<y8>76.998449</y8>
			<x9>191.124038</x9>
			<y9>53.460931</y9>
			<x10>186.24611</x10>
			<y10>45.506033</y10>
			<x11>173.546496</x11>
			<y11>45.303667</y11>
			<x12>171.595326</x12>
			<y12>42.121708</y12>
			<x13>170.669659</x13>
			<y13>47.643481</y13>
		</polygon>
	</object>
	<object>
		<name>orange</name>
		<pose>Unspecified</pose>
		<truncated>0</truncated>
		<difficult>0</difficult>
		<occluded>0</occluded>
		<bndbox>
			<xmin>302</xmin>
			<xmax>326</xmax>
			<ymin>82</ymin>
			<ymax>112</ymax>
		</bndbox>
		<polygon>
			<x1>324.980937</x1>
			<y1>98.53967</y1>
			<x2>322.004263</x2>
			<y2>86.653978</y2>
			<x3>315.533639</x3>
			<y3>80.789285</y3>
			<x4>307.18672</x4>
			<y4>82.411761</y4>
			<x5>301.124488</x5>
			<y5>88.931982</y5>
			<x6>302.508466</x6>
			<y6>102.907876</y6>
			<x7>310.763504</x7>
			<y7>111.096637</y7>
			<x8>321.036634</x8>
			<y8>109.099742</y8>
			<x9>324.980937</x9>
			<y9>98.53967</y9>
		</polygon>
	</object>
	<object>
		<name>redapple</name>
		<pose>Unspecified</pose>
		<truncated>0</truncated>
		<difficult>0</difficult>
		<occluded>0</occluded>
		<bndbox>
			<xmin>1</xmin>
			<xmax>27</xmax>
			<ymin>142</ymin>
			<ymax>201</ymax>
		</bndbox>
		<polygon>
			<x1>0</x1>
			<y1>141</y1>
			<x2>0</x2>
			<y2>200.09649100000001</y2>
			<x3>9.026428</x3>
			<y3>198.769693</y3>
			<x4>22.459993</x4>
			<y4>189.03601700000002</y4>
			<x5>26.137703</x5>
			<y5>163.392547</y5>
			<x6>20.734544</x6>
			<y6>149.307595</y6>
			<x7>12.767584</x7>
			<y7>141</y7>
			<x8>0</x8>
			<y8>141</y8>
		</polygon>
	</object>
	<object>
		<name>mango</name>
		<pose>Unspecified</pose>
		<truncated>0</truncated>
		<difficult>0</difficult>
		<occluded>0</occluded>
		<bndbox>
			<xmin>81</xmin>
			<xmax>152</xmax>
			<ymin>142</ymin>
			<ymax>173</ymax>
		</bndbox>
		<polygon>
			<x1>82.101028</x1>
			<y1>141</y1>
			<x2>80.330271</x2>
			<y2>143.955508</y2>
			<x3>80.596865</x3>
			<y3>159.038907</y3>
			<x4>89.185418</x4>
			<y4>168.943452</y4>
			<x5>103.836203</x5>
			<y5>172.327777</y5>
			<x6>124.857775</x6>
			<y6>167.351291</y6>
			<x7>143.09439</x7>
			<y7>154.903382</y7>
			<x8>151.093135</x8>
			<y8>141</y8>
			<x9>82.101028</x9>
			<y9>141</y9>
		</polygon>
	</object>
	<object>
		<name>greenapple</name>
		<pose>Unspecified</pose>
		<truncated>0</truncated>
		<difficult>0</difficult>
		<occluded>0</occluded>
		<bndbox>
			<xmin>1</xmin>
			<xmax>37</xmax>
			<ymin>270</ymin>
			<ymax>331</ymax>
		</bndbox>
		<polygon>
			<x1>0</x1>
			<y1>321.238162</y1>
			<x2>5.263706</x2>
			<y2>326.814998</y2>
			<x3>13.80234</x3>
			<y3>329.60679</y3>
			<x4>31.280046</x4>
			<y4>323.538548</y4>
			<x5>35.983258</x5>
			<y5>306.59880899999996</y5>
			<x6>34.215848</x6>
			<y6>283.794376</y6>
			<x7>18.039287</x7>
			<y7>269.13264000000004</y7>
			<x8>2.129319</x8>
			<y8>269.554305</y8>
			<x9>0</x9>
			<y9>272.557522</y9>
			<x10>0</x10>
			<y10>321.238162</y10>
		</polygon>
	</object>
	<object>
		<name>orange</name>
		<pose>Unspecified</pose>
		<truncated>0</truncated>
		<difficult>0</difficult>
		<occluded>0</occluded>
		<bndbox>
			<xmin>164</xmin>
			<xmax>218</xmax>
			<ymin>394</ymin>
			<ymax>417</ymax>
		</bndbox>
		<polygon>
			<x1>216.501666</x1>
			<y1>416</y1>
			<x2>215.285539</x2>
			<y2>409.743566</y2>
			<x3>199.417533</x3>
			<y3>393.241239</y3>
			<x4>174.685335</x4>
			<y4>396.268077</y4>
			<x5>167.814275</x5>
			<y5>402.055212</y5>
			<x6>163.071515</x6>
			<y6>416</y6>
			<x7>216.501666</x7>
			<y7>416</y7>
		</polygon>
	</object>
	<object>
		<name>orange</name>
		<pose>Unspecified</pose>
		<truncated>0</truncated>
		<difficult>0</difficult>
		<occluded>0</occluded>
		<bndbox>
			<xmin>315</xmin>
			<xmax>417</xmax>
			<ymin>268</ymin>
			<ymax>417</ymax>
		</bndbox>
		<polygon>
			<x1>416</x1>
			<y1>416</y1>
			<x2>416</x2>
			<y2>271.042723</y2>
			<x3>394.815032</x3>
			<y3>266.83047</y3>
			<x4>358.358806</x4>
			<y4>271.245921</y4>
			<x5>339.171565</x5>
			<y5>285.659227</y5>
			<x6>331.20808</x6>
			<y6>296.11024199999997</y6>
			<x7>316.214734</x7>
			<y7>335.527242</y7>
			<x8>313.962964</x8>
			<y8>358.222617</y8>
			<x9>316.397405</x9>
			<y9>384.458621</y9>
			<x10>324.74457</x10>
			<y10>416</y10>
			<x11>416</x11>
			<y11>416</y11>
		</polygon>
	</object>
</annotation>
