<annotation>
	<folder></folder>
	<filename>image_198_png.rf.004779bddc75d87c8db474659f535a3c.jpg</filename>
	<path>image_198_png.rf.004779bddc75d87c8db474659f535a3c.jpg</path>
	<source>
		<database>roboflow.ai</database>
	</source>
	<size>
		<width>416</width>
		<height>416</height>
		<depth>3</depth>
	</size>
	<segmented>0</segmented>
	<object>
		<name>capsicum</name>
		<pose>Unspecified</pose>
		<truncated>0</truncated>
		<difficult>0</difficult>
		<occluded>0</occluded>
		<bndbox>
			<xmin>100</xmin>
			<xmax>124</xmax>
			<ymin>184</ymin>
			<ymax>209</ymax>
		</bndbox>
		<polygon>
			<x1>119.824535</x1>
			<y1>208</y1>
			<x2>123.323597</x2>
			<y2>192.513015</y2>
			<x3>120.285071</x3>
			<y3>186.766942</y3>
			<x4>113.087523</x4>
			<y4>186.504432</y4>
			<x5>112.987832</x5>
			<y5>182.978763</y5>
			<x6>111.161531</x6>
			<y6>186.199385</y6>
			<x7>101.495684</x7>
			<y7>189.055814</y7>
			<x8>99.091192</x8>
			<y8>200.082087</y8>
			<x9>99.671342</x9>
			<y9>208</y9>
			<x10>119.824535</x10>
			<y10>208</y10>
		</polygon>
	</object>
	<object>
		<name>redapple</name>
		<pose>Unspecified</pose>
		<truncated>0</truncated>
		<difficult>0</difficult>
		<occluded>0</occluded>
		<bndbox>
			<xmin>270</xmin>
			<xmax>339</xmax>
			<ymin>65</ymin>
			<ymax>151</ymax>
		</bndbox>
		<polygon>
			<x1>322.966173</x1>
			<y1>75.675063</y1>
			<x2>309.42042100000003</x2>
			<y2>65.632399</y2>
			<x3>297.864468</x3>
			<y3>63.802115</y3>
			<x4>287.927468</x4>
			<y4>68.370538</y4>
			<x5>272.47568</x5>
			<y5>86.98249</y5>
			<x6>269.122152</x6>
			<y6>104.000738</y6>
			<x7>270.940489</x7>
			<y7>117.450781</y7>
			<x8>278.636493</x8>
			<y8>135.341635</y8>
			<x9>288.972258</x9>
			<y9>144.875887</y9>
			<x10>311.171015</x10>
			<y10>150.146764</y10>
			<x11>322.762853</x11>
			<y11>147.595382</y11>
			<x12>327.29272100000003</x12>
			<y12>143.925493</y12>
			<x13>330.20363399999997</x13>
			<y13>133.856899</y13>
			<x14>337.608529</x14>
			<y14>124.500082</y14>
			<x15>337.987338</x15>
			<y15>109.643094</y15>
			<x16>322.966173</x16>
			<y16>75.675063</y16>
		</polygon>
	</object>
	<object>
		<name>greenapple</name>
		<pose>Unspecified</pose>
		<truncated>0</truncated>
		<difficult>0</difficult>
		<occluded>0</occluded>
		<bndbox>
			<xmin>398</xmin>
			<xmax>417</xmax>
			<ymin>77</ymin>
			<ymax>106</ymax>
		</bndbox>
		<polygon>
			<x1>416</x1>
			<y1>80.556943</y1>
			<x2>410.521055</x2>
			<y2>75.502877</y2>
			<x3>402.916777</x3>
			<y3>77.808357</y3>
			<x4>397.202606</x4>
			<y4>84.800549</y4>
			<x5>396.959374</x5>
			<y5>98.801542</y5>
			<x6>401.923892</x6>
			<y6>104.852663</y6>
			<x7>411.047432</x7>
			<y7>105.42022</y7>
			<x8>416</x8>
			<y8>101.205447</y8>
			<x9>416</x9>
			<y9>80.556943</y9>
		</polygon>
	</object>
	<object>
		<name>redapple</name>
		<pose>Unspecified</pose>
		<truncated>0</truncated>
		<difficult>0</difficult>
		<occluded>0</occluded>
		<bndbox>
			<xmin>22</xmin>
			<xmax>91</xmax>
			<ymin>209</ymin>
			<ymax>263</ymax>
		</bndbox>
		<polygon>
			<x1>24.506192</x1>
			<y1>208</y1>
			<x2>21.943572</x2>
			<y2>214.026552</y2>
			<x3>20.850996</x3>
			<y3>237.545189</y3>
			<x4>30.879722</x4>
			<y4>253.1731</y4>
			<x5>39.831801</x5>
			<y5>258.978318</y5>
			<x6>59.091723</x6>
			<y6>262.028791</y6>
			<x7>76.226271</x7>
			<y7>257.722878</y7>
			<x8>90.465835</x8>
			<y8>230.144231</y8>
			<x9>90.06707</x9>
			<y9>216.041556</y9>
			<x10>86.289908</x10>
			<y10>208</y10>
			<x11>24.506192</x11>
			<y11>208</y11>
		</polygon>
	</object>
	<object>
		<name>orange</name>
		<pose>Unspecified</pose>
		<truncated>0</truncated>
		<difficult>0</difficult>
		<occluded>0</occluded>
		<bndbox>
			<xmin>14</xmin>
			<xmax>72</xmax>
			<ymin>351</ymin>
			<ymax>417</ymax>
		</bndbox>
		<polygon>
			<x1>57.577994</x1>
			<y1>416</y1>
			<x2>60.032885</x2>
			<y2>413.98012700000004</y2>
			<x3>67.744818</x3>
			<y3>398.529652</y3>
			<x4>70.691617</x4>
			<y4>384.079392</y4>
			<x5>69.008857</x5>
			<y5>369.773353</y5>
			<x6>64.722222</x6>
			<y6>359.442249</y6>
			<x7>59.622128</x7>
			<y7>354.247125</y7>
			<x8>45.769337</x8>
			<y8>350.29811900000004</y8>
			<x9>34.584228</x9>
			<y9>350.281511</y9>
			<x10>21.130203</x10>
			<y10>360.435179</y10>
			<x11>16.293298</x11>
			<y11>370.19872599999997</y11>
			<x12>13.44619</x12>
			<y12>388.17465400000003</y12>
			<x13>14.486953</x13>
			<y13>402.379011</y13>
			<x14>19.280009</x14>
			<y14>413.66779399999996</y14>
			<x15>21.808276</x15>
			<y15>416</y15>
			<x16>57.577994</x16>
			<y16>416</y16>
		</polygon>
	</object>
	<object>
		<name>mango</name>
		<pose>Unspecified</pose>
		<truncated>0</truncated>
		<difficult>0</difficult>
		<occluded>0</occluded>
		<bndbox>
			<xmin>311</xmin>
			<xmax>364</xmax>
			<ymin>229</ymin>
			<ymax>289</ymax>
		</bndbox>
		<polygon>
			<x1>321.753548</x1>
			<y1>232.826043</y1>
			<x2>314.990651</x2>
			<y2>242.28454299999999</y2>
			<x3>310.488704</x3>
			<y3>258.243431</y3>
			<x4>312.307041</x4>
			<y4>271.693473</y4>
			<x5>318.65524400000004</x5>
			<y5>281.473628</y5>
			<x6>329.397739</x6>
			<y6>288.439891</y6>
			<x7>348.829123</x7>
			<y7>286.252701</y7>
			<x8>357.518013</x8>
			<y8>277.099249</y8>
			<x9>361.57734500000004</x9>
			<y9>268.090016</y9>
			<x10>363.004881</x10>
			<y10>250.76672</y10>
			<x11>351.592468</x11>
			<y11>231.409776</y11>
			<x12>334.394114</x12>
			<y12>227.808354</y12>
			<x13>321.753548</x13>
			<y13>232.826043</y13>
		</polygon>
	</object>
</annotation>
