<annotation>
	<folder></folder>
	<filename>image_58_png.rf.3562dcb04adcadf0521512b9de9b0db2.jpg</filename>
	<path>image_58_png.rf.3562dcb04adcadf0521512b9de9b0db2.jpg</path>
	<source>
		<database>roboflow.ai</database>
	</source>
	<size>
		<width>416</width>
		<height>416</height>
		<depth>3</depth>
	</size>
	<segmented>0</segmented>
	<object>
		<name>capsicum</name>
		<pose>Unspecified</pose>
		<truncated>0</truncated>
		<difficult>0</difficult>
		<occluded>0</occluded>
		<bndbox>
			<xmin>1</xmin>
			<xmax>22</xmax>
			<ymin>1</ymin>
			<ymax>28</ymax>
		</bndbox>
		<polygon>
			<x1>0</x1>
			<y1>0</y1>
			<x2>0</x2>
			<y2>25.373437</y2>
			<x3>8.014489</x3>
			<y3>26.642807</y3>
			<x4>17.946038</x4>
			<y4>11.734638</y4>
			<x5>21.118599</x5>
			<y5>0</y5>
			<x6>0</x6>
			<y6>0</y6>
		</polygon>
	</object>
	<object>
		<name>orange</name>
		<pose>Unspecified</pose>
		<truncated>0</truncated>
		<difficult>0</difficult>
		<occluded>0</occluded>
		<bndbox>
			<xmin>123</xmin>
			<xmax>148</xmax>
			<ymin>1</ymin>
			<ymax>32</ymax>
		</bndbox>
		<polygon>
			<x1>134.877299</x1>
			<y1>0</y1>
			<x2>125.015245</x2>
			<y2>4.886599</y2>
			<x3>122.363279</x3>
			<y3>17.285257</y3>
			<x4>126.178055</x4>
			<y4>27.961285</y4>
			<x5>135.29429</x5>
			<y5>31.236397</y5>
			<x6>144.623969</x6>
			<y6>24.473486</y6>
			<x7>147.275936</x7>
			<y7>12.074828</y7>
			<x8>145.192327</x8>
			<y8>3.504231</y8>
			<x9>137.647415</x9>
			<y9>0</y9>
			<x10>134.877299</x10>
			<y10>0</y10>
		</polygon>
	</object>
	<object>
		<name>orange</name>
		<pose>Unspecified</pose>
		<truncated>0</truncated>
		<difficult>0</difficult>
		<occluded>0</occluded>
		<bndbox>
			<xmin>310</xmin>
			<xmax>417</xmax>
			<ymin>1</ymin>
			<ymax>159</ymax>
		</bndbox>
		<polygon>
			<x1>416</x1>
			<y1>158</y1>
			<x2>416</x2>
			<y2>0</y2>
			<x3>324.71088</x3>
			<y3>0</y3>
			<x4>315.418497</x4>
			<y4>21.17656</y4>
			<x5>309.512695</x5>
			<y5>54.119136</y5>
			<x6>309.119322</x6>
			<y6>87.019175</y6>
			<x7>318.513554</x7>
			<y7>123.300659</y7>
			<x8>329.39446899999996</x8>
			<y8>141.505199</y8>
			<x9>345.010961</x9>
			<y9>155.881676</y9>
			<x10>349.370672</x10>
			<y10>158</y10>
			<x11>416</x11>
			<y11>158</y11>
		</polygon>
	</object>
	<object>
		<name>orange</name>
		<pose>Unspecified</pose>
		<truncated>0</truncated>
		<difficult>0</difficult>
		<occluded>0</occluded>
		<bndbox>
			<xmin>222</xmin>
			<xmax>281</xmax>
			<ymin>159</ymin>
			<ymax>233</ymax>
		</bndbox>
		<polygon>
			<x1>240.747364</x1>
			<y1>158</y1>
			<x2>234.889755</x2>
			<y2>160.272275</y2>
			<x3>226.47840300000001</x3>
			<y3>169.927495</y3>
			<x4>220.822029</x4>
			<y4>188.259646</y4>
			<x5>220.819557</x5>
			<y5>205.656047</y5>
			<x6>224.209919</x6>
			<y6>219.011716</y6>
			<x7>229.79184800000002</x7>
			<y7>227.220772</y7>
			<x8>241.452092</x8>
			<y8>231.814436</y8>
			<x9>255.162431</x9>
			<y9>232.154699</y9>
			<x10>261.91211599999997</x10>
			<y10>228.645641</y10>
			<x11>272.090622</x11>
			<y11>216.523448</y11>
			<x12>277.569539</x12>
			<y12>203.656914</y12>
			<x13>279.727592</x13>
			<y13>185.686303</y13>
			<x14>277.397027</x14>
			<y14>174.329731</y14>
			<x15>269.024133</x15>
			<y15>162.016147</y15>
			<x16>254.73181399999999</x16>
			<y16>158</y16>
			<x17>240.747364</x17>
			<y17>158</y17>
		</polygon>
	</object>
	<object>
		<name>mango</name>
		<pose>Unspecified</pose>
		<truncated>0</truncated>
		<difficult>0</difficult>
		<occluded>0</occluded>
		<bndbox>
			<xmin>335</xmin>
			<xmax>360</xmax>
			<ymin>159</ymin>
			<ymax>172</ymax>
		</bndbox>
		<polygon>
			<x1>334.087482</x1>
			<y1>158</y1>
			<x2>341.285121</x2>
			<y2>170.714301</y2>
			<x3>351.49714</x3>
			<y3>171.416105</y3>
			<x4>358.424282</x4>
			<y4>162.441429</y4>
			<x5>358.915435</x5>
			<y5>158</y5>
			<x6>334.087482</x6>
			<y6>158</y6>
		</polygon>
	</object>
	<object>
		<name>capsicum</name>
		<pose>Unspecified</pose>
		<truncated>0</truncated>
		<difficult>0</difficult>
		<occluded>0</occluded>
		<bndbox>
			<xmin>190</xmin>
			<xmax>225</xmax>
			<ymin>257</ymin>
			<ymax>311</ymax>
		</bndbox>
		<polygon>
			<x1>193.913939</x1>
			<y1>310.353471</y1>
			<x2>208.72006199999998</x2>
			<y2>308.120428</y2>
			<x3>222.080433</x3>
			<y3>284.599125</y3>
			<x4>224.343972</x4>
			<y4>270.307704</y4>
			<x5>221.200566</x5>
			<y5>259.73801100000003</y5>
			<x6>206.042001</x6>
			<y6>255.505889</y6>
			<x7>193.779887</x7>
			<y7>259.057484</y7>
			<x8>189.962638</x8>
			<y8>265.777857</y8>
			<x9>188.756424</x9>
			<y9>299.46477400000003</y9>
			<x10>193.913939</x10>
			<y10>310.353471</y10>
		</polygon>
	</object>
</annotation>
