<annotation>
	<folder></folder>
	<filename>image_15_png.rf.bd0ed3f6941be75ab53d89b16c884821.jpg</filename>
	<path>image_15_png.rf.bd0ed3f6941be75ab53d89b16c884821.jpg</path>
	<source>
		<database>roboflow.ai</database>
	</source>
	<size>
		<width>416</width>
		<height>416</height>
		<depth>3</depth>
	</size>
	<segmented>0</segmented>
	<object>
		<name>redapple</name>
		<pose>Unspecified</pose>
		<truncated>0</truncated>
		<difficult>0</difficult>
		<occluded>0</occluded>
		<bndbox>
			<xmin>94</xmin>
			<xmax>254</xmax>
			<ymin>1</ymin>
			<ymax>233</ymax>
		</bndbox>
		<polygon>
			<x1>253</x1>
			<y1>232</y1>
			<x2>253</x2>
			<y2>0</y2>
			<x3>100.758204</x3>
			<y3>0</y3>
			<x4>94.696805</x4>
			<y4>23.436106</y4>
			<x5>92.997484</x5>
			<y5>73.398534</y5>
			<x6>113.082724</x6>
			<y6>156.659747</y6>
			<x7>125.98319</x7>
			<y7>184.067247</y7>
			<x8>147.978802</x8>
			<y8>220.91623</y8>
			<x9>156.461293</x9>
			<y9>232</y9>
			<x10>253</x10>
			<y10>232</y10>
		</polygon>
	</object>
	<object>
		<name>capsicum</name>
		<pose>Unspecified</pose>
		<truncated>0</truncated>
		<difficult>0</difficult>
		<occluded>0</occluded>
		<bndbox>
			<xmin>142</xmin>
			<xmax>254</xmax>
			<ymin>234</ymin>
			<ymax>417</ymax>
		</bndbox>
		<polygon>
			<x1>253</x1>
			<y1>416</y1>
			<x2>253</x2>
			<y2>253.8303</y2>
			<x3>249.110826</x3>
			<y3>252.496001</y3>
			<x4>230.917147</x4>
			<y4>257.9329</y4>
			<x5>219.070808</x5>
			<y5>256.383002</y5>
			<x6>207.861763</x6>
			<y6>235.759418</y6>
			<x7>198.977291</x7>
			<y7>232.570339</y7>
			<x8>198.130077</x8>
			<y8>239.987208</y8>
			<x9>204.898391</x9>
			<y9>248.207425</y9>
			<x10>204.685835</x10>
			<y10>255.466057</y10>
			<x11>190.934392</x11>
			<y11>262.497493</y11>
			<x12>168.298477</x12>
			<y12>266.339852</y12>
			<x13>151.796972</x13>
			<y13>273.156253</y13>
			<x14>142.275208</x14>
			<y14>289.04086</y14>
			<x15>140.577015</x15>
			<y15>330.896667</y15>
			<x16>151.14764</x16>
			<y16>378.700558</y16>
			<x17>168.432394</x17>
			<y17>416</y17>
			<x18>253</x18>
			<y18>416</y18>
		</polygon>
	</object>
	<object>
		<name>capsicum</name>
		<pose>Unspecified</pose>
		<truncated>0</truncated>
		<difficult>0</difficult>
		<occluded>0</occluded>
		<bndbox>
			<xmin>254</xmin>
			<xmax>405</xmax>
			<ymin>233</ymin>
			<ymax>417</ymax>
		</bndbox>
		<polygon>
			<x1>253</x1>
			<y1>232</y1>
			<x2>253</x2>
			<y2>357.590232</y2>
			<x3>270.120737</x3>
			<y3>393.830988</y3>
			<x4>284.401129</x4>
			<y4>416</y4>
			<x5>392.240165</x5>
			<y5>416</y5>
			<x6>402.971724</x6>
			<y6>391.331465</y6>
			<x7>403.823078</x7>
			<y7>354.19032</y7>
			<x8>399.60017</x8>
			<y8>296.697426</y8>
			<x9>389.028794</x9>
			<y9>254.297949</y9>
			<x10>379.512296</x10>
			<y10>232.351662</y10>
			<x11>379.254853</x11>
			<y11>232</y11>
			<x12>253</x12>
			<y12>232</y12>
		</polygon>
	</object>
</annotation>
