<annotation>
	<folder></folder>
	<filename>image_203_png.rf.982c81ea238c5ab7f699b36bcbb21edf.jpg</filename>
	<path>image_203_png.rf.982c81ea238c5ab7f699b36bcbb21edf.jpg</path>
	<source>
		<database>roboflow.ai</database>
	</source>
	<size>
		<width>416</width>
		<height>416</height>
		<depth>3</depth>
	</size>
	<segmented>0</segmented>
	<object>
		<name>redapple</name>
		<pose>Unspecified</pose>
		<truncated>0</truncated>
		<difficult>0</difficult>
		<occluded>0</occluded>
		<bndbox>
			<xmin>17</xmin>
			<xmax>91</xmax>
			<ymin>1</ymin>
			<ymax>47</ymax>
		</bndbox>
		<polygon>
			<x1>17.539633</x1>
			<y1>0</y1>
			<x2>15.867617</x2>
			<y2>18.525577</y2>
			<x3>23.815744</x3>
			<y3>33.102691</y3>
			<x4>34.39548</x4>
			<y4>41.795327</y4>
			<x5>54.873064</x5>
			<y5>46.147972</y5>
			<x6>69.868239</x6>
			<y6>43.812</y6>
			<x7>75.802682</x7>
			<y7>38.629561</y7>
			<x8>83.609232</x8>
			<y8>24.63956</y8>
			<x9>88.685238</x9>
			<y9>13.75136</y9>
			<x10>89.610629</x10>
			<y10>2.901468</y10>
			<x11>88.464038</x11>
			<y11>0</y11>
			<x12>17.539633</x12>
			<y12>0</y12>
		</polygon>
	</object>
	<object>
		<name>greenapple</name>
		<pose>Unspecified</pose>
		<truncated>0</truncated>
		<difficult>0</difficult>
		<occluded>0</occluded>
		<bndbox>
			<xmin>141</xmin>
			<xmax>179</xmax>
			<ymin>148</ymin>
			<ymax>212</ymax>
		</bndbox>
		<polygon>
			<x1>178</x1>
			<y1>152.681116</y1>
			<x2>166.636852</x2>
			<y2>147.230223</y2>
			<x3>160.130115</x3>
			<y3>148.608821</y3>
			<x4>151.090706</x4>
			<y4>158.654574</y4>
			<x5>142.44704</x5>
			<y5>179.831033</y5>
			<x6>140.48666</x6>
			<y6>192.302029</y6>
			<x7>149.095355</x7>
			<y7>207.019551</y7>
			<x8>170.420716</x8>
			<y8>210.631847</y8>
			<x9>178</x9>
			<y9>202.208772</y9>
			<x10>178</x10>
			<y10>152.681116</y10>
		</polygon>
	</object>
	<object>
		<name>greenapple</name>
		<pose>Unspecified</pose>
		<truncated>0</truncated>
		<difficult>0</difficult>
		<occluded>0</occluded>
		<bndbox>
			<xmin>180</xmin>
			<xmax>205</xmax>
			<ymin>109</ymin>
			<ymax>141</ymax>
		</bndbox>
		<polygon>
			<x1>201.348226</x1>
			<y1>133.446432</y1>
			<x2>204.442531</x2>
			<y2>122.137008</y2>
			<x3>199.422818</x3>
			<y3>110.023446</y3>
			<x4>190.835444</x4>
			<y4>108.198143</y4>
			<x5>181.036533</x5>
			<y5>115.320811</y5>
			<x6>178.888941</x6>
			<y6>128.672564</y6>
			<x7>182.015228</x7>
			<y7>136.701469</y7>
			<x8>193.05766</x8>
			<y8>139.96916</y8>
			<x9>201.348226</x9>
			<y9>133.446432</y9>
		</polygon>
	</object>
	<object>
		<name>redapple</name>
		<pose>Unspecified</pose>
		<truncated>0</truncated>
		<difficult>0</difficult>
		<occluded>0</occluded>
		<bndbox>
			<xmin>324</xmin>
			<xmax>397</xmax>
			<ymin>150</ymin>
			<ymax>235</ymax>
		</bndbox>
		<polygon>
			<x1>369.386463</x1>
			<y1>151.673629</y1>
			<x2>355.51455</x2>
			<y2>148.725063</y2>
			<x3>346.651691</x3>
			<y3>151.443949</y3>
			<x4>333.84675100000004</x4>
			<y4>166.212608</y4>
			<x5>323.793675</x5>
			<y5>190.771685</y5>
			<x6>323.44057599999996</x6>
			<y6>205.425418</y6>
			<x7>332.335417</x7>
			<y7>222.04486</y7>
			<x8>341.12066200000004</x8>
			<y8>229.435517</y8>
			<x9>363.579947</x9>
			<y9>234.209385</y9>
			<x10>377.914555</x10>
			<y10>231.733005</y10>
			<x11>383.848998</x11>
			<y11>226.550566</y11>
			<x12>396.357133</x12>
			<y12>203.433877</y12>
			<x13>396.424086</x13>
			<y13>186.878224</y13>
			<x14>380.813976</x14>
			<y14>159.625916</y14>
			<x15>369.386463</x15>
			<y15>151.673629</y15>
		</polygon>
	</object>
	<object>
		<name>capsicum</name>
		<pose>Unspecified</pose>
		<truncated>0</truncated>
		<difficult>0</difficult>
		<occluded>0</occluded>
		<bndbox>
			<xmin>223</xmin>
			<xmax>253</xmax>
			<ymin>1</ymin>
			<ymax>22</ymax>
		</bndbox>
		<polygon>
			<x1>222.36445</x1>
			<y1>0</y1>
			<x2>224.265525</x2>
			<y2>15.884623</y2>
			<x3>238.423583</x3>
			<y3>20.73511</y3>
			<x4>245.205805</x4>
			<y4>14.812323</y4>
			<x5>250.94237800000002</x5>
			<y5>4.06453</y5>
			<x6>252.036522</x6>
			<y6>0</y6>
			<x7>222.36445</x7>
			<y7>0</y7>
		</polygon>
	</object>
	<object>
		<name>capsicum</name>
		<pose>Unspecified</pose>
		<truncated>0</truncated>
		<difficult>0</difficult>
		<occluded>0</occluded>
		<bndbox>
			<xmin>235</xmin>
			<xmax>408</xmax>
			<ymin>279</ymin>
			<ymax>417</ymax>
		</bndbox>
		<polygon>
			<x1>258.90292</x1>
			<y1>278</y1>
			<x2>248.238055</x2>
			<y2>296.495087</y2>
			<x3>235.309868</x3>
			<y3>350.82116</y3>
			<x4>233.593399</x4>
			<y4>416</y4>
			<x5>386.58313899999996</x5>
			<y5>416</y5>
			<x6>391.709069</x6>
			<y6>404.316916</y6>
			<x7>404.548981</x7>
			<y7>353.654276</y7>
			<x8>407.049672</x8>
			<y8>325.648792</y8>
			<x9>402.107573</x9>
			<y9>303.425686</y9>
			<x10>383.865855</x10>
			<y10>282.057857</y10>
			<x11>364.77513999999996</x11>
			<y11>278</y11>
			<x12>258.90292</x12>
			<y12>278</y12>
		</polygon>
	</object>
</annotation>
