<annotation>
	<folder></folder>
	<filename>image_46_png.rf.4056e6dee34b5e39a10be897f03d3b95.jpg</filename>
	<path>image_46_png.rf.4056e6dee34b5e39a10be897f03d3b95.jpg</path>
	<source>
		<database>roboflow.ai</database>
	</source>
	<size>
		<width>416</width>
		<height>416</height>
		<depth>3</depth>
	</size>
	<segmented>0</segmented>
	<object>
		<name>greenapple</name>
		<pose>Unspecified</pose>
		<truncated>0</truncated>
		<difficult>0</difficult>
		<occluded>0</occluded>
		<bndbox>
			<xmin>181</xmin>
			<xmax>204</xmax>
			<ymin>1</ymin>
			<ymax>14</ymax>
		</bndbox>
		<polygon>
			<x1>203</x1>
			<y1>0</y1>
			<x2>179.960727</x2>
			<y2>0</y2>
			<x3>179.927428</x3>
			<y3>4.025976</y3>
			<x4>185.62002</x4>
			<y4>11.53766</y4>
			<x5>196.363282</x5>
			<y5>13.00236</y5>
			<x6>203</x6>
			<y6>5.056455</y6>
			<x7>203</x7>
			<y7>0</y7>
		</polygon>
	</object>
	<object>
		<name>redapple</name>
		<pose>Unspecified</pose>
		<truncated>0</truncated>
		<difficult>0</difficult>
		<occluded>0</occluded>
		<bndbox>
			<xmin>148</xmin>
			<xmax>204</xmax>
			<ymin>244</ymin>
			<ymax>327</ymax>
		</bndbox>
		<polygon>
			<x1>203</x1>
			<y1>253.862082</y1>
			<x2>186.309951</x2>
			<y2>244.167854</y2>
			<x3>172.869092</x3>
			<y3>242.56178</y3>
			<x4>162.470355</x4>
			<y4>247.426816</y4>
			<x5>152.71354</x5>
			<y5>265.850524</y5>
			<x6>146.861746</x6>
			<y6>287.183891</y6>
			<x7>147.503669</x7>
			<y7>300.742562</y7>
			<x8>160.143402</x8>
			<y8>317.635017</y8>
			<x9>171.325438</x9>
			<y9>323.631055</y9>
			<x10>190.835889</x10>
			<y10>325.555223</y10>
			<x11>203</x11>
			<y11>321.636996</y11>
			<x12>203</x12>
			<y12>253.862082</y12>
		</polygon>
	</object>
	<object>
		<name>greenapple</name>
		<pose>Unspecified</pose>
		<truncated>0</truncated>
		<difficult>0</difficult>
		<occluded>0</occluded>
		<bndbox>
			<xmin>357</xmin>
			<xmax>381</xmax>
			<ymin>352</ymin>
			<ymax>383</ymax>
		</bndbox>
		<polygon>
			<x1>379.132771</x1>
			<y1>373.437232</y1>
			<x2>379.79252199999996</x2>
			<y2>360.84844899999996</y2>
			<x3>374.147054</x3>
			<y3>352.437564</y3>
			<x4>364.078192</x4>
			<y4>351.00820899999997</y4>
			<x5>356.18854999999996</x5>
			<y5>359.61141699999996</y5>
			<x6>355.5288</x6>
			<y6>372.200201</y6>
			<x7>361.80154200000004</x7>
			<y7>381.54562699999997</y7>
			<x8>372.591929</x8>
			<y8>382.111127</y8>
			<x9>379.132771</x9>
			<y9>373.437232</y9>
		</polygon>
	</object>
</annotation>
