<annotation>
	<folder></folder>
	<filename>image_188_png.rf.2337a10125fc9e9db859b61fc1f34e98.jpg</filename>
	<path>image_188_png.rf.2337a10125fc9e9db859b61fc1f34e98.jpg</path>
	<source>
		<database>roboflow.ai</database>
	</source>
	<size>
		<width>416</width>
		<height>416</height>
		<depth>3</depth>
	</size>
	<segmented>0</segmented>
	<object>
		<name>mango</name>
		<pose>Unspecified</pose>
		<truncated>0</truncated>
		<difficult>0</difficult>
		<occluded>0</occluded>
		<bndbox>
			<xmin>1</xmin>
			<xmax>34</xmax>
			<ymin>109</ymin>
			<ymax>173</ymax>
		</bndbox>
		<polygon>
			<x1>0</x1>
			<y1>171.079228</y1>
			<x2>3.742415</x2>
			<y2>172.116009</y2>
			<x3>16.877598</x3>
			<y3>168.248228</y3>
			<x4>23.55542</x4>
			<y4>162.207976</y4>
			<x5>29.938272</x5>
			<y5>150.606673</y5>
			<x6>32.515432</x6>
			<y6>137.348331</y6>
			<x7>26.00789</x7>
			<y7>117.737673</y7>
			<x8>11.300556</x8>
			<y8>108.457855</y8>
			<x9>0</x9>
			<y9>109.932551</y9>
			<x10>0</x10>
			<y10>171.079228</y10>
		</polygon>
	</object>
	<object>
		<name>greenapple</name>
		<pose>Unspecified</pose>
		<truncated>0</truncated>
		<difficult>0</difficult>
		<occluded>0</occluded>
		<bndbox>
			<xmin>39</xmin>
			<xmax>85</xmax>
			<ymin>1</ymin>
			<ymax>25</ymax>
		</bndbox>
		<polygon>
			<x1>39.1476</x1>
			<y1>0</y1>
			<x2>37.712282</x2>
			<y2>4.434737</y2>
			<x3>41.297511</x3>
			<y3>14.304495</y3>
			<x4>48.221652</x4>
			<y4>21.154128</y4>
			<x5>66.95514</x5>
			<y5>23.878263</y5>
			<x6>77.634791</x6>
			<y6>14.946745</y6>
			<x7>83.844321</x7>
			<y7>0</y7>
			<x8>39.1476</x8>
			<y8>0</y8>
		</polygon>
	</object>
	<object>
		<name>redapple</name>
		<pose>Unspecified</pose>
		<truncated>0</truncated>
		<difficult>0</difficult>
		<occluded>0</occluded>
		<bndbox>
			<xmin>174</xmin>
			<xmax>196</xmax>
			<ymin>1</ymin>
			<ymax>35</ymax>
		</bndbox>
		<polygon>
			<x1>195</x1>
			<y1>0</y1>
			<x2>172.542276</x2>
			<y2>0</y2>
			<x3>173.265127</x3>
			<y3>7.85139</y3>
			<x4>178.790456</x4>
			<y4>25.436554</y4>
			<x5>186.377514</x5>
			<y5>32.415045</y5>
			<x6>195</x6>
			<y6>34.091086</y6>
			<x7>195</x7>
			<y7>0</y7>
		</polygon>
	</object>
	<object>
		<name>capsicum</name>
		<pose>Unspecified</pose>
		<truncated>0</truncated>
		<difficult>0</difficult>
		<occluded>0</occluded>
		<bndbox>
			<xmin>138</xmin>
			<xmax>165</xmax>
			<ymin>99</ymin>
			<ymax>139</ymax>
		</bndbox>
		<polygon>
			<x1>159.695143</x1>
			<y1>127.212694</y1>
			<x2>164.457191</x2>
			<y2>109.792622</y2>
			<x3>162.17347</x3>
			<y3>103.844996</y3>
			<x4>154.414602</x4>
			<y4>97.750394</y4>
			<x5>141.942338</x5>
			<y5>101.747033</y5>
			<x6>137.228941</x6>
			<y6>111.838274</y6>
			<x7>137.94204</x7>
			<y7>129.405321</y7>
			<x8>148.671872</x8>
			<y8>137.911992</y8>
			<x9>159.695143</x9>
			<y9>127.212694</y9>
		</polygon>
	</object>
	<object>
		<name>mango</name>
		<pose>Unspecified</pose>
		<truncated>0</truncated>
		<difficult>0</difficult>
		<occluded>0</occluded>
		<bndbox>
			<xmin>1</xmin>
			<xmax>184</xmax>
			<ymin>264</ymin>
			<ymax>417</ymax>
		</bndbox>
		<polygon>
			<x1>0</x1>
			<y1>416</y1>
			<x2>153.451155</x2>
			<y2>416</y2>
			<x3>165.717029</x3>
			<y3>404.37544</y3>
			<x4>177.328709</x4>
			<y4>380.031228</y4>
			<x5>182.727818</x5>
			<y5>341.63741</y5>
			<x6>177.07933</x6>
			<y6>317.607303</y6>
			<x7>165.096641</x7>
			<y7>297.84967</y7>
			<x8>145.945023</x8>
			<y8>283.11954000000003</y8>
			<x9>120.139909</x9>
			<y9>270.765246</y9>
			<x10>85.177116</x10>
			<y10>263.051882</y10>
			<x11>61.115965</x11>
			<y11>262.961298</y11>
			<x12>20.556396</x12>
			<y12>273.423037</y12>
			<x13>0</x13>
			<y13>282.118089</y13>
			<x14>0</x14>
			<y14>416</y14>
		</polygon>
	</object>
</annotation>
