<annotation>
	<folder></folder>
	<filename>image_196_png.rf.d9bd89d83d22ec003210758aa166e162.jpg</filename>
	<path>image_196_png.rf.d9bd89d83d22ec003210758aa166e162.jpg</path>
	<source>
		<database>roboflow.ai</database>
	</source>
	<size>
		<width>416</width>
		<height>416</height>
		<depth>3</depth>
	</size>
	<segmented>0</segmented>
	<object>
		<name>greenapple</name>
		<pose>Unspecified</pose>
		<truncated>0</truncated>
		<difficult>0</difficult>
		<occluded>0</occluded>
		<bndbox>
			<xmin>1</xmin>
			<xmax>13</xmax>
			<ymin>94</ymin>
			<ymax>125</ymax>
		</bndbox>
		<polygon>
			<x1>0</x1>
			<y1>123.383742</y1>
			<x2>6.535865</x2>
			<y2>123.813432</y2>
			<x3>12.400886</x3>
			<y3>115.804184</y3>
			<x4>12.31747</x4>
			<y4>103.969615</y4>
			<x5>5.597548</x5>
			<y5>93.861046</y5>
			<x6>0</x6>
			<y6>93.213539</y6>
			<x7>0</x7>
			<y7>123.383742</y7>
		</polygon>
	</object>
	<object>
		<name>mango</name>
		<pose>Unspecified</pose>
		<truncated>0</truncated>
		<difficult>0</difficult>
		<occluded>0</occluded>
		<bndbox>
			<xmin>1</xmin>
			<xmax>21</xmax>
			<ymin>241</ymin>
			<ymax>267</ymax>
		</bndbox>
		<polygon>
			<x1>0</x1>
			<y1>266</y1>
			<x2>19.249887</x2>
			<y2>266</y2>
			<x3>20.35562</x3>
			<y3>264.254314</y3>
			<x4>17.697128</x4>
			<y4>248.180228</y4>
			<x5>10.522958</x5>
			<y5>239.949712</y5>
			<x6>0</x6>
			<y6>239.601391</y6>
			<x7>0</x7>
			<y7>266</y7>
		</polygon>
	</object>
	<object>
		<name>mango</name>
		<pose>Unspecified</pose>
		<truncated>0</truncated>
		<difficult>0</difficult>
		<occluded>0</occluded>
		<bndbox>
			<xmin>204</xmin>
			<xmax>417</xmax>
			<ymin>59</ymin>
			<ymax>267</ymax>
		</bndbox>
		<polygon>
			<x1>416</x1>
			<y1>78.846974</y1>
			<x2>404.787461</x2>
			<y2>69.202058</y2>
			<x3>374.90827</x3>
			<y3>60.114812</y3>
			<x4>354.791724</x4>
			<y4>58.029117</y4>
			<x5>318.923902</x5>
			<y5>61.521992</y5>
			<x6>294.622315</x6>
			<y6>69.972688</y6>
			<x7>259.044934</x7>
			<y7>92.563827</y7>
			<x8>203</x8>
			<y8>144.185814</y8>
			<x9>203</x9>
			<y9>261.174593</y9>
			<x10>208.754118</x10>
			<y10>266</y10>
			<x11>316.170462</x11>
			<y11>266</y11>
			<x12>318.648591</x12>
			<y12>265.651004</y12>
			<x13>355.548518</x13>
			<y13>253.831147</y13>
			<x14>386.279585</x14>
			<y14>236.390757</y14>
			<x15>413.43026699999996</x15>
			<y15>212.100868</y15>
			<x16>416</x16>
			<y16>208.780209</y16>
			<x17>416</x17>
			<y17>78.846974</y17>
		</polygon>
	</object>
	<object>
		<name>greenapple</name>
		<pose>Unspecified</pose>
		<truncated>0</truncated>
		<difficult>0</difficult>
		<occluded>0</occluded>
		<bndbox>
			<xmin>115</xmin>
			<xmax>204</xmax>
			<ymin>267</ymin>
			<ymax>417</ymax>
		</bndbox>
		<polygon>
			<x1>203</x1>
			<y1>416</y1>
			<x2>203</x2>
			<y2>266</y2>
			<x3>135.441598</x3>
			<y3>266</y3>
			<x4>126.023721</x4>
			<y4>276.328718</y4>
			<x5>116.180686</x5>
			<y5>302.138052</y5>
			<x6>114.006263</x6>
			<y6>317.894406</y6>
			<x7>118.731993</x7>
			<y7>361.959986</y7>
			<x8>124.530022</x8>
			<y8>381.293143</y8>
			<x9>141.980708</x9>
			<y9>416</y9>
			<x10>203</x10>
			<y10>416</y10>
		</polygon>
	</object>
	<object>
		<name>orange</name>
		<pose>Unspecified</pose>
		<truncated>0</truncated>
		<difficult>0</difficult>
		<occluded>0</occluded>
		<bndbox>
			<xmin>320</xmin>
			<xmax>345</xmax>
			<ymin>267</ymin>
			<ymax>294</ymax>
		</bndbox>
		<polygon>
			<x1>322.768839</x1>
			<y1>266</y1>
			<x2>319.494913</x2>
			<y2>269.01236</y2>
			<x3>319.908966</x3>
			<y3>283.539751</y3>
			<x4>327.978232</x4>
			<y4>293.482641</y4>
			<x5>336.85917800000004</x5>
			<y5>293.303337</y5>
			<x6>343.96333100000004</x6>
			<y6>284.230803</y6>
			<x7>343.65949</x7>
			<y7>270.60102</y7>
			<x8>340.06234900000004</x8>
			<y8>266</y8>
			<x9>322.768839</x9>
			<y9>266</y9>
		</polygon>
	</object>
</annotation>
