<annotation>
	<folder></folder>
	<filename>image_56_png.rf.308e158e659cccd8238ffe8e0e4a462a.jpg</filename>
	<path>image_56_png.rf.308e158e659cccd8238ffe8e0e4a462a.jpg</path>
	<source>
		<database>roboflow.ai</database>
	</source>
	<size>
		<width>416</width>
		<height>416</height>
		<depth>3</depth>
	</size>
	<segmented>0</segmented>
	<object>
		<name>orange</name>
		<pose>Unspecified</pose>
		<truncated>0</truncated>
		<difficult>0</difficult>
		<occluded>0</occluded>
		<bndbox>
			<xmin>13</xmin>
			<xmax>39</xmax>
			<ymin>1</ymin>
			<ymax>30</ymax>
		</bndbox>
		<polygon>
			<x1>17.284068</x1>
			<y1>0</y1>
			<x2>12.080559</x2>
			<y2>5.934705</y2>
			<x3>13.542701</x3>
			<y3>21.05487</y3>
			<x4>21.310016</x4>
			<y4>28.693162</y4>
			<x5>31.281702</x5>
			<y5>27.276639</y5>
			<x6>38.067886</x6>
			<y6>16.193843</y6>
			<x7>36.839347</x7>
			<y7>5.531081</y7>
			<x8>32.224411</x8>
			<y8>0</y8>
			<x9>17.284068</x9>
			<y9>0</y9>
		</polygon>
	</object>
	<object>
		<name>redapple</name>
		<pose>Unspecified</pose>
		<truncated>0</truncated>
		<difficult>0</difficult>
		<occluded>0</occluded>
		<bndbox>
			<xmin>169</xmin>
			<xmax>233</xmax>
			<ymin>1</ymin>
			<ymax>78</ymax>
		</bndbox>
		<polygon>
			<x1>179.515935</x1>
			<y1>0</y1>
			<x2>176.662734</x2>
			<y2>2.672892</y2>
			<x3>168.727643</x3>
			<y3>17.391616</y3>
			<x4>167.705094</x4>
			<y4>36.217714</y4>
			<x5>174.743988</x5>
			<y5>55.515258</y5>
			<x6>188.321659</x6>
			<y6>71.788332</y6>
			<x7>198.620387</x7>
			<y7>76.612173</y7>
			<x8>221.375494</x8>
			<y8>76.313557</y8>
			<x9>232</x9>
			<y9>71.486494</y9>
			<x10>232</x10>
			<y10>20.139901</y10>
			<x11>217.341313</x11>
			<y11>0</y11>
			<x12>179.515935</x12>
			<y12>0</y12>
		</polygon>
	</object>
	<object>
		<name>mango</name>
		<pose>Unspecified</pose>
		<truncated>0</truncated>
		<difficult>0</difficult>
		<occluded>0</occluded>
		<bndbox>
			<xmin>152</xmin>
			<xmax>179</xmax>
			<ymin>132</ymin>
			<ymax>168</ymax>
		</bndbox>
		<polygon>
			<x1>178.019724</x1>
			<y1>156.357556</y1>
			<x2>176.557582</x2>
			<y2>141.237392</y2>
			<x3>171.461842</x3>
			<y3>133.459088</y3>
			<x4>159.252873</x4>
			<y4>130.523217</y4>
			<x5>150.990739</x5>
			<y5>139.001577</y5>
			<x6>151.738267</x6>
			<y6>153.265264</y6>
			<x7>161.028252</x7>
			<y7>164.399473</y7>
			<x8>170.518926</x8>
			<y8>166.583875</y8>
			<x9>178.019724</x9>
			<y9>156.357556</y9>
		</polygon>
	</object>
	<object>
		<name>redapple</name>
		<pose>Unspecified</pose>
		<truncated>0</truncated>
		<difficult>0</difficult>
		<occluded>0</occluded>
		<bndbox>
			<xmin>363</xmin>
			<xmax>417</xmax>
			<ymin>144</ymin>
			<ymax>209</ymax>
		</bndbox>
		<polygon>
			<x1>416</x1>
			<y1>208</y1>
			<x2>416</x2>
			<y2>155.174818</y2>
			<x3>408.37352599999997</x3>
			<y3>147.487816</y3>
			<x4>395.403222</x4>
			<y4>142.803987</y4>
			<x5>381.377455</x5>
			<y5>143.539047</y5>
			<x6>373.59633299999996</x6>
			<y6>148.416482</y6>
			<x7>365.13351</x7>
			<y7>165.84465</y7>
			<x8>361.813149</x8>
			<y8>191.942603</y8>
			<x9>365.232253</x9>
			<y9>206.066279</y9>
			<x10>367.043426</x10>
			<y10>208</y10>
			<x11>416</x11>
			<y11>208</y11>
		</polygon>
	</object>
	<object>
		<name>capsicum</name>
		<pose>Unspecified</pose>
		<truncated>0</truncated>
		<difficult>0</difficult>
		<occluded>0</occluded>
		<bndbox>
			<xmin>233</xmin>
			<xmax>245</xmax>
			<ymin>1</ymin>
			<ymax>52</ymax>
		</bndbox>
		<polygon>
			<x1>232</x1>
			<y1>0</y1>
			<x2>232</x2>
			<y2>50.696817</y2>
			<x3>236.554973</x3>
			<y3>51.008827</y3>
			<x4>241.524358</x4>
			<y4>43.596961</y4>
			<x5>244.25646</x5>
			<y5>31.832701</y5>
			<x6>244.284073</x6>
			<y6>6.801243</y6>
			<x7>241.321746</x7>
			<y7>0</y7>
			<x8>232</x8>
			<y8>0</y8>
		</polygon>
	</object>
	<object>
		<name>mango</name>
		<pose>Unspecified</pose>
		<truncated>0</truncated>
		<difficult>0</difficult>
		<occluded>0</occluded>
		<bndbox>
			<xmin>1</xmin>
			<xmax>61</xmax>
			<ymin>279</ymin>
			<ymax>354</ymax>
		</bndbox>
		<polygon>
			<x1>0</x1>
			<y1>351.880826</y1>
			<x2>10.031874</x2>
			<y2>353.189374</y2>
			<x3>31.124149</x3>
			<y3>346.72040100000004</y3>
			<x4>44.10826</x4>
			<y4>338.888501</y4>
			<x5>57.199617</x5>
			<y5>320.323833</y5>
			<x6>60.459452</x6>
			<y6>305.850129</y6>
			<x7>57.848404</x7>
			<y7>294.36589200000003</y7>
			<x8>51.991328</x8>
			<y8>284.839629</y8>
			<x9>38.25969</x9>
			<y9>278.407842</y9>
			<x10>22.898135</x10>
			<y10>279.212907</y10>
			<x11>5.37893</x11>
			<y11>289.964268</y11>
			<x12>0</x12>
			<y12>296.583985</y12>
			<x13>0</x13>
			<y13>351.880826</y13>
		</polygon>
	</object>
	<object>
		<name>greenapple</name>
		<pose>Unspecified</pose>
		<truncated>0</truncated>
		<difficult>0</difficult>
		<occluded>0</occluded>
		<bndbox>
			<xmin>124</xmin>
			<xmax>148</xmax>
			<ymin>260</ymin>
			<ymax>291</ymax>
		</bndbox>
		<polygon>
			<x1>146.832235</x1>
			<y1>279.869228</y1>
			<x2>146.224869</x2>
			<y2>268.279982</y2>
			<x3>139.74662</x3>
			<y3>259.680203</y3>
			<x4>129.681494</x4>
			<y4>259.313765</y4>
			<x5>122.801867</x5>
			<y5>268.6136</y5>
			<x6>123.455955</x6>
			<y6>281.094326</y6>
			<x7>131.984605</x7>
			<y7>290.480578</y7>
			<x8>139.999329</x8>
			<y8>290.060544</y8>
			<x9>146.832235</x9>
			<y9>279.869228</y9>
		</polygon>
	</object>
	<object>
		<name>capsicum</name>
		<pose>Unspecified</pose>
		<truncated>0</truncated>
		<difficult>0</difficult>
		<occluded>0</occluded>
		<bndbox>
			<xmin>1</xmin>
			<xmax>14</xmax>
			<ymin>400</ymin>
			<ymax>417</ymax>
		</bndbox>
		<polygon>
			<x1>0</x1>
			<y1>416</y1>
			<x2>12.556625</x2>
			<y2>416</y2>
			<x3>12.634415</x3>
			<y3>415.628007</y3>
			<x4>9.883207</x4>
			<y4>401.46933</y4>
			<x5>2.396214</x5>
			<y5>399.17991900000004</y5>
			<x6>0</x6>
			<y6>399.956033</y6>
			<x7>0</x7>
			<y7>416</y7>
		</polygon>
	</object>
	<object>
		<name>orange</name>
		<pose>Unspecified</pose>
		<truncated>0</truncated>
		<difficult>0</difficult>
		<occluded>0</occluded>
		<bndbox>
			<xmin>284</xmin>
			<xmax>339</xmax>
			<ymin>209</ymin>
			<ymax>260</ymax>
		</bndbox>
		<polygon>
			<x1>283.182689</x1>
			<y1>208</y1>
			<x2>283.112082</x2>
			<y2>230.930055</y2>
			<x3>286.531185</x3>
			<y3>245.053731</y3>
			<x4>293.056153</x4>
			<y4>254.54498999999998</y4>
			<x5>301.351201</x5>
			<y5>259.473839</y5>
			<x6>322.7238</x6>
			<y6>258.353749</y6>
			<x7>329.790307</x7>
			<y7>252.619834</y7>
			<x8>335.815157</x8>
			<y8>239.78908</y8>
			<x9>337.879365</x9>
			<y9>228.059823</y9>
			<x10>336.183621</x10>
			<y10>208.482256</y10>
			<x11>335.949953</x11>
			<y11>208</y11>
			<x12>283.182689</x12>
			<y12>208</y12>
		</polygon>
	</object>
	<object>
		<name>capsicum</name>
		<pose>Unspecified</pose>
		<truncated>0</truncated>
		<difficult>0</difficult>
		<occluded>0</occluded>
		<bndbox>
			<xmin>401</xmin>
			<xmax>417</xmax>
			<ymin>285</ymin>
			<ymax>320</ymax>
		</bndbox>
		<polygon>
			<x1>416</x1>
			<y1>283.858934</y1>
			<x2>406.46322299999997</x2>
			<y2>284.358736</y2>
			<x3>402.549302</x3>
			<y3>286.351714</y3>
			<x4>399.583598</x4>
			<y4>293.658572</y4>
			<x5>402.52168800000004</x5>
			<y5>311.383172</y5>
			<x6>406.94953599999997</x6>
			<y6>319.196479</y6>
			<x7>416</x7>
			<y7>318.006667</y7>
			<x8>416</x8>
			<y8>283.858934</y8>
		</polygon>
	</object>
</annotation>
