<annotation>
	<folder></folder>
	<filename>image_152_png.rf.e953ba000ae25aade7034a09fcb55ba0.jpg</filename>
	<path>image_152_png.rf.e953ba000ae25aade7034a09fcb55ba0.jpg</path>
	<source>
		<database>roboflow.ai</database>
	</source>
	<size>
		<width>416</width>
		<height>416</height>
		<depth>3</depth>
	</size>
	<segmented>0</segmented>
	<object>
		<name>mango</name>
		<pose>Unspecified</pose>
		<truncated>0</truncated>
		<difficult>0</difficult>
		<occluded>0</occluded>
		<bndbox>
			<xmin>1</xmin>
			<xmax>196</xmax>
			<ymin>324</ymin>
			<ymax>417</ymax>
		</bndbox>
		<polygon>
			<x1>0</x1>
			<y1>416</y1>
			<x2>195.034421</x2>
			<y2>416</y2>
			<x3>192.026921</x3>
			<y3>381.591627</y3>
			<x4>179.985527</x4>
			<y4>353.39468899999997</y4>
			<x5>161.841293</x5>
			<y5>336.6844</y5>
			<x6>140.071651</x6>
			<y6>327.905469</y6>
			<x7>113.875766</x7>
			<y7>322.749884</y7>
			<x8>80.74596</x8>
			<y8>323.90680199999997</y8>
			<x9>62.708279</x9>
			<y9>328.872667</y9>
			<x10>26.965623</x10>
			<y10>348.331922</y10>
			<x11>0</x11>
			<y11>368.31069</y11>
			<x12>0</x12>
			<y12>416</y12>
		</polygon>
	</object>
	<object>
		<name>greenapple</name>
		<pose>Unspecified</pose>
		<truncated>0</truncated>
		<difficult>0</difficult>
		<occluded>0</occluded>
		<bndbox>
			<xmin>233</xmin>
			<xmax>256</xmax>
			<ymin>225</ymin>
			<ymax>263</ymax>
		</bndbox>
		<polygon>
			<x1>232</x1>
			<y1>224</y1>
			<x2>232</x2>
			<y2>262.16751899999997</y2>
			<x3>245.478902</x3>
			<y3>262.21025099999997</y3>
			<x4>253.439815</x4>
			<y4>248.05713</y4>
			<x5>254.850459</x5>
			<y5>224</y5>
			<x6>232</x6>
			<y6>224</y6>
		</polygon>
	</object>
	<object>
		<name>orange</name>
		<pose>Unspecified</pose>
		<truncated>0</truncated>
		<difficult>0</difficult>
		<occluded>0</occluded>
		<bndbox>
			<xmin>233</xmin>
			<xmax>278</xmax>
			<ymin>360</ymin>
			<ymax>417</ymax>
		</bndbox>
		<polygon>
			<x1>232</x1>
			<y1>416</y1>
			<x2>271.735088</x2>
			<y2>416</y2>
			<x3>274.77709500000003</x3>
			<y3>412.07905500000004</y3>
			<x4>277.480683</x4>
			<y4>396.375134</y4>
			<x5>274.836208</x5>
			<y5>376.521998</y5>
			<x6>262.538411</x6>
			<y6>359.607547</y6>
			<x7>237.792965</x7>
			<y7>358.73728800000004</y7>
			<x8>232</x8>
			<y8>361.800152</y8>
			<x9>232</x9>
			<y9>416</y9>
		</polygon>
	</object>
</annotation>
