<annotation>
	<folder></folder>
	<filename>image_106_png.rf.dae44dcf53bb98808f5b3b44cd110fcb.jpg</filename>
	<path>image_106_png.rf.dae44dcf53bb98808f5b3b44cd110fcb.jpg</path>
	<source>
		<database>roboflow.ai</database>
	</source>
	<size>
		<width>416</width>
		<height>416</height>
		<depth>3</depth>
	</size>
	<segmented>0</segmented>
	<object>
		<name>orange</name>
		<pose>Unspecified</pose>
		<truncated>0</truncated>
		<difficult>0</difficult>
		<occluded>0</occluded>
		<bndbox>
			<xmin>102</xmin>
			<xmax>160</xmax>
			<ymin>8</ymin>
			<ymax>82</ymax>
		</bndbox>
		<polygon>
			<x1>115.790111</x1>
			<y1>8.255223</y1>
			<x2>104.739008</x2>
			<y2>18.292676</y2>
			<x3>101.000798</x3>
			<y3>31.534471</y3>
			<x4>103.073252</x4>
			<y4>50.941774</y4>
			<x5>108.303867</x5>
			<y5>65.298406</y5>
			<x6>117.000036</x6>
			<y6>76.347684</y6>
			<x7>127.238089</x7>
			<y7>80.833763</y7>
			<x8>149.836128</x8>
			<y8>75.051598</y8>
			<x9>154.803914</x9>
			<y9>68.78308</y9>
			<x10>159.042866</x10>
			<y10>54.55423</y10>
			<x11>159.201476</x11>
			<y11>40.146093</y11>
			<x12>154.010514</x12>
			<y12>22.187428</y12>
			<x13>139.156635</x13>
			<y13>6.831356</y13>
			<x14>115.790111</x14>
			<y14>8.255223</y14>
		</polygon>
	</object>
	<object>
		<name>redapple</name>
		<pose>Unspecified</pose>
		<truncated>0</truncated>
		<difficult>0</difficult>
		<occluded>0</occluded>
		<bndbox>
			<xmin>106</xmin>
			<xmax>175</xmax>
			<ymin>120</ymin>
			<ymax>201</ymax>
		</bndbox>
		<polygon>
			<x1>146.549184</x1>
			<y1>121.467965</y1>
			<x2>132.538183</x2>
			<y2>118.545918</y2>
			<x3>118.140482</x3>
			<y3>121.084621</y3>
			<x4>109.900492</x4>
			<y4>127.930118</y4>
			<x5>104.813749</x5>
			<y5>145.004738</y5>
			<x6>104.689879</x6>
			<y6>171.090637</y6>
			<x7>109.613099</x7>
			<y7>183.703948</y7>
			<x8>119.464453</x8>
			<y8>193.650776</y8>
			<x9>134.744683</x9>
			<y9>199.944065</y9>
			<x10>151.913845</x10>
			<y10>197.81544</y10>
			<x11>169.008613</x11>
			<y11>187.611085</y11>
			<x12>172.360123</x12>
			<y12>179.830039</y12>
			<x13>174.407664</x13>
			<y13>156.999989</y13>
			<x14>173.832528</x14>
			<y14>149.911316</y14>
			<x15>168.869655</x15>
			<y15>140.900038</y15>
			<x16>146.549184</x16>
			<y16>121.467965</y16>
		</polygon>
	</object>
	<object>
		<name>greenapple</name>
		<pose>Unspecified</pose>
		<truncated>0</truncated>
		<difficult>0</difficult>
		<occluded>0</occluded>
		<bndbox>
			<xmin>325</xmin>
			<xmax>365</xmax>
			<ymin>1</ymin>
			<ymax>16</ymax>
		</bndbox>
		<polygon>
			<x1>324.00633600000003</x1>
			<y1>0</y1>
			<x2>324.264077</x2>
			<y2>3.802155</y2>
			<x3>331.03657599999997</x3>
			<y3>11.595587</y3>
			<x4>339.812049</x4>
			<y4>15.440798</y4>
			<x5>357.982698</x5>
			<y5>11.338061</y5>
			<x6>364.299529</x6>
			<y6>0</y6>
			<x7>324.00633600000003</x7>
			<y7>0</y7>
		</polygon>
	</object>
	<object>
		<name>greenapple</name>
		<pose>Unspecified</pose>
		<truncated>0</truncated>
		<difficult>0</difficult>
		<occluded>0</occluded>
		<bndbox>
			<xmin>1</xmin>
			<xmax>107</xmax>
			<ymin>336</ymin>
			<ymax>417</ymax>
		</bndbox>
		<polygon>
			<x1>0</x1>
			<y1>416</y1>
			<x2>105.853531</x2>
			<y2>416</y2>
			<x3>102.664047</x3>
			<y3>395.75011</y3>
			<x4>87.35399</x4>
			<y4>362.49926400000004</y4>
			<x5>68.960164</x5>
			<y5>342.374816</y5>
			<x6>37.358562</x6>
			<y6>335.364383</y6>
			<x7>2.212102</x7>
			<y7>338.86537</y7>
			<x8>0</x8>
			<y8>339.537624</y8>
			<x9>0</x9>
			<y9>416</y9>
		</polygon>
	</object>
	<object>
		<name>orange</name>
		<pose>Unspecified</pose>
		<truncated>0</truncated>
		<difficult>0</difficult>
		<occluded>0</occluded>
		<bndbox>
			<xmin>324</xmin>
			<xmax>379</xmax>
			<ymin>221</ymin>
			<ymax>254</ymax>
		</bndbox>
		<polygon>
			<x1>322.55009</x1>
			<y1>220</y1>
			<x2>323.188785</x2>
			<y2>225.441357</y2>
			<x3>328.920144</x3>
			<y3>238.810934</y3>
			<x4>337.462615</x4>
			<y4>248.988553</y4>
			<x5>346.89252999999997</x5>
			<y5>252.718368</y5>
			<x6>368.181686</x6>
			<y6>247.166994</y6>
			<x7>376.153935</x7>
			<y7>234.976144</y7>
			<x8>378.042866</x8>
			<y8>226.55423</y8>
			<x9>378.11501699999997</x9>
			<y9>220</y9>
			<x10>322.55009</x10>
			<y10>220</y10>
		</polygon>
	</object>
</annotation>
