<annotation>
	<folder></folder>
	<filename>image_120_png.rf.6e63744b44dc200750cb5a4cc7479184.jpg</filename>
	<path>image_120_png.rf.6e63744b44dc200750cb5a4cc7479184.jpg</path>
	<source>
		<database>roboflow.ai</database>
	</source>
	<size>
		<width>416</width>
		<height>416</height>
		<depth>3</depth>
	</size>
	<segmented>0</segmented>
	<object>
		<name>orange</name>
		<pose>Unspecified</pose>
		<truncated>0</truncated>
		<difficult>0</difficult>
		<occluded>0</occluded>
		<bndbox>
			<xmin>33</xmin>
			<xmax>90</xmax>
			<ymin>1</ymin>
			<ymax>74</ymax>
		</bndbox>
		<polygon>
			<x1>48.067422</x1>
			<y1>0</y1>
			<x2>38.148314</x2>
			<y2>6.168503</y2>
			<x3>32.44663</x3>
			<y3>20.344213</y3>
			<x4>31.738967</x4>
			<y4>28.419887</y4>
			<x5>36.213045</x5>
			<y5>52.48688</y5>
			<x6>41.729847</x6>
			<y6>62.231226</y6>
			<x7>54.48975</x7>
			<y7>71.713221</y7>
			<x8>65.882495</x8>
			<y8>72.563319</y8>
			<x9>77.237695</x9>
			<y9>68.995144</y9>
			<x10>85.933668</x10>
			<y10>56.999716</y10>
			<x11>88.815324</x11>
			<y11>45.925185</y11>
			<x12>83.893554</x12>
			<y12>14.850352</y12>
			<x13>78.650184</x13>
			<y13>6.832385</y13>
			<x14>69.876002</x14>
			<y14>0</y14>
			<x15>48.067422</x15>
			<y15>0</y15>
		</polygon>
	</object>
	<object>
		<name>mango</name>
		<pose>Unspecified</pose>
		<truncated>0</truncated>
		<difficult>0</difficult>
		<occluded>0</occluded>
		<bndbox>
			<xmin>139</xmin>
			<xmax>212</xmax>
			<ymin>1</ymin>
			<ymax>32</ymax>
		</bndbox>
		<polygon>
			<x1>139.340446</x1>
			<y1>0</y1>
			<x2>138.122962</x2>
			<y2>1.83704</y2>
			<x3>137.726275</x3>
			<y3>16.057364</y3>
			<x4>145.963931</x4>
			<y4>26.255613</y4>
			<x5>159.332326</x5>
			<y5>31.217015</y5>
			<x6>187.993759</x6>
			<y6>24.02296</y6>
			<x7>204.57887</x7>
			<y7>11.662858</y7>
			<x8>211.175214</x8>
			<y8>0</y8>
			<x9>139.340446</x9>
			<y9>0</y9>
		</polygon>
	</object>
	<object>
		<name>orange</name>
		<pose>Unspecified</pose>
		<truncated>0</truncated>
		<difficult>0</difficult>
		<occluded>0</occluded>
		<bndbox>
			<xmin>70</xmin>
			<xmax>99</xmax>
			<ymin>351</ymin>
			<ymax>386</ymax>
		</bndbox>
	</object>
	<object>
		<name>greenapple</name>
		<pose>Unspecified</pose>
		<truncated>0</truncated>
		<difficult>0</difficult>
		<occluded>0</occluded>
		<bndbox>
			<xmin>251</xmin>
			<xmax>275</xmax>
			<ymin>185</ymin>
			<ymax>215</ymax>
		</bndbox>
		<polygon>
			<x1>274.075758</x1>
			<y1>204.266158</y1>
			<x2>271.751589</x2>
			<y2>189.59193199999999</y2>
			<x3>265.489581</x3>
			<y3>183.504989</y3>
			<x4>256.308373</x4>
			<y4>184.074305</y4>
			<x5>249.923109</x5>
			<y5>193.934067</y5>
			<x6>251.837131</x6>
			<y6>206.018724</y6>
			<x7>261.093427</x7>
			<y7>214.28595</y7>
			<x8>268.845849</x8>
			<y8>213.058087</y8>
			<x9>274.075758</x9>
			<y9>204.266158</y9>
		</polygon>
	</object>
</annotation>
