<annotation>
	<folder></folder>
	<filename>image_204_png.rf.9bbbf48ce3b11e48951631cbdfb4be68.jpg</filename>
	<path>image_204_png.rf.9bbbf48ce3b11e48951631cbdfb4be68.jpg</path>
	<source>
		<database>roboflow.ai</database>
	</source>
	<size>
		<width>416</width>
		<height>416</height>
		<depth>3</depth>
	</size>
	<segmented>0</segmented>
	<object>
		<name>capsicum</name>
		<pose>Unspecified</pose>
		<truncated>0</truncated>
		<difficult>0</difficult>
		<occluded>0</occluded>
		<bndbox>
			<xmin>4</xmin>
			<xmax>26</xmax>
			<ymin>1</ymin>
			<ymax>14</ymax>
		</bndbox>
		<polygon>
			<x1>2.864452</x1>
			<y1>0</y1>
			<x2>2.676918</x2>
			<y2>1.256175</y2>
			<x3>7.76719</x3>
			<y3>12.775779</y3>
			<x4>17.543678</x4>
			<y4>13.152055</y4>
			<x5>25.492315</x5>
			<y5>0</y5>
			<x6>2.864452</x6>
			<y6>0</y6>
		</polygon>
	</object>
	<object>
		<name>redapple</name>
		<pose>Unspecified</pose>
		<truncated>0</truncated>
		<difficult>0</difficult>
		<occluded>0</occluded>
		<bndbox>
			<xmin>280</xmin>
			<xmax>353</xmax>
			<ymin>1</ymin>
			<ymax>44</ymax>
		</bndbox>
		<polygon>
			<x1>279.29496</x1>
			<y1>0</y1>
			<x2>279.36042</x2>
			<y2>3.671558</y2>
			<x3>285.47721</x3>
			<y3>22.951369</y3>
			<x4>294.786851</x4>
			<y4>34.504688</y4>
			<x5>318.247965</x5>
			<y5>42.74232</y5>
			<x6>334.406062</x6>
			<y6>39.889896</y6>
			<x7>350.622856</x7>
			<y7>15.421778</y7>
			<x8>351.50194799999997</x8>
			<y8>2.459105</y8>
			<x9>350.61530700000003</x9>
			<y9>0</y9>
			<x10>279.29496</x10>
			<y10>0</y10>
		</polygon>
	</object>
	<object>
		<name>capsicum</name>
		<pose>Unspecified</pose>
		<truncated>0</truncated>
		<difficult>0</difficult>
		<occluded>0</occluded>
		<bndbox>
			<xmin>244</xmin>
			<xmax>270</xmax>
			<ymin>79</ymin>
			<ymax>115</ymax>
		</bndbox>
		<polygon>
			<x1>262.345072</x1>
			<y1>107.889487</y1>
			<x2>269.298637</x2>
			<y2>86.925195</y2>
			<x3>266.522125</x3>
			<y3>80.641775</y3>
			<x4>254.482384</x4>
			<y4>77.862182</y4>
			<x5>246.556904</x5>
			<y5>81.674852</y5>
			<x6>243.359957</x6>
			<y6>101.625623</y6>
			<x7>244.386475</x7>
			<y7>109.385829</y7>
			<x8>253.801224</x8>
			<y8>114.380602</y8>
			<x9>262.345072</x9>
			<y9>107.889487</y9>
		</polygon>
	</object>
	<object>
		<name>redapple</name>
		<pose>Unspecified</pose>
		<truncated>0</truncated>
		<difficult>0</difficult>
		<occluded>0</occluded>
		<bndbox>
			<xmin>259</xmin>
			<xmax>333</xmax>
			<ymin>267</ymin>
			<ymax>353</ymax>
		</bndbox>
		<polygon>
			<x1>296.051136</x1>
			<y1>267.228811</y1>
			<x2>288.487394</x2>
			<y2>266.422985</y2>
			<x3>276.18692799999997</x3>
			<y3>273.927622</y3>
			<x4>261.152267</x4>
			<y4>302.430265</y4>
			<x5>258.418072</x5>
			<y5>323.428271</y5>
			<x6>272.355233</x6>
			<y6>345.453959</y6>
			<x7>292.678097</x7>
			<y7>352.026666</y7>
			<x8>312.180566</x8>
			<y8>349.946352</y8>
			<x9>318.305546</x9>
			<y9>344.777601</y9>
			<x10>329.68460200000004</x10>
			<y10>322.95421</y10>
			<x11>331.644814</x11>
			<y11>308.360329</y11>
			<x12>321.87651700000004</x12>
			<y12>283.535492</y12>
			<x13>309.016381</x13>
			<y13>272.102878</y13>
			<x14>296.051136</x14>
			<y14>267.228811</y14>
		</polygon>
	</object>
	<object>
		<name>capsicum</name>
		<pose>Unspecified</pose>
		<truncated>0</truncated>
		<difficult>0</difficult>
		<occluded>0</occluded>
		<bndbox>
			<xmin>408</xmin>
			<xmax>417</xmax>
			<ymin>283</ymin>
			<ymax>316</ymax>
		</bndbox>
		<polygon>
			<x1>416</x1>
			<y1>281.615344</y1>
			<x2>415.321014</x2>
			<y2>281.598804</y2>
			<x3>409.864909</x3>
			<y3>286.92197699999997</y3>
			<x4>407.492453</x4>
			<y4>303.301488</y4>
			<x5>411.244976</x5>
			<y5>314.512248</y5>
			<x6>416</x6>
			<y6>315.142795</y6>
			<x7>416</x7>
			<y7>281.615344</y7>
		</polygon>
	</object>
</annotation>
