<annotation>
	<folder></folder>
	<filename>image_211_png.rf.1357cf4ea7173cb3f8455c9364fa8021.jpg</filename>
	<path>image_211_png.rf.1357cf4ea7173cb3f8455c9364fa8021.jpg</path>
	<source>
		<database>roboflow.ai</database>
	</source>
	<size>
		<width>416</width>
		<height>416</height>
		<depth>3</depth>
	</size>
	<segmented>0</segmented>
	<object>
		<name>redapple</name>
		<pose>Unspecified</pose>
		<truncated>0</truncated>
		<difficult>0</difficult>
		<occluded>0</occluded>
		<bndbox>
			<xmin>73</xmin>
			<xmax>142</xmax>
			<ymin>85</ymin>
			<ymax>165</ymax>
		</bndbox>
		<polygon>
			<x1>73.67475</x1>
			<y1>107.484861</y1>
			<x2>71.890582</x2>
			<y2>125.463424</y2>
			<x3>77.304831</x3>
			<y3>147.885983</y3>
			<x4>99.222313</x4>
			<y4>163.842324</y4>
			<x5>120.08756</x5>
			<y5>160.392419</y5>
			<x6>134.517197</x6>
			<y6>153.292834</y6>
			<x7>141.136756</x7>
			<y7>120.512963</y7>
			<x8>136.796609</x8>
			<y8>106.838269</y8>
			<x9>115.104882</x9>
			<y9>87.30231</y9>
			<x10>90.758769</x10>
			<y10>84.075813</y10>
			<x11>79.058126</x11>
			<y11>91.728295</y11>
			<x12>73.67475</x12>
			<y12>107.484861</y12>
		</polygon>
	</object>
	<object>
		<name>orange</name>
		<pose>Unspecified</pose>
		<truncated>0</truncated>
		<difficult>0</difficult>
		<occluded>0</occluded>
		<bndbox>
			<xmin>299</xmin>
			<xmax>322</xmax>
			<ymin>68</ymin>
			<ymax>99</ymax>
		</bndbox>
		<polygon>
			<x1>321.23472</x1>
			<y1>89.468041</y1>
			<x2>321.041767</x2>
			<y2>77.060086</y2>
			<x3>315.272486</x3>
			<y3>68.000743</y3>
			<x4>305.88212699999997</x4>
			<y4>67.377784</y4>
			<x5>298.554432</x5>
			<y5>72.717385</y5>
			<x6>297.758824</x6>
			<y6>87.910645</y6>
			<x7>304.946307</x7>
			<y7>97.68383</y7>
			<x8>313.68127</x8>
			<y8>98.387261</y8>
			<x9>321.23472</x9>
			<y9>89.468041</y9>
		</polygon>
	</object>
	<object>
		<name>mango</name>
		<pose>Unspecified</pose>
		<truncated>0</truncated>
		<difficult>0</difficult>
		<occluded>0</occluded>
		<bndbox>
			<xmin>48</xmin>
			<xmax>78</xmax>
			<ymin>385</ymin>
			<ymax>417</ymax>
		</bndbox>
		<polygon>
			<x1>75.915231</x1>
			<y1>416</y1>
			<x2>77.352191</x2>
			<y2>413.797902</y2>
			<x3>74.000605</x3>
			<y3>397.337905</y3>
			<x4>68.231323</x4>
			<y4>388.27856099999997</y4>
			<x5>55.789741</x5>
			<y5>384.478346</y5>
			<x6>47.247731</x6>
			<y6>396.18287</y6>
			<x7>47.440684</x7>
			<y7>408.590826</y7>
			<x8>52.985344</x8>
			<y8>416</y8>
			<x9>75.915231</x9>
			<y9>416</y9>
		</polygon>
	</object>
	<object>
		<name>orange</name>
		<pose>Unspecified</pose>
		<truncated>0</truncated>
		<difficult>0</difficult>
		<occluded>0</occluded>
		<bndbox>
			<xmin>42</xmin>
			<xmax>67</xmax>
			<ymin>248</ymin>
			<ymax>279</ymax>
		</bndbox>
		<polygon>
			<x1>49.239644</x1>
			<y1>276.949677</y1>
			<x2>58.630002</x2>
			<y2>277.572635</y2>
			<x3>65.528056</x3>
			<y3>268.733888</y3>
			<x4>64.464887</x4>
			<y4>254.656832</y4>
			<x5>60.436038</x5>
			<y5>248.93569</y5>
			<x6>51.593665</x6>
			<y6>247.357472</y6>
			<x7>42.915739</x7>
			<y7>250.348726</y7>
			<x8>41.412737</x8>
			<y8>259.77378699999997</y8>
			<x9>42.922376</x9>
			<y9>268.845592</y9>
			<x10>49.239644</x10>
			<y10>276.949677</y10>
		</polygon>
	</object>
</annotation>
