<annotation>
	<folder></folder>
	<filename>image_143_png.rf.a73287e0d15bb156b10a9c4c5bf76c61.jpg</filename>
	<path>image_143_png.rf.a73287e0d15bb156b10a9c4c5bf76c61.jpg</path>
	<source>
		<database>roboflow.ai</database>
	</source>
	<size>
		<width>416</width>
		<height>416</height>
		<depth>3</depth>
	</size>
	<segmented>0</segmented>
	<object>
		<name>capsicum</name>
		<pose>Unspecified</pose>
		<truncated>0</truncated>
		<difficult>0</difficult>
		<occluded>0</occluded>
		<bndbox>
			<xmin>1</xmin>
			<xmax>18</xmax>
			<ymin>59</ymin>
			<ymax>96</ymax>
		</bndbox>
		<polygon>
			<x1>0</x1>
			<y1>92.237653</y1>
			<x2>2.616653</x2>
			<y2>95.370478</y2>
			<x3>12.011115</x3>
			<y3>93.976466</y3>
			<x4>16.746558</x4>
			<y4>81.104931</y4>
			<x5>15.756933</x5>
			<y5>62.221754</y5>
			<x6>8.102917</x6>
			<y6>58.114542</y6>
			<x7>0</x7>
			<y7>61.130883</y7>
			<x8>0</x8>
			<y8>92.237653</y8>
		</polygon>
	</object>
	<object>
		<name>greenapple</name>
		<pose>Unspecified</pose>
		<truncated>0</truncated>
		<difficult>0</difficult>
		<occluded>0</occluded>
		<bndbox>
			<xmin>131</xmin>
			<xmax>155</xmax>
			<ymin>63</ymin>
			<ymax>96</ymax>
		</bndbox>
		<polygon>
			<x1>154.30934</x1>
			<y1>86.518932</y1>
			<x2>154.371113</x2>
			<y2>74.794002</y2>
			<x3>146.967372</x3>
			<y3>62.558655</y3>
			<x4>138.827456</x4>
			<y4>62.083582</y4>
			<x5>129.762868</x5>
			<y5>69.771986</y5>
			<x6>129.936719</x6>
			<y6>85.992909</y6>
			<x7>137.151961</x7>
			<y7>94.631461</y7>
			<x8>147.315074</x8>
			<y8>95.000503</y8>
			<x9>154.30934</x9>
			<y9>86.518932</y9>
		</polygon>
	</object>
	<object>
		<name>mango</name>
		<pose>Unspecified</pose>
		<truncated>0</truncated>
		<difficult>0</difficult>
		<occluded>0</occluded>
		<bndbox>
			<xmin>271</xmin>
			<xmax>347</xmax>
			<ymin>190</ymin>
			<ymax>225</ymax>
		</bndbox>
		<polygon>
			<x1>344.80053499999997</x1>
			<y1>224</y1>
			<x2>345.723392</x2>
			<y2>221.689787</y2>
			<x3>345.110767</x3>
			<y3>210.000202</y3>
			<x4>340.451747</x4>
			<y4>198.522679</y4>
			<x5>326.445389</x5>
			<y5>189.338366</y5>
			<x6>305.539015</x6>
			<y6>190.434023</y6>
			<x7>290.499084</x7>
			<y7>200.238918</y7>
			<x8>269.702905</x8>
			<y8>224</y8>
			<x9>344.80053499999997</x9>
			<y9>224</y9>
		</polygon>
	</object>
	<object>
		<name>greenapple</name>
		<pose>Unspecified</pose>
		<truncated>0</truncated>
		<difficult>0</difficult>
		<occluded>0</occluded>
		<bndbox>
			<xmin>411</xmin>
			<xmax>417</xmax>
			<ymin>172</ymin>
			<ymax>200</ymax>
		</bndbox>
		<polygon>
			<x1>416</x1>
			<y1>170.941844</y1>
			<x2>410.32115899999997</x2>
			<y2>176.827606</y2>
			<x3>409.726361</x3>
			<y3>191.285475</y3>
			<x4>416</x4>
			<y4>198.796679</y4>
			<x5>416</x5>
			<y5>170.941844</y5>
		</polygon>
	</object>
	<object>
		<name>redapple</name>
		<pose>Unspecified</pose>
		<truncated>0</truncated>
		<difficult>0</difficult>
		<occluded>0</occluded>
		<bndbox>
			<xmin>3</xmin>
			<xmax>76</xmax>
			<ymin>225</ymin>
			<ymax>286</ymax>
		</bndbox>
		<polygon>
			<x1>5.173619</x1>
			<y1>224</y1>
			<x2>1.666902</x2>
			<y2>243.065673</y2>
			<x3>2.562277</x3>
			<y3>260.150452</y3>
			<x4>5.636874</x4>
			<y4>267.202668</y4>
			<x5>18.482934</x5>
			<y5>280.054463</y5>
			<x6>30.230471</x6>
			<y6>284.848813</y6>
			<x7>53.112917</x7>
			<y7>282.747926</y7>
			<x8>66.8983</x8>
			<y8>274.812116</y8>
			<x9>74.784762</x9>
			<y9>244.64374</y9>
			<x10>71.333166</x10>
			<y10>230.397933</y10>
			<x11>66.535799</x11>
			<y11>224</y11>
			<x12>5.173619</x12>
			<y12>224</y12>
		</polygon>
	</object>
	<object>
		<name>orange</name>
		<pose>Unspecified</pose>
		<truncated>0</truncated>
		<difficult>0</difficult>
		<occluded>0</occluded>
		<bndbox>
			<xmin>168</xmin>
			<xmax>225</xmax>
			<ymin>226</ymin>
			<ymax>302</ymax>
		</bndbox>
		<polygon>
			<x1>216.988736</x1>
			<y1>235.387808</y1>
			<x2>207.028772</x2>
			<y2>225.991433</y2>
			<x3>184.67935</x3>
			<y3>225.359379</y3>
			<x4>173.54444</x4>
			<y4>232.254616</y4>
			<x5>166.880049</x5>
			<y5>247.030579</y5>
			<x6>166.709376</x6>
			<y6>269.581239</y6>
			<x7>169.298074</x7>
			<y7>280.265594</y7>
			<x8>172.372671</x8>
			<y8>287.317811</y8>
			<x9>183.775682</x9>
			<y9>298.441895</y9>
			<x10>196.103368</x10>
			<y10>301.402504</y10>
			<x11>210.751649</x11>
			<y11>297.028145</y11>
			<x12>220.302137</x12>
			<y12>285.707603</y12>
			<x13>223.202882</x13>
			<y13>276.538895</y13>
			<x14>224.000829</x14>
			<y14>253.053692</y14>
			<x15>221.506382</x15>
			<y15>244.167734</y15>
			<x16>216.988736</x16>
			<y16>235.387808</y16>
		</polygon>
	</object>
	<object>
		<name>capsicum</name>
		<pose>Unspecified</pose>
		<truncated>0</truncated>
		<difficult>0</difficult>
		<occluded>0</occluded>
		<bndbox>
			<xmin>359</xmin>
			<xmax>382</xmax>
			<ymin>277</ymin>
			<ymax>312</ymax>
		</bndbox>
		<polygon>
			<x1>379.611013</x1>
			<y1>302.549045</y1>
			<x2>380.50320999999997</x2>
			<y2>280.86224</y2>
			<x3>376.174065</x3>
			<y3>275.67911</y3>
			<x4>366.058078</x4>
			<y4>276.209267</y4>
			<x5>358.200913</x5>
			<y5>281.129386</y5>
			<x6>358.233389</x6>
			<y6>294.652713</y6>
			<x7>363.03378399999997</x7>
			<y7>308.827832</y7>
			<x8>373.291146</x8>
			<y8>310.995273</y8>
			<x9>379.611013</x9>
			<y9>302.549045</y9>
		</polygon>
	</object>
</annotation>
