<annotation>
	<folder></folder>
	<filename>image_140_png.rf.ad6107a6888b7a52e99c958e7b41e0f6.jpg</filename>
	<path>image_140_png.rf.ad6107a6888b7a52e99c958e7b41e0f6.jpg</path>
	<source>
		<database>roboflow.ai</database>
	</source>
	<size>
		<width>416</width>
		<height>416</height>
		<depth>3</depth>
	</size>
	<segmented>0</segmented>
	<object>
		<name>mango</name>
		<pose>Unspecified</pose>
		<truncated>0</truncated>
		<difficult>0</difficult>
		<occluded>0</occluded>
		<bndbox>
			<xmin>66</xmin>
			<xmax>94</xmax>
			<ymin>5</ymin>
			<ymax>43</ymax>
		</bndbox>
		<polygon>
			<x1>89.731156</x1>
			<y1>35.387225</y1>
			<x2>93.499192</x2>
			<y2>21.671462</y2>
			<x3>88.952845</x3>
			<y3>9.185931</y3>
			<x4>79.75102</x4>
			<y4>3.968358</y4>
			<x5>68.551132</x5>
			<y5>10.082361</y5>
			<x6>65.09049</x6>
			<y6>22.054804</y6>
			<x7>72.44795</x7>
			<y7>37.732292</y7>
			<x8>80.494591</x8>
			<y8>41.847414</y8>
			<x9>89.731156</x9>
			<y9>35.387225</y9>
		</polygon>
	</object>
	<object>
		<name>orange</name>
		<pose>Unspecified</pose>
		<truncated>0</truncated>
		<difficult>0</difficult>
		<occluded>0</occluded>
		<bndbox>
			<xmin>236</xmin>
			<xmax>267</xmax>
			<ymin>74</ymin>
			<ymax>142</ymax>
		</bndbox>
		<polygon>
			<x1>266</x1>
			<y1>141</y1>
			<x2>266</x2>
			<y2>75.117573</y2>
			<x3>259.156966</x3>
			<y3>73.350411</y3>
			<x4>249.727052</x4>
			<y4>77.080227</y4>
			<x5>240.376442</x5>
			<y5>88.01411</y5>
			<x6>234.570691</x6>
			<y6>109.459413</y6>
			<x7>234.575604</x7>
			<y7>124.739209</y7>
			<x8>240.123438</x8>
			<y8>139.198851</y8>
			<x9>242.010742</x9>
			<y9>141</y9>
			<x10>266</x10>
			<y10>141</y10>
		</polygon>
	</object>
	<object>
		<name>orange</name>
		<pose>Unspecified</pose>
		<truncated>0</truncated>
		<difficult>0</difficult>
		<occluded>0</occluded>
		<bndbox>
			<xmin>376</xmin>
			<xmax>403</xmax>
			<ymin>63</ymin>
			<ymax>96</ymax>
		</bndbox>
		<polygon>
			<x1>398.09589900000003</x1>
			<y1>88.85165</y1>
			<x2>402.057284</x2>
			<y2>77.866262</y2>
			<x3>398.819819</x3>
			<y3>65.611522</y3>
			<x4>389.96504</x4>
			<y4>62.252664</y4>
			<x5>379.726987</x5>
			<y5>66.738743</y5>
			<x6>375.458208</x6>
			<y6>79.46745</y6>
			<x7>380.004555</x7>
			<y7>91.952981</y7>
			<x8>388.859334</x8>
			<y8>95.311839</y8>
			<x9>398.09589900000003</x9>
			<y9>88.85165</y9>
		</polygon>
	</object>
	<object>
		<name>greenapple</name>
		<pose>Unspecified</pose>
		<truncated>0</truncated>
		<difficult>0</difficult>
		<occluded>0</occluded>
		<bndbox>
			<xmin>1</xmin>
			<xmax>24</xmax>
			<ymin>162</ymin>
			<ymax>223</ymax>
		</bndbox>
		<polygon>
			<x1>0</x1>
			<y1>222.042813</y1>
			<x2>5.921301</x2>
			<y2>222.237011</y2>
			<x3>16.54114</x3>
			<y3>207.931885</y3>
			<x4>23.155029</x4>
			<y4>185.730317</y4>
			<x5>13.140152</x5>
			<y5>165.989213</y5>
			<x6>0</x6>
			<y6>161.348313</y6>
			<x7>0</x7>
			<y7>222.042813</y7>
		</polygon>
	</object>
	<object>
		<name>orange</name>
		<pose>Unspecified</pose>
		<truncated>0</truncated>
		<difficult>0</difficult>
		<occluded>0</occluded>
		<bndbox>
			<xmin>92</xmin>
			<xmax>150</xmax>
			<ymin>344</ymin>
			<ymax>417</ymax>
		</bndbox>
		<polygon>
			<x1>129.526365</x1>
			<y1>416</y1>
			<x2>137.478318</x2>
			<y2>409.907248</y2>
			<x3>144.364861</x3>
			<y3>397.640123</y3>
			<x4>149.129471</x4>
			<y4>370.618675</y4>
			<x5>140.07643</x5>
			<y5>349.249646</y5>
			<x6>115.515069</x6>
			<y6>343.12129500000003</y6>
			<x7>106.893292</x7>
			<y7>346.09484499999996</y7>
			<x8>95.772709</x8>
			<y8>359.412917</y8>
			<x9>90.775097</x9>
			<y9>380.101956</y9>
			<x10>90.740357</x10>
			<y10>391.779718</y10>
			<x11>96.481541</x11>
			<y11>408.969734</y11>
			<x12>104.06709</x12>
			<y12>415.699835</y12>
			<x13>105.769411</x13>
			<y13>416</y13>
			<x14>129.526365</x14>
			<y14>416</y14>
		</polygon>
	</object>
</annotation>
