<annotation>
	<folder></folder>
	<filename>image_136_png.rf.bf974c0826d4e7b85bcb3cfdd11307d3.jpg</filename>
	<path>image_136_png.rf.bf974c0826d4e7b85bcb3cfdd11307d3.jpg</path>
	<source>
		<database>roboflow.ai</database>
	</source>
	<size>
		<width>416</width>
		<height>416</height>
		<depth>3</depth>
	</size>
	<segmented>0</segmented>
	<object>
		<name>capsicum</name>
		<pose>Unspecified</pose>
		<truncated>0</truncated>
		<difficult>0</difficult>
		<occluded>0</occluded>
		<bndbox>
			<xmin>63</xmin>
			<xmax>88</xmax>
			<ymin>61</ymin>
			<ymax>101</ymax>
		</bndbox>
		<polygon>
			<x1>62.985185</x1>
			<y1>82.257798</y1>
			<x2>70.446039</x2>
			<y2>97.958975</y2>
			<x3>79.638619</x3>
			<y3>99.599811</y3>
			<x4>86.586484</x4>
			<y4>88.591732</y4>
			<x5>86.285494</x5>
			<y5>69.241892</y5>
			<x6>81.985385</x6>
			<y6>62.384433</y6>
			<x7>74.602183</x7>
			<y7>64.214156</y7>
			<x8>71.999783</x8>
			<y8>59.917787</y8>
			<x9>71.083755</x9>
			<y9>63.722984</y9>
			<x10>62.103174</x10>
			<y10>69.441565</y10>
			<x11>62.985185</x11>
			<y11>82.257798</y11>
		</polygon>
	</object>
	<object>
		<name>capsicum</name>
		<pose>Unspecified</pose>
		<truncated>0</truncated>
		<difficult>0</difficult>
		<occluded>0</occluded>
		<bndbox>
			<xmin>246</xmin>
			<xmax>266</xmax>
			<ymin>49</ymin>
			<ymax>106</ymax>
		</bndbox>
		<polygon>
			<x1>245</x1>
			<y1>104.537998</y1>
			<x2>258.363805</x2>
			<y2>103.795117</y2>
			<x3>263.71429</x3>
			<y3>96.675895</y3>
			<x4>265.211339</x4>
			<y4>86.337091</y4>
			<x5>263.90533</x5>
			<y5>58.802025</y5>
			<x6>259.493552</x6>
			<y6>51.035096</y6>
			<x7>246.894213</x7>
			<y7>49.812558</y7>
			<x8>245</x8>
			<y8>47.840024</y8>
			<x9>245</x9>
			<y9>104.537998</y9>
		</polygon>
	</object>
	<object>
		<name>mango</name>
		<pose>Unspecified</pose>
		<truncated>0</truncated>
		<difficult>0</difficult>
		<occluded>0</occluded>
		<bndbox>
			<xmin>389</xmin>
			<xmax>417</xmax>
			<ymin>206</ymin>
			<ymax>272</ymax>
		</bndbox>
		<polygon>
			<x1>416</x1>
			<y1>205.015916</y1>
			<x2>409.70945900000004</x2>
			<y2>209.841617</y2>
			<x3>389.100542</x3>
			<y3>239.144317</y3>
			<x4>388.273504</x4>
			<y4>254.939938</y4>
			<x5>397.22006899999997</x5>
			<y5>265.842789</y5>
			<x6>410.94743500000004</x6>
			<y6>270.619547</y6>
			<x7>416</x7>
			<y7>269.547878</y7>
			<x8>416</x8>
			<y8>205.015916</y8>
		</polygon>
	</object>
	<object>
		<name>capsicum</name>
		<pose>Unspecified</pose>
		<truncated>0</truncated>
		<difficult>0</difficult>
		<occluded>0</occluded>
		<bndbox>
			<xmin>23</xmin>
			<xmax>56</xmax>
			<ymin>351</ymin>
			<ymax>409</ymax>
		</bndbox>
		<polygon>
			<x1>21.546789</x1>
			<y1>363.005612</y1>
			<x2>23.657157</x2>
			<y2>385.826012</y2>
			<x3>28.962286</x3>
			<y3>400.868697</y3>
			<x4>34.6251</x4>
			<y4>407.558838</y4>
			<x5>49.045157</x5>
			<y5>406.711458</y5>
			<x6>55.211339</x6>
			<y6>389.337091</y6>
			<x7>53.90533</x7>
			<y7>361.802025</y7>
			<x8>49.493552</x8>
			<y8>354.035096</y8>
			<x9>36.894213</x9>
			<y9>352.81255799999997</y9>
			<x10>33.72213</x10>
			<y10>349.509317</y10>
			<x11>32.348088</x11>
			<y11>355.217114</y11>
			<x12>21.546789</x12>
			<y12>363.005612</y12>
		</polygon>
	</object>
	<object>
		<name>greenapple</name>
		<pose>Unspecified</pose>
		<truncated>0</truncated>
		<difficult>0</difficult>
		<occluded>0</occluded>
		<bndbox>
			<xmin>323</xmin>
			<xmax>354</xmax>
			<ymin>299</ymin>
			<ymax>335</ymax>
		</bndbox>
	</object>
</annotation>
