<annotation>
	<folder></folder>
	<filename>image_203_png.rf.abfe344318ece42eae273abfe04f8365.jpg</filename>
	<path>image_203_png.rf.abfe344318ece42eae273abfe04f8365.jpg</path>
	<source>
		<database>roboflow.ai</database>
	</source>
	<size>
		<width>416</width>
		<height>416</height>
		<depth>3</depth>
	</size>
	<segmented>0</segmented>
	<object>
		<name>redapple</name>
		<pose>Unspecified</pose>
		<truncated>0</truncated>
		<difficult>0</difficult>
		<occluded>0</occluded>
		<bndbox>
			<xmin>1</xmin>
			<xmax>61</xmax>
			<ymin>1</ymin>
			<ymax>81</ymax>
		</bndbox>
		<polygon>
			<x1>5.030297</x1>
			<y1>0</y1>
			<x2>0</x2>
			<y2>2.440125</y2>
			<x3>0</x3>
			<y3>73.700585</y3>
			<x4>11.825705</x4>
			<y4>80.083162</y4>
			<x5>32.89439</x5>
			<y5>80.450917</y5>
			<x6>47.261425</x6>
			<y6>75.274781</y6>
			<x7>52.129351</x7>
			<y7>69.028353</y7>
			<x8>57.155108</x8>
			<y8>53.739822</y8>
			<x9>60.078828</x9>
			<y9>42.032544</y9>
			<x10>58.908954</x10>
			<y10>31.158297</y10>
			<x11>43.687708</x11>
			<y11>7.375983</y11>
			<x12>30.913004</x12>
			<y12>0</y12>
			<x13>5.030297</x13>
			<y13>0</y13>
		</polygon>
	</object>
	<object>
		<name>capsicum</name>
		<pose>Unspecified</pose>
		<truncated>0</truncated>
		<difficult>0</difficult>
		<occluded>0</occluded>
		<bndbox>
			<xmin>230</xmin>
			<xmax>252</xmax>
			<ymin>60</ymin>
			<ymax>95</ymax>
		</bndbox>
		<polygon>
			<x1>245.662295</x1>
			<y1>93.017939</y1>
			<x2>251.39925399999998</x2>
			<y2>75.932852</y2>
			<x3>250.292512</x3>
			<y3>61.441765</y3>
			<x4>242.184241</x4>
			<y4>58.586778</y4>
			<x5>233.997054</x5>
			<y5>60.252841</y5>
			<x6>229.129127</x6>
			<y6>66.49927</y6>
			<x7>230.18852</x7>
			<y7>83.702988</y7>
			<x8>236.131622</x8>
			<y8>93.756067</y8>
			<x9>245.662295</x9>
			<y9>93.017939</y9>
		</polygon>
	</object>
	<object>
		<name>orange</name>
		<pose>Unspecified</pose>
		<truncated>0</truncated>
		<difficult>0</difficult>
		<occluded>0</occluded>
		<bndbox>
			<xmin>389</xmin>
			<xmax>417</xmax>
			<ymin>365</ymin>
			<ymax>417</ymax>
		</bndbox>
		<polygon>
			<x1>416</x1>
			<y1>416</y1>
			<x2>416</x2>
			<y2>364.32768699999997</y2>
			<x3>403.26383699999997</x3>
			<y3>367.31969000000004</y3>
			<x4>393.575333</x4>
			<y4>377.099918</y4>
			<x5>388.581142</x5>
			<y5>390.580027</y5>
			<x6>387.55428</x6>
			<y6>410.460787</y6>
			<x7>388.839791</x7>
			<y7>416</y7>
			<x8>416</x8>
			<y8>416</y8>
		</polygon>
	</object>
	<object>
		<name>greenapple</name>
		<pose>Unspecified</pose>
		<truncated>0</truncated>
		<difficult>0</difficult>
		<occluded>0</occluded>
		<bndbox>
			<xmin>365</xmin>
			<xmax>388</xmax>
			<ymin>183</ymin>
			<ymax>215</ymax>
		</bndbox>
		<polygon>
			<x1>387.059222</x1>
			<y1>205.133918</y1>
			<x2>387.31174999999996</x2>
			<y2>190.666557</y2>
			<x3>382.00093400000003</x3>
			<y3>183.337971</y3>
			<x4>371.822192</x4>
			<y4>182.25581499999998</y4>
			<x5>364.899577</x5>
			<y5>189.37086499999998</y5>
			<x6>363.983196</x6>
			<y6>202.92215299999998</y6>
			<x7>368.598594</x7>
			<y7>211.14308599999998</y7>
			<x8>379.425405</x8>
			<y8>214.045525</y8>
			<x9>387.059222</x9>
			<y9>205.133918</y9>
		</polygon>
	</object>
	<object>
		<name>capsicum</name>
		<pose>Unspecified</pose>
		<truncated>0</truncated>
		<difficult>0</difficult>
		<occluded>0</occluded>
		<bndbox>
			<xmin>223</xmin>
			<xmax>245</xmax>
			<ymin>171</ymin>
			<ymax>206</ymax>
		</bndbox>
		<polygon>
			<x1>238.883001</x1>
			<y1>203.451978</y1>
			<x2>243.924541</x2>
			<y2>187.25923799999998</y2>
			<x3>242.8178</x3>
			<y3>172.768151</y3>
			<x4>234.709528</x4>
			<y4>169.913163</y4>
			<x5>223.772235</x5>
			<y5>173.340195</y5>
			<x6>221.638632</x6>
			<y6>178.72986600000002</y6>
			<x7>224.025729</x7>
			<y7>197.76573000000002</y7>
			<x8>229.336544</x8>
			<y8>205.094316</y8>
			<x9>238.883001</x9>
			<y9>203.451978</y9>
		</polygon>
	</object>
</annotation>
