<annotation>
	<folder></folder>
	<filename>image_155_png.rf.96580ad4dfd9db4d2b57244eddc5556d.jpg</filename>
	<path>image_155_png.rf.96580ad4dfd9db4d2b57244eddc5556d.jpg</path>
	<source>
		<database>roboflow.ai</database>
	</source>
	<size>
		<width>416</width>
		<height>416</height>
		<depth>3</depth>
	</size>
	<segmented>0</segmented>
	<object>
		<name>orange</name>
		<pose>Unspecified</pose>
		<truncated>0</truncated>
		<difficult>0</difficult>
		<occluded>0</occluded>
		<bndbox>
			<xmin>21</xmin>
			<xmax>80</xmax>
			<ymin>77</ymin>
			<ymax>153</ymax>
		</bndbox>
		<polygon>
			<x1>71.47072</x1>
			<y1>83.220371</y1>
			<x2>53.839782</x2>
			<y2>75.806474</y2>
			<x3>41.467072</x3>
			<y3>75.926317</y3>
			<x4>30.884662</x4>
			<y4>83.75935</y4>
			<x5>24.150774</x5>
			<y5>96.076736</y5>
			<x6>19.58778</x6>
			<y6>120.771116</y6>
			<x7>21.572268</x7>
			<y7>134.025069</y7>
			<x8>28.710105</x8>
			<y8>145.624656</y8>
			<x9>38.651782</x9>
			<y9>150.48757</y9>
			<x10>54.119615</x10>
			<y10>151.942196</y10>
			<x11>63.672913</x11>
			<y11>145.723582</y11>
			<x12>71.533007</x12>
			<y12>134.562159</y12>
			<x13>78.996937</x13>
			<y13>105.901486</y13>
			<x14>76.542547</x14>
			<y14>91.631071</y14>
			<x15>71.47072</x15>
			<y15>83.220371</y15>
		</polygon>
	</object>
	<object>
		<name>greenapple</name>
		<pose>Unspecified</pose>
		<truncated>0</truncated>
		<difficult>0</difficult>
		<occluded>0</occluded>
		<bndbox>
			<xmin>301</xmin>
			<xmax>326</xmax>
			<ymin>120</ymin>
			<ymax>153</ymax>
		</bndbox>
		<polygon>
			<x1>321.633736</x1>
			<y1>146.162948</y1>
			<x2>324.899692</x2>
			<y2>134.025012</y2>
			<x3>320.10357799999997</x3>
			<y3>121.09001</y3>
			<x4>312.227912</x4>
			<y4>119.415985</y4>
			<x5>300.616389</x5>
			<y5>128.863437</y5>
			<x6>299.505753</x6>
			<y6>140.542919</y6>
			<x7>303.264968</x7>
			<y7>148.674615</y7>
			<x8>313.579452</x8>
			<y8>151.783608</y8>
			<x9>321.633736</x9>
			<y9>146.162948</y9>
		</polygon>
	</object>
	<object>
		<name>greenapple</name>
		<pose>Unspecified</pose>
		<truncated>0</truncated>
		<difficult>0</difficult>
		<occluded>0</occluded>
		<bndbox>
			<xmin>7</xmin>
			<xmax>57</xmax>
			<ymin>184</ymin>
			<ymax>248</ymax>
		</bndbox>
		<polygon>
			<x1>15.274951</x1>
			<y1>196.947389</y1>
			<x2>8.078949</x2>
			<y2>214.66603700000002</y2>
			<x3>6.125603</x3>
			<y3>227.082977</y3>
			<x4>12.70423</x4>
			<y4>241.313445</y4>
			<x5>35.488519</x5>
			<y5>247.07297599999998</y5>
			<x6>47.002947</x6>
			<y6>234.855144</y6>
			<x7>55.593084</x7>
			<y7>207.350435</y7>
			<x8>52.206677</x8>
			<y8>197.464819</y8>
			<x9>44.039726</x9>
			<y9>187.47965</y9>
			<x10>31.942729</x10>
			<y10>183.075191</y10>
			<x11>24.63406</x11>
			<y11>185.18801</y11>
			<x12>15.274951</x12>
			<y12>196.947389</y12>
		</polygon>
	</object>
	<object>
		<name>orange</name>
		<pose>Unspecified</pose>
		<truncated>0</truncated>
		<difficult>0</difficult>
		<occluded>0</occluded>
		<bndbox>
			<xmin>1</xmin>
			<xmax>37</xmax>
			<ymin>343</ymin>
			<ymax>417</ymax>
		</bndbox>
		<polygon>
			<x1>13.165495</x1>
			<y1>416</y1>
			<x2>27.337598</x2>
			<y2>404.825577</y2>
			<x3>33.97439</x3>
			<y3>389.73780899999997</y3>
			<x4>36.292756</x4>
			<y4>369.149225</y4>
			<x5>28.207328</x5>
			<y5>349.09898999999996</y5>
			<x6>3.640527</x6>
			<y6>342.043993</y6>
			<x7>0</x7>
			<y7>342.945931</y7>
			<x8>0</x8>
			<y8>415.51325299999996</y8>
			<x9>2.289963</x9>
			<y9>416</y9>
			<x10>13.165495</x10>
			<y10>416</y10>
		</polygon>
	</object>
</annotation>
