<annotation>
	<folder></folder>
	<filename>image_217_png.rf.89210c12d32ee330bf578856a2fe8eac.jpg</filename>
	<path>image_217_png.rf.89210c12d32ee330bf578856a2fe8eac.jpg</path>
	<source>
		<database>roboflow.ai</database>
	</source>
	<size>
		<width>416</width>
		<height>416</height>
		<depth>3</depth>
	</size>
	<segmented>0</segmented>
	<object>
		<name>orange</name>
		<pose>Unspecified</pose>
		<truncated>0</truncated>
		<difficult>0</difficult>
		<occluded>0</occluded>
		<bndbox>
			<xmin>32</xmin>
			<xmax>209</xmax>
			<ymin>208</ymin>
			<ymax>417</ymax>
		</bndbox>
		<polygon>
			<x1>172.406232</x1>
			<y1>416</y1>
			<x2>189.581137</x2>
			<y2>397.7774</y2>
			<x3>199.860016</x3>
			<y3>377.168923</y3>
			<x4>206.90032</x4>
			<y4>348.938903</y4>
			<x5>207.501147</x5>
			<y5>309.97898599999996</y5>
			<x6>198.434958</x6>
			<y6>269.83867799999996</y6>
			<x7>181.517201</x7>
			<y7>239.980253</y7>
			<x8>165.093736</x8>
			<y8>221.793349</y8>
			<x9>153.648949</x9>
			<y9>213.663879</y9>
			<x10>118.665047</x10>
			<y10>206.551143</y10>
			<x11>80.732909</x11>
			<y11>210.75134</y11>
			<x12>66.898482</x12>
			<y12>217.461655</y12>
			<x13>53.381027</x13>
			<y13>230.448589</y13>
			<x14>42.822848</x14>
			<y14>249.293639</y14>
			<x15>34.944645</x15>
			<y15>272.233381</y15>
			<x16>30.927922</x16>
			<y16>298.17685</y16>
			<x17>31.637209</x17>
			<y17>319.756466</y17>
			<x18>35.547399</x18>
			<y18>344.444436</y18>
			<x19>44.119295</x19>
			<y19>372.913221</y19>
			<x20>64.237955</x20>
			<y20>405.88</y20>
			<x21>75.673507</x21>
			<y21>416</y21>
			<x22>172.406232</x22>
			<y22>416</y22>
		</polygon>
	</object>
	<object>
		<name>capsicum</name>
		<pose>Unspecified</pose>
		<truncated>0</truncated>
		<difficult>0</difficult>
		<occluded>0</occluded>
		<bndbox>
			<xmin>226</xmin>
			<xmax>261</xmax>
			<ymin>378</ymin>
			<ymax>417</ymax>
		</bndbox>
		<polygon>
			<x1>258.53398500000003</x1>
			<y1>416</y1>
			<x2>259.748468</x2>
			<y2>404.891877</y2>
			<x3>257.095124</x3>
			<y3>388.139326</y3>
			<x4>251.735171</x4>
			<y4>379.949944</y4>
			<x5>235.704022</x5>
			<y5>377.06604</y5>
			<x6>235.881344</x6>
			<y6>382.460944</y6>
			<x7>229.415232</x7>
			<y7>384.388907</y7>
			<x8>224.968521</x8>
			<y8>390.516186</y8>
			<x9>229.004761</x9>
			<y9>416</y9>
			<x10>258.53398500000003</x10>
			<y10>416</y10>
		</polygon>
	</object>
	<object>
		<name>redapple</name>
		<pose>Unspecified</pose>
		<truncated>0</truncated>
		<difficult>0</difficult>
		<occluded>0</occluded>
		<bndbox>
			<xmin>366</xmin>
			<xmax>417</xmax>
			<ymin>349</ymin>
			<ymax>417</ymax>
		</bndbox>
		<polygon>
			<x1>416</x1>
			<y1>385.316382</y1>
			<x2>415.365134</x2>
			<y2>378.436956</y2>
			<x3>411.56795999999997</x3>
			<y3>367.288559</y3>
			<x4>403.66768</x4>
			<y4>355.886199</y4>
			<x5>391.739638</x5>
			<y5>353.256258</y5>
			<x6>384.816905</x6>
			<y6>348.02589</y6>
			<x7>381.83099500000003</x7>
			<y7>354.825632</y7>
			<x8>371.541077</x8>
			<y8>358.263059</y8>
			<x9>367.09436500000004</x9>
			<y9>364.390338</y9>
			<x10>364.80670499999997</x10>
			<y10>375.598645</y10>
			<x11>366.65982199999996</x11>
			<y11>391.574109</y11>
			<x12>376.756825</x12>
			<y12>412.570688</y12>
			<x13>379.66816</x13>
			<y13>416</y13>
			<x14>414.436514</x14>
			<y14>416</y14>
			<x15>415.526861</x15>
			<y15>413.66077</y15>
			<x16>416</x16>
			<y16>409.628656</y16>
			<x17>416</x17>
			<y17>385.316382</y17>
		</polygon>
	</object>
	<object>
		<name>greenapple</name>
		<pose>Unspecified</pose>
		<truncated>0</truncated>
		<difficult>0</difficult>
		<occluded>0</occluded>
		<bndbox>
			<xmin>338</xmin>
			<xmax>362</xmax>
			<ymin>225</ymin>
			<ymax>254</ymax>
		</bndbox>
		<polygon>
			<x1>360.550982</x1>
			<y1>246.120946</y1>
			<x2>359.77738899999997</x2>
			<y2>232.685998</y2>
			<x3>352.296059</x3>
			<y3>223.928778</y3>
			<x4>343.429269</x4>
			<y4>223.525476</y4>
			<x5>337.280129</x5>
			<y5>231.730056</y5>
			<x6>338.053722</x6>
			<y6>245.165005</y6>
			<x7>344.734827</x7>
			<y7>253.145136</y7>
			<x8>354.922769</x8>
			<y8>253.339188</y8>
			<x9>360.550982</x9>
			<y9>246.120946</y9>
		</polygon>
	</object>
</annotation>
