<annotation>
	<folder></folder>
	<filename>image_171_png.rf.b5853e805c3466cd15fcbd96f30dbfad.jpg</filename>
	<path>image_171_png.rf.b5853e805c3466cd15fcbd96f30dbfad.jpg</path>
	<source>
		<database>roboflow.ai</database>
	</source>
	<size>
		<width>416</width>
		<height>416</height>
		<depth>3</depth>
	</size>
	<segmented>0</segmented>
	<object>
		<name>redapple</name>
		<pose>Unspecified</pose>
		<truncated>0</truncated>
		<difficult>0</difficult>
		<occluded>0</occluded>
		<bndbox>
			<xmin>264</xmin>
			<xmax>296</xmax>
			<ymin>22</ymin>
			<ymax>107</ymax>
		</bndbox>
		<polygon>
			<x1>295</x1>
			<y1>21.262998</y1>
			<x2>283.340577</x2>
			<y2>21.911989</y2>
			<x3>272.933247</x3>
			<y3>31.354603</y3>
			<x4>263.39192</x4>
			<y4>53.391616</y4>
			<x5>265.806094</x5>
			<y5>73.053482</y5>
			<x6>275.593468</x6>
			<y6>91.810033</y6>
			<x7>289.414467</x7>
			<y7>104.628148</y7>
			<x8>295</x8>
			<y8>106.212239</y8>
			<x9>295</x9>
			<y9>21.262998</y9>
		</polygon>
	</object>
	<object>
		<name>mango</name>
		<pose>Unspecified</pose>
		<truncated>0</truncated>
		<difficult>0</difficult>
		<occluded>0</occluded>
		<bndbox>
			<xmin>307</xmin>
			<xmax>391</xmax>
			<ymin>52</ymin>
			<ymax>128</ymax>
		</bndbox>
		<polygon>
			<x1>350.849503</x1>
			<y1>50.53444</y1>
			<x2>336.200958</x2>
			<y2>58.68342</y2>
			<x3>309.659127</x3>
			<y3>91.879782</y3>
			<x4>306.283914</x4>
			<y4>103.180546</y4>
			<x5>307.27153</x5>
			<y5>111.224037</y5>
			<x6>312.280892</x6>
			<y6>118.77372</y6>
			<x7>327.56408799999997</x7>
			<y7>126.876324</y7>
			<x8>348.343106</x8>
			<y8>124.324982</y8>
			<x9>369.584824</x9>
			<y9>114.459267</y9>
			<x10>384.366864</x10>
			<y10>96.314751</y10>
			<x11>389.764831</x11>
			<y11>79.322453</y11>
			<x12>384.779229</x12>
			<y12>60.883513</y12>
			<x13>372.628018</x13>
			<y13>50.58196</y13>
			<x14>350.849503</x14>
			<y14>50.53444</y14>
		</polygon>
	</object>
	<object>
		<name>mango</name>
		<pose>Unspecified</pose>
		<truncated>0</truncated>
		<difficult>0</difficult>
		<occluded>0</occluded>
		<bndbox>
			<xmin>194</xmin>
			<xmax>247</xmax>
			<ymin>192</ymin>
			<ymax>217</ymax>
		</bndbox>
		<polygon>
			<x1>192.772779</x1>
			<y1>191</y1>
			<x2>192.895503</x2>
			<y2>193.826669</y2>
			<x3>196.003727</x3>
			<y3>202.516977</y3>
			<x4>202.35367</x4>
			<y4>209.902057</y4>
			<x5>213.956207</x5>
			<y5>215.735004</y5>
			<x6>224.23004</x6>
			<y6>216.287926</y6>
			<x7>235.856336</x7>
			<y7>211.231616</y7>
			<x8>242.802475</x8>
			<y8>201.306788</y8>
			<x9>245.61224</x9>
			<y9>191</y9>
			<x10>192.772779</x10>
			<y10>191</y10>
		</polygon>
	</object>
	<object>
		<name>orange</name>
		<pose>Unspecified</pose>
		<truncated>0</truncated>
		<difficult>0</difficult>
		<occluded>0</occluded>
		<bndbox>
			<xmin>71</xmin>
			<xmax>94</xmax>
			<ymin>288</ymin>
			<ymax>318</ymax>
		</bndbox>
		<polygon>
			<x1>93.356995</x1>
			<y1>308.56149600000003</y1>
			<x2>92.161788</x2>
			<y2>293.285933</y2>
			<x3>86.59187</x3>
			<y3>286.712273</y3>
			<x4>78.438644</x4>
			<y4>286.806168</y4>
			<x5>70.493008</x5>
			<y5>294.132134</y5>
			<x6>70.688719</x6>
			<y6>306.808834</y6>
			<x7>77.258133</x7>
			<y7>315.981357</y7>
			<x8>86.191385</x8>
			<y8>316.698882</y8>
			<x9>93.356995</x9>
			<y9>308.56149600000003</y9>
		</polygon>
	</object>
	<object>
		<name>orange</name>
		<pose>Unspecified</pose>
		<truncated>0</truncated>
		<difficult>0</difficult>
		<occluded>0</occluded>
		<bndbox>
			<xmin>373</xmin>
			<xmax>417</xmax>
			<ymin>348</ymin>
			<ymax>417</ymax>
		</bndbox>
		<polygon>
			<x1>416</x1>
			<y1>416</y1>
			<x2>416</x2>
			<y2>354.368265</y2>
			<x3>413.73310100000003</x3>
			<y3>351.248341</y3>
			<x4>406.481516</x4>
			<y4>347.602748</y4>
			<x5>390.065328</x5>
			<y5>346.896818</y5>
			<x6>381.339667</x6>
			<y6>353.411364</y6>
			<x7>374.612998</x7>
			<y7>365.12363500000004</y7>
			<x8>371.786459</x8>
			<y8>380.893005</y8>
			<x9>375.529335</x9>
			<y9>405.834898</y9>
			<x10>381.590382</x10>
			<y10>416</y10>
			<x11>416</x11>
			<y11>416</y11>
		</polygon>
	</object>
	<object>
		<name>greenapple</name>
		<pose>Unspecified</pose>
		<truncated>0</truncated>
		<difficult>0</difficult>
		<occluded>0</occluded>
		<bndbox>
			<xmin>315</xmin>
			<xmax>340</xmax>
			<ymin>192</ymin>
			<ymax>208</ymax>
		</bndbox>
		<polygon>
			<x1>313.817921</x1>
			<y1>191</y1>
			<x2>314.216153</x2>
			<y2>200.17238700000001</y2>
			<x3>322.576969</x3>
			<y3>207.310562</y3>
			<x4>335.202761</x4>
			<y4>204.853115</y4>
			<x5>338.566096</x5>
			<y5>198.99698</y5>
			<x6>337.58419</x6>
			<y6>191</y6>
			<x7>313.817921</x7>
			<y7>191</y7>
		</polygon>
	</object>
</annotation>
