<annotation>
	<folder></folder>
	<filename>image_67_png.rf.ac6651a8fc3d3c4bf771265544e556ee.jpg</filename>
	<path>image_67_png.rf.ac6651a8fc3d3c4bf771265544e556ee.jpg</path>
	<source>
		<database>roboflow.ai</database>
	</source>
	<size>
		<width>416</width>
		<height>416</height>
		<depth>3</depth>
	</size>
	<segmented>0</segmented>
	<object>
		<name>orange</name>
		<pose>Unspecified</pose>
		<truncated>0</truncated>
		<difficult>0</difficult>
		<occluded>0</occluded>
		<bndbox>
			<xmin>1</xmin>
			<xmax>42</xmax>
			<ymin>207</ymin>
			<ymax>233</ymax>
		</bndbox>
		<polygon>
			<x1>0</x1>
			<y1>232</y1>
			<x2>40.91548</x2>
			<y2>232</y2>
			<x3>39.811112</x3>
			<y3>225.348799</y3>
			<x4>33.433255</x4>
			<y4>214.268948</y4>
			<x5>24.059642</x5>
			<y5>206.373861</y5>
			<x6>2.068175</x6>
			<y6>206.700822</y6>
			<x7>0</x7>
			<y7>208.250668</y7>
			<x8>0</x8>
			<y8>232</y8>
		</polygon>
	</object>
	<object>
		<name>mango</name>
		<pose>Unspecified</pose>
		<truncated>0</truncated>
		<difficult>0</difficult>
		<occluded>0</occluded>
		<bndbox>
			<xmin>59</xmin>
			<xmax>89</xmax>
			<ymin>13</ymin>
			<ymax>49</ymax>
		</bndbox>
		<polygon>
			<x1>87.861663</x1>
			<y1>38.031478</y1>
			<x2>84.773998</x2>
			<y2>20.961743</y2>
			<x3>74.59809</x3>
			<y3>12.258165</y3>
			<x4>66.36716</x4>
			<y4>12.493701</y4>
			<x5>58.182185</x5>
			<y5>22.856487</y5>
			<x6>59.959694</x6>
			<y6>35.504121</y6>
			<x7>71.994123</x7>
			<y7>47.631485</y7>
			<x8>82.251044</x8>
			<y8>47.111215</y8>
			<x9>87.861663</x9>
			<y9>38.031478</y9>
		</polygon>
	</object>
	<object>
		<name>orange</name>
		<pose>Unspecified</pose>
		<truncated>0</truncated>
		<difficult>0</difficult>
		<occluded>0</occluded>
		<bndbox>
			<xmin>176</xmin>
			<xmax>201</xmax>
			<ymin>162</ymin>
			<ymax>193</ymax>
		</bndbox>
		<polygon>
			<x1>200.32052199999998</x1>
			<y1>180.825008</y1>
			<x2>197.74071800000002</x2>
			<y2>167.368883</y2>
			<x3>191.322356</x3>
			<y3>160.900955</y3>
			<x4>181.867731</x4>
			<y4>162.229716</y4>
			<x5>175.454816</x5>
			<y5>170.500963</y5>
			<x6>176.556995</x6>
			<y6>183.243508</y6>
			<x7>183.229287</x7>
			<y7>191.518241</y7>
			<x8>194.288502</x8>
			<y8>191.806462</y8>
			<x9>200.32052199999998</x9>
			<y9>180.825008</y9>
		</polygon>
	</object>
	<object>
		<name>greenapple</name>
		<pose>Unspecified</pose>
		<truncated>0</truncated>
		<difficult>0</difficult>
		<occluded>0</occluded>
		<bndbox>
			<xmin>322</xmin>
			<xmax>348</xmax>
			<ymin>139</ymin>
			<ymax>171</ymax>
		</bndbox>
		<polygon>
			<x1>346.61328000000003</x1>
			<y1>158.42241</y1>
			<x2>344.962736</x2>
			<y2>146.678178</y2>
			<x3>337.615113</x3>
			<y3>138.498357</y3>
			<x4>327.358193</x4>
			<y4>139.018627</y4>
			<x5>321.199208</x5>
			<y5>149.096678</y5>
			<x6>322.976717</x6>
			<y6>161.744312</y6>
			<x7>330.99966900000004</x7>
			<y7>169.829222</y7>
			<x8>341.804956</x8>
			<y8>168.310638</y8>
			<x9>346.61328000000003</x9>
			<y9>158.42241</y9>
		</polygon>
	</object>
	<object>
		<name>orange</name>
		<pose>Unspecified</pose>
		<truncated>0</truncated>
		<difficult>0</difficult>
		<occluded>0</occluded>
		<bndbox>
			<xmin>21</xmin>
			<xmax>80</xmax>
			<ymin>348</ymin>
			<ymax>417</ymax>
		</bndbox>
		<polygon>
			<x1>68.768435</x1>
			<y1>416</y1>
			<x2>70.554342</x2>
			<y2>414.81629899999996</y2>
			<x3>77.556128</x3>
			<y3>400.93481499999996</y3>
			<x4>79.028305</x4>
			<y4>386.909222</y4>
			<x5>76.742936</x5>
			<y5>370.64797699999997</y5>
			<x6>71.715741</x6>
			<y6>359.378303</y6>
			<x7>57.528355</x7>
			<y7>346.632271</y7>
			<x8>33.089497</x8>
			<y8>349.14568199999997</y8>
			<x9>23.132461</x9>
			<y9>361.600007</y9>
			<x10>20.309622</x10>
			<y10>375.815424</y10>
			<x11>22.046625</x11>
			<y11>393.074982</y11>
			<x12>29.440201</x12>
			<y12>411.38205300000004</y12>
			<x13>35.867513</x13>
			<y13>416</y13>
			<x14>68.768435</x14>
			<y14>416</y14>
		</polygon>
	</object>
	<object>
		<name>greenapple</name>
		<pose>Unspecified</pose>
		<truncated>0</truncated>
		<difficult>0</difficult>
		<occluded>0</occluded>
		<bndbox>
			<xmin>124</xmin>
			<xmax>151</xmax>
			<ymin>295</ymin>
			<ymax>329</ymax>
		</bndbox>
		<polygon>
			<x1>134.175626</x1>
			<y1>328.49023</y1>
			<x2>145.529278</x2>
			<y2>325.973332</y2>
			<x3>150.337602</x3>
			<y3>316.085104</y3>
			<x4>149.067952</x4>
			<y4>307.05108</y4>
			<x5>143.619356</x5>
			<y5>297.683122</y5>
			<x6>134.880567</x6>
			<y6>294.305047</y6>
			<x7>125.385436</x7>
			<y7>300.245732</y7>
			<x8>122.603104</x8>
			<y8>309.849225</y8>
			<x9>128.011194</x9>
			<y9>323.829107</y9>
			<x10>134.175626</x10>
			<y10>328.49023</y10>
		</polygon>
	</object>
	<object>
		<name>capsicum</name>
		<pose>Unspecified</pose>
		<truncated>0</truncated>
		<difficult>0</difficult>
		<occluded>0</occluded>
		<bndbox>
			<xmin>244</xmin>
			<xmax>270</xmax>
			<ymin>330</ymin>
			<ymax>370</ymax>
		</bndbox>
		<polygon>
			<x1>269.380981</x1>
			<y1>354.562595</y1>
			<x2>268.319309</x2>
			<y2>337.208126</y2>
			<x3>264.856198</x3>
			<y3>332.167357</y3>
			<x4>254.091418</x4>
			<y4>329.074017</y4>
			<x5>242.951191</x5>
			<y5>338.009644</y5>
			<x6>244.3073</x6>
			<y6>352.558994</y6>
			<x7>252.543677</x7>
			<y7>367.062632</y7>
			<x8>261.703865</x8>
			<y8>368.53899</y8>
			<x9>269.380981</x9>
			<y9>354.562595</y9>
		</polygon>
	</object>
</annotation>
