<annotation>
	<folder></folder>
	<filename>image_53_png.rf.fafc9d804b9b739442880c8de82d94f6.jpg</filename>
	<path>image_53_png.rf.fafc9d804b9b739442880c8de82d94f6.jpg</path>
	<source>
		<database>roboflow.ai</database>
	</source>
	<size>
		<width>416</width>
		<height>416</height>
		<depth>3</depth>
	</size>
	<segmented>0</segmented>
	<object>
		<name>capsicum</name>
		<pose>Unspecified</pose>
		<truncated>0</truncated>
		<difficult>0</difficult>
		<occluded>0</occluded>
		<bndbox>
			<xmin>45</xmin>
			<xmax>69</xmax>
			<ymin>67</ymin>
			<ymax>101</ymax>
		</bndbox>
		<polygon>
			<x1>60.140819</x1>
			<y1>98.63794</y1>
			<x2>67.993426</x2>
			<y2>83.891844</y2>
			<x3>68.202455</x3>
			<y3>69.095985</y3>
			<x4>59.246584</x4>
			<y4>65.935037</y4>
			<x5>50.729904</x5>
			<y5>66.595586</y5>
			<x6>45.928741</x6>
			<y6>71.89451</y6>
			<x7>43.537846</x7>
			<y7>89.858361</y7>
			<x8>47.912147</x8>
			<y8>100.228981</y8>
			<x9>60.140819</x9>
			<y9>98.63794</y9>
		</polygon>
	</object>
	<object>
		<name>redapple</name>
		<pose>Unspecified</pose>
		<truncated>0</truncated>
		<difficult>0</difficult>
		<occluded>0</occluded>
		<bndbox>
			<xmin>256</xmin>
			<xmax>328</xmax>
			<ymin>91</ymin>
			<ymax>176</ymax>
		</bndbox>
		<polygon>
			<x1>302.375043</x1>
			<y1>93.976239</y1>
			<x2>287.303955</x2>
			<y2>90.218595</y2>
			<x3>274.859212</x3>
			<y3>95.467758</y3>
			<x4>264.60338</x4>
			<y4>108.686665</y4>
			<x5>254.572428</x5>
			<y5>132.169623</y5>
			<x6>254.80083000000002</x6>
			<y6>148.002544</y6>
			<x7>262.235383</x7>
			<y7>162.848163</y7>
			<x8>270.757346</x8>
			<y8>170.540918</y8>
			<x9>286.26586299999997</x9>
			<y9>175.335624</y9>
			<x10>307.666477</x10>
			<y10>173.247409</y10>
			<x11>315.304774</x11>
			<y11>164.943867</y11>
			<x12>325.55708200000004</x12>
			<y12>146.156092</y12>
			<x13>326.857044</x13>
			<y13>129.776236</y13>
			<x14>314.17332899999997</x14>
			<y14>102.485872</y14>
			<x15>302.375043</x15>
			<y15>93.976239</y15>
		</polygon>
	</object>
	<object>
		<name>mango</name>
		<pose>Unspecified</pose>
		<truncated>0</truncated>
		<difficult>0</difficult>
		<occluded>0</occluded>
		<bndbox>
			<xmin>384</xmin>
			<xmax>412</xmax>
			<ymin>112</ymin>
			<ymax>150</ymax>
		</bndbox>
		<polygon>
			<x1>407.013642</x1>
			<y1>143.265532</y1>
			<x2>410.934662</x2>
			<y2>127.539181</y2>
			<x3>407.43345899999997</x3>
			<y3>116.45825</y3>
			<x4>396.292199</x4>
			<y4>110.896427</y4>
			<x5>385.595414</x5>
			<y5>117.509403</y5>
			<x6>382.545732</x6>
			<y6>129.74101</y6>
			<x7>389.10718499999996</x7>
			<y7>145.29694</y7>
			<x8>398.718321</x8>
			<y8>148.621264</y8>
			<x9>407.013642</x9>
			<y9>143.265532</y9>
		</polygon>
	</object>
	<object>
		<name>greenapple</name>
		<pose>Unspecified</pose>
		<truncated>0</truncated>
		<difficult>0</difficult>
		<occluded>0</occluded>
		<bndbox>
			<xmin>64</xmin>
			<xmax>188</xmax>
			<ymin>351</ymin>
			<ymax>417</ymax>
		</bndbox>
		<polygon>
			<x1>187</x1>
			<y1>416</y1>
			<x2>187</x2>
			<y2>362.85138900000004</y2>
			<x3>165.530663</x3>
			<y3>355.38957500000004</y3>
			<x4>120.320925</x4>
			<y4>349.685513</y4>
			<x5>100.889627</x5>
			<y5>357.832723</y5>
			<x6>82.774141</x6>
			<y6>374.659989</y6>
			<x7>70.338204</x7>
			<y7>393.831324</y7>
			<x8>64.669225</x8>
			<y8>408.19386199999997</y8>
			<x9>63.047038</x9>
			<y9>416</y9>
			<x10>187</x10>
			<y10>416</y10>
		</polygon>
	</object>
	<object>
		<name>capsicum</name>
		<pose>Unspecified</pose>
		<truncated>0</truncated>
		<difficult>0</difficult>
		<occluded>0</occluded>
		<bndbox>
			<xmin>329</xmin>
			<xmax>349</xmax>
			<ymin>225</ymin>
			<ymax>236</ymax>
		</bndbox>
		<polygon>
			<x1>328.089692</x1>
			<y1>224</y1>
			<x2>328.09197800000004</x2>
			<y2>227.614457</y2>
			<x3>336.613941</x3>
			<y3>235.307212</y3>
			<x4>346.437626</x4>
			<y4>229.404546</y4>
			<x5>348.292861</x5>
			<y5>224</y5>
			<x6>328.089692</x6>
			<y6>224</y6>
		</polygon>
	</object>
</annotation>
