<annotation>
	<folder></folder>
	<filename>image_23_png.rf.a43477f2d1a548fa30b46a9f18b5a291.jpg</filename>
	<path>image_23_png.rf.a43477f2d1a548fa30b46a9f18b5a291.jpg</path>
	<source>
		<database>roboflow.ai</database>
	</source>
	<size>
		<width>416</width>
		<height>416</height>
		<depth>3</depth>
	</size>
	<segmented>0</segmented>
	<object>
		<name>mango</name>
		<pose>Unspecified</pose>
		<truncated>0</truncated>
		<difficult>0</difficult>
		<occluded>0</occluded>
		<bndbox>
			<xmin>1</xmin>
			<xmax>258</xmax>
			<ymin>123</ymin>
			<ymax>209</ymax>
		</bndbox>
		<polygon>
			<x1>257</x1>
			<y1>208</y1>
			<x2>257</x2>
			<y2>159.610419</y2>
			<x3>253.14587</x3>
			<y3>154.122664</y3>
			<x4>228.662598</x4>
			<y4>137.003168</y4>
			<x5>207.795476</x5>
			<y5>128.532572</y5>
			<x6>176.53065</x6>
			<y6>122.455305</y6>
			<x7>160.721162</x7>
			<y7>122.030915</y7>
			<x8>133.049074</x8>
			<y8>128.129548</y8>
			<x9>30.86914</x9>
			<y9>170.069926</y9>
			<x10>14.658676</x10>
			<y10>181.928025</y10>
			<x11>1.591674</x11>
			<y11>201.460251</y11>
			<x12>0.115676</x12>
			<y12>208</y12>
			<x13>257</x13>
			<y13>208</y13>
		</polygon>
	</object>
	<object>
		<name>redapple</name>
		<pose>Unspecified</pose>
		<truncated>0</truncated>
		<difficult>0</difficult>
		<occluded>0</occluded>
		<bndbox>
			<xmin>370</xmin>
			<xmax>417</xmax>
			<ymin>12</ymin>
			<ymax>98</ymax>
		</bndbox>
		<polygon>
			<x1>416</x1>
			<y1>16.754625</y1>
			<x2>410.967354</x2>
			<y2>12.743898</y2>
			<x3>399.48231599999997</x3>
			<y3>10.511432</y3>
			<x4>389.391934</x4>
			<y4>14.730276</y4>
			<x5>373.300011</x5>
			<y5>32.79163</y5>
			<x6>369.354598</x6>
			<y6>49.682475</y6>
			<x7>370.702427</x7>
			<y7>63.187783</y7>
			<x8>377.769361</x8>
			<y8>81.336325</y8>
			<x9>387.76608899999997</x9>
			<y9>91.225482</y9>
			<x10>409.767372</x10>
			<y10>97.267874</y10>
			<x11>416</x11>
			<y11>96.122514</y11>
			<x12>416</x12>
			<y12>16.754625</y12>
		</polygon>
	</object>
	<object>
		<name>redapple</name>
		<pose>Unspecified</pose>
		<truncated>0</truncated>
		<difficult>0</difficult>
		<occluded>0</occluded>
		<bndbox>
			<xmin>1</xmin>
			<xmax>52</xmax>
			<ymin>209</ymin>
			<ymax>259</ymax>
		</bndbox>
		<polygon>
			<x1>0</x1>
			<y1>208</y1>
			<x2>0</x2>
			<y2>251.331938</y2>
			<x3>5.565069</x3>
			<y3>255.35747</y3>
			<x4>21.51651</x4>
			<y4>258.458117</y4>
			<x5>36.073296</x5>
			<y5>255.107454</y5>
			<x6>49.636401</x6>
			<y6>233.022997</y6>
			<x7>51.006171</x7>
			<y7>219.163048</y7>
			<x8>46.688775</x8>
			<y8>208</y8>
			<x9>0</x9>
			<y9>208</y9>
		</polygon>
	</object>
	<object>
		<name>mango</name>
		<pose>Unspecified</pose>
		<truncated>0</truncated>
		<difficult>0</difficult>
		<occluded>0</occluded>
		<bndbox>
			<xmin>232</xmin>
			<xmax>258</xmax>
			<ymin>244</ymin>
			<ymax>306</ymax>
		</bndbox>
		<polygon>
			<x1>257</x1>
			<y1>242.95998500000002</y1>
			<x2>247.290851</x2>
			<y2>244.95649600000002</y2>
			<x3>238.453171</x3>
			<y3>252.950391</y3>
			<x4>232.947734</x4>
			<y4>264.240671</y4>
			<x5>230.916493</x5>
			<y5>281.503594</y5>
			<x6>234.839967</x6>
			<y6>291.978006</y6>
			<x7>246.11281</x7>
			<y7>302.11521500000003</y7>
			<x8>256.794422</x8>
			<y8>305.074398</y8>
			<x9>257</x9>
			<y9>305.033296</y9>
			<x10>257</x10>
			<y10>242.95998500000002</y10>
		</polygon>
	</object>
	<object>
		<name>orange</name>
		<pose>Unspecified</pose>
		<truncated>0</truncated>
		<difficult>0</difficult>
		<occluded>0</occluded>
		<bndbox>
			<xmin>114</xmin>
			<xmax>137</xmax>
			<ymin>209</ymin>
			<ymax>221</ymax>
		</bndbox>
		<polygon>
			<x1>112.774375</x1>
			<y1>208</y1>
			<x2>115.236327</x2>
			<y2>215.756145</y2>
			<x3>125.752572</x3>
			<y3>219.566071</y3>
			<x4>135.393678</x4>
			<y4>210.845459</y4>
			<x5>135.778305</x5>
			<y5>208</y5>
			<x6>112.774375</x6>
			<y6>208</y6>
		</polygon>
	</object>
	<object>
		<name>greenapple</name>
		<pose>Unspecified</pose>
		<truncated>0</truncated>
		<difficult>0</difficult>
		<occluded>0</occluded>
		<bndbox>
			<xmin>297</xmin>
			<xmax>344</xmax>
			<ymin>261</ymin>
			<ymax>322</ymax>
		</bndbox>
		<polygon>
			<x1>313.978385</x1>
			<y1>261.799586</y1>
			<x2>304.644602</x2>
			<y2>272.345711</y2>
			<x3>295.666441</x3>
			<y3>301.501606</y3>
			<x4>297.533787</x4>
			<y4>308.927685</y4>
			<x5>305.143652</x5>
			<y5>317.469995</y5>
			<x6>323.647324</x6>
			<y6>321.06674399999997</y6>
			<x7>333.123062</x7>
			<y7>313.196876</y7>
			<x8>341.062189</x8>
			<y8>296.199442</y8>
			<x9>343.377338</x9>
			<y9>284.289031</y9>
			<x10>340.72998</x10>
			<y10>274.062672</y10>
			<x11>333.285483</x11>
			<y11>264.669618</y11>
			<x12>321.020433</x12>
			<y12>259.63687</y12>
			<x13>313.978385</x13>
			<y13>261.799586</y13>
		</polygon>
	</object>
	<object>
		<name>redapple</name>
		<pose>Unspecified</pose>
		<truncated>0</truncated>
		<difficult>0</difficult>
		<occluded>0</occluded>
		<bndbox>
			<xmin>260</xmin>
			<xmax>326</xmax>
			<ymin>383</ymin>
			<ymax>417</ymax>
		</bndbox>
		<polygon>
			<x1>325.183402</x1>
			<y1>416</y1>
			<x2>315.640903</x2>
			<y2>396.321692</y2>
			<x3>301.815829</x3>
			<y3>385.68838</y3>
			<x4>290.661526</x4>
			<y4>381.75442799999996</y4>
			<x5>276.104741</x5>
			<y5>385.105089</y5>
			<x6>267.243647</x6>
			<y6>396.625984</y6>
			<x7>259.30452</x7>
			<y7>413.623418</y7>
			<x8>259.110808</x8>
			<y8>416</y8>
			<x9>325.183402</x9>
			<y9>416</y9>
		</polygon>
	</object>
</annotation>
