<annotation>
	<folder></folder>
	<filename>image_27_png.rf.78300d92aa2dc6531c8c9f205aa4f7ca.jpg</filename>
	<path>image_27_png.rf.78300d92aa2dc6531c8c9f205aa4f7ca.jpg</path>
	<source>
		<database>roboflow.ai</database>
	</source>
	<size>
		<width>416</width>
		<height>416</height>
		<depth>3</depth>
	</size>
	<segmented>0</segmented>
	<object>
		<name>orange</name>
		<pose>Unspecified</pose>
		<truncated>0</truncated>
		<difficult>0</difficult>
		<occluded>0</occluded>
		<bndbox>
			<xmin>1</xmin>
			<xmax>134</xmax>
			<ymin>146</ymin>
			<ymax>217</ymax>
		</bndbox>
		<polygon>
			<x1>0</x1>
			<y1>216</y1>
			<x2>133.336883</x2>
			<y2>216</y2>
			<x3>132.345813</x3>
			<y3>212.064629</y3>
			<x4>114.629023</x4>
			<y4>177.812798</y4>
			<x5>96.574269</x5>
			<y5>157.780884</y5>
			<x6>59.064169</x6>
			<y6>145.320295</y6>
			<x7>24.468951</x7>
			<y7>145.964893</y7>
			<x8>9.530548</x8>
			<y8>151.445827</y8>
			<x9>0</x9>
			<y9>158.80176</y9>
			<x10>0</x10>
			<y10>216</y10>
		</polygon>
	</object>
	<object>
		<name>redapple</name>
		<pose>Unspecified</pose>
		<truncated>0</truncated>
		<difficult>0</difficult>
		<occluded>0</occluded>
		<bndbox>
			<xmin>190</xmin>
			<xmax>264</xmax>
			<ymin>10</ymin>
			<ymax>95</ymax>
		</bndbox>
		<polygon>
			<x1>209.87351</x1>
			<y1>8.845652</y1>
			<x2>195.074833</x2>
			<y2>25.851295</y2>
			<x3>189.495265</x3>
			<y3>41.325008</y3>
			<x4>190.606619</x4>
			<y4>57.218113</y4>
			<x5>200.043441</x5>
			<y5>77.852652</y5>
			<x6>211.452773</x6>
			<y6>88.589314</y6>
			<x7>225.143326</x7>
			<y7>93.842851</y7>
			<x8>241.053357</x8>
			<y8>92.730314</y8>
			<x9>255.2671</x9>
			<y9>86.412786</y9>
			<x10>263.420355</x10>
			<y10>60.111891</y10>
			<x11>259.719071</x11>
			<y11>45.287158</y11>
			<x12>238.27174200000002</x12>
			<y12>14.845263</y12>
			<x13>224.519447</x13>
			<y13>8.708776</y13>
			<x14>209.87351</x14>
			<y14>8.845652</y14>
		</polygon>
	</object>
	<object>
		<name>mango</name>
		<pose>Unspecified</pose>
		<truncated>0</truncated>
		<difficult>0</difficult>
		<occluded>0</occluded>
		<bndbox>
			<xmin>188</xmin>
			<xmax>269</xmax>
			<ymin>157</ymin>
			<ymax>217</ymax>
		</bndbox>
		<polygon>
			<x1>250.92013500000002</x1>
			<y1>216</y1>
			<x2>252.287153</x2>
			<y2>215.274983</y2>
			<x3>262.692371</x3>
			<y3>202.125632</y3>
			<x4>268.395423</x4>
			<y4>188.417819</y4>
			<x5>267.407552</x5>
			<y5>174.290615</y5>
			<x6>263.475543</x6>
			<y6>165.69289</y6>
			<x7>252.189695</x7>
			<y7>156.722129</y7>
			<x8>233.504508</x8>
			<y8>156.254189</y8>
			<x9>223.083046</x9>
			<y9>159.644731</y9>
			<x10>213.63321200000001</x10>
			<y10>167.403671</y10>
			<x11>189.69341</x11>
			<y11>196.583003</y11>
			<x12>187.366692</x12>
			<y12>210.941988</y12>
			<x13>190.259291</x13>
			<y13>216</y13>
			<x14>250.92013500000002</x14>
			<y14>216</y14>
		</polygon>
	</object>
	<object>
		<name>greenapple</name>
		<pose>Unspecified</pose>
		<truncated>0</truncated>
		<difficult>0</difficult>
		<occluded>0</occluded>
		<bndbox>
			<xmin>321</xmin>
			<xmax>345</xmax>
			<ymin>1</ymin>
			<ymax>26</ymax>
		</bndbox>
		<polygon>
			<x1>322.262274</x1>
			<y1>0</y1>
			<x2>320.642551</x2>
			<y2>1.987193</y2>
			<x3>320.181102</x3>
			<y3>14.44121</y3>
			<x4>326.826524</x4>
			<y4>23.736461</y4>
			<x5>337.556696</x5>
			<y5>24.76067</y5>
			<x6>344.169632</x6>
			<y6>14.538304</y6>
			<x7>343.305246</x7>
			<y7>2.176999</y7>
			<x8>341.235551</x8>
			<y8>0</y8>
			<x9>322.262274</x9>
			<y9>0</y9>
		</polygon>
	</object>
	<object>
		<name>mango</name>
		<pose>Unspecified</pose>
		<truncated>0</truncated>
		<difficult>0</difficult>
		<occluded>0</occluded>
		<bndbox>
			<xmin>141</xmin>
			<xmax>179</xmax>
			<ymin>348</ymin>
			<ymax>417</ymax>
		</bndbox>
		<polygon>
			<x1>178</x1>
			<y1>347.282263</y1>
			<x2>164.369118</x2>
			<y2>356.379332</y2>
			<x3>142.895763</x3>
			<y3>382.72439199999997</y3>
			<x4>139.597415</x4>
			<y4>392.71497999999997</y4>
			<x5>140.153092</x5>
			<y5>400.66153199999997</y5>
			<x6>146.860257</x6>
			<y6>410.839734</y6>
			<x7>163.591626</x7>
			<y7>416</y7>
			<x8>173.607083</x8>
			<y8>416</y8>
			<x9>178</x9>
			<y9>414.94921</y9>
			<x10>178</x10>
			<y10>347.282263</y10>
		</polygon>
	</object>
	<object>
		<name>orange</name>
		<pose>Unspecified</pose>
		<truncated>0</truncated>
		<difficult>0</difficult>
		<occluded>0</occluded>
		<bndbox>
			<xmin>203</xmin>
			<xmax>260</xmax>
			<ymin>292</ymin>
			<ymax>367</ymax>
		</bndbox>
		<polygon>
			<x1>242.74275799999998</x1>
			<y1>291.746309</y1>
			<x2>221.344157</x2>
			<y2>290.580842</y2>
			<x3>210.506746</x3>
			<y3>297.549542</y3>
			<x4>204.140776</x4>
			<y4>311.303709</y4>
			<x5>202.35349</x5>
			<y5>323.850437</y5>
			<x6>204.975907</x6>
			<y6>342.299681</y6>
			<x7>210.480719</x7>
			<y7>354.336495</y7>
			<x8>221.103649</x8>
			<y8>363.353612</y8>
			<x9>231.294386</x9>
			<y9>366.19007799999997</y9>
			<x10>245.755098</x10>
			<y10>363.404351</y10>
			<x11>252.615002</x11>
			<y11>356.713786</y11>
			<x12>259.273438</x12>
			<y12>337.61556</y12>
			<x13>256.758263</x13>
			<y13>311.173407</y13>
			<x14>251.315193</x14>
			<y14>300.019543</y14>
			<x15>242.74275799999998</x15>
			<y15>291.746309</y15>
		</polygon>
	</object>
</annotation>
