<annotation>
	<folder></folder>
	<filename>image_170_png.rf.5ebb1510953e9435911cbfb8d177fecb.jpg</filename>
	<path>image_170_png.rf.5ebb1510953e9435911cbfb8d177fecb.jpg</path>
	<source>
		<database>roboflow.ai</database>
	</source>
	<size>
		<width>416</width>
		<height>416</height>
		<depth>3</depth>
	</size>
	<segmented>0</segmented>
	<object>
		<name>capsicum</name>
		<pose>Unspecified</pose>
		<truncated>0</truncated>
		<difficult>0</difficult>
		<occluded>0</occluded>
		<bndbox>
			<xmin>184</xmin>
			<xmax>209</xmax>
			<ymin>19</ymin>
			<ymax>55</ymax>
		</bndbox>
		<polygon>
			<x1>208.326599</x1>
			<y1>47.726196</y1>
			<x2>207.89992</x2>
			<y2>32.192022</y2>
			<x3>202.930634</x3>
			<y3>17.790447</y3>
			<x4>192.115605</x4>
			<y4>18.646871</y4>
			<x5>184.32723</x5>
			<y5>23.348829</y5>
			<x6>183.027243</x6>
			<y6>29.19315</y6>
			<x7>190.590203</x7>
			<y7>48.468245</y7>
			<x8>198.807358</x8>
			<y8>53.77974</y8>
			<x9>208.326599</x9>
			<y9>47.726196</y9>
		</polygon>
	</object>
	<object>
		<name>greenapple</name>
		<pose>Unspecified</pose>
		<truncated>0</truncated>
		<difficult>0</difficult>
		<occluded>0</occluded>
		<bndbox>
			<xmin>254</xmin>
			<xmax>299</xmax>
			<ymin>73</ymin>
			<ymax>135</ymax>
		</bndbox>
		<polygon>
			<x1>252.7118</x1>
			<y1>92.998535</y1>
			<x2>254.002338</x2>
			<y2>111.997456</y2>
			<x3>257.674786</x3>
			<y3>123.96227</y3>
			<x4>269.783503</x4>
			<y4>133.823687</y4>
			<x5>292.7125</x5>
			<y5>129.026879</y5>
			<x6>297.693335</x6>
			<y6>113.064493</y6>
			<x7>293.378243</x7>
			<y7>84.699318</y7>
			<x8>286.027047</x8>
			<y8>77.331849</y8>
			<x9>274.349208</x9>
			<y9>71.963166</y9>
			<x10>261.587347</x10>
			<y10>73.304989</y10>
			<x11>255.961768</x11>
			<y11>78.387735</y11>
			<x12>252.7118</x12>
			<y12>92.998535</y12>
		</polygon>
	</object>
	<object>
		<name>orange</name>
		<pose>Unspecified</pose>
		<truncated>0</truncated>
		<difficult>0</difficult>
		<occluded>0</occluded>
		<bndbox>
			<xmin>98</xmin>
			<xmax>157</xmax>
			<ymin>292</ymin>
			<ymax>368</ymax>
		</bndbox>
		<polygon>
			<x1>131.19904</x1>
			<y1>291.58875</y1>
			<x2>120.81699</x2>
			<y2>291.417187</y2>
			<x3>104.80831</x3>
			<y3>299.08873</y3>
			<x4>98.097658</x4>
			<y4>313.642342</y4>
			<x5>97.445565</x5>
			<y5>322.085222</y5>
			<x6>106.086249</x6>
			<y6>351.211972</y6>
			<x7>113.22043</x7>
			<y7>360.473614</y7>
			<x8>123.167402</x8>
			<y8>367.193883</y8>
			<x9>145.014475</x9>
			<y9>363.586861</y9>
			<x10>150.856019</x10>
			<y10>359.37030300000004</y10>
			<x11>155.618789</x11>
			<y11>348.06245</y11>
			<x12>156.489997</x12>
			<y12>332.204677</y12>
			<x13>152.81965</x13>
			<y13>314.719141</y13>
			<x14>143.524771</x14>
			<y14>299.555993</y14>
			<x15>131.19904</x15>
			<y15>291.58875</y15>
		</polygon>
	</object>
	<object>
		<name>capsicum</name>
		<pose>Unspecified</pose>
		<truncated>0</truncated>
		<difficult>0</difficult>
		<occluded>0</occluded>
		<bndbox>
			<xmin>194</xmin>
			<xmax>219</xmax>
			<ymin>231</ymin>
			<ymax>266</ymax>
		</bndbox>
		<polygon>
			<x1>203.883891</x1>
			<y1>265.186086</y1>
			<x2>214.482956</x2>
			<y2>263.463475</y2>
			<x3>217.731874</x3>
			<y3>251.613035</y3>
			<x4>214.71047</x4>
			<y4>233.965701</y4>
			<x5>210.169964</x5>
			<y5>229.57757900000001</y5>
			<x6>206.276301</x6>
			<y6>230.548379</y6>
			<x7>195.027243</x7>
			<y7>235.19315</y7>
			<x8>192.645332</x8>
			<y8>242.227256</y8>
			<x9>198.911456</x9>
			<y9>259.065591</y9>
			<x10>203.883891</x10>
			<y10>265.186086</y10>
		</polygon>
	</object>
	<object>
		<name>orange</name>
		<pose>Unspecified</pose>
		<truncated>0</truncated>
		<difficult>0</difficult>
		<occluded>0</occluded>
		<bndbox>
			<xmin>233</xmin>
			<xmax>289</xmax>
			<ymin>269</ymin>
			<ymax>347</ymax>
		</bndbox>
		<polygon>
			<x1>232</x1>
			<y1>321.565879</y1>
			<x2>233.712164</x2>
			<y2>326.972301</y2>
			<x3>243.008091</x3>
			<y3>339.375091</y3>
			<x4>254.901894</x4>
			<y4>345.609959</y4>
			<x5>277.181946</x5>
			<y5>340.97495200000003</y5>
			<x6>284.539442</x6>
			<y6>331.78026</y6>
			<x7>287.789411</x7>
			<y7>317.16946</y7>
			<x8>286.712737</x8>
			<y8>304.557446</y8>
			<x9>280.44766400000003</x9>
			<y9>284.95875</y9>
			<x10>268.124032</x10>
			<y10>271.47078799999997</y10>
			<x11>259.689863</x11>
			<y11>268.053466</y11>
			<x12>241.952417</x12>
			<y12>271.555875</y12>
			<x13>232.649139</x13>
			<y13>278.47560599999997</y13>
			<x14>232</x14>
			<y14>280.18217500000003</y14>
			<x15>232</x15>
			<y15>321.565879</y15>
		</polygon>
	</object>
	<object>
		<name>mango</name>
		<pose>Unspecified</pose>
		<truncated>0</truncated>
		<difficult>0</difficult>
		<occluded>0</occluded>
		<bndbox>
			<xmin>244</xmin>
			<xmax>309</xmax>
			<ymin>388</ymin>
			<ymax>417</ymax>
		</bndbox>
		<polygon>
			<x1>307.89542</x1>
			<y1>416</y1>
			<x2>308.08378500000003</x2>
			<y2>415.15317400000004</y2>
			<x3>304.844316</x3>
			<y3>402.160373</y3>
			<x4>299.43995</x4>
			<y4>394.307505</y4>
			<x5>285.167388</x5>
			<y5>386.82566099999997</y5>
			<x6>265.916089</x6>
			<y6>389.785483</y6>
			<x7>247.957428</x7>
			<y7>406.22350700000004</y7>
			<x8>242.635206</x8>
			<y8>416</y8>
			<x9>307.89542</x9>
			<y9>416</y9>
		</polygon>
	</object>
	<object>
		<name>capsicum</name>
		<pose>Unspecified</pose>
		<truncated>0</truncated>
		<difficult>0</difficult>
		<occluded>0</occluded>
		<bndbox>
			<xmin>357</xmin>
			<xmax>385</xmax>
			<ymin>346</ymin>
			<ymax>384</ymax>
		</bndbox>
		<polygon>
			<x1>376.661109</x1>
			<y1>383.334403</y1>
			<x2>380.55582200000003</x2>
			<y2>379.603244</y2>
			<x3>383.80474000000004</x3>
			<y3>367.75280399999997</y3>
			<x4>380.35035700000003</x4>
			<y4>351.133456</y4>
			<x5>376.458794</x5>
			<y5>346.583535</y5>
			<x6>365.644814</x6>
			<y6>344.679599</y6>
			<x7>356.124522</x7>
			<y7>353.49350300000003</y7>
			<x8>358.282069</x8>
			<y8>367.67609100000004</y8>
			<x9>364.766256</x9>
			<y9>379.859893</y9>
			<x10>376.661109</x10>
			<y10>383.334403</y10>
		</polygon>
	</object>
</annotation>
