<annotation>
	<folder></folder>
	<filename>image_47_png.rf.50d3067d457862ea45c458674dce654c.jpg</filename>
	<path>image_47_png.rf.50d3067d457862ea45c458674dce654c.jpg</path>
	<source>
		<database>roboflow.ai</database>
	</source>
	<size>
		<width>416</width>
		<height>416</height>
		<depth>3</depth>
	</size>
	<segmented>0</segmented>
	<object>
		<name>redapple</name>
		<pose>Unspecified</pose>
		<truncated>0</truncated>
		<difficult>0</difficult>
		<occluded>0</occluded>
		<bndbox>
			<xmin>118</xmin>
			<xmax>167</xmax>
			<ymin>111</ymin>
			<ymax>187</ymax>
		</bndbox>
		<polygon>
			<x1>116.94977</x1>
			<y1>146.967417</y1>
			<x2>124.50735</x2>
			<y2>177.464281</y2>
			<x3>132.91623</x3>
			<y3>185.205461</y3>
			<x4>146.485097</x4>
			<y4>186.438938</y4>
			<x5>160.480852</x5>
			<y5>167.596374</y5>
			<x6>166.386655</x6>
			<y6>134.653797</y6>
			<x7>159.287002</x7>
			<y7>114.301289</y7>
			<x8>142.785698</x8>
			<y8>109.856498</y8>
			<x9>129.605257</x9>
			<y9>110.515783</y9>
			<x10>122.006745</x10>
			<y10>119.384124</y10>
			<x11>116.94977</x11>
			<y11>146.967417</y11>
		</polygon>
	</object>
	<object>
		<name>greenapple</name>
		<pose>Unspecified</pose>
		<truncated>0</truncated>
		<difficult>0</difficult>
		<occluded>0</occluded>
		<bndbox>
			<xmin>87</xmin>
			<xmax>116</xmax>
			<ymin>257</ymin>
			<ymax>288</ymax>
		</bndbox>
		<polygon>
			<x1>108.379123</x1>
			<y1>287</y1>
			<x2>110.887658</x2>
			<y2>285.18161</y2>
			<x3>115.191453</x3>
			<y3>276.22376</y3>
			<x4>114.629182</x4>
			<y4>265.873571</y4>
			<x5>107.075355</x5>
			<y5>257.109181</y5>
			<x6>97.676177</x6>
			<y6>255.620498</y6>
			<x7>89.123353</x7>
			<y7>266.168932</y7>
			<x8>86.471388</x8>
			<y8>278.56759</y8>
			<x9>91.455094</x9>
			<y9>287</y9>
			<x10>108.379123</x10>
			<y10>287</y10>
		</polygon>
	</object>
	<object>
		<name>mango</name>
		<pose>Unspecified</pose>
		<truncated>0</truncated>
		<difficult>0</difficult>
		<occluded>0</occluded>
		<bndbox>
			<xmin>175</xmin>
			<xmax>224</xmax>
			<ymin>131</ymin>
			<ymax>194</ymax>
		</bndbox>
		<polygon>
			<x1>174</x1>
			<y1>182.253845</y1>
			<x2>174.779379</x2>
			<y2>183.857989</y2>
			<x3>184.530999</x3>
			<y3>191.811839</y3>
			<x4>203.61229600000001</x4>
			<y4>193.002778</y4>
			<x5>218.773334</x5>
			<y5>179.8385</y5>
			<x6>222.73452600000002</x6>
			<y6>154.828513</y6>
			<x7>212.136553</x7>
			<y7>134.837547</y7>
			<x8>194.292509</x8>
			<y8>130.180086</y8>
			<x9>182.701765</x9>
			<y9>133.838017</y9>
			<x10>174.431883</x10>
			<y10>142.600023</y10>
			<x11>174</x11>
			<y11>143.657352</y11>
			<x12>174</x12>
			<y12>182.253845</y12>
		</polygon>
	</object>
	<object>
		<name>redapple</name>
		<pose>Unspecified</pose>
		<truncated>0</truncated>
		<difficult>0</difficult>
		<occluded>0</occluded>
		<bndbox>
			<xmin>315</xmin>
			<xmax>365</xmax>
			<ymin>260</ymin>
			<ymax>288</ymax>
		</bndbox>
		<polygon>
			<x1>363.45720800000004</x1>
			<y1>287</y1>
			<x2>363.671372</x2>
			<y2>286.109573</y2>
			<x3>357.38455999999996</x3>
			<y3>264.970185</y3>
			<x4>335.653769</x4>
			<y4>258.781504</y4>
			<x5>325.688706</x5>
			<y5>260.865676</y5>
			<x6>319.044506</x6>
			<y6>268.053924</y6>
			<x7>314.802844</x7>
			<y7>277.453938</y7>
			<x8>313.639167</x8>
			<y8>287</y8>
			<x9>363.45720800000004</x9>
			<y9>287</y9>
		</polygon>
	</object>
	<object>
		<name>mango</name>
		<pose>Unspecified</pose>
		<truncated>0</truncated>
		<difficult>0</difficult>
		<occluded>0</occluded>
		<bndbox>
			<xmin>201</xmin>
			<xmax>256</xmax>
			<ymin>288</ymin>
			<ymax>338</ymax>
		</bndbox>
		<polygon>
			<x1>204.522248</x1>
			<y1>287</y1>
			<x2>201.012766</x2>
			<y2>294.872708</y2>
			<x3>200.444409</x3>
			<y3>315.841963</y3>
			<x4>207.474563</x4>
			<y4>327.942878</y4>
			<x5>218.039023</x5>
			<y5>335.109848</y5>
			<x6>227.438201</x6>
			<y6>336.598531</y6>
			<x7>241.184527</x7>
			<y7>332.366391</y7>
			<x8>248.50009599999998</x8>
			<y8>325.284478</y8>
			<x9>253.69607100000002</x9>
			<y9>314.204371</y9>
			<x10>255.182755</x10>
			<y10>296.127425</y10>
			<x11>251.15860800000002</x11>
			<y11>287</y11>
			<x12>204.522248</x12>
			<y12>287</y12>
		</polygon>
	</object>
</annotation>
