<annotation>
	<folder></folder>
	<filename>image_142_png.rf.a29bf603b96864f1765834bac89d60d9.jpg</filename>
	<path>image_142_png.rf.a29bf603b96864f1765834bac89d60d9.jpg</path>
	<source>
		<database>roboflow.ai</database>
	</source>
	<size>
		<width>416</width>
		<height>416</height>
		<depth>3</depth>
	</size>
	<segmented>0</segmented>
	<object>
		<name>orange</name>
		<pose>Unspecified</pose>
		<truncated>0</truncated>
		<difficult>0</difficult>
		<occluded>0</occluded>
		<bndbox>
			<xmin>64</xmin>
			<xmax>87</xmax>
			<ymin>160</ymin>
			<ymax>190</ymax>
		</bndbox>
		<polygon>
			<x1>86.234727</x1>
			<y1>179.218884</y1>
			<x2>85.565916</x2>
			<y2>165.828326</y2>
			<x3>80.215434</x3>
			<y3>158.686695</y3>
			<x4>70.85209</x4>
			<y4>158.686695</y4>
			<x5>63.495177</x5>
			<y5>165.828326</y5>
			<x6>62.826367</x6>
			<y6>178.32618</y6>
			<x7>68.176849</x7>
			<y7>187.253219</y7>
			<x8>78.877814</x8>
			<y8>189.038627</y8>
			<x9>86.234727</x9>
			<y9>179.218884</y9>
		</polygon>
	</object>
	<object>
		<name>capsicum</name>
		<pose>Unspecified</pose>
		<truncated>0</truncated>
		<difficult>0</difficult>
		<occluded>0</occluded>
		<bndbox>
			<xmin>69</xmin>
			<xmax>91</xmax>
			<ymin>289</ymin>
			<ymax>325</ymax>
		</bndbox>
		<polygon>
			<x1>84.228296</x1>
			<y1>322.944206</y1>
			<x2>89.578778</x2>
			<y2>306.875536</y2>
			<x3>88.241158</x3>
			<y3>291.699571</y3>
			<x4>80.884244</x4>
			<y4>288.128755</y4>
			<x5>71.5209</x5>
			<y5>290.806867</y5>
			<x6>68.176849</x6>
			<y6>297.948498</y6>
			<x7>70.18328</x7>
			<y7>316.695279</y7>
			<x8>75.533762</x8>
			<y8>323.83691</y8>
			<x9>84.228296</x9>
			<y9>322.944206</y9>
		</polygon>
	</object>
	<object>
		<name>greenapple</name>
		<pose>Unspecified</pose>
		<truncated>0</truncated>
		<difficult>0</difficult>
		<occluded>0</occluded>
		<bndbox>
			<xmin>209</xmin>
			<xmax>232</xmax>
			<ymin>157</ymin>
			<ymax>187</ymax>
		</bndbox>
		<polygon>
			<x1>231.366559</x1>
			<y1>177.433476</y1>
			<x2>231.366559</x2>
			<y2>165.828326</y2>
			<x3>225.347267</x3>
			<y3>156.901288</y3>
			<x4>215.315113</x4>
			<y4>156.008584</y4>
			<x5>207.958199</x5>
			<y5>164.935622</y5>
			<x6>207.958199</x6>
			<y6>177.433476</y6>
			<x7>214.646302</x7>
			<y7>186.360515</y7>
			<x8>225.347267</x8>
			<y8>186.360515</y8>
			<x9>231.366559</x9>
			<y9>177.433476</y9>
		</polygon>
	</object>
	<object>
		<name>redapple</name>
		<pose>Unspecified</pose>
		<truncated>0</truncated>
		<difficult>0</difficult>
		<occluded>0</occluded>
		<bndbox>
			<xmin>216</xmin>
			<xmax>250</xmax>
			<ymin>292</ymin>
			<ymax>329</ymax>
		</bndbox>
		<polygon>
			<x1>249</x1>
			<y1>328</y1>
			<x2>249</x2>
			<y2>292.828886</y2>
			<x3>237.385852</x3>
			<y3>290.806867</y3>
			<x4>225.347267</x4>
			<y4>292.592275</y4>
			<x5>218.659164</x5>
			<y5>298.841202</y5>
			<x6>214.646302</x6>
			<y6>312.23176</y6>
			<x7>214.646302</x7>
			<y7>328</y7>
			<x8>249</x8>
			<y8>328</y8>
		</polygon>
	</object>
	<object>
		<name>redapple</name>
		<pose>Unspecified</pose>
		<truncated>0</truncated>
		<difficult>0</difficult>
		<occluded>0</occluded>
		<bndbox>
			<xmin>250</xmin>
			<xmax>345</xmax>
			<ymin>1</ymin>
			<ymax>329</ymax>
		</bndbox>
		<polygon>
			<x1>249</x1>
			<y1>0</y1>
			<x2>249</x2>
			<y2>328</y2>
			<x3>279.958556</x3>
			<y3>328</y3>
			<x4>284.446945</x4>
			<y4>324.828326</y4>
			<x5>295.14791</x5>
			<y5>311.437768</y5>
			<x6>312.536977</x6>
			<y6>281.085837</y6>
			<x7>326.581994</x7>
			<y7>248.055794</y7>
			<x8>337.951768</x8>
			<y8>202.527897</y8>
			<x9>343.971061</x9>
			<y9>155.214592</y9>
			<x10>341.29582</x10>
			<y10>91.832618</y10>
			<x11>333.938907</x11>
			<y11>57.017167</y11>
			<x12>325.244373</x12>
			<y12>37.377682</y12>
			<x13>315.881029</x13>
			<y13>25.772532</y13>
			<x14>305.848875</x14>
			<y14>20.416309</y14>
			<x15>255.019293</x15>
			<y15>9.703863</y15>
			<x16>253.308682</x16>
			<y16>0</y16>
			<x17>249</x17>
			<y17>0</y17>
		</polygon>
	</object>
	<object>
		<name>greenapple</name>
		<pose>Unspecified</pose>
		<truncated>0</truncated>
		<difficult>0</difficult>
		<occluded>0</occluded>
		<bndbox>
			<xmin>77</xmin>
			<xmax>250</xmax>
			<ymin>329</ymin>
			<ymax>417</ymax>
		</bndbox>
		<polygon>
			<x1>249</x1>
			<y1>328</y1>
			<x2>77.187873</x2>
			<y2>328</y2>
			<x3>77.11254</x3>
			<y3>328.351931</y3>
			<x4>76.44373</x4>
			<y4>353.347639</y4>
			<x5>79.787781</x5>
			<y5>379.236052</y5>
			<x6>89.151125</x6>
			<y6>409.587983</y6>
			<x7>92.949525</x7>
			<y7>416</y7>
			<x8>235.761824</x8>
			<y8>416</y8>
			<x9>246.321543</x9>
			<y9>383.699571</y9>
			<x10>249</x10>
			<y10>367.015736</y10>
			<x11>249</x11>
			<y11>328</y11>
		</polygon>
	</object>
	<object>
		<name>redapple</name>
		<pose>Unspecified</pose>
		<truncated>0</truncated>
		<difficult>0</difficult>
		<occluded>0</occluded>
		<bndbox>
			<xmin>295</xmin>
			<xmax>367</xmax>
			<ymin>329</ymin>
			<ymax>375</ymax>
		</bndbox>
		<polygon>
			<x1>293.864952</x1>
			<y1>328</y1>
			<x2>293.864952</x2>
			<y2>335.630901</y2>
			<x3>299.884244</x3>
			<y3>352.592275</y3>
			<x4>307.241158</x4>
			<y4>363.304721</y4>
			<x5>322.623794</x5>
			<y5>373.124464</y5>
			<x6>341.350482</x6>
			<y6>374.017167</y6>
			<x7>354.72668799999997</x7>
			<y7>369.553648</y7>
			<x8>359.40836</x8>
			<y8>364.197425</y8>
			<x9>366.09646299999997</x9>
			<y9>343.665236</y9>
			<x10>364.758842</x10>
			<y10>330.274678</y10>
			<x11>363.36859</x11>
			<y11>328</y11>
			<x12>293.864952</x12>
			<y12>328</y12>
		</polygon>
	</object>
</annotation>
