<annotation>
	<folder></folder>
	<filename>image_192_png.rf.866b3555adaf263bc14c9765f44dfe68.jpg</filename>
	<path>image_192_png.rf.866b3555adaf263bc14c9765f44dfe68.jpg</path>
	<source>
		<database>roboflow.ai</database>
	</source>
	<size>
		<width>416</width>
		<height>416</height>
		<depth>3</depth>
	</size>
	<segmented>0</segmented>
	<object>
		<name>mango</name>
		<pose>Unspecified</pose>
		<truncated>0</truncated>
		<difficult>0</difficult>
		<occluded>0</occluded>
		<bndbox>
			<xmin>1</xmin>
			<xmax>52</xmax>
			<ymin>1</ymin>
			<ymax>46</ymax>
		</bndbox>
		<polygon>
			<x1>0</x1>
			<y1>0</y1>
			<x2>0</x2>
			<y2>44.600832</y2>
			<x3>3.231327</x3>
			<y3>44.987062</y3>
			<x4>19.711082</x4>
			<y4>42.243147</y4>
			<x5>39.939769</x5>
			<y5>28.492555</y5>
			<x6>48.529764</x6>
			<y6>16.467944</y6>
			<x7>50.597881</x7>
			<y7>3.410369</y7>
			<x8>50.008429</x8>
			<y8>0</y8>
			<x9>0</x9>
			<y9>0</y9>
		</polygon>
	</object>
	<object>
		<name>mango</name>
		<pose>Unspecified</pose>
		<truncated>0</truncated>
		<difficult>0</difficult>
		<occluded>0</occluded>
		<bndbox>
			<xmin>188</xmin>
			<xmax>221</xmax>
			<ymin>52</ymin>
			<ymax>115</ymax>
		</bndbox>
		<polygon>
			<x1>187</x1>
			<y1>111.509724</y1>
			<x2>192.051749</x2>
			<y2>113.641985</y2>
			<x3>204.618377</x3>
			<y3>110.27829</y3>
			<x4>213.171187</x4>
			<y4>102.709501</y4>
			<x5>220.393301</x5>
			<y5>82.437159</y5>
			<x6>218.548291</x6>
			<y6>68.759806</y6>
			<x7>213.267283</x7>
			<y7>59.892297</y7>
			<x8>203.797397</x8>
			<y8>52.146019</y8>
			<x9>194.666768</x9>
			<y9>50.69987</y9>
			<x10>187</x10>
			<y10>51.635992</y10>
			<x11>187</x11>
			<y11>111.509724</y11>
		</polygon>
	</object>
	<object>
		<name>orange</name>
		<pose>Unspecified</pose>
		<truncated>0</truncated>
		<difficult>0</difficult>
		<occluded>0</occluded>
		<bndbox>
			<xmin>322</xmin>
			<xmax>346</xmax>
			<ymin>45</ymin>
			<ymax>75</ymax>
		</bndbox>
		<polygon>
			<x1>344.092155</x1>
			<y1>65.443105</y1>
			<x2>345.37021</x2>
			<y2>53.152739</y2>
			<x3>341.25570200000004</x3>
			<y3>45.362328</y3>
			<x4>332.77726</x4>
			<y4>44.019475</y4>
			<x5>324.775947</x5>
			<y5>48.106244</y5>
			<x6>321.26558</x6>
			<y6>61.827731</y6>
			<x7>326.270841</x7>
			<y7>72.436249</y7>
			<x8>336.705846</x8>
			<y8>74.088992</y8>
			<x9>344.092155</x9>
			<y9>65.443105</y9>
		</polygon>
	</object>
	<object>
		<name>mango</name>
		<pose>Unspecified</pose>
		<truncated>0</truncated>
		<difficult>0</difficult>
		<occluded>0</occluded>
		<bndbox>
			<xmin>1</xmin>
			<xmax>99</xmax>
			<ymin>209</ymin>
			<ymax>379</ymax>
		</bndbox>
		<polygon>
			<x1>0</x1>
			<y1>208</y1>
			<x2>0</x2>
			<y2>377.97936100000004</y2>
			<x3>34.416539</x3>
			<y3>365.593227</y3>
			<x4>60.276352</x4>
			<y4>350.057492</y4>
			<x5>80.542223</x5>
			<y5>331.851079</y5>
			<x6>91.539589</x6>
			<y6>313.069021</y6>
			<x7>98.295437</x7>
			<y7>270.414278</y7>
			<x8>92.510978</x8>
			<y8>243.620187</y8>
			<x9>83.76765</x9>
			<y9>227.065564</y9>
			<x10>66.64657</x10>
			<y10>212.753403</y10>
			<x11>56.846549</x11>
			<y11>208</y11>
			<x12>0</x12>
			<y12>208</y12>
		</polygon>
	</object>
	<object>
		<name>orange</name>
		<pose>Unspecified</pose>
		<truncated>0</truncated>
		<difficult>0</difficult>
		<occluded>0</occluded>
		<bndbox>
			<xmin>188</xmin>
			<xmax>344</xmax>
			<ymin>209</ymin>
			<ymax>410</ymax>
		</bndbox>
		<polygon>
			<x1>202.865092</x1>
			<y1>208</y1>
			<x2>188.692036</x2>
			<y2>226.839494</y2>
			<x3>187</x3>
			<y3>230.188978</y3>
			<x4>187</x4>
			<y4>380.924912</y4>
			<x5>187.014145</x5>
			<y5>380.948932</y5>
			<x6>196.860468</x6>
			<y6>390.539517</y6>
			<x7>223.387926</x7>
			<y7>404.556817</y7>
			<x8>251.432004</x8>
			<y8>408.998562</y8>
			<x9>267.773885</x9>
			<y9>407.12515099999996</y9>
			<x10>295.590262</x10>
			<y10>391.899306</y10>
			<x11>311.529382</x11>
			<y11>375.684629</y11>
			<x12>326.752809</x12>
			<y12>351.325518</y12>
			<x13>339.203288</x13>
			<y13>314.926768</y13>
			<x14>342.936762</x14>
			<y14>274.470354</y14>
			<x15>336.16086</x15>
			<y15>241.27284</y15>
			<x16>326.28821500000004</x16>
			<y16>219.185296</y16>
			<x17>318.022016</x17>
			<y17>208.060296</y17>
			<x18>317.915409</x18>
			<y18>208</y18>
			<x19>202.865092</x19>
			<y19>208</y19>
		</polygon>
	</object>
</annotation>
