<annotation>
	<folder></folder>
	<filename>image_44_png.rf.797f831756262fb41c65809a5e078453.jpg</filename>
	<path>image_44_png.rf.797f831756262fb41c65809a5e078453.jpg</path>
	<source>
		<database>roboflow.ai</database>
	</source>
	<size>
		<width>416</width>
		<height>416</height>
		<depth>3</depth>
	</size>
	<segmented>0</segmented>
	<object>
		<name>orange</name>
		<pose>Unspecified</pose>
		<truncated>0</truncated>
		<difficult>0</difficult>
		<occluded>0</occluded>
		<bndbox>
			<xmin>126</xmin>
			<xmax>182</xmax>
			<ymin>125</ymin>
			<ymax>199</ymax>
		</bndbox>
		<polygon>
			<x1>146.049557</x1>
			<y1>123.915087</y1>
			<x2>132.68508500000002</x2>
			<y2>132.176823</y2>
			<x3>127.126673</x3>
			<y3>141.259008</y3>
			<x4>124.546726</x4>
			<y4>153.290536</y4>
			<x5>125.424083</x5>
			<y5>176.230601</y5>
			<x6>131.859852</x6>
			<y6>190.08848</y6>
			<x7>139.7683</x7>
			<y7>196.192274</y7>
			<x8>151.386036</x8>
			<y8>198.29211</y8>
			<x9>162.159524</x9>
			<y9>195.909395</y9>
			<x10>175.512959</x10>
			<y10>181.495154</y10>
			<x11>180.501183</x11>
			<y11>165.322931</y11>
			<x12>180.376721</x12>
			<y12>147.734578</y12>
			<x13>170.586037</x13>
			<y13>128.251502</y13>
			<x14>146.049557</x14>
			<y14>123.915087</y14>
		</polygon>
	</object>
	<object>
		<name>greenapple</name>
		<pose>Unspecified</pose>
		<truncated>0</truncated>
		<difficult>0</difficult>
		<occluded>0</occluded>
		<bndbox>
			<xmin>245</xmin>
			<xmax>270</xmax>
			<ymin>99</ymin>
			<ymax>131</ymax>
		</bndbox>
		<polygon>
			<x1>267.854602</x1>
			<y1>122.657095</y1>
			<x2>269.224892</x2>
			<y2>109.619666</y2>
			<x3>262.982864</x3>
			<y3>100.175967</y3>
			<x4>255.268158</x4>
			<y4>98.486355</y4>
			<x5>246.080773</x5>
			<y5>104.550831</y5>
			<x6>243.500827</x6>
			<y6>116.582357</y6>
			<x7>248.25914</x7>
			<y7>127.627638</y7>
			<x8>258.484513</x8>
			<y8>130.459895</y8>
			<x9>267.854602</x9>
			<y9>122.657095</y9>
		</polygon>
	</object>
	<object>
		<name>orange</name>
		<pose>Unspecified</pose>
		<truncated>0</truncated>
		<difficult>0</difficult>
		<occluded>0</occluded>
		<bndbox>
			<xmin>286</xmin>
			<xmax>342</xmax>
			<ymin>221</ymin>
			<ymax>274</ymax>
		</bndbox>
		<polygon>
			<x1>288.063526</x1>
			<y1>220</y1>
			<x2>286.163049</x2>
			<y2>224.781193</y2>
			<x3>285.088891</x3>
			<y3>247.516146</y3>
			<x4>287.98704299999997</x4>
			<y4>257.487153</y4>
			<x5>297.858042</x5>
			<y5>269.948563</y5>
			<x6>319.88385500000004</x6>
			<y6>273.142332</y6>
			<x7>332.038669</x7>
			<y7>263.874692</y7>
			<x8>337.688435</x8>
			<y8>253.923344</y8>
			<x9>341.353576</x9>
			<y9>225.30937</y9>
			<x10>339.978844</x10>
			<y10>220</y10>
			<x11>288.063526</x11>
			<y11>220</y11>
		</polygon>
	</object>
	<object>
		<name>redapple</name>
		<pose>Unspecified</pose>
		<truncated>0</truncated>
		<difficult>0</difficult>
		<occluded>0</occluded>
		<bndbox>
			<xmin>395</xmin>
			<xmax>417</xmax>
			<ymin>325</ymin>
			<ymax>405</ymax>
		</bndbox>
		<polygon>
			<x1>416</x1>
			<y1>323.766525</y1>
			<x2>409.548081</x2>
			<y2>327.38336300000003</y2>
			<x3>396.571093</x3>
			<y3>344.473461</y3>
			<x4>393.636773</x4>
			<y4>366.134141</y4>
			<x5>397.287818</x5>
			<y5>381.45686</y5>
			<x6>403.81494</x6>
			<y6>394.445578</y6>
			<x7>416</x7>
			<y7>403.78979200000003</y7>
			<x8>416</x8>
			<y8>323.766525</y8>
		</polygon>
	</object>
</annotation>
