<annotation>
	<folder></folder>
	<filename>image_37_png.rf.bea91bd96bf0d87fa959400dc3d2488e.jpg</filename>
	<path>image_37_png.rf.bea91bd96bf0d87fa959400dc3d2488e.jpg</path>
	<source>
		<database>roboflow.ai</database>
	</source>
	<size>
		<width>416</width>
		<height>416</height>
		<depth>3</depth>
	</size>
	<segmented>0</segmented>
	<object>
		<name>capsicum</name>
		<pose>Unspecified</pose>
		<truncated>0</truncated>
		<difficult>0</difficult>
		<occluded>0</occluded>
		<bndbox>
			<xmin>263</xmin>
			<xmax>285</xmax>
			<ymin>133</ymin>
			<ymax>168</ymax>
		</bndbox>
		<polygon>
			<x1>277.873288</x1>
			<y1>166.436156</y1>
			<x2>283.518972</x2>
			<y2>149.570745</y2>
			<x3>282.430833</x3>
			<y3>135.266314</y3>
			<x4>274.453071</x4>
			<y4>132.448542</y4>
			<x5>266.39741100000003</x5>
			<y5>134.09361</y5>
			<x6>261.607393</x6>
			<y6>140.259878</y6>
			<x7>262.648793</x7>
			<y7>157.242013</y7>
			<x8>268.495791</x8>
			<y8>167.165311</y8>
			<x9>277.873288</x9>
			<y9>166.436156</y9>
		</polygon>
	</object>
	<object>
		<name>greenapple</name>
		<pose>Unspecified</pose>
		<truncated>0</truncated>
		<difficult>0</difficult>
		<occluded>0</occluded>
		<bndbox>
			<xmin>1</xmin>
			<xmax>110</xmax>
			<ymin>235</ymin>
			<ymax>417</ymax>
		</bndbox>
		<polygon>
			<x1>0</x1>
			<y1>416</y1>
			<x2>80.023661</x2>
			<y2>416</y2>
			<x3>84.848513</x3>
			<y3>410.85375799999997</y3>
			<x4>94.584347</x4>
			<y4>389.595541</y4>
			<x5>103.807271</x5>
			<y5>359.399973</y5>
			<x6>108.240177</x6>
			<y6>335.370673</y6>
			<x7>108.723152</x7>
			<y7>307.701069</y7>
			<x8>98.709329</x8>
			<y8>268.241324</y8>
			<x9>83.018663</x9>
			<y9>247.43212599999998</y9>
			<x10>58.46341</x10>
			<y10>236.289433</y10>
			<x11>23.721731</x11>
			<y11>233.897336</y11>
			<x12>0</x12>
			<y12>235.371544</y12>
			<x13>0</x13>
			<y13>416</y13>
		</polygon>
	</object>
	<object>
		<name>mango</name>
		<pose>Unspecified</pose>
		<truncated>0</truncated>
		<difficult>0</difficult>
		<occluded>0</occluded>
		<bndbox>
			<xmin>197</xmin>
			<xmax>281</xmax>
			<ymin>198</ymin>
			<ymax>269</ymax>
		</bndbox>
		<polygon>
			<x1>223.518088</x1>
			<y1>208.753686</y1>
			<x2>198.97719</x2>
			<y2>235.110518</y2>
			<x3>196.037498</x3>
			<y3>250.237483</y3>
			<x4>202.522045</x4>
			<y4>261.95759</y4>
			<x5>216.455863</x5>
			<y5>268.450684</y5>
			<x6>238.53882099999998</x6>
			<y6>267.943304</y6>
			<x7>259.424581</x7>
			<y7>259.379467</y7>
			<x8>274.432183</x8>
			<y8>242.677469</y8>
			<x9>280.03112799999997</x9>
			<y9>228.489761</y9>
			<x10>277.65231</x10>
			<y10>211.484282</y10>
			<x11>264.49626</x11>
			<y11>198.754884</y11>
			<x12>243.11317</x12>
			<y12>197.488801</y12>
			<x13>223.518088</x13>
			<y13>208.753686</y13>
		</polygon>
	</object>
	<object>
		<name>capsicum</name>
		<pose>Unspecified</pose>
		<truncated>0</truncated>
		<difficult>0</difficult>
		<occluded>0</occluded>
		<bndbox>
			<xmin>348</xmin>
			<xmax>369</xmax>
			<ymin>188</ymin>
			<ymax>211</ymax>
		</bndbox>
		<polygon>
			<x1>347.216744</x1>
			<y1>187</y1>
			<x2>348.084813</x2>
			<y2>200.213927</y2>
			<x3>352.59439399999997</x3>
			<y3>210.113881</y3>
			<x4>363.978017</x4>
			<y4>209.419743</y4>
			<x5>368.223966</x5>
			<y5>196.101259</y5>
			<x6>368.024091</x6>
			<y6>187</y6>
			<x7>347.216744</x7>
			<y7>187</y7>
		</polygon>
	</object>
</annotation>
