<annotation>
	<folder></folder>
	<filename>image_141_png.rf.5ba85ecb02127411a642dec6b113f6c4.jpg</filename>
	<path>image_141_png.rf.5ba85ecb02127411a642dec6b113f6c4.jpg</path>
	<source>
		<database>roboflow.ai</database>
	</source>
	<size>
		<width>416</width>
		<height>416</height>
		<depth>3</depth>
	</size>
	<segmented>0</segmented>
	<object>
		<name>mango</name>
		<pose>Unspecified</pose>
		<truncated>0</truncated>
		<difficult>0</difficult>
		<occluded>0</occluded>
		<bndbox>
			<xmin>22</xmin>
			<xmax>108</xmax>
			<ymin>131</ymin>
			<ymax>203</ymax>
		</bndbox>
		<polygon>
			<x1>71.668891</x1>
			<y1>130.087606</y1>
			<x2>54.448467</x2>
			<y2>138.162943</y2>
			<x3>24.75802</x3>
			<y3>166.233742</y3>
			<x4>20.610107</x4>
			<y4>181.278655</y4>
			<x5>26.700605</x5>
			<y5>193.269012</y5>
			<x6>44.369609</x6>
			<y6>202.275044</y6>
			<x7>63.89485</x7>
			<y7>201.502755</y7>
			<x8>87.9096</x8>
			<y8>191.987929</y8>
			<x9>98.570308</x9>
			<y9>180.875466</y9>
			<x10>106.73851</x10>
			<y10>166.041247</y10>
			<x11>107.301573</x11>
			<y11>155.297371</y11>
			<x12>104.467473</x12>
			<y12>145.273239</y12>
			<x13>91.053367</x13>
			<y13>132.001286</y13>
			<x14>71.668891</x14>
			<y14>130.087606</y14>
		</polygon>
	</object>
	<object>
		<name>capsicum</name>
		<pose>Unspecified</pose>
		<truncated>0</truncated>
		<difficult>0</difficult>
		<occluded>0</occluded>
		<bndbox>
			<xmin>175</xmin>
			<xmax>200</xmax>
			<ymin>115</ymin>
			<ymax>150</ymax>
		</bndbox>
		<polygon>
			<x1>188.940468</x1>
			<y1>148.802499</y1>
			<x2>193.148446</x2>
			<y2>145.431901</y2>
			<x3>198.683377</x3>
			<y3>129.561897</y3>
			<x4>197.906343</x4>
			<y4>118.747788</y4>
			<x5>194.790712</x5>
			<y5>114.095595</y5>
			<x6>184.06994</x6>
			<y6>113.533743</y6>
			<x7>175.077782</x7>
			<y7>118.449177</y7>
			<x8>174.233188</x8>
			<y8>134.564991</y8>
			<x9>178.313541</x9>
			<y9>146.450001</y9>
			<x10>188.940468</x10>
			<y10>148.802499</y10>
		</polygon>
	</object>
	<object>
		<name>orange</name>
		<pose>Unspecified</pose>
		<truncated>0</truncated>
		<difficult>0</difficult>
		<occluded>0</occluded>
		<bndbox>
			<xmin>249</xmin>
			<xmax>273</xmax>
			<ymin>144</ymin>
			<ymax>176</ymax>
		</bndbox>
		<polygon>
			<x1>252.70511199999999</x1>
			<y1>172.670554</y1>
			<x2>261.991943</x2>
			<y2>174.95282</y2>
			<x3>270.454818</x3>
			<y3>167.316301</y3>
			<x4>271.875617</x4>
			<y4>153.026249</y4>
			<x5>268.853829</x5>
			<y5>146.583409</y5>
			<x6>260.283968</x6>
			<y6>143.440935</y6>
			<x7>251.072124</x7>
			<y7>144.90517</y7>
			<x8>247.904506</x8>
			<y8>154.081735</y8>
			<x9>247.813945</x9>
			<y9>163.436397</y9>
			<x10>252.70511199999999</x10>
			<y10>172.670554</y10>
		</polygon>
	</object>
	<object>
		<name>capsicum</name>
		<pose>Unspecified</pose>
		<truncated>0</truncated>
		<difficult>0</difficult>
		<occluded>0</occluded>
		<bndbox>
			<xmin>256</xmin>
			<xmax>282</xmax>
			<ymin>1</ymin>
			<ymax>33</ymax>
		</bndbox>
		<polygon>
			<x1>257.18366100000003</x1>
			<y1>0</y1>
			<x2>254.591336</x2>
			<y2>8.475281</y2>
			<x3>257.720109</x3>
			<y3>25.697114</y3>
			<x4>261.505789</x4>
			<y4>30.384423</y4>
			<x5>269.499445</x5>
			<y5>31.701135</y5>
			<x6>278.103087</x6>
			<y6>21.378647</y6>
			<x7>281.004747</x7>
			<y7>4.472857</y7>
			<x8>279.191467</x8>
			<y8>0</y8>
			<x9>257.18366100000003</x9>
			<y9>0</y9>
		</polygon>
	</object>
	<object>
		<name>greenapple</name>
		<pose>Unspecified</pose>
		<truncated>0</truncated>
		<difficult>0</difficult>
		<occluded>0</occluded>
		<bndbox>
			<xmin>76</xmin>
			<xmax>99</xmax>
			<ymin>260</ymin>
			<ymax>291</ymax>
		</bndbox>
		<polygon>
			<x1>97.228855</x1>
			<y1>282.666118</y1>
			<x2>98.026527</x2>
			<y2>267.445627</y2>
			<x3>93.041516</x3>
			<y3>260.002117</y3>
			<x4>83.707764</x4>
			<y4>258.615173</y4>
			<x5>75.197966</x5>
			<y5>267.147014</y5>
			<x6>74.54106</x6>
			<y6>279.681538</y6>
			<x7>82.065498</x7>
			<y7>289.95148</y7>
			<x8>90.106076</x8>
			<y8>290.372869</y8>
			<x9>97.228855</x9>
			<y9>282.666118</y9>
		</polygon>
	</object>
	<object>
		<name>mango</name>
		<pose>Unspecified</pose>
		<truncated>0</truncated>
		<difficult>0</difficult>
		<occluded>0</occluded>
		<bndbox>
			<xmin>382</xmin>
			<xmax>417</xmax>
			<ymin>364</ymin>
			<ymax>417</ymax>
		</bndbox>
		<polygon>
			<x1>416</x1>
			<y1>416</y1>
			<x2>416</x2>
			<y2>363.398533</y2>
			<x3>414.626018</x3>
			<y3>363.946374</y3>
			<x4>392.105272</x4>
			<y4>383.4151</y4>
			<x5>381.16303300000004</x5>
			<y5>399.899502</y5>
			<x6>381.846222</x6>
			<y6>412.504256</y6>
			<x7>385.546105</x7>
			<y7>416</y7>
			<x8>416</x8>
			<y8>416</y8>
		</polygon>
	</object>
	<object>
		<name>orange</name>
		<pose>Unspecified</pose>
		<truncated>0</truncated>
		<difficult>0</difficult>
		<occluded>0</occluded>
		<bndbox>
			<xmin>394</xmin>
			<xmax>417</xmax>
			<ymin>221</ymin>
			<ymax>233</ymax>
		</bndbox>
		<polygon>
			<x1>416</x1>
			<y1>220</y1>
			<x2>393.12181499999997</x2>
			<y2>220</y2>
			<x3>398.788819</x3>
			<y3>230.24463</y3>
			<x4>407.45252300000004</x4>
			<y4>231.596458</y4>
			<x5>415.915399</x5>
			<y5>223.959939</y5>
			<x6>416</x6>
			<y6>223.406965</y6>
			<x7>416</x7>
			<y7>220</y7>
		</polygon>
	</object>
	<object>
		<name>redapple</name>
		<pose>Unspecified</pose>
		<truncated>0</truncated>
		<difficult>0</difficult>
		<occluded>0</occluded>
		<bndbox>
			<xmin>254</xmin>
			<xmax>301</xmax>
			<ymin>328</ymin>
			<ymax>401</ymax>
		</bndbox>
		<polygon>
			<x1>254.659043</x1>
			<y1>339.402782</y1>
			<x2>253.110621</x2>
			<y2>368.948442</y2>
			<x3>263.857675</x3>
			<y3>394.64957000000004</y3>
			<x4>271.616722</x4>
			<y4>400.442898</y4>
			<x5>284.39456</x5>
			<y5>400.21477300000004</y5>
			<x6>291.423495</x6>
			<y6>394.29867</y6>
			<x7>296.77074</x7>
			<y7>382.009958</y7>
			<x8>299.800024</x8>
			<y8>349.84856</y8>
			<x9>292.074757</x9>
			<y9>330.590272</y9>
			<x10>271.444029</x10>
			<y10>326.815714</y10>
			<x11>261.205617</x11>
			<y11>329.87027</y11>
			<x12>254.659043</x12>
			<y12>339.402782</y12>
		</polygon>
	</object>
</annotation>
