<annotation>
	<folder></folder>
	<filename>image_138_png.rf.467d5536765a88e6388dca27315a71dd.jpg</filename>
	<path>image_138_png.rf.467d5536765a88e6388dca27315a71dd.jpg</path>
	<source>
		<database>roboflow.ai</database>
	</source>
	<size>
		<width>416</width>
		<height>416</height>
		<depth>3</depth>
	</size>
	<segmented>0</segmented>
	<object>
		<name>orange</name>
		<pose>Unspecified</pose>
		<truncated>0</truncated>
		<difficult>0</difficult>
		<occluded>0</occluded>
		<bndbox>
			<xmin>31</xmin>
			<xmax>91</xmax>
			<ymin>120</ymin>
			<ymax>196</ymax>
		</bndbox>
		<polygon>
			<x1>63.954871</x1>
			<y1>118.582607</y1>
			<x2>44.990944</x2>
			<y2>120.867385</y2>
			<x3>35.066861</x3>
			<y3>128.18752</y3>
			<x4>30.082522</x4>
			<y4>143.50602</y4>
			<x5>30.782791</x5>
			<y5>159.165727</y5>
			<x6>36.282303</x6>
			<y6>174.471679</y6>
			<x7>44.344236</x7>
			<y7>186.294442</y7>
			<x8>54.735539</x8>
			<y8>193.764264</y8>
			<x9>65.452439</x9>
			<y9>194.621467</y9>
			<x10>81.946492</x10>
			<y10>188.337505</y10>
			<x11>87.676813</x11>
			<y11>178.4123</y11>
			<x12>89.632632</x12>
			<y12>164.837485</y12>
			<x13>83.479685</x13>
			<y13>136.655866</y13>
			<x14>75.883852</x14>
			<y14>126.572607</y14>
			<x15>63.954871</x15>
			<y15>118.582607</y15>
		</polygon>
	</object>
	<object>
		<name>greenapple</name>
		<pose>Unspecified</pose>
		<truncated>0</truncated>
		<difficult>0</difficult>
		<occluded>0</occluded>
		<bndbox>
			<xmin>160</xmin>
			<xmax>187</xmax>
			<ymin>200</ymin>
			<ymax>232</ymax>
		</bndbox>
		<polygon>
			<x1>185.529448</x1>
			<y1>217.446536</y1>
			<x2>180.962133</x2>
			<y2>205.61959</y2>
			<x3>172.108506</x3>
			<y3>198.669945</y3>
			<x4>165.58537</x4>
			<y4>200.417814</y4>
			<x5>158.969687</x5>
			<y5>209.648055</y5>
			<x6>161.580063</x6>
			<y6>221.999361</y6>
			<x7>170.899788</x7>
			<y7>230.68851</y7>
			<x8>181.336805</x8>
			<y8>227.891919</y8>
			<x9>185.529448</x9>
			<y9>217.446536</y9>
		</polygon>
	</object>
	<object>
		<name>capsicum</name>
		<pose>Unspecified</pose>
		<truncated>0</truncated>
		<difficult>0</difficult>
		<occluded>0</occluded>
		<bndbox>
			<xmin>326</xmin>
			<xmax>363</xmax>
			<ymin>63</ymin>
			<ymax>119</ymax>
		</bndbox>
		<polygon>
			<x1>335.32545600000003</x1>
			<y1>67.234126</y1>
			<x2>329.03537</x2>
			<y2>69.851747</y2>
			<x3>325.215157</x3>
			<y3>76.468551</y3>
			<x4>330.622122</x4>
			<y4>99.256873</y4>
			<x5>337.612476</x5>
			<y5>112.298962</y5>
			<x6>344.043065</x6>
			<y6>118.033465</y6>
			<x7>357.974698</x7>
			<y7>115.232691</y7>
			<x8>361.561863</x8>
			<y8>107.746136</y8>
			<x9>361.933172</x9>
			<y9>90.867103</y9>
			<x10>357.225354</x10>
			<y10>70.688034</y10>
			<x11>350.980981</x11>
			<y11>63.039241</y11>
			<x12>334.579474</x12>
			<y12>61.840832</y12>
			<x13>335.32545600000003</x13>
			<y13>67.234126</y13>
		</polygon>
	</object>
	<object>
		<name>redapple</name>
		<pose>Unspecified</pose>
		<truncated>0</truncated>
		<difficult>0</difficult>
		<occluded>0</occluded>
		<bndbox>
			<xmin>364</xmin>
			<xmax>417</xmax>
			<ymin>195</ymin>
			<ymax>267</ymax>
		</bndbox>
		<polygon>
			<x1>416</x1>
			<y1>234.892877</y1>
			<x2>412.12681</x2>
			<y2>218.179465</y2>
			<x3>396.935141</x3>
			<y3>198.012945</y3>
			<x4>386.45129099999997</x4>
			<y4>198.025494</y4>
			<x5>380.486802</x5>
			<y5>194.030494</y5>
			<x6>377.318902</x6>
			<y6>200.472511</y6>
			<x7>367.347983</x7>
			<y7>205.008604</y7>
			<x8>363.10850600000003</x8>
			<y8>212.669945</y8>
			<x9>362.690362</x9>
			<y9>226.764938</y9>
			<x10>365.720001</x10>
			<y10>238.071705</y10>
			<x11>371.824994</x11>
			<y11>250.418829</y11>
			<x12>384.855078</x12>
			<y12>266</y12>
			<x13>413.28630599999997</x13>
			<y13>266</y13>
			<x14>416</x14>
			<y14>258.127499</y14>
			<x15>416</x15>
			<y15>234.892877</y15>
		</polygon>
	</object>
	<object>
		<name>capsicum</name>
		<pose>Unspecified</pose>
		<truncated>0</truncated>
		<difficult>0</difficult>
		<occluded>0</occluded>
		<bndbox>
			<xmin>127</xmin>
			<xmax>267</xmax>
			<ymin>267</ymin>
			<ymax>417</ymax>
		</bndbox>
		<polygon>
			<x1>266</x1>
			<y1>416</y1>
			<x2>266</x2>
			<y2>266</y2>
			<x3>128.036721</x3>
			<y3>266</y3>
			<x4>126.460092</x4>
			<y4>296.397122</y4>
			<x5>139.604515</x5>
			<y5>350.671282</y5>
			<x6>170.752787</x6>
			<y6>416</y6>
			<x7>266</x7>
			<y7>416</y7>
		</polygon>
	</object>
	<object>
		<name>redapple</name>
		<pose>Unspecified</pose>
		<truncated>0</truncated>
		<difficult>0</difficult>
		<occluded>0</occluded>
		<bndbox>
			<xmin>381</xmin>
			<xmax>417</xmax>
			<ymin>287</ymin>
			<ymax>370</ymax>
		</bndbox>
		<polygon>
			<x1>416</x1>
			<y1>287.207649</y1>
			<x2>407.717576</x2>
			<y2>285.744716</y2>
			<x3>391.829002</x3>
			<y3>289.06985</y3>
			<x4>382.604066</x4>
			<y4>298.999238</y4>
			<x5>379.995932</x5>
			<y5>312.748839</y5>
			<x6>381.76889900000003</x6>
			<y6>340.23967600000003</y6>
			<x7>389.458401</x7>
			<y7>355.89101900000003</y7>
			<x8>400.73506699999996</x8>
			<y8>364.055805</y8>
			<x9>415.226468</x9>
			<y9>368.562616</y9>
			<x10>416</x10>
			<y10>368.355349</y10>
			<x11>416</x11>
			<y11>287.207649</y11>
		</polygon>
	</object>
</annotation>
