<annotation>
	<folder></folder>
	<filename>image_174_png.rf.4e332a416e193a0c8a83d5a7ffd96f38.jpg</filename>
	<path>image_174_png.rf.4e332a416e193a0c8a83d5a7ffd96f38.jpg</path>
	<source>
		<database>roboflow.ai</database>
	</source>
	<size>
		<width>416</width>
		<height>416</height>
		<depth>3</depth>
	</size>
	<segmented>0</segmented>
	<object>
		<name>orange</name>
		<pose>Unspecified</pose>
		<truncated>0</truncated>
		<difficult>0</difficult>
		<occluded>0</occluded>
		<bndbox>
			<xmin>1</xmin>
			<xmax>55</xmax>
			<ymin>287</ymin>
			<ymax>363</ymax>
		</bndbox>
		<polygon>
			<x1>0</x1>
			<y1>351.136013</y1>
			<x2>7.279073</x2>
			<y2>358.607413</y2>
			<x3>19.562473</x3>
			<y3>362.134911</y3>
			<x4>30.808975</x4>
			<y4>360.859104</y4>
			<x5>41.391387</x5>
			<y5>353.026072</y5>
			<x6>50.183499</x6>
			<y6>337.479849</y6>
			<x7>54.008664</x7>
			<y7>322.711033</y7>
			<x8>53.053289</x8>
			<y8>307.842662</y8>
			<x9>49.196979</x9>
			<y9>296.940584</y9>
			<x10>44.222247</x10>
			<y10>291.30026599999997</y10>
			<x11>30.156334</x11>
			<y11>286.477302</y11>
			<x12>18.626334</x12>
			<y12>285.859687</y12>
			<x13>4.203185</x13>
			<y13>295.626089</y13>
			<x14>0</x14>
			<y14>303.110278</y14>
			<x15>0</x15>
			<y15>351.136013</y15>
		</polygon>
	</object>
	<object>
		<name>capsicum</name>
		<pose>Unspecified</pose>
		<truncated>0</truncated>
		<difficult>0</difficult>
		<occluded>0</occluded>
		<bndbox>
			<xmin>311</xmin>
			<xmax>336</xmax>
			<ymin>303</ymin>
			<ymax>338</ymax>
		</bndbox>
		<polygon>
			<x1>323.869986</x1>
			<y1>337.09466</y1>
			<x2>332.289292</x2>
			<y2>323.30235700000003</y2>
			<x3>335.271749</x3>
			<y3>309.27099799999996</y3>
			<x4>329.170809</x4>
			<y4>302.474716</y4>
			<x5>315.955391</x5>
			<y5>303.332017</y5>
			<x6>312.398151</x6>
			<y6>307.158809</y6>
			<x7>309.609883</x7>
			<y7>326.730931</y7>
			<x8>314.308902</x8>
			<y8>336.89554999999996</y8>
			<x9>323.869986</x9>
			<y9>337.09466</y9>
		</polygon>
	</object>
</annotation>
