<annotation>
	<folder></folder>
	<filename>image_144_png.rf.cab24fff8efb55a06fd199cd339aec8d.jpg</filename>
	<path>image_144_png.rf.cab24fff8efb55a06fd199cd339aec8d.jpg</path>
	<source>
		<database>roboflow.ai</database>
	</source>
	<size>
		<width>416</width>
		<height>416</height>
		<depth>3</depth>
	</size>
	<segmented>0</segmented>
	<object>
		<name>orange</name>
		<pose>Unspecified</pose>
		<truncated>0</truncated>
		<difficult>0</difficult>
		<occluded>0</occluded>
		<bndbox>
			<xmin>116</xmin>
			<xmax>167</xmax>
			<ymin>46</ymin>
			<ymax>122</ymax>
		</bndbox>
		<polygon>
			<x1>166</x1>
			<y1>61.175306</y1>
			<x2>158.322772</x2>
			<y2>49.178763</y2>
			<x3>150.468958</x3>
			<y3>44.815241</y3>
			<x4>139.219824</x4>
			<y4>45.308486</y4>
			<x5>126.434143</x5>
			<y5>49.542295</y5>
			<x6>117.892134</x6>
			<y6>61.246819</y6>
			<x7>114.582354</x7>
			<y7>77.636755</y7>
			<x8>116.300918</x8>
			<y8>91.633338</y8>
			<x9>122.166677</x9>
			<y9>106.896659</y9>
			<x10>130.009555</x10>
			<y10>116.589372</y10>
			<x11>141.903151</x11>
			<y11>121.344844</y11>
			<x12>152.49689</x12>
			<y12>120.932072</y12>
			<x13>163.86437</x13>
			<y13>115.984422</y13>
			<x14>166</x14>
			<y14>112.631231</y14>
			<x15>166</x15>
			<y15>61.175306</y15>
		</polygon>
	</object>
	<object>
		<name>mango</name>
		<pose>Unspecified</pose>
		<truncated>0</truncated>
		<difficult>0</difficult>
		<occluded>0</occluded>
		<bndbox>
			<xmin>1</xmin>
			<xmax>43</xmax>
			<ymin>183</ymin>
			<ymax>250</ymax>
		</bndbox>
		<polygon>
			<x1>0</x1>
			<y1>249</y1>
			<x2>12.472121</x2>
			<y2>249</y2>
			<x3>18.899749</x3>
			<y3>246.556634</y3>
			<x4>33.673484</x4>
			<y4>231.423026</y4>
			<x5>41.796787</x5>
			<y5>210.890165</y5>
			<x6>36.919589</x6>
			<y6>192.84154</y6>
			<x7>24.274122</x7>
			<y7>181.962561</y7>
			<x8>4.290024</x8>
			<y8>181.752376</y8>
			<x9>0</x9>
			<y9>184.403458</y9>
			<x10>0</x10>
			<y10>249</y10>
		</polygon>
	</object>
	<object>
		<name>redapple</name>
		<pose>Unspecified</pose>
		<truncated>0</truncated>
		<difficult>0</difficult>
		<occluded>0</occluded>
		<bndbox>
			<xmin>112</xmin>
			<xmax>167</xmax>
			<ymin>158</ymin>
			<ymax>243</ymax>
		</bndbox>
		<polygon>
			<x1>166</x1>
			<y1>173.576771</y1>
			<x2>156.234381</x2>
			<y2>162.207979</y2>
			<x3>140.956397</x3>
			<y3>156.980082</y3>
			<x4>129.814674</x4>
			<y4>158.348114</y4>
			<x5>121.391007</x5>
			<y5>165.598233</y5>
			<x6>111.408928</x6>
			<y6>187.247298</y6>
			<x7>113.223969</x7>
			<y7>207.447858</y7>
			<x8>120.507929</x8>
			<y8>223.425021</y8>
			<x9>130.639225</x9>
			<y9>235.500676</y9>
			<x10>146.13203</x10>
			<y10>242.478146</y10>
			<x11>166</x11>
			<y11>240.902438</y11>
			<x12>166</x12>
			<y12>173.576771</y12>
		</polygon>
	</object>
	<object>
		<name>orange</name>
		<pose>Unspecified</pose>
		<truncated>0</truncated>
		<difficult>0</difficult>
		<occluded>0</occluded>
		<bndbox>
			<xmin>167</xmin>
			<xmax>211</xmax>
			<ymin>190</ymin>
			<ymax>250</ymax>
		</bndbox>
		<polygon>
			<x1>166</x1>
			<y1>249</y1>
			<x2>205.340145</x2>
			<y2>249</y2>
			<x3>209.670316</x3>
			<y3>234.072736</y3>
			<x4>205.792612</x4>
			<y4>207.909615</y4>
			<x5>199.80851</x5>
			<y5>197.100699</y5>
			<x6>190.869661</x6>
			<y6>189.318504</y6>
			<x7>169.574772</x7>
			<y7>189.269263</y7>
			<x8>166</x8>
			<y8>191.84683</y8>
			<x9>166</x9>
			<y9>249</y9>
		</polygon>
	</object>
	<object>
		<name>mango</name>
		<pose>Unspecified</pose>
		<truncated>0</truncated>
		<difficult>0</difficult>
		<occluded>0</occluded>
		<bndbox>
			<xmin>228</xmin>
			<xmax>257</xmax>
			<ymin>4</ymin>
			<ymax>38</ymax>
		</bndbox>
		<polygon>
			<x1>255.52292</x1>
			<y1>27.760449</y1>
			<x2>252.826729</x2>
			<y2>11.219979</y2>
			<x3>243.12507399999998</x3>
			<y3>2.64347</y3>
			<x4>235.152917</x4>
			<y4>2.734353</y4>
			<x5>227.051482</x5>
			<y5>12.608831</y5>
			<x6>228.555226</x6>
			<y6>24.855842</y6>
			<x7>239.99731300000002</x7>
			<y7>36.770551</y7>
			<x8>249.935657</x8>
			<y8>36.438251</y8>
			<x9>255.52292</x9>
			<y9>27.760449</y9>
		</polygon>
	</object>
	<object>
		<name>mango</name>
		<pose>Unspecified</pose>
		<truncated>0</truncated>
		<difficult>0</difficult>
		<occluded>0</occluded>
		<bndbox>
			<xmin>70</xmin>
			<xmax>149</xmax>
			<ymin>262</ymin>
			<ymax>338</ymax>
		</bndbox>
		<polygon>
			<x1>110.138194</x1>
			<y1>263.027963</y1>
			<x2>93.624027</x2>
			<y2>274.82337</y2>
			<x3>71.285909</x3>
			<y3>304.20538899999997</y3>
			<x4>69.17951</x4>
			<y4>319.559593</y4>
			<x5>76.581813</x5>
			<y5>331.082351</y5>
			<x6>89.893611</x6>
			<y6>336.551665</y6>
			<x7>112.725045</x7>
			<y7>332.860344</y7>
			<x8>127.810077</x8>
			<y8>325.680286</y8>
			<x9>143.464962</x9>
			<y9>306.886587</y9>
			<x10>148.407763</x10>
			<y10>292.960066</y10>
			<x11>146.796609</x11>
			<y11>279.838269</y11>
			<x12>142.338119</x12>
			<y12>270.617981</y12>
			<x13>125.212292</x13>
			<y13>261.177096</y13>
			<x14>110.138194</x14>
			<y14>263.027963</y14>
		</polygon>
	</object>
	<object>
		<name>redapple</name>
		<pose>Unspecified</pose>
		<truncated>0</truncated>
		<difficult>0</difficult>
		<occluded>0</occluded>
		<bndbox>
			<xmin>93</xmin>
			<xmax>140</xmax>
			<ymin>376</ymin>
			<ymax>417</ymax>
		</bndbox>
		<polygon>
			<x1>139.320846</x1>
			<y1>416</y1>
			<x2>138.895202</x2>
			<y2>405.124907</y2>
			<x3>123.875775</x3>
			<y3>380.329818</y3>
			<x4>117.321819</x4>
			<y4>381.134543</y4>
			<x5>113.185559</x5>
			<y5>374.538613</y5>
			<x6>108.468512</x6>
			<y6>384.885517</y6>
			<x7>99.615205</x7>
			<y7>388.63649</y7>
			<x8>94.468517</x8>
			<y8>395.484247</y8>
			<x9>92.265642</x9>
			<y9>404.634474</y9>
			<x10>93.251352</x10>
			<y10>416</y10>
			<x11>139.320846</x11>
			<y11>416</y11>
		</polygon>
	</object>
	<object>
		<name>mango</name>
		<pose>Unspecified</pose>
		<truncated>0</truncated>
		<difficult>0</difficult>
		<occluded>0</occluded>
		<bndbox>
			<xmin>340</xmin>
			<xmax>393</xmax>
			<ymin>250</ymin>
			<ymax>289</ymax>
		</bndbox>
		<polygon>
			<x1>339.294943</x1>
			<y1>249</y1>
			<x2>339.286787</x2>
			<y2>249.019854</y2>
			<x3>340.016791</x3>
			<y3>265.801742</y3>
			<x4>343.057079</x4>
			<y4>274.308188</y4>
			<x5>349.266937</x5>
			<y5>281.537486</y5>
			<x6>360.612548</x6>
			<y6>287.248219</y6>
			<x7>370.658301</x7>
			<y7>287.790705</y7>
			<x8>382.025781</x8>
			<y8>282.843055</y8>
			<x9>388.816424</x9>
			<y9>273.129521</y9>
			<x10>391.56728499999997</x10>
			<y10>263.024035</y10>
			<x11>388.949709</x11>
			<y11>249</y11>
			<x12>339.294943</x12>
			<y12>249</y12>
		</polygon>
	</object>
	<object>
		<name>orange</name>
		<pose>Unspecified</pose>
		<truncated>0</truncated>
		<difficult>0</difficult>
		<occluded>0</occluded>
		<bndbox>
			<xmin>221</xmin>
			<xmax>244</xmax>
			<ymin>358</ymin>
			<ymax>387</ymax>
		</bndbox>
		<polygon>
			<x1>242.703093</x1>
			<y1>378.091509</y1>
			<x2>241.532515</x2>
			<y2>363.13966700000003</y2>
			<x3>236.085463</x3>
			<y3>356.704683</y3>
			<x4>228.113307</x4>
			<y4>356.795566</y4>
			<x5>220.345036</x5>
			<y5>363.965212</y5>
			<x6>220.537989</x6>
			<y6>376.37316699999997</y6>
			<x7>226.962666</x7>
			<y7>385.352039</y7>
			<x8>235.697629</x8>
			<y8>386.055469</y8>
			<x9>242.703093</x9>
			<y9>378.091509</y9>
		</polygon>
	</object>
</annotation>
