<annotation>
	<folder></folder>
	<filename>image_43_png.rf.bb08543990b838cf342e74583b50486f.jpg</filename>
	<path>image_43_png.rf.bb08543990b838cf342e74583b50486f.jpg</path>
	<source>
		<database>roboflow.ai</database>
	</source>
	<size>
		<width>416</width>
		<height>416</height>
		<depth>3</depth>
	</size>
	<segmented>0</segmented>
	<object>
		<name>capsicum</name>
		<pose>Unspecified</pose>
		<truncated>0</truncated>
		<difficult>0</difficult>
		<occluded>0</occluded>
		<bndbox>
			<xmin>154</xmin>
			<xmax>313</xmax>
			<ymin>235</ymin>
			<ymax>417</ymax>
		</bndbox>
		<polygon>
			<x1>312</x1>
			<y1>416</y1>
			<x2>312</x2>
			<y2>298.453864</y2>
			<x3>300.382207</x3>
			<y3>277.160398</y3>
			<x4>277.594187</x4>
			<y4>264.051803</y4>
			<x5>258.271989</x5>
			<y5>265.958366</y5>
			<x6>246.684194</x6>
			<y6>262.096012</y6>
			<x7>239.458418</x7>
			<y7>239.232546</y7>
			<x8>231.16337</x8>
			<y8>234.303697</y8>
			<x9>228.865559</x9>
			<y9>241.57555200000002</y9>
			<x10>234.054741</x10>
			<y10>251.136817</y10>
			<x11>232.424823</x11>
			<y11>258.37367</y11>
			<x12>217.250151</x12>
			<y12>262.744656</y12>
			<x13>193.78043</x13>
			<y13>262.186794</y13>
			<x14>175.887461</x14>
			<y14>265.806312</y14>
			<x15>163.230395</x15>
			<y15>279.878575</y15>
			<x16>153.357452</x16>
			<y16>321.516726</y16>
			<x17>154.638012</x17>
			<y17>371.509637</y17>
			<x18>165.626955</x18>
			<y18>416</y18>
			<x19>312</x19>
			<y19>416</y19>
		</polygon>
	</object>
	<object>
		<name>capsicum</name>
		<pose>Unspecified</pose>
		<truncated>0</truncated>
		<difficult>0</difficult>
		<occluded>0</occluded>
		<bndbox>
			<xmin>316</xmin>
			<xmax>339</xmax>
			<ymin>390</ymin>
			<ymax>417</ymax>
		</bndbox>
		<polygon>
			<x1>335.025359</x1>
			<y1>416</y1>
			<x2>337.660791</x2>
			<y2>405.815355</y2>
			<x3>335.577476</x3>
			<y3>391.621674</y3>
			<x4>327.42259</x4>
			<y4>389.36726699999997</y4>
			<x5>319.501307</x5>
			<y5>391.570262</y5>
			<x6>315.153094</x6>
			<y6>398.055645</y6>
			<x7>317.376571</x7>
			<y7>414.923767</y7>
			<x8>318.11645</x8>
			<y8>416</y8>
			<x9>335.025359</x9>
			<y9>416</y9>
		</polygon>
	</object>
</annotation>
