<annotation>
	<folder></folder>
	<filename>image_107_png.rf.12d80d84d297579463edb4a4db584a34.jpg</filename>
	<path>image_107_png.rf.12d80d84d297579463edb4a4db584a34.jpg</path>
	<source>
		<database>roboflow.ai</database>
	</source>
	<size>
		<width>416</width>
		<height>416</height>
		<depth>3</depth>
	</size>
	<segmented>0</segmented>
	<object>
		<name>greenapple</name>
		<pose>Unspecified</pose>
		<truncated>0</truncated>
		<difficult>0</difficult>
		<occluded>0</occluded>
		<bndbox>
			<xmin>50</xmin>
			<xmax>98</xmax>
			<ymin>16</ymin>
			<ymax>80</ymax>
		</bndbox>
		<polygon>
			<x1>59.686337</x1>
			<y1>21.789184</y1>
			<x2>53.352964</x2>
			<y2>34.149429</y2>
			<x3>49.339284</x3>
			<y3>62.218526</y3>
			<x4>54.762025</x4>
			<y4>72.657314</y4>
			<x5>63.224178</x5>
			<y5>78.736095</y5>
			<x6>82.400021</x6>
			<y6>78.247983</y6>
			<x7>91.454617</x7>
			<y7>66.078026</y7>
			<x8>95.747071</x8>
			<y8>53.575066</y8>
			<x9>96.892546</x9>
			<y9>37.194014</y9>
			<x10>91.469805</x10>
			<y10>26.755226</y10>
			<x11>80.540978</x11>
			<y11>16.845924</y11>
			<x12>68.359108</x12>
			<y12>15.079577</y12>
			<x13>59.686337</x13>
			<y13>21.789184</y13>
		</polygon>
	</object>
	<object>
		<name>orange</name>
		<pose>Unspecified</pose>
		<truncated>0</truncated>
		<difficult>0</difficult>
		<occluded>0</occluded>
		<bndbox>
			<xmin>43</xmin>
			<xmax>101</xmax>
			<ymin>180</ymin>
			<ymax>250</ymax>
		</bndbox>
		<polygon>
			<x1>88.440586</x1>
			<y1>249</y1>
			<x2>91.843846</x2>
			<y2>246.263398</y2>
			<x3>96.625694</x3>
			<y3>236.538184</y3>
			<x4>100.301481</x4>
			<y4>223.077595</y4>
			<x5>100.277255</x5>
			<y5>203.871224</y5>
			<x6>96.895432</x6>
			<y6>193.575151</y6>
			<x7>88.751467</x7>
			<y7>182.946077</y7>
			<x8>65.13167</x8>
			<y8>178.550895</y8>
			<x9>53.801312</x9>
			<y9>184.160158</y9>
			<x10>45.427022</x10>
			<y10>196.377688</y10>
			<x11>41.731529</x11>
			<y11>219.896493</y11>
			<x12>42.94516</x12>
			<y12>231.869967</y12>
			<x13>46.943651</x13>
			<y13>243.12367</y13>
			<x14>52.291301</x14>
			<y14>249</y14>
			<x15>88.440586</x15>
			<y15>249</y15>
		</polygon>
	</object>
	<object>
		<name>redapple</name>
		<pose>Unspecified</pose>
		<truncated>0</truncated>
		<difficult>0</difficult>
		<occluded>0</occluded>
		<bndbox>
			<xmin>329</xmin>
			<xmax>379</xmax>
			<ymin>225</ymin>
			<ymax>250</ymax>
		</bndbox>
		<polygon>
			<x1>377.702355</x1>
			<y1>249</y1>
			<x2>377.768732</x2>
			<y2>248.555824</y2>
			<x3>369.644473</x3>
			<y3>227.868536</y3>
			<x4>347.385288</x4>
			<y4>223.568497</y4>
			<x5>337.606454</x5>
			<y5>226.542728</y5>
			<x6>331.59127</x6>
			<y6>234.352681</y6>
			<x7>328.170034</x7>
			<y7>244.173037</y7>
			<x8>328.004737</x8>
			<y8>249</y8>
			<x9>377.702355</x9>
			<y9>249</y9>
		</polygon>
	</object>
</annotation>
