<annotation>
	<folder></folder>
	<filename>image_117_png.rf.664ab9e20884ba9f9c930db0024eec06.jpg</filename>
	<path>image_117_png.rf.664ab9e20884ba9f9c930db0024eec06.jpg</path>
	<source>
		<database>roboflow.ai</database>
	</source>
	<size>
		<width>416</width>
		<height>416</height>
		<depth>3</depth>
	</size>
	<segmented>0</segmented>
	<object>
		<name>orange</name>
		<pose>Unspecified</pose>
		<truncated>0</truncated>
		<difficult>0</difficult>
		<occluded>0</occluded>
		<bndbox>
			<xmin>1</xmin>
			<xmax>32</xmax>
			<ymin>19</ymin>
			<ymax>95</ymax>
		</bndbox>
		<polygon>
			<x1>0</x1>
			<y1>93.971048</y1>
			<x2>1.570842</x2>
			<y2>94.436806</y2>
			<x3>15.628489</x3>
			<y3>91.958063</y3>
			<x4>24.727437</x4>
			<y4>84.84388</y4>
			<x5>30.404804</x5>
			<y5>70.068325</y5>
			<x6>31.239248</x6>
			<y6>55.228409</y6>
			<x7>27.586108</x7>
			<y7>38.424877</y7>
			<x8>20.54465</x8>
			<y8>25.891994</y8>
			<x9>11.610737</x9>
			<y9>18.284295</y9>
			<x10>0</x10>
			<y10>17.504827</y10>
			<x11>0</x11>
			<y11>93.971048</y11>
		</polygon>
	</object>
	<object>
		<name>greenapple</name>
		<pose>Unspecified</pose>
		<truncated>0</truncated>
		<difficult>0</difficult>
		<occluded>0</occluded>
		<bndbox>
			<xmin>97</xmin>
			<xmax>122</xmax>
			<ymin>108</ymin>
			<ymax>140</ymax>
		</bndbox>
		<polygon>
			<x1>121.446091</x1>
			<y1>128.397497</y1>
			<x2>119.404592</x2>
			<y2>116.819583</y2>
			<x3>111.495426</x3>
			<y3>107.194596</y3>
			<x4>102.636034</x4>
			<y4>107.838447</y4>
			<x5>95.504065</x5>
			<y5>118.278994</y5>
			<x6>97.702601</x6>
			<y6>130.747516</y6>
			<x7>104.628279</x7>
			<y7>138.709321</y7>
			<x8>116.165318</x8>
			<y8>137.593329</y8>
			<x9>121.446091</x9>
			<y9>128.397497</y9>
		</polygon>
	</object>
	<object>
		<name>orange</name>
		<pose>Unspecified</pose>
		<truncated>0</truncated>
		<difficult>0</difficult>
		<occluded>0</occluded>
		<bndbox>
			<xmin>337</xmin>
			<xmax>417</xmax>
			<ymin>1</ymin>
			<ymax>216</ymax>
		</bndbox>
		<polygon>
			<x1>416</x1>
			<y1>0</y1>
			<x2>373.015675</x2>
			<y2>0</y2>
			<x3>370.958143</x3>
			<y3>1.040408</y3>
			<x4>357.44613100000004</x4>
			<y4>14.442526</y4>
			<x5>347.041624</x5>
			<y5>33.7248</y5>
			<x6>339.430544</x6>
			<y6>57.106011</y6>
			<x7>335.794676</x7>
			<y7>83.459481</y7>
			<x8>336.88595</x8>
			<y8>105.306232</y8>
			<x9>341.283024</x9>
			<y9>130.243277</y9>
			<x10>350.48176</x10>
			<y10>158.925154</y10>
			<x11>371.490353</x11>
			<y11>191.952726</y11>
			<x12>389.358181</x12>
			<y12>207.168123</y12>
			<x13>402.151526</x13>
			<y13>213.177</y13>
			<x14>416</x14>
			<y14>215.31979</y14>
			<x15>416</x15>
			<y15>0</y15>
		</polygon>
	</object>
	<object>
		<name>greenapple</name>
		<pose>Unspecified</pose>
		<truncated>0</truncated>
		<difficult>0</difficult>
		<occluded>0</occluded>
		<bndbox>
			<xmin>75</xmin>
			<xmax>119</xmax>
			<ymin>233</ymin>
			<ymax>257</ymax>
		</bndbox>
		<polygon>
			<x1>73.635279</x1>
			<y1>232</y1>
			<x2>75.857755</x2>
			<y2>244.604286</y2>
			<x3>84.279295</x3>
			<y3>253.220629</y3>
			<x4>92.428016</x4>
			<y4>256.375284</y4>
			<x5>112.196294</x5>
			<y5>251.05300499999998</y5>
			<x6>115.939947</x6>
			<y6>244.883106</y6>
			<x7>117.717369</x7>
			<y7>232</y7>
			<x8>73.635279</x8>
			<y8>232</y8>
		</polygon>
	</object>
	<object>
		<name>redapple</name>
		<pose>Unspecified</pose>
		<truncated>0</truncated>
		<difficult>0</difficult>
		<occluded>0</occluded>
		<bndbox>
			<xmin>334</xmin>
			<xmax>407</xmax>
			<ymin>233</ymin>
			<ymax>301</ymax>
		</bndbox>
		<polygon>
			<x1>336.41333</x1>
			<y1>232</y1>
			<x2>333.452468</x2>
			<y2>244.007397</y2>
			<x3>333.163659</x3>
			<y3>269.770689</y3>
			<x4>340.163858</x4>
			<y4>285.984044</y4>
			<x5>353.742396</x5>
			<y5>296.445965</y5>
			<x6>364.05639199999996</x6>
			<y6>300.137122</y6>
			<x7>387.48580400000003</x7>
			<y7>296.005884</y7>
			<x8>400.444184</x8>
			<y8>287.29287999999997</y8>
			<x9>405.972507</x9>
			<y9>256.014226</y9>
			<x10>404.245085</x10>
			<y10>246.21753</y10>
			<x11>399.484681</x11>
			<y11>238.792228</y11>
			<x12>392.604145</x12>
			<y12>232</y12>
			<x13>336.41333</x13>
			<y13>232</y13>
		</polygon>
	</object>
	<object>
		<name>greenapple</name>
		<pose>Unspecified</pose>
		<truncated>0</truncated>
		<difficult>0</difficult>
		<occluded>0</occluded>
		<bndbox>
			<xmin>340</xmin>
			<xmax>367</xmax>
			<ymin>361</ymin>
			<ymax>394</ymax>
		</bndbox>
		<polygon>
			<x1>365.983393</x1>
			<y1>381.525938</y1>
			<x2>364.098932</x2>
			<y2>370.83863299999996</y2>
			<x3>355.206277</x3>
			<y3>359.550463</y3>
			<x4>346.346885</x4>
			<y4>360.19431399999996</y4>
			<x5>338.545504</x5>
			<y5>370.75289799999996</y5>
			<x6>342.041605</x6>
			<y6>386.66582</y6>
			<x7>351.487892</x7>
			<y7>393.26487399999996</y7>
			<x8>361.214993</x8>
			<y8>389.713125</y8>
			<x9>365.983393</x9>
			<y9>381.525938</y9>
		</polygon>
	</object>
</annotation>
