<annotation>
	<folder></folder>
	<filename>image_214_png.rf.80deea70b42189d5caab6d3ff39c47d9.jpg</filename>
	<path>image_214_png.rf.80deea70b42189d5caab6d3ff39c47d9.jpg</path>
	<source>
		<database>roboflow.ai</database>
	</source>
	<size>
		<width>416</width>
		<height>416</height>
		<depth>3</depth>
	</size>
	<segmented>0</segmented>
	<object>
		<name>redapple</name>
		<pose>Unspecified</pose>
		<truncated>0</truncated>
		<difficult>0</difficult>
		<occluded>0</occluded>
		<bndbox>
			<xmin>96</xmin>
			<xmax>163</xmax>
			<ymin>92</ymin>
			<ymax>174</ymax>
		</bndbox>
		<polygon>
			<x1>162</x1>
			<y1>120.421288</y1>
			<x2>159.20871</x2>
			<y2>112.944593</y2>
			<x3>136.552501</x3>
			<y3>93.905025</y3>
			<x4>122.492637</x4>
			<y4>91.22795</y4>
			<x5>107.489108</x5>
			<y5>94.144341</y5>
			<x6>98.571847</x6>
			<y6>103.992734</y6>
			<x7>94.919641</x7>
			<y7>120.031086</y7>
			<x8>95.734492</x8>
			<y8>145.11953</y8>
			<x9>102.519523</x9>
			<y9>159.129088</y9>
			<x10>115.321168</x10>
			<y10>169.264117</y10>
			<x11>126.119395</x11>
			<y11>172.575191</y11>
			<x12>141.944137</x12>
			<y12>170.400845</y12>
			<x13>160.162867</x13>
			<y13>159.646101</y13>
			<x14>162</x14>
			<y14>153.867362</y14>
			<x15>162</x15>
			<y15>120.421288</y15>
		</polygon>
	</object>
	<object>
		<name>greenapple</name>
		<pose>Unspecified</pose>
		<truncated>0</truncated>
		<difficult>0</difficult>
		<occluded>0</occluded>
		<bndbox>
			<xmin>304</xmin>
			<xmax>329</xmax>
			<ymin>1</ymin>
			<ymax>24</ymax>
		</bndbox>
		<polygon>
			<x1>305.26218800000004</x1>
			<y1>0</y1>
			<x2>302.99548</x2>
			<y2>4.668272</y2>
			<x3>305.022115</x3>
			<y3>15.094406</y3>
			<x4>314.70779200000004</x4>
			<y4>23.1301</y4>
			<x5>323.188047</x5>
			<y5>21.481705</y5>
			<x6>327.539016</x6>
			<y6>12.520909</y6>
			<x7>325.10519899999997</x7>
			<y7>0</y7>
			<x8>305.26218800000004</x8>
			<y8>0</y8>
		</polygon>
	</object>
	<object>
		<name>orange</name>
		<pose>Unspecified</pose>
		<truncated>0</truncated>
		<difficult>0</difficult>
		<occluded>0</occluded>
		<bndbox>
			<xmin>191</xmin>
			<xmax>215</xmax>
			<ymin>162</ymin>
			<ymax>193</ymax>
		</bndbox>
		<polygon>
			<x1>213.681333</x1>
			<y1>182.526915</y1>
			<x2>212.62158</x2>
			<y2>170.109493</y2>
			<x3>206.19754</x3>
			<y3>161.439801</y3>
			<x4>197.379512</x4>
			<y4>161.350507</y4>
			<x5>189.743688</x5>
			<y5>167.343124</y5>
			<x6>190.005445</x6>
			<y6>182.620678</y6>
			<x7>197.081813</x7>
			<y7>191.163571</y7>
			<x8>206.068726</x8>
			<y8>192.12171</y8>
			<x9>213.681333</x9>
			<y9>182.526915</y9>
		</polygon>
	</object>
	<object>
		<name>mango</name>
		<pose>Unspecified</pose>
		<truncated>0</truncated>
		<difficult>0</difficult>
		<occluded>0</occluded>
		<bndbox>
			<xmin>335</xmin>
			<xmax>415</xmax>
			<ymin>138</ymin>
			<ymax>216</ymax>
		</bndbox>
		<polygon>
			<x1>358.30589599999996</x1>
			<y1>149.906384</y1>
			<x2>338.246273</x2>
			<y2>179.052414</y2>
			<x3>333.918521</x3>
			<y3>191.615389</y3>
			<x4>337.92535599999997</x4>
			<y4>205.263301</y4>
			<x5>354.640965</x5>
			<y5>214.637534</y5>
			<x6>375.031998</x6>
			<y6>211.57559</y6>
			<x7>397.648134</x7>
			<y7>199.064406</y7>
			<x8>408.813713</x8>
			<y8>183.368947</y8>
			<x9>413.770575</x9>
			<y9>167.076995</y9>
			<x10>407.929209</x10>
			<y10>147.473971</y10>
			<x11>394.475236</x11>
			<y11>137.465741</y11>
			<x12>377.008067</x12>
			<y12>138.155997</y12>
			<x13>358.30589599999996</x13>
			<y13>149.906384</y13>
		</polygon>
	</object>
	<object>
		<name>orange</name>
		<pose>Unspecified</pose>
		<truncated>0</truncated>
		<difficult>0</difficult>
		<occluded>0</occluded>
		<bndbox>
			<xmin>1</xmin>
			<xmax>21</xmax>
			<ymin>339</ymin>
			<ymax>410</ymax>
		</bndbox>
		<polygon>
			<x1>0</x1>
			<y1>409.151978</y1>
			<x2>10.316851</x2>
			<y2>406.71103600000004</y2>
			<x3>18.244013</x3>
			<y3>395.251753</y3>
			<x4>20.131341</x4>
			<y4>384.064822</y4>
			<x5>17.190621</x5>
			<y5>358.487933</y5>
			<x6>9.269823</x6>
			<y6>345.600818</y6>
			<x7>0.405359</x7>
			<y7>338.307168</y7>
			<x8>0</x8>
			<y8>338.34146599999997</y8>
			<x9>0</x9>
			<y9>409.151978</y9>
		</polygon>
	</object>
	<object>
		<name>greenapple</name>
		<pose>Unspecified</pose>
		<truncated>0</truncated>
		<difficult>0</difficult>
		<occluded>0</occluded>
		<bndbox>
			<xmin>266</xmin>
			<xmax>417</xmax>
			<ymin>360</ymin>
			<ymax>417</ymax>
		</bndbox>
		<polygon>
			<x1>416</x1>
			<y1>416</y1>
			<x2>416</x2>
			<y2>386.40671</y2>
			<x3>415.8788</x3>
			<y3>386.14739399999996</y3>
			<x4>406.822233</x4>
			<y4>374.382722</y4>
			<x5>394.84180100000003</x5>
			<y5>364.989738</y5>
			<x6>370.636037</x6>
			<y6>358.87478999999996</y6>
			<x7>331.47317899999996</x7>
			<y7>362.880588</y7>
			<x8>288.780566</x8>
			<y8>376.589227</y8>
			<x9>274.83679</x9>
			<y9>391.92304</y9>
			<x10>265.674627</x10>
			<y10>414.442454</y10>
			<x11>265.456029</x11>
			<y11>416</y11>
			<x12>416</x12>
			<y12>416</y12>
		</polygon>
	</object>
</annotation>
