<annotation>
	<folder></folder>
	<filename>image_213_png.rf.f5b4cc7567dfc7a52bdc27bd0727f7ef.jpg</filename>
	<path>image_213_png.rf.f5b4cc7567dfc7a52bdc27bd0727f7ef.jpg</path>
	<source>
		<database>roboflow.ai</database>
	</source>
	<size>
		<width>416</width>
		<height>416</height>
		<depth>3</depth>
	</size>
	<segmented>0</segmented>
	<object>
		<name>capsicum</name>
		<pose>Unspecified</pose>
		<truncated>0</truncated>
		<difficult>0</difficult>
		<occluded>0</occluded>
		<bndbox>
			<xmin>108</xmin>
			<xmax>141</xmax>
			<ymin>77</ymin>
			<ymax>129</ymax>
		</bndbox>
		<polygon>
			<x1>129.834361</x1>
			<y1>128.299627</y1>
			<x2>134.363588</x2>
			<y2>122.931628</y2>
			<x3>139.35307</x3>
			<y3>106.096223</y3>
			<x4>139.690269</x4>
			<y4>87.579043</y4>
			<x5>134.884169</x5>
			<y5>77.085052</y5>
			<x6>122.309285</x6>
			<y6>75.541567</y6>
			<x7>107.247351</x7>
			<y7>82.856396</y7>
			<x8>107.033205</x8>
			<y8>108.423349</y8>
			<x9>114.63399</x9>
			<y9>127.683461</y9>
			<x10>129.834361</x10>
			<y10>128.299627</y10>
		</polygon>
	</object>
	<object>
		<name>capsicum</name>
		<pose>Unspecified</pose>
		<truncated>0</truncated>
		<difficult>0</difficult>
		<occluded>0</occluded>
		<bndbox>
			<xmin>243</xmin>
			<xmax>258</xmax>
			<ymin>373</ymin>
			<ymax>407</ymax>
		</bndbox>
		<polygon>
			<x1>257</x1>
			<y1>372.315114</y1>
			<x2>246.19447</x2>
			<y2>374.110889</y2>
			<x3>242.340842</x3>
			<y3>380.348585</y3>
			<x4>244.629128</x4>
			<y4>397.938447</y4>
			<x5>248.053267</x5>
			<y5>404.93059900000003</y5>
			<x6>257</x6>
			<y6>405.519926</y6>
			<x7>257</x7>
			<y7>372.315114</y7>
		</polygon>
	</object>
	<object>
		<name>mango</name>
		<pose>Unspecified</pose>
		<truncated>0</truncated>
		<difficult>0</difficult>
		<occluded>0</occluded>
		<bndbox>
			<xmin>347</xmin>
			<xmax>417</xmax>
			<ymin>235</ymin>
			<ymax>306</ymax>
		</bndbox>
		<polygon>
			<x1>416</x1>
			<y1>239.280099</y1>
			<x2>411.463797</x2>
			<y2>235.383351</y2>
			<x3>394.927612</x3>
			<y3>233.909012</y3>
			<x4>375.274922</x4>
			<y4>243.06695200000001</y4>
			<x5>348.053411</x5>
			<y5>272.631282</y5>
			<x6>345.658653</x6>
			<y6>286.776925</y6>
			<x7>351.800568</x7>
			<y7>298.12909</y7>
			<x8>365.12796000000003</x8>
			<y8>304.948381</y8>
			<x9>394.131357</x9>
			<y9>301.79765399999997</y9>
			<x10>409.838127</x10>
			<y10>293.59008</y10>
			<x11>416</x11>
			<y11>285.96477600000003</y11>
			<x12>416</x12>
			<y12>239.280099</y12>
		</polygon>
	</object>
	<object>
		<name>redapple</name>
		<pose>Unspecified</pose>
		<truncated>0</truncated>
		<difficult>0</difficult>
		<occluded>0</occluded>
		<bndbox>
			<xmin>363</xmin>
			<xmax>417</xmax>
			<ymin>369</ymin>
			<ymax>417</ymax>
		</bndbox>
		<polygon>
			<x1>416</x1>
			<y1>416</y1>
			<x2>416</x2>
			<y2>383.600541</y2>
			<x3>410.60841600000003</x3>
			<y3>375.55522199999996</y3>
			<x4>395.284991</x4>
			<y4>367.889281</y4>
			<x5>383.401087</x5>
			<y5>368.096716</y5>
			<x6>374.265724</x6>
			<y6>374.426606</y6>
			<x7>362.09076500000003</x7>
			<y7>395.794885</y7>
			<x8>361.738184</x8>
			<y8>413.430843</y8>
			<x9>362.55724499999997</x9>
			<y9>416</y9>
			<x10>416</x10>
			<y10>416</y10>
		</polygon>
	</object>
</annotation>
