<annotation>
	<folder></folder>
	<filename>image_96_png.rf.77e462d537047b771ea4e324d512a75b.jpg</filename>
	<path>image_96_png.rf.77e462d537047b771ea4e324d512a75b.jpg</path>
	<source>
		<database>roboflow.ai</database>
	</source>
	<size>
		<width>416</width>
		<height>416</height>
		<depth>3</depth>
	</size>
	<segmented>0</segmented>
	<object>
		<name>mango</name>
		<pose>Unspecified</pose>
		<truncated>0</truncated>
		<difficult>0</difficult>
		<occluded>0</occluded>
		<bndbox>
			<xmin>107</xmin>
			<xmax>192</xmax>
			<ymin>24</ymin>
			<ymax>92</ymax>
		</bndbox>
		<polygon>
			<x1>142.944006</x1>
			<y1>28.96333</y1>
			<x2>111.027412</x2>
			<y2>54.226486</y2>
			<x3>106.390361</x3>
			<y3>67.998422</y3>
			<x4>110.735949</x4>
			<y4>80.328356</y4>
			<x5>122.988056</x5>
			<y5>89.262092</y5>
			<x6>152.502042</x6>
			<y6>90.705582</y6>
			<x7>169.51544</x7>
			<y7>84.983366</y7>
			<x8>184.211254</x8>
			<y8>71.723619</y8>
			<x9>191.373272</x9>
			<y9>59.20802</y9>
			<x10>190.795052</x10>
			<y10>39.294264</y10>
			<x11>180.36451</x11>
			<y11>27.010623</y11>
			<x12>164.055454</x12>
			<y12>22.91558</y12>
			<x13>142.944006</x13>
			<y13>28.96333</y13>
		</polygon>
	</object>
	<object>
		<name>redapple</name>
		<pose>Unspecified</pose>
		<truncated>0</truncated>
		<difficult>0</difficult>
		<occluded>0</occluded>
		<bndbox>
			<xmin>103</xmin>
			<xmax>174</xmax>
			<ymin>156</ymin>
			<ymax>242</ymax>
		</bndbox>
		<polygon>
			<x1>158.579002</x1>
			<y1>241</y1>
			<x2>162.96521</x2>
			<y2>237.313877</y2>
			<x3>165.780698</x3>
			<y3>226.891844</y3>
			<x4>173.232295</x4>
			<y4>217.121374</y4>
			<x5>173.357477</x5>
			<y5>201.813858</y5>
			<x6>157.298784</x6>
			<y6>167.103785</y6>
			<x7>143.184014</x7>
			<y7>157.006792</y7>
			<x8>131.262588</x8>
			<y8>155.331344</y8>
			<x9>121.120685</x9>
			<y9>160.216332</y9>
			<x10>105.555188</x10>
			<y10>179.66419</y10>
			<x11>102.408079</x11>
			<y11>197.251433</y11>
			<x12>104.518283</x12>
			<y12>211.070157</y12>
			<x13>112.754539</x13>
			<y13>229.35575</y13>
			<x14>123.557802</x14>
			<y14>238.987343</y14>
			<x15>132.74121</x15>
			<y15>241</y15>
			<x16>158.579002</x16>
			<y16>241</y16>
		</polygon>
	</object>
	<object>
		<name>mango</name>
		<pose>Unspecified</pose>
		<truncated>0</truncated>
		<difficult>0</difficult>
		<occluded>0</occluded>
		<bndbox>
			<xmin>200</xmin>
			<xmax>264</xmax>
			<ymin>81</ymin>
			<ymax>150</ymax>
		</bndbox>
		<polygon>
			<x1>199</x1>
			<y1>147.279043</y1>
			<x2>215.75208800000001</x2>
			<y2>148.985391</y2>
			<x3>232.392765</x3>
			<y3>145.915223</y3>
			<x4>252.635472</x4>
			<y4>131.632088</y4>
			<x5>261.122093</x5>
			<y5>119.30265</y5>
			<x6>262.985698</x6>
			<y6>106.042408</y6>
			<x7>261.040834</x7>
			<y7>95.852829</y7>
			<x8>246.760724</x8>
			<y8>82.126689</y8>
			<x9>231.52779</x9>
			<y9>79.985839</y9>
			<x10>212.279006</x10>
			<y10>87.196847</y10>
			<x11>199</x11>
			<y11>97.480752</y11>
			<x12>199</x12>
			<y12>147.279043</y12>
		</polygon>
	</object>
	<object>
		<name>redapple</name>
		<pose>Unspecified</pose>
		<truncated>0</truncated>
		<difficult>0</difficult>
		<occluded>0</occluded>
		<bndbox>
			<xmin>200</xmin>
			<xmax>223</xmax>
			<ymin>191</ymin>
			<ymax>242</ymax>
		</bndbox>
		<polygon>
			<x1>199</x1>
			<y1>241</y1>
			<x2>219.138812</x2>
			<y2>241</y2>
			<x3>222.411495</x3>
			<y3>226.546852</y3>
			<x4>214.217279</x4>
			<y4>198.350921</y4>
			<x5>207.594264</x5>
			<y5>197.420117</y5>
			<x6>205.27668</x6>
			<y6>189.882586</y6>
			<x7>199</x7>
			<y7>197.494803</y7>
			<x8>199</x8>
			<y8>241</y8>
		</polygon>
	</object>
</annotation>
