<annotation>
	<folder></folder>
	<filename>image_172_png.rf.0c99aefece6904d0033d21ec2795b7ff.jpg</filename>
	<path>image_172_png.rf.0c99aefece6904d0033d21ec2795b7ff.jpg</path>
	<source>
		<database>roboflow.ai</database>
	</source>
	<size>
		<width>416</width>
		<height>416</height>
		<depth>3</depth>
	</size>
	<segmented>0</segmented>
	<object>
		<name>capsicum</name>
		<pose>Unspecified</pose>
		<truncated>0</truncated>
		<difficult>0</difficult>
		<occluded>0</occluded>
		<bndbox>
			<xmin>83</xmin>
			<xmax>110</xmax>
			<ymin>61</ymin>
			<ymax>100</ymax>
		</bndbox>
		<polygon>
			<x1>91.671411</x1>
			<y1>99.17642</y1>
			<x2>96.725732</x2>
			<y2>97.559017</y2>
			<x3>104.70998</x3>
			<y3>88.489192</y3>
			<x4>108.820773</x4>
			<y4>72.315332</y4>
			<x5>107.340224</x5>
			<y5>66.617167</y5>
			<x6>98.594919</x6>
			<y6>60.272074</y6>
			<x7>86.372274</x7>
			<y7>63.954779</y7>
			<x8>82.16505</x8>
			<y8>77.416411</y8>
			<x9>82.647204</x9>
			<y9>90.977557</y9>
			<x10>91.671411</x10>
			<y10>99.17642</y10>
		</polygon>
	</object>
	<object>
		<name>orange</name>
		<pose>Unspecified</pose>
		<truncated>0</truncated>
		<difficult>0</difficult>
		<occluded>0</occluded>
		<bndbox>
			<xmin>233</xmin>
			<xmax>409</xmax>
			<ymin>121</ymin>
			<ymax>267</ymax>
		</bndbox>
		<polygon>
			<x1>398.62222</x1>
			<y1>266</y1>
			<x2>402.170174</x2>
			<y2>254.766159</y2>
			<x3>407.719954</x3>
			<y3>219.158795</y3>
			<x4>401.863013</x4>
			<y4>180.229613</y4>
			<x5>386.73413600000003</x5>
			<y5>150.096548</y5>
			<x6>357.922846</x6>
			<y6>130.513859</y6>
			<x7>322.414996</x7>
			<y7>120.2747</y7>
			<x8>298.97849199999996</x8>
			<y8>126.060047</y8>
			<x9>287.496121</x9>
			<y9>132.591834</y9>
			<x10>258.124114</x10>
			<y10>163.135627</y10>
			<x11>247.123898</x11>
			<y11>183.228561</y11>
			<x12>239.074392</x12>
			<y12>208.434907</y12>
			<x13>232.075234</x13>
			<y13>257.192859</y13>
			<x14>233.564109</x14>
			<y14>266</y14>
			<x15>398.62222</x15>
			<y15>266</y15>
		</polygon>
	</object>
	<object>
		<name>greenapple</name>
		<pose>Unspecified</pose>
		<truncated>0</truncated>
		<difficult>0</difficult>
		<occluded>0</occluded>
		<bndbox>
			<xmin>182</xmin>
			<xmax>207</xmax>
			<ymin>285</ymin>
			<ymax>317</ymax>
		</bndbox>
		<polygon>
			<x1>203.117032</x1>
			<y1>310.101908</y1>
			<x2>205.671626</x2>
			<y2>298.083487</y2>
			<x3>202.066683</x3>
			<y3>286.550303</y3>
			<x4>195.16687000000002</x4>
			<y4>284.186459</y4>
			<x5>185.154659</x5>
			<y5>290.133494</y5>
			<x6>181.312377</x6>
			<y6>301.87820899999997</y6>
			<x7>184.455947</x7>
			<y7>312.41608</y7>
			<x8>195.21882399999998</x8>
			<y8>315.601045</y8>
			<x9>203.117032</x9>
			<y9>310.101908</y9>
		</polygon>
	</object>
</annotation>
