<annotation>
	<folder></folder>
	<filename>image_17_png.rf.d35216cd9fdef89023b8894638bbb92b.jpg</filename>
	<path>image_17_png.rf.d35216cd9fdef89023b8894638bbb92b.jpg</path>
	<source>
		<database>roboflow.ai</database>
	</source>
	<size>
		<width>416</width>
		<height>416</height>
		<depth>3</depth>
	</size>
	<segmented>0</segmented>
	<object>
		<name>orange</name>
		<pose>Unspecified</pose>
		<truncated>0</truncated>
		<difficult>0</difficult>
		<occluded>0</occluded>
		<bndbox>
			<xmin>83</xmin>
			<xmax>259</xmax>
			<ymin>1</ymin>
			<ymax>146</ymax>
		</bndbox>
		<polygon>
			<x1>133.597032</x1>
			<y1>0</y1>
			<x2>132.849774</x2>
			<y2>0.079305</y2>
			<x3>117.786315</x3>
			<y3>7.911486</y3>
			<x4>102.137251</x4>
			<y4>24.913691</y4>
			<x5>91.688143</x5>
			<y5>44.723215</y5>
			<x6>85.355528</x6>
			<y6>64.788477</y6>
			<x7>82.336448</x7>
			<y7>84.328926</y7>
			<x8>82.949957</x8>
			<y8>109.648123</y8>
			<x9>91.389551</x9>
			<y9>145</y9>
			<x10>255.090535</x10>
			<y10>145</y10>
			<x11>256.799854</x11>
			<y11>139.299827</y11>
			<x12>257.536357</x12>
			<y12>101.058628</y12>
			<x13>248.013201</x13>
			<y13>58.088307</y13>
			<x14>227.963835</x14>
			<y14>25.862448</y14>
			<x15>204.295832</x15>
			<y15>5.102453</y15>
			<x16>182.794017</x16>
			<y16>0</y16>
			<x17>133.597032</x17>
			<y17>0</y17>
		</polygon>
	</object>
	<object>
		<name>redapple</name>
		<pose>Unspecified</pose>
		<truncated>0</truncated>
		<difficult>0</difficult>
		<occluded>0</occluded>
		<bndbox>
			<xmin>95</xmin>
			<xmax>165</xmax>
			<ymin>168</ymin>
			<ymax>251</ymax>
		</bndbox>
		<polygon>
			<x1>122.52436</x1>
			<y1>167.28923</y1>
			<x2>107.282099</x2>
			<y2>169.70336700000001</y2>
			<x3>97.94105</x3>
			<y3>179.35238900000002</y3>
			<x4>93.698258</x4>
			<y4>195.455746</y4>
			<x5>93.64906</x5>
			<y5>220.879905</y5>
			<x6>100.009579</x6>
			<y6>235.30386199999998</y6>
			<x7>112.576414</x7>
			<y7>246.021654</y7>
			<x8>123.358528</x8>
			<y8>249.760299</y8>
			<x9>139.403749</x9>
			<y9>248.126713</y9>
			<x10>158.162946</x10>
			<y10>237.893729</y10>
			<x11>161.921835</x11>
			<y11>227.313379</y11>
			<x12>163.997704</x12>
			<y12>206.106865</y12>
			<x13>158.822348</x13>
			<y13>190.587468</y13>
			<x14>136.62001</x14>
			<y14>170.503062</y14>
			<x15>122.52436</x15>
			<y15>167.28923</y15>
		</polygon>
	</object>
	<object>
		<name>greenapple</name>
		<pose>Unspecified</pose>
		<truncated>0</truncated>
		<difficult>0</difficult>
		<occluded>0</occluded>
		<bndbox>
			<xmin>99</xmin>
			<xmax>123</xmax>
			<ymin>310</ymin>
			<ymax>340</ymax>
		</bndbox>
		<polygon>
			<x1>122.446528</x1>
			<y1>329.784753</y1>
			<x2>119.96055</x2>
			<y2>318.378038</y2>
			<x3>112.975875</x3>
			<y3>308.59157300000004</y3>
			<x4>106.871261</x4>
			<y4>308.650721</y4>
			<x5>98.715374</x5>
			<y5>317.204306</y5>
			<x6>98.270021</x6>
			<y6>327.259844</y6>
			<x7>104.872492</x7>
			<y7>338.922298</y7>
			<x8>116.419015</x8>
			<y8>338.90896399999997</y8>
			<x9>122.446528</x9>
			<y9>329.784753</y9>
		</polygon>
	</object>
	<object>
		<name>mango</name>
		<pose>Unspecified</pose>
		<truncated>0</truncated>
		<difficult>0</difficult>
		<occluded>0</occluded>
		<bndbox>
			<xmin>209</xmin>
			<xmax>238</xmax>
			<ymin>147</ymin>
			<ymax>182</ymax>
		</bndbox>
		<polygon>
			<x1>237.365429</x1>
			<y1>171.793375</y1>
			<x2>234.8409</x2>
			<y2>155.854129</y2>
			<x3>227.333769</x3>
			<y3>147.05814</y3>
			<x4>214.984288</x4>
			<y4>146.290923</y4>
			<x5>207.771613</x5>
			<y5>156.510573</y5>
			<x6>209.735135</x6>
			<y6>168.907765</y6>
			<x7>221.779514</x7>
			<y7>180.61603300000002</y7>
			<x8>231.86037</x8>
			<y8>179.927109</y8>
			<x9>237.365429</x9>
			<y9>171.793375</y9>
		</polygon>
	</object>
	<object>
		<name>redapple</name>
		<pose>Unspecified</pose>
		<truncated>0</truncated>
		<difficult>0</difficult>
		<occluded>0</occluded>
		<bndbox>
			<xmin>326</xmin>
			<xmax>387</xmax>
			<ymin>393</ymin>
			<ymax>417</ymax>
		</bndbox>
		<polygon>
			<x1>385.70298</x1>
			<y1>416</y1>
			<x2>370.103625</x2>
			<y2>397.349577</y2>
			<x3>357.715594</x3>
			<y3>392.04983</y3>
			<x4>342.052577</x4>
			<y4>391.80742599999996</y4>
			<x5>330.723408</x5>
			<y5>401.771336</y5>
			<x6>324.914179</x6>
			<y6>416</y6>
			<x7>385.70298</x7>
			<y7>416</y7>
		</polygon>
	</object>
</annotation>
