<annotation>
	<folder></folder>
	<filename>image_91_png.rf.2178d0b8d9db5a070881c3878af85664.jpg</filename>
	<path>image_91_png.rf.2178d0b8d9db5a070881c3878af85664.jpg</path>
	<source>
		<database>roboflow.ai</database>
	</source>
	<size>
		<width>416</width>
		<height>416</height>
		<depth>3</depth>
	</size>
	<segmented>0</segmented>
	<object>
		<name>capsicum</name>
		<pose>Unspecified</pose>
		<truncated>0</truncated>
		<difficult>0</difficult>
		<occluded>0</occluded>
		<bndbox>
			<xmin>101</xmin>
			<xmax>124</xmax>
			<ymin>1</ymin>
			<ymax>32</ymax>
		</bndbox>
		<polygon>
			<x1>100.217591</x1>
			<y1>0</y1>
			<x2>99.548606</x2>
			<y2>0.618439</y2>
			<x3>99.63195</x3>
			<y3>11.586711</y3>
			<x4>106.347148</x4>
			<y4>29.407307</y4>
			<x5>115.998707</x5>
			<y5>30.561421</y5>
			<x6>122.229029</x6>
			<y6>21.895178</y6>
			<x7>122.659375</x7>
			<y7>0</y7>
			<x8>100.217591</x8>
			<y8>0</y8>
		</polygon>
	</object>
	<object>
		<name>redapple</name>
		<pose>Unspecified</pose>
		<truncated>0</truncated>
		<difficult>0</difficult>
		<occluded>0</occluded>
		<bndbox>
			<xmin>125</xmin>
			<xmax>201</xmax>
			<ymin>148</ymin>
			<ymax>236</ymax>
		</bndbox>
		<polygon>
			<x1>146.041371</x1>
			<y1>147.346725</y1>
			<x2>136.218607</x2>
			<y2>153.52065</y2>
			<x3>123.523118</x3>
			<y3>177.271115</y3>
			<x4>124.242837</x4>
			<y4>197.339972</y4>
			<x5>131.63834</x5>
			<y5>215.112996</y5>
			<x6>139.948993</x6>
			<y6>226.420468</y6>
			<x7>155.615737</x7>
			<y7>235.384535</y7>
			<x8>178.129472</x8>
			<y8>234.72473</y8>
			<x9>191.970434</x9>
			<y9>227.355317</y9>
			<x10>199.585593</x10>
			<y10>199.387561</y10>
			<x11>195.102226</x11>
			<y11>184.154426</y11>
			<x12>170.36118</x12>
			<y12>152.962185</y12>
			<x13>156.989904</x13>
			<y13>147.495638</y13>
			<x14>146.041371</x14>
			<y14>147.346725</y14>
		</polygon>
	</object>
	<object>
		<name>redapple</name>
		<pose>Unspecified</pose>
		<truncated>0</truncated>
		<difficult>0</difficult>
		<occluded>0</occluded>
		<bndbox>
			<xmin>229</xmin>
			<xmax>253</xmax>
			<ymin>71</ymin>
			<ymax>147</ymax>
		</bndbox>
		<polygon>
			<x1>228</x1>
			<y1>145.945534</y1>
			<x2>228.359108</x2>
			<y2>145.920423</y2>
			<x3>242.263709</x3>
			<y3>139.461069</y3>
			<x4>247.68645</x4>
			<y4>129.022281</y4>
			<x5>252.218266</x5>
			<y5>105.842676</y5>
			<x6>248.478844</x6>
			<y6>91.472028</y6>
			<x7>237.192416</x7>
			<y7>76.714609</y7>
			<x8>228</x8>
			<y8>69.818036</y8>
			<x9>228</x9>
			<y9>145.945534</y9>
		</polygon>
	</object>
	<object>
		<name>orange</name>
		<pose>Unspecified</pose>
		<truncated>0</truncated>
		<difficult>0</difficult>
		<occluded>0</occluded>
		<bndbox>
			<xmin>345</xmin>
			<xmax>405</xmax>
			<ymin>85</ymin>
			<ymax>163</ymax>
		</bndbox>
		<polygon>
			<x1>388.25975500000004</x1>
			<y1>86.270136</y1>
			<x2>364.194497</x2>
			<y2>84.294909</y2>
			<x3>354.924763</x3>
			<y3>88.601145</y3>
			<x4>346.291404</x4>
			<y4>102.007966</y4>
			<x5>344.206555</x5>
			<y5>111.298837</y5>
			<x6>346.541435</x6>
			<y6>134.912785</y6>
			<x7>352.321777</x7>
			<y7>149.140718</y7>
			<x8>360.441518</x8>
			<y8>157.718015</y8>
			<x9>370.964294</x9>
			<y9>161.554733</y9>
			<x10>385.18708300000003</x10>
			<y10>159.64567</y10>
			<x11>396.24318400000004</x11>
			<y11>151.556485</y11>
			<x12>400.496226</x12>
			<y12>143.943016</y12>
			<x13>403.92198099999996</x13>
			<y13>124.498787</y13>
			<x14>402.032563</x14>
			<y14>107.255249</y14>
			<x15>388.25975500000004</x15>
			<y15>86.270136</y15>
		</polygon>
	</object>
	<object>
		<name>capsicum</name>
		<pose>Unspecified</pose>
		<truncated>0</truncated>
		<difficult>0</difficult>
		<occluded>0</occluded>
		<bndbox>
			<xmin>328</xmin>
			<xmax>351</xmax>
			<ymin>186</ymin>
			<ymax>222</ymax>
		</bndbox>
		<polygon>
			<x1>345.593024</x1>
			<y1>219.113877</y1>
			<x2>349.889998</x2>
			<y2>202.352252</y2>
			<x3>347.447548</x3>
			<y3>186.976402</y3>
			<x4>338.41265799999996</x4>
			<y4>184.864658</y4>
			<x5>329.079287</x5>
			<y5>188.260836</y5>
			<x6>326.739888</x6>
			<y6>193.911473</y6>
			<x7>329.309612</x7>
			<y7>211.10744</y7>
			<x8>336.132378</x8>
			<y8>220.689939</y8>
			<x9>345.593024</x9>
			<y9>219.113877</y9>
		</polygon>
	</object>
	<object>
		<name>greenapple</name>
		<pose>Unspecified</pose>
		<truncated>0</truncated>
		<difficult>0</difficult>
		<occluded>0</occluded>
		<bndbox>
			<xmin>356</xmin>
			<xmax>384</xmax>
			<ymin>314</ymin>
			<ymax>350</ymax>
		</bndbox>
		<polygon>
			<x1>373.24239</x1>
			<y1>348.632648</y1>
			<x2>380.833325</x2>
			<y2>339.871263</y2>
			<x3>383.01523</x3>
			<y3>330.090894</y3>
			<x4>380.125771</x4>
			<y4>320.044276</y4>
			<x5>370.760528</x5>
			<y5>313.140368</y5>
			<x6>361.236245</x6>
			<y6>313.806371</y6>
			<x7>355.260472</x7>
			<y7>326.112848</y7>
			<x8>355.471091</x8>
			<y8>338.901237</y8>
			<x9>363.590831</x9>
			<y9>347.47853299999997</y9>
			<x10>373.24239</x10>
			<y10>348.632648</y10>
		</polygon>
	</object>
</annotation>
