<annotation>
	<folder></folder>
	<filename>image_130_png.rf.bcbddf2f8ef0e4584f01fa66181da2f9.jpg</filename>
	<path>image_130_png.rf.bcbddf2f8ef0e4584f01fa66181da2f9.jpg</path>
	<source>
		<database>roboflow.ai</database>
	</source>
	<size>
		<width>416</width>
		<height>416</height>
		<depth>3</depth>
	</size>
	<segmented>0</segmented>
	<object>
		<name>mango</name>
		<pose>Unspecified</pose>
		<truncated>0</truncated>
		<difficult>0</difficult>
		<occluded>0</occluded>
		<bndbox>
			<xmin>1</xmin>
			<xmax>50</xmax>
			<ymin>119</ymin>
			<ymax>175</ymax>
		</bndbox>
		<polygon>
			<x1>0</x1>
			<y1>174</y1>
			<x2>30.647493</x2>
			<y2>174</y2>
			<x3>39.018128</x3>
			<y3>168.373225</y3>
			<x4>46.668458</x4>
			<y4>159.097827</y4>
			<x5>48.893701</x5>
			<y5>137.528331</y5>
			<x6>38.440126</x6>
			<y6>123.153182</y6>
			<x7>18.374909</x7>
			<y7>117.600627</y7>
			<x8>0</x8>
			<y8>123.377503</y8>
			<x9>0</x9>
			<y9>174</y9>
		</polygon>
	</object>
	<object>
		<name>orange</name>
		<pose>Unspecified</pose>
		<truncated>0</truncated>
		<difficult>0</difficult>
		<occluded>0</occluded>
		<bndbox>
			<xmin>23</xmin>
			<xmax>82</xmax>
			<ymin>3</ymin>
			<ymax>79</ymax>
		</bndbox>
		<polygon>
			<x1>80.091891</x1>
			<y1>23.273219</y1>
			<x2>75.320574</x2>
			<y2>11.130056</y2>
			<x3>58.225071</x3>
			<y3>1.662441</y3>
			<x4>45.650474</x4>
			<y4>2.439905</y4>
			<x5>34.279199</x5>
			<y5>9.936121</y5>
			<x6>26.475919</x6>
			<y6>22.856747</y6>
			<x7>21.886003</x7>
			<y7>45.720584</y7>
			<x8>24.090966</x8>
			<y8>60.031661</y8>
			<x9>29.467324</x9>
			<y9>69.554103</y9>
			<x10>39.774708</x10>
			<y10>75.614289</y10>
			<x11>52.398035</x11>
			<y11>77.608479</y11>
			<x12>59.742464</x12>
			<y12>75.623536</y12>
			<x13>71.26669</x13>
			<y13>64.482092</y13>
			<x14>76.301936</x14>
			<y14>54.602953</y14>
			<x15>80.537222</x15>
			<y15>36.257917</y15>
			<x16>80.091891</x16>
			<y16>23.273219</y16>
		</polygon>
	</object>
	<object>
		<name>greenapple</name>
		<pose>Unspecified</pose>
		<truncated>0</truncated>
		<difficult>0</difficult>
		<occluded>0</occluded>
		<bndbox>
			<xmin>117</xmin>
			<xmax>142</xmax>
			<ymin>129</ymin>
			<ymax>161</ymax>
		</bndbox>
		<polygon>
			<x1>139.419983</x1>
			<y1>151.066892</y1>
			<x2>141.436786</x2>
			<y2>142.331161</y2>
			<x3>138.675512</x3>
			<y3>133.412459</y3>
			<x4>128.820218</x4>
			<y4>128.376781</y4>
			<x5>120.669068</x5>
			<y5>133.856016</y5>
			<x6>116.336322</x6>
			<y6>146.657744</y6>
			<x7>120.203458</x7>
			<y7>156.75189</y7>
			<x8>130.462112</x8>
			<y8>160.040421</y8>
			<x9>139.419983</x9>
			<y9>151.066892</y9>
		</polygon>
	</object>
	<object>
		<name>capsicum</name>
		<pose>Unspecified</pose>
		<truncated>0</truncated>
		<difficult>0</difficult>
		<occluded>0</occluded>
		<bndbox>
			<xmin>223</xmin>
			<xmax>259</xmax>
			<ymin>47</ymin>
			<ymax>105</ymax>
		</bndbox>
		<polygon>
			<x1>227.7603</x1>
			<y1>54.721939</y1>
			<x2>222.064522</x2>
			<y2>76.410334</y2>
			<x3>221.904812</x3>
			<y3>92.015752</y3>
			<x4>224.86776600000002</x4>
			<y4>100.060881</y4>
			<x5>238.395275</x5>
			<y5>104.104087</y5>
			<x6>249.87077</x6>
			<y6>90.190989</y6>
			<x7>257.88249</x7>
			<y7>64.436599</y7>
			<x8>256.428758</x8>
			<y8>55.819766</y8>
			<x9>245.265923</x9>
			<y9>50.482218</y9>
			<x10>243.457561</x10>
			<y10>46.384186</y10>
			<x11>240.286167</x11>
			<y11>51.17282</y11>
			<x12>227.7603</x12>
			<y12>54.721939</y12>
		</polygon>
	</object>
	<object>
		<name>greenapple</name>
		<pose>Unspecified</pose>
		<truncated>0</truncated>
		<difficult>0</difficult>
		<occluded>0</occluded>
		<bndbox>
			<xmin>400</xmin>
			<xmax>417</xmax>
			<ymin>1</ymin>
			<ymax>31</ymax>
		</bndbox>
		<polygon>
			<x1>416</x1>
			<y1>0</y1>
			<x2>401.383427</x2>
			<y2>0</y2>
			<x3>400.256941</x3>
			<y3>2.532455</y3>
			<x4>398.692229</x4>
			<y4>12.292695</y4>
			<x5>402.809774</x5>
			<y5>24.284922</y5>
			<x6>407.88699199999996</x6>
			<y6>29.137629</y6>
			<x7>416</x7>
			<y7>30.288365</y7>
			<x8>416</x8>
			<y8>0</y8>
		</polygon>
	</object>
	<object>
		<name>capsicum</name>
		<pose>Unspecified</pose>
		<truncated>0</truncated>
		<difficult>0</difficult>
		<occluded>0</occluded>
		<bndbox>
			<xmin>1</xmin>
			<xmax>154</xmax>
			<ymin>202</ymin>
			<ymax>417</ymax>
		</bndbox>
		<polygon>
			<x1>153</x1>
			<y1>246.030223</y1>
			<x2>149.373562</x2>
			<y2>242.28312499999998</y2>
			<x3>130.212526</x3>
			<y3>238.779586</y3>
			<x4>120.106822</x4>
			<y4>231.845826</y4>
			<x5>119.466571</x5>
			<y5>207.77451</y5>
			<x6>112.831401</x6>
			<y6>200.721852</y6>
			<x7>108.602876</x7>
			<y7>207.106698</y7>
			<x8>110.96079</x8>
			<y8>217.772548</y8>
			<x9>107.386035</x9>
			<y9>224.308327</y9>
			<x10>91.542583</x10>
			<y10>224.331117</y10>
			<x11>69.063963</x11>
			<y11>217.30125</y11>
			<x12>50.807108</x12>
			<y12>215.846727</y12>
			<x13>34.706487</x13>
			<y13>225.931626</y13>
			<x14>13.66132</x14>
			<y14>263.399163</y14>
			<x15>1.059684</x15>
			<y15>312.017391</y15>
			<x16>0</x16>
			<y16>340.411404</y16>
			<x17>0</x17>
			<y17>400.064652</y17>
			<x18>0.803924</x18>
			<y18>408.57249</y18>
			<x19>2.762642</x19>
			<y19>416</y19>
			<x20>134.876989</x20>
			<y20>416</y20>
			<x21>144.709288</x21>
			<y21>396.709059</y21>
			<x22>153</x22>
			<y22>376.543948</y22>
			<x23>153</x23>
			<y23>246.030223</y23>
		</polygon>
	</object>
	<object>
		<name>orange</name>
		<pose>Unspecified</pose>
		<truncated>0</truncated>
		<difficult>0</difficult>
		<occluded>0</occluded>
		<bndbox>
			<xmin>299</xmin>
			<xmax>326</xmax>
			<ymin>358</ymin>
			<ymax>391</ymax>
		</bndbox>
		<polygon>
			<x1>323.03688</x1>
			<y1>381.031021</y1>
			<x2>325.408313</x2>
			<y2>367.77648899999997</y2>
			<x3>321.137816</x3>
			<y3>359.42949</y3>
			<x4>310.677482</x4>
			<y4>357.01453200000003</y4>
			<x5>301.872561</x5>
			<y5>362.342832</y5>
			<x6>298.193586</x6>
			<y6>375.29549499999996</y6>
			<x7>301.40695</x7>
			<y7>385.238705</y7>
			<x8>311.916015</x8>
			<y8>390.425319</y8>
			<x9>323.03688</x9>
			<y9>381.031021</y9>
		</polygon>
	</object>
</annotation>
