<annotation>
	<folder></folder>
	<filename>image_8_png.rf.244fe76bde4b9c3e6f9ce86dad9d195e.jpg</filename>
	<path>image_8_png.rf.244fe76bde4b9c3e6f9ce86dad9d195e.jpg</path>
	<source>
		<database>roboflow.ai</database>
	</source>
	<size>
		<width>416</width>
		<height>416</height>
		<depth>3</depth>
	</size>
	<segmented>0</segmented>
	<object>
		<name>orange</name>
		<pose>Unspecified</pose>
		<truncated>0</truncated>
		<difficult>0</difficult>
		<occluded>0</occluded>
		<bndbox>
			<xmin>184</xmin>
			<xmax>243</xmax>
			<ymin>38</ymin>
			<ymax>84</ymax>
		</bndbox>
		<polygon>
			<x1>240.49653899999998</x1>
			<y1>83</y1>
			<x2>242.227418</x2>
			<y2>64.229864</y2>
			<x3>232.653115</x3>
			<y3>42.656992</y3>
			<x4>207.588441</x4>
			<y4>36.863824</y4>
			<x5>198.072154</x5>
			<y5>40.826533</y5>
			<x6>187.814291</x6>
			<y6>53.788358</y6>
			<x7>183.099661</x7>
			<y7>74.921399</y7>
			<x8>183.425533</x8>
			<y8>83</y8>
			<x9>240.49653899999998</x9>
			<y9>83</y9>
		</polygon>
	</object>
	<object>
		<name>orange</name>
		<pose>Unspecified</pose>
		<truncated>0</truncated>
		<difficult>0</difficult>
		<occluded>0</occluded>
		<bndbox>
			<xmin>1</xmin>
			<xmax>141</xmax>
			<ymin>222</ymin>
			<ymax>417</ymax>
		</bndbox>
		<polygon>
			<x1>0</x1>
			<y1>416</y1>
			<x2>107.725093</x2>
			<y2>416</y2>
			<x3>112.547308</x3>
			<y3>411.322033</y3>
			<x4>123.932041</x4>
			<y4>391.245431</y4>
			<x5>132.122581</x5>
			<y5>369.751262</y5>
			<x6>140.255105</x6>
			<y6>322.72151199999996</y6>
			<x7>137.040179</x7>
			<y7>291.215982</y7>
			<x8>119.996178</x8>
			<y8>252.050201</y8>
			<x9>95.569505</x9>
			<y9>233.594886</y9>
			<x10>61.730122</x10>
			<y10>222.765312</y10>
			<x11>45.581016</x11>
			<y11>221.119202</y11>
			<x12>30.061636</x12>
			<y12>224.131116</y12>
			<x13>10.606487</x13>
			<y13>234.724576</y13>
			<x14>0</x14>
			<y14>245.898152</y14>
			<x15>0</x15>
			<y15>416</y15>
		</polygon>
	</object>
	<object>
		<name>mango</name>
		<pose>Unspecified</pose>
		<truncated>0</truncated>
		<difficult>0</difficult>
		<occluded>0</occluded>
		<bndbox>
			<xmin>402</xmin>
			<xmax>417</xmax>
			<ymin>258</ymin>
			<ymax>295</ymax>
		</bndbox>
		<polygon>
			<x1>416</x1>
			<y1>257.745563</y1>
			<x2>414.75737000000004</x2>
			<y2>257.21717</y2>
			<x3>403.62534600000004</x3>
			<y3>262.74728500000003</y3>
			<x4>401.37160600000004</x4>
			<y4>276.97683900000004</y4>
			<x5>410.98319200000003</x5>
			<y5>293.99733200000003</y5>
			<x6>416</x6>
			<y6>294.309418</y6>
			<x7>416</x7>
			<y7>257.745563</y7>
		</polygon>
	</object>
</annotation>
