<annotation>
	<folder></folder>
	<filename>image_199_png.rf.224455657789aec77cf8c6ea55332b60.jpg</filename>
	<path>image_199_png.rf.224455657789aec77cf8c6ea55332b60.jpg</path>
	<source>
		<database>roboflow.ai</database>
	</source>
	<size>
		<width>416</width>
		<height>416</height>
		<depth>3</depth>
	</size>
	<segmented>0</segmented>
	<object>
		<name>mango</name>
		<pose>Unspecified</pose>
		<truncated>0</truncated>
		<difficult>0</difficult>
		<occluded>0</occluded>
		<bndbox>
			<xmin>1</xmin>
			<xmax>56</xmax>
			<ymin>31</ymin>
			<ymax>104</ymax>
		</bndbox>
		<polygon>
			<x1>0</x1>
			<y1>102.662669</y1>
			<x2>23.891669</x2>
			<y2>98.932148</y2>
			<x3>37.758844</x3>
			<y3>90.953791</y3>
			<x4>52.669048</x4>
			<y4>69.761244</y4>
			<x5>54.651286</x5>
			<y5>51.224875</y5>
			<x6>46.376498</x6>
			<y6>36.033999</y6>
			<x7>34.143884</x7>
			<y7>29.880717</y7>
			<x8>17.179021</x8>
			<y8>31.067016</y8>
			<x9>2.067821</x9>
			<y9>40.008446</y9>
			<x10>0</x10>
			<y10>42.538854</y10>
			<x11>0</x11>
			<y11>102.662669</y11>
		</polygon>
	</object>
	<object>
		<name>capsicum</name>
		<pose>Unspecified</pose>
		<truncated>0</truncated>
		<difficult>0</difficult>
		<occluded>0</occluded>
		<bndbox>
			<xmin>161</xmin>
			<xmax>184</xmax>
			<ymin>17</ymin>
			<ymax>53</ymax>
		</bndbox>
		<polygon>
			<x1>178.522287</x1>
			<y1>49.724783</y1>
			<x2>182.705862</x2>
			<y2>34.538816</y2>
			<x3>181.730444</x3>
			<y3>20.589685</y3>
			<x4>174.187221</x4>
			<y4>15.860657</y4>
			<x5>162.033675</x5>
			<y5>20.21485</y5>
			<x6>159.728514</x6>
			<y6>24.756461</y6>
			<x7>162.374704</x7>
			<y7>43.845263</y7>
			<x8>169.509288</x8>
			<y8>52.1072</y8>
			<x9>178.522287</x9>
			<y9>49.724783</y9>
		</polygon>
	</object>
	<object>
		<name>greenapple</name>
		<pose>Unspecified</pose>
		<truncated>0</truncated>
		<difficult>0</difficult>
		<occluded>0</occluded>
		<bndbox>
			<xmin>162</xmin>
			<xmax>187</xmax>
			<ymin>166</ymin>
			<ymax>197</ymax>
		</bndbox>
		<polygon>
			<x1>185.605527</x1>
			<y1>188.526778</y1>
			<x2>185.404531</x2>
			<y2>176.275662</y2>
			<x3>177.434561</x3>
			<y3>165.443889</y3>
			<x4>169.604624</x4>
			<y4>165.991412</y4>
			<x5>161.262226</x5>
			<y5>177.963856</y5>
			<x6>163.359742</x6>
			<y6>189.206272</y6>
			<x7>169.067409</x7>
			<y7>195.815822</y7>
			<x8>179.568288</x8>
			<y8>195.957613</y8>
			<x9>185.605527</x9>
			<y9>188.526778</y9>
		</polygon>
	</object>
	<object>
		<name>mango</name>
		<pose>Unspecified</pose>
		<truncated>0</truncated>
		<difficult>0</difficult>
		<occluded>0</occluded>
		<bndbox>
			<xmin>7</xmin>
			<xmax>88</xmax>
			<ymin>272</ymin>
			<ymax>345</ymax>
		</bndbox>
		<polygon>
			<x1>49.179021</x1>
			<y1>271.067016</y1>
			<x2>34.067821</x2>
			<y2>280.008446</y2>
			<x3>8.613878</x3>
			<y3>309.823038</y3>
			<x4>5.857219</x4>
			<y4>326.661392</y4>
			<x5>12.461236</x5>
			<y5>336.712598</y5>
			<x6>25.407308</x6>
			<y6>343.692073</y6>
			<x7>44.98215</x7>
			<y7>342.323267</y7>
			<x8>67.270792</x8>
			<y8>332.87994100000003</y8>
			<x9>80.589294</x9>
			<y9>317.055198</y9>
			<x10>87.260922</x10>
			<y10>299.943082</y10>
			<x11>85.754936</x11>
			<y11>287.78322000000003</y11>
			<x12>81.943789</x12>
			<y12>280.164967</y12>
			<x13>68.814826</x13>
			<y13>270.570029</y13>
			<x14>49.179021</x14>
			<y14>271.067016</y14>
		</polygon>
	</object>
	<object>
		<name>greenapple</name>
		<pose>Unspecified</pose>
		<truncated>0</truncated>
		<difficult>0</difficult>
		<occluded>0</occluded>
		<bndbox>
			<xmin>221</xmin>
			<xmax>265</xmax>
			<ymin>347</ymin>
			<ymax>408</ymax>
		</bndbox>
		<polygon>
			<x1>225.779139</x1>
			<y1>353.829648</y1>
			<x2>219.820971</x2>
			<y2>371.767957</y2>
			<x3>221.34506199999998</x3>
			<y3>393.56347400000004</y3>
			<x4>228.601572</x4>
			<y4>403.569053</y4>
			<x5>236.083833</x5>
			<y5>407.426261</y5>
			<x6>254.884252</x6>
			<y6>404.359441</y6>
			<x7>261.269167</x7>
			<y7>392.52387699999997</y7>
			<x8>263.903899</x8>
			<y8>373.94187999999997</y8>
			<x9>262.51984</x9>
			<y9>363.525659</y9>
			<x10>250.391048</x10>
			<y10>349.480365</y10>
			<x11>242.256294</x11>
			<y11>345.668784</y11>
			<x12>233.773862</x12>
			<y12>346.261933</y12>
			<x13>225.779139</x13>
			<y13>353.829648</y13>
		</polygon>
	</object>
	<object>
		<name>orange</name>
		<pose>Unspecified</pose>
		<truncated>0</truncated>
		<difficult>0</difficult>
		<occluded>0</occluded>
		<bndbox>
			<xmin>367</xmin>
			<xmax>417</xmax>
			<ymin>353</ymin>
			<ymax>417</ymax>
		</bndbox>
		<polygon>
			<x1>416</x1>
			<y1>416</y1>
			<x2>416</x2>
			<y2>366.716661</y2>
			<x3>412.428842</x3>
			<y3>360.05167</y3>
			<x4>405.416185</x4>
			<y4>353.533373</y4>
			<x5>383.700969</x5>
			<y5>352.42359899999997</y5>
			<x6>372.44377299999996</x6>
			<y6>360.219447</y6>
			<x7>366.83328</x7>
			<y7>373.753026</y7>
			<x8>366.27796</x8>
			<y8>393.941782</y8>
			<x9>369.088935</x9>
			<y9>406.010392</y9>
			<x10>374.21300099999996</x10>
			<y10>416</y10>
			<x11>416</x11>
			<y11>416</y11>
		</polygon>
	</object>
</annotation>
