<annotation>
	<folder></folder>
	<filename>image_83_png.rf.cfb5de1afbf82a0ae04829b468fe7291.jpg</filename>
	<path>image_83_png.rf.cfb5de1afbf82a0ae04829b468fe7291.jpg</path>
	<source>
		<database>roboflow.ai</database>
	</source>
	<size>
		<width>416</width>
		<height>416</height>
		<depth>3</depth>
	</size>
	<segmented>0</segmented>
	<object>
		<name>greenapple</name>
		<pose>Unspecified</pose>
		<truncated>0</truncated>
		<difficult>0</difficult>
		<occluded>0</occluded>
		<bndbox>
			<xmin>1</xmin>
			<xmax>34</xmax>
			<ymin>78</ymin>
			<ymax>140</ymax>
		</bndbox>
		<polygon>
			<x1>0</x1>
			<y1>134.247334</y1>
			<x2>5.055571</x2>
			<y2>138.500033</y2>
			<x3>12.951359</x3>
			<y3>139.461555</y3>
			<x4>27.115463</x4>
			<y4>134.335241</y4>
			<x5>33.080941</x5>
			<y5>120.892236</y5>
			<x6>33.189596</x6>
			<y6>103.232569</y6>
			<x7>30.34152</x7>
			<y7>90.896196</y7>
			<x8>13.892253</x8>
			<y8>77.059228</y8>
			<x9>0</x9>
			<y9>77.052478</y9>
			<x10>0</x10>
			<y10>134.247334</y10>
		</polygon>
	</object>
	<object>
		<name>capsicum</name>
		<pose>Unspecified</pose>
		<truncated>0</truncated>
		<difficult>0</difficult>
		<occluded>0</occluded>
		<bndbox>
			<xmin>100</xmin>
			<xmax>125</xmax>
			<ymin>21</ymin>
			<ymax>58</ymax>
		</bndbox>
		<polygon>
			<x1>120.47326</x1>
			<y1>55.237471</y1>
			<x2>123.685441</x2>
			<y2>47.998929</y2>
			<x3>119.313922</x3>
			<y3>23.020369</y3>
			<x4>112.3359</x4>
			<y4>19.990693</y4>
			<x5>101.227932</x5>
			<y5>26.267713</y5>
			<x6>98.678069</x6>
			<y6>33.353346</y6>
			<x7>106.006318</x7>
			<y7>53.008612</y7>
			<x8>111.863141</x8>
			<y8>57.225273</y8>
			<x9>120.47326</x9>
			<y9>55.237471</y9>
		</polygon>
	</object>
	<object>
		<name>orange</name>
		<pose>Unspecified</pose>
		<truncated>0</truncated>
		<difficult>0</difficult>
		<occluded>0</occluded>
		<bndbox>
			<xmin>250</xmin>
			<xmax>310</xmax>
			<ymin>180</ymin>
			<ymax>258</ymax>
		</bndbox>
		<polygon>
			<x1>264.667549</x1>
			<y1>182.338823</y1>
			<x2>255.54653100000002</x2>
			<y2>188.15712</y2>
			<x3>249.325605</x3>
			<y3>203.51537100000002</y3>
			<x4>249.879266</x4>
			<y4>221.022131</y4>
			<x5>255.27258</x5>
			<y5>238.33970499999998</y5>
			<x6>262.55344</x6>
			<y6>248.72455100000002</y6>
			<x7>276.254035</x7>
			<y7>256.69915100000003</y7>
			<x8>298.31392700000004</x8>
			<y8>252.534359</y8>
			<x9>307.132106</x9>
			<y9>239.36089099999998</y9>
			<x10>309.327116</x10>
			<y10>227.716503</y10>
			<x11>303.276112</x11>
			<y11>198.485003</y11>
			<x12>286.675426</x12>
			<y12>180.970448</y12>
			<x13>278.576204</x13>
			<y13>179.127757</y13>
			<x14>264.667549</x14>
			<y14>182.338823</y14>
		</polygon>
	</object>
</annotation>
