<annotation>
	<folder></folder>
	<filename>image_99_png.rf.c2d14c26f657d249be95f0898ab9014a.jpg</filename>
	<path>image_99_png.rf.c2d14c26f657d249be95f0898ab9014a.jpg</path>
	<source>
		<database>roboflow.ai</database>
	</source>
	<size>
		<width>416</width>
		<height>416</height>
		<depth>3</depth>
	</size>
	<segmented>0</segmented>
	<object>
		<name>redapple</name>
		<pose>Unspecified</pose>
		<truncated>0</truncated>
		<difficult>0</difficult>
		<occluded>0</occluded>
		<bndbox>
			<xmin>10</xmin>
			<xmax>83</xmax>
			<ymin>64</ymin>
			<ymax>156</ymax>
		</bndbox>
		<polygon>
			<x1>46.088462</x1>
			<y1>62.701214</y1>
			<x2>33.344685</x2>
			<y2>66.048065</y2>
			<x3>15.121761</x3>
			<y3>82.941343</y3>
			<x4>9.211456</x4>
			<y4>103.836535</y4>
			<x5>11.212519</x5>
			<y5>123.908153</y5>
			<x6>18.483554</x6>
			<y6>139.701524</y6>
			<x7>30.583798</x7>
			<y7>150.174719</y7>
			<x8>49.710673</x8>
			<y8>154.943584</y8>
			<x9>62.895215</x9>
			<y9>152.638662</y9>
			<x10>80.230202</x10>
			<y10>128.06773</y10>
			<x11>81.536486</x11>
			<y11>117.209025</y11>
			<x12>68.963448</x12>
			<y12>77.72492</y12>
			<x13>58.841847</x13>
			<y13>67.745055</y13>
			<x14>46.088462</x14>
			<y14>62.701214</y14>
		</polygon>
	</object>
	<object>
		<name>greenapple</name>
		<pose>Unspecified</pose>
		<truncated>0</truncated>
		<difficult>0</difficult>
		<occluded>0</occluded>
		<bndbox>
			<xmin>143</xmin>
			<xmax>169</xmax>
			<ymin>86</ymin>
			<ymax>119</ymax>
		</bndbox>
		<polygon>
			<x1>164.610636</x1>
			<y1>112.756841</y1>
			<x2>168.114343</x2>
			<y2>101.513981</y2>
			<x3>164.581811</x3>
			<y3>87.584757</y3>
			<x4>157.545571</x4>
			<y4>84.898393</y4>
			<x5>145.683325</x5>
			<y5>90.329101</y5>
			<x6>141.960837</x6>
			<y6>102.449446</y6>
			<x7>144.171071</x7>
			<y7>113.252884</y7>
			<x8>155.605362</x8>
			<y8>117.967839</y8>
			<x9>164.610636</x9>
			<y9>112.756841</y9>
		</polygon>
	</object>
	<object>
		<name>capsicum</name>
		<pose>Unspecified</pose>
		<truncated>0</truncated>
		<difficult>0</difficult>
		<occluded>0</occluded>
		<bndbox>
			<xmin>387</xmin>
			<xmax>412</xmax>
			<ymin>1</ymin>
			<ymax>26</ymax>
		</bndbox>
		<polygon>
			<x1>386.774426</x1>
			<y1>0</y1>
			<x2>386.035349</x2>
			<y2>2.33211</y2>
			<x3>386.936098</x3>
			<y3>21.197355</y3>
			<x4>395.73219900000004</x4>
			<y4>25.254536</y4>
			<x5>404.29670699999997</x5>
			<y5>19.001609</y5>
			<x6>410.896633</x6>
			<y6>0</y6>
			<x7>386.774426</x7>
			<y7>0</y7>
		</polygon>
	</object>
	<object>
		<name>redapple</name>
		<pose>Unspecified</pose>
		<truncated>0</truncated>
		<difficult>0</difficult>
		<occluded>0</occluded>
		<bndbox>
			<xmin>353</xmin>
			<xmax>417</xmax>
			<ymin>146</ymin>
			<ymax>221</ymax>
		</bndbox>
		<polygon>
			<x1>416</x1>
			<y1>220</y1>
			<x2>416</x2>
			<y2>174.075602</y2>
			<x3>409.73002299999996</x3>
			<y3>157.365167</y3>
			<x4>398.730094</x4>
			<y4>148.098343</y4>
			<x5>388.396116</x5>
			<y5>144.589761</y5>
			<x6>377.19021499999997</x6>
			<y6>147.388014</y6>
			<x7>357.870181</x7>
			<y7>165.871819</y7>
			<x8>352.39743999999996</x8>
			<y8>185.012042</y8>
			<x9>353.957736</x9>
			<y9>204.041732</y9>
			<x10>358.368597</x10>
			<y10>217.257915</y10>
			<x11>360.86960999999997</x11>
			<y11>220</y11>
			<x12>416</x12>
			<y12>220</y12>
		</polygon>
	</object>
	<object>
		<name>mango</name>
		<pose>Unspecified</pose>
		<truncated>0</truncated>
		<difficult>0</difficult>
		<occluded>0</occluded>
		<bndbox>
			<xmin>1</xmin>
			<xmax>45</xmax>
			<ymin>246</ymin>
			<ymax>309</ymax>
		</bndbox>
		<polygon>
			<x1>0</x1>
			<y1>302.578241</y1>
			<x2>2.849888</x2>
			<y2>305.349848</y2>
			<x3>21.754779</x3>
			<y3>308.199301</y3>
			<x4>38.005466</x4>
			<y4>296.40648799999997</y4>
			<x5>44.131349</x5>
			<y5>271.836912</y5>
			<x6>35.316031</x6>
			<y6>250.998343</y6>
			<x7>17.945814</x7>
			<y7>244.803395</y7>
			<x8>6.080366</x8>
			<y8>247.437206</y8>
			<x9>0</x9>
			<y9>252.846066</y9>
			<x10>0</x10>
			<y10>302.578241</y10>
		</polygon>
	</object>
	<object>
		<name>redapple</name>
		<pose>Unspecified</pose>
		<truncated>0</truncated>
		<difficult>0</difficult>
		<occluded>0</occluded>
		<bndbox>
			<xmin>123</xmin>
			<xmax>174</xmax>
			<ymin>386</ymin>
			<ymax>417</ymax>
		</bndbox>
		<polygon>
			<x1>172.722052</x1>
			<y1>416</y1>
			<x2>173.08999</x2>
			<y2>414.901864</y2>
			<x3>168.66952</x3>
			<y3>393.294986</y3>
			<x4>147.5608</x4>
			<y4>385.23589100000004</y4>
			<x5>137.45201</x5>
			<y5>386.443619</y5>
			<x6>130.206597</x6>
			<y6>393.025434</y6>
			<x7>125.16181</x7>
			<y7>402.019993</y7>
			<x8>122.202981</x8>
			<y8>416</y8>
			<x9>172.722052</x9>
			<y9>416</y9>
		</polygon>
	</object>
	<object>
		<name>orange</name>
		<pose>Unspecified</pose>
		<truncated>0</truncated>
		<difficult>0</difficult>
		<occluded>0</occluded>
		<bndbox>
			<xmin>192</xmin>
			<xmax>348</xmax>
			<ymin>221</ymin>
			<ymax>417</ymax>
		</bndbox>
		<polygon>
			<x1>208.821024</x1>
			<y1>220</y1>
			<x2>193.839287</x2>
			<y2>236.620713</y2>
			<x3>191</x3>
			<y3>241.112016</y3>
			<x4>191</x4>
			<y4>406.1232</y4>
			<x5>204.46411799999998</x5>
			<y5>416</y5>
			<x6>285.10404800000003</x6>
			<y6>416</y6>
			<x7>298.87067</x7>
			<y7>405.40905699999996</y7>
			<x8>325.867275</x8>
			<y8>372.99467200000004</y8>
			<x9>338.582228</x9>
			<y9>344.475737</y9>
			<x10>346.0208</x10>
			<y10>314.641253</y10>
			<x11>347.317475</x11>
			<y11>295.39185399999997</y11>
			<x12>340.899146</x12>
			<y12>256.510257</y12>
			<x13>329.66121699999997</x13>
			<y13>231.339529</y13>
			<x14>314.25460599999997</x14>
			<y14>220</y14>
			<x15>208.821024</x15>
			<y15>220</y15>
		</polygon>
	</object>
</annotation>
