<annotation>
	<folder></folder>
	<filename>image_28_png.rf.16e610d2b324aed772f79d9b4d9cfed3.jpg</filename>
	<path>image_28_png.rf.16e610d2b324aed772f79d9b4d9cfed3.jpg</path>
	<source>
		<database>roboflow.ai</database>
	</source>
	<size>
		<width>416</width>
		<height>416</height>
		<depth>3</depth>
	</size>
	<segmented>0</segmented>
	<object>
		<name>mango</name>
		<pose>Unspecified</pose>
		<truncated>0</truncated>
		<difficult>0</difficult>
		<occluded>0</occluded>
		<bndbox>
			<xmin>1</xmin>
			<xmax>93</xmax>
			<ymin>107</ymin>
			<ymax>293</ymax>
		</bndbox>
		<polygon>
			<x1>0</x1>
			<y1>291.986084</y1>
			<x2>16.784064</x2>
			<y2>287.301149</y2>
			<x3>47.585551</x3>
			<y3>272.148139</y3>
			<x4>71.632818</x4>
			<y4>253.312841</y4>
			<x5>83.393572</x5>
			<y5>233.057882</y5>
			<x6>91.722588</x6>
			<y6>194.094645</y6>
			<x7>88.193618</x7>
			<y7>167.870317</y7>
			<x8>80.354293</x8>
			<y8>149.85353</y8>
			<x9>58.915303</x9>
			<y9>130.065224</y9>
			<x10>36.494452</x10>
			<y10>116.567576</y10>
			<x11>2.586509</x11>
			<y11>106.54572</y11>
			<x12>0</x12>
			<y12>106.377822</y12>
			<x13>0</x13>
			<y13>291.986084</y13>
		</polygon>
	</object>
	<object>
		<name>capsicum</name>
		<pose>Unspecified</pose>
		<truncated>0</truncated>
		<difficult>0</difficult>
		<occluded>0</occluded>
		<bndbox>
			<xmin>280</xmin>
			<xmax>318</xmax>
			<ymin>1</ymin>
			<ymax>42</ymax>
		</bndbox>
		<polygon>
			<x1>282.71252200000004</x1>
			<y1>0</y1>
			<x2>279.793943</x2>
			<y2>8.603034</y2>
			<x3>278.629641</x3>
			<y3>26.079806</y3>
			<x4>280.885056</x4>
			<y4>36.04664</y4>
			<x5>295.095689</x5>
			<y5>40.790618</y5>
			<x6>301.09610299999997</x6>
			<y6>36.780925</y6>
			<x7>309.437141</x7>
			<y7>24.035904</y7>
			<x8>317.25843299999997</x8>
			<y8>2.725368</y8>
			<x9>316.8426</x9>
			<y9>0</y9>
			<x10>282.71252200000004</x10>
			<y10>0</y10>
		</polygon>
	</object>
	<object>
		<name>orange</name>
		<pose>Unspecified</pose>
		<truncated>0</truncated>
		<difficult>0</difficult>
		<occluded>0</occluded>
		<bndbox>
			<xmin>234</xmin>
			<xmax>260</xmax>
			<ymin>129</ymin>
			<ymax>161</ymax>
		</bndbox>
		<polygon>
			<x1>255.00736799999999</x1>
			<y1>153.633953</y1>
			<x2>258.94081900000003</x2>
			<y2>141.580421</y2>
			<x3>257.764496</x3>
			<y3>132.838979</y3>
			<x4>249.274605</x4>
			<y4>127.75537</y4>
			<x5>237.55345</x5>
			<y5>132.104694</y5>
			<x6>233.385937</x6>
			<y6>145.031758</y6>
			<x7>235.218836</x7>
			<y7>153.949131</y7>
			<x8>245.678459</x8>
			<y8>159.560527</y8>
			<x9>255.00736799999999</x9>
			<y9>153.633953</y9>
		</polygon>
	</object>
	<object>
		<name>redapple</name>
		<pose>Unspecified</pose>
		<truncated>0</truncated>
		<difficult>0</difficult>
		<occluded>0</occluded>
		<bndbox>
			<xmin>373</xmin>
			<xmax>417</xmax>
			<ymin>175</ymin>
			<ymax>260</ymax>
		</bndbox>
		<polygon>
			<x1>416</x1>
			<y1>176.174304</y1>
			<x2>407.886574</x2>
			<y2>174.000318</y2>
			<x3>395.742904</x3>
			<y3>177.300179</y3>
			<x4>385.198073</x4>
			<y4>190.390946</y4>
			<x5>374.51641</x5>
			<y5>211.871298</y5>
			<x6>372.46146899999997</x6>
			<y6>230.045673</y6>
			<x7>382.270525</x7>
			<y7>248.590248</y7>
			<x8>389.869777</x8>
			<y8>254.37146</y8>
			<x9>411.114304</x9>
			<y9>259.127664</y9>
			<x10>416</x10>
			<y10>258.361165</y10>
			<x11>416</x11>
			<y11>176.174304</y11>
		</polygon>
	</object>
	<object>
		<name>mango</name>
		<pose>Unspecified</pose>
		<truncated>0</truncated>
		<difficult>0</difficult>
		<occluded>0</occluded>
		<bndbox>
			<xmin>178</xmin>
			<xmax>206</xmax>
			<ymin>329</ymin>
			<ymax>366</ymax>
		</bndbox>
		<polygon>
			<x1>188.507824</x1>
			<y1>328</y1>
			<x2>180.735063</x2>
			<y2>332.937967</y2>
			<x3>176.801612</x3>
			<y3>344.991499</y3>
			<x4>183.139331</x4>
			<y4>360.733432</y4>
			<x5>191.863285</x5>
			<y5>364.943508</y5>
			<x6>202.31689599999999</x6>
			<y6>357.445796</y6>
			<x7>205.405318</x7>
			<y7>343.29334</y7>
			<x8>200.99172</x8>
			<y8>330.875723</y8>
			<x9>192.859605</x9>
			<y9>328</y9>
			<x10>188.507824</x10>
			<y10>328</y10>
		</polygon>
	</object>
	<object>
		<name>capsicum</name>
		<pose>Unspecified</pose>
		<truncated>0</truncated>
		<difficult>0</difficult>
		<occluded>0</occluded>
		<bndbox>
			<xmin>331</xmin>
			<xmax>357</xmax>
			<ymin>365</ymin>
			<ymax>401</ymax>
		</bndbox>
		<polygon>
			<x1>337.903058</x1>
			<y1>400.329747</y1>
			<x2>344.091925</x2>
			<y2>398.24305</y2>
			<x3>350.137949</x3>
			<y3>391.43683</y3>
			<x4>356.13235099999997</x4>
			<y4>374.31803</y4>
			<x5>354.48790299999996</x5>
			<y5>367.323653</y5>
			<x6>343.326094</x6>
			<y6>364.332855</y6>
			<x7>334.93343500000003</x7>
			<y7>366.765297</y7>
			<x8>330.063733</x8>
			<y8>382.312961</y8>
			<x9>331.382898</x9>
			<y9>395.773927</y9>
			<x10>337.903058</x10>
			<y10>400.329747</y10>
		</polygon>
	</object>
</annotation>
