<annotation>
	<folder></folder>
	<filename>image_13_png.rf.0ebd292bd1c691ffdf7e674b35c9102f.jpg</filename>
	<path>image_13_png.rf.0ebd292bd1c691ffdf7e674b35c9102f.jpg</path>
	<source>
		<database>roboflow.ai</database>
	</source>
	<size>
		<width>416</width>
		<height>416</height>
		<depth>3</depth>
	</size>
	<segmented>0</segmented>
	<object>
		<name>mango</name>
		<pose>Unspecified</pose>
		<truncated>0</truncated>
		<difficult>0</difficult>
		<occluded>0</occluded>
		<bndbox>
			<xmin>1</xmin>
			<xmax>123</xmax>
			<ymin>1</ymin>
			<ymax>175</ymax>
		</bndbox>
		<polygon>
			<x1>7.149441</x1>
			<y1>0</y1>
			<x2>0</x2>
			<y2>1.13236</y2>
			<x3>0</x3>
			<y3>174</y3>
			<x4>61.606123</x4>
			<y4>174</y4>
			<x5>70.971374</x5>
			<y5>168.360027</y5>
			<x6>95.192152</x6>
			<y6>143.999964</y6>
			<x7>112.753176</x7>
			<y7>119.802359</y7>
			<x8>119.025627</x8>
			<y8>104.531426</y8>
			<x9>121.724207</x9>
			<y9>83.580144</y9>
			<x10>113.839041</x10>
			<y10>46.458319</y10>
			<x11>98.201991</x11>
			<y11>19.487694</y11>
			<x12>77.83543</x12>
			<y12>4.866597</y12>
			<x13>59.654018</x13>
			<y13>0</y13>
			<x14>7.149441</x14>
			<y14>0</y14>
		</polygon>
	</object>
	<object>
		<name>greenapple</name>
		<pose>Unspecified</pose>
		<truncated>0</truncated>
		<difficult>0</difficult>
		<occluded>0</occluded>
		<bndbox>
			<xmin>280</xmin>
			<xmax>326</xmax>
			<ymin>85</ymin>
			<ymax>146</ymax>
		</bndbox>
		<polygon>
			<x1>282.584743</x1>
			<y1>107.677534</y1>
			<x2>279.085239</x2>
			<y2>110.908826</y2>
			<x3>282.759802</x3>
			<y3>113.003859</y3>
			<x4>284.764413</x4>
			<y4>134.102572</y4>
			<x5>299.224099</x5>
			<y5>145.197515</y5>
			<x6>319.16617299999996</x6>
			<y6>140.254316</y6>
			<x7>324.611378</x7>
			<y7>119.760353</y7>
			<x8>322.606767</x8>
			<y8>98.661641</y8>
			<x9>305.63902</x9>
			<y9>84.394567</y9>
			<x10>291.015138</x10>
			<y10>84.926078</y10>
			<x11>284.429753</x11>
			<y11>94.00018</y11>
			<x12>282.584743</x12>
			<y12>107.677534</y12>
		</polygon>
	</object>
	<object>
		<name>greenapple</name>
		<pose>Unspecified</pose>
		<truncated>0</truncated>
		<difficult>0</difficult>
		<occluded>0</occluded>
		<bndbox>
			<xmin>1</xmin>
			<xmax>15</xmax>
			<ymin>202</ymin>
			<ymax>232</ymax>
		</bndbox>
		<polygon>
			<x1>0</x1>
			<y1>230.93167499999998</y1>
			<x2>8.372179</x2>
			<y2>230.271203</y2>
			<x3>13.653187</x3>
			<y3>221.403694</y3>
			<x4>11.86082</x4>
			<y4>210.08713</y4>
			<x5>4.336636</x5>
			<y5>200.570738</y5>
			<x6>0</x6>
			<y6>200.808473</y6>
			<x7>0</x7>
			<y7>230.93167499999998</y7>
		</polygon>
	</object>
	<object>
		<name>redapple</name>
		<pose>Unspecified</pose>
		<truncated>0</truncated>
		<difficult>0</difficult>
		<occluded>0</occluded>
		<bndbox>
			<xmin>31</xmin>
			<xmax>106</xmax>
			<ymin>340</ymin>
			<ymax>417</ymax>
		</bndbox>
		<polygon>
			<x1>96.014471</x1>
			<y1>416</y1>
			<x2>97.815087</x2>
			<y2>415.097136</y2>
			<x3>101.553155</x3>
			<y3>409.151032</y3>
			<x4>100.688725</x4>
			<y4>399.47218</y4>
			<x5>104.903922</x5>
			<y5>388.096453</y5>
			<x6>100.603493</x6>
			<y6>373.607757</y6>
			<x7>73.842064</x7>
			<y7>343.93735000000004</y7>
			<x8>58.390936</x8>
			<y8>339.245831</y8>
			<x9>47.95593</x9>
			<y9>340.898573</y9>
			<x10>38.109607</x10>
			<y10>350.489157</y10>
			<x11>30.193525</x11>
			<y11>372.26680999999996</y11>
			<x12>32.436701</x12>
			<y12>390.650712</y12>
			<x13>39.208007</x13>
			<y13>403.855717</y13>
			<x14>50.323438</x14>
			<y14>416</y14>
			<x15>96.014471</x15>
			<y15>416</y15>
		</polygon>
	</object>
	<object>
		<name>capsicum</name>
		<pose>Unspecified</pose>
		<truncated>0</truncated>
		<difficult>0</difficult>
		<occluded>0</occluded>
		<bndbox>
			<xmin>135</xmin>
			<xmax>159</xmax>
			<ymin>175</ymin>
			<ymax>203</ymax>
		</bndbox>
		<polygon>
			<x1>136.103448</x1>
			<y1>174</y1>
			<x2>134.360584</x2>
			<y2>177.299941</y2>
			<x3>137.218763</x3>
			<y3>191.12472400000001</y3>
			<x4>145.670883</x4>
			<y4>202.27883</y4>
			<x5>154.663639</x5>
			<y5>199.962175</y5>
			<x6>157.537276</x6>
			<y6>184.337219</y6>
			<x7>154.687593</x7>
			<y7>174</y7>
			<x8>136.103448</x8>
			<y8>174</y8>
		</polygon>
	</object>
	<object>
		<name>greenapple</name>
		<pose>Unspecified</pose>
		<truncated>0</truncated>
		<difficult>0</difficult>
		<occluded>0</occluded>
		<bndbox>
			<xmin>374</xmin>
			<xmax>397</xmax>
			<ymin>256</ymin>
			<ymax>285</ymax>
		</bndbox>
		<polygon>
			<x1>396.062453</x1>
			<y1>277.316198</y1>
			<x2>395.298712</x2>
			<y2>264.05203</y2>
			<x3>387.91240300000004</x3>
			<y3>255.406143</y3>
			<x4>379.158211</x4>
			<y4>255.007987</y4>
			<x5>373.087141</x5>
			<y5>263.108287</y5>
			<x6>373.85088099999996</x6>
			<y6>276.372454</y6>
			<x7>380.447129</x7>
			<y7>284.251132</y7>
			<x8>390.505695</x8>
			<y8>284.442696</y8>
			<x9>396.062453</x9>
			<y9>277.316198</y9>
		</polygon>
	</object>
</annotation>
