<annotation>
	<folder></folder>
	<filename>image_159_png.rf.6522b05d4f342b3ee0789437154c2022.jpg</filename>
	<path>image_159_png.rf.6522b05d4f342b3ee0789437154c2022.jpg</path>
	<source>
		<database>roboflow.ai</database>
	</source>
	<size>
		<width>416</width>
		<height>416</height>
		<depth>3</depth>
	</size>
	<segmented>0</segmented>
	<object>
		<name>greenapple</name>
		<pose>Unspecified</pose>
		<truncated>0</truncated>
		<difficult>0</difficult>
		<occluded>0</occluded>
		<bndbox>
			<xmin>142</xmin>
			<xmax>165</xmax>
			<ymin>155</ymin>
			<ymax>185</ymax>
		</bndbox>
		<polygon>
			<x1>162.763515</x1>
			<y1>178.144195</y1>
			<x2>163.853222</x2>
			<y2>164.902822</y2>
			<x3>157.742071</x3>
			<y3>155.3131</y3>
			<x4>149.128487</x4>
			<y4>153.70047</y4>
			<x5>141.989156</x5>
			<y5>160.877009</y5>
			<x6>140.899449</x6>
			<y6>174.118383</y6>
			<x7>146.335002</x7>
			<y7>182.838406</y7>
			<x8>156.269019</x8>
			<y8>184.427988</y8>
			<x9>162.763515</x9>
			<y9>178.144195</y9>
		</polygon>
	</object>
	<object>
		<name>orange</name>
		<pose>Unspecified</pose>
		<truncated>0</truncated>
		<difficult>0</difficult>
		<occluded>0</occluded>
		<bndbox>
			<xmin>288</xmin>
			<xmax>344</xmax>
			<ymin>137</ymin>
			<ymax>210</ymax>
		</bndbox>
		<polygon>
			<x1>303.819387</x1>
			<y1>135.57869</y1>
			<x2>295.32885799999997</x2>
			<y2>141.015834</y2>
			<x3>288.281817</x3>
			<y3>153.479704</y3>
			<x4>286.68571</x4>
			<y4>175.544818</y4>
			<x5>288.881706</x5>
			<y5>187.84735</y5>
			<x6>297.06579899999997</x6>
			<y6>202.689829</y6>
			<x7>304.420475</x7>
			<y7>207.850393</y7>
			<x8>318.97601</x8>
			<y8>209.359306</y8>
			<x9>329.477954</x9>
			<y9>205.650033</y9>
			<x10>341.054222</x10>
			<y10>187.818165</y10>
			<x11>343.464363</x11>
			<y11>174.553743</y11>
			<x12>341.836294</x12>
			<y12>156.952357</y12>
			<x13>328.938391</x13>
			<y13>136.903217</y13>
			<x14>303.819387</x14>
			<y14>135.57869</y14>
		</polygon>
	</object>
	<object>
		<name>mango</name>
		<pose>Unspecified</pose>
		<truncated>0</truncated>
		<difficult>0</difficult>
		<occluded>0</occluded>
		<bndbox>
			<xmin>249</xmin>
			<xmax>277</xmax>
			<ymin>241</ymin>
			<ymax>267</ymax>
		</bndbox>
		<polygon>
			<x1>276.377087</x1>
			<y1>266</y1>
			<x2>276.170785</x2>
			<y2>254.180984</y2>
			<x3>268.708436</x3>
			<y3>242.851867</y3>
			<x4>258.09882</x4>
			<y4>240.392588</y4>
			<x5>249.009602</x5>
			<y5>249.366142</y5>
			<x6>247.873749</x6>
			<y6>259.963851</y6>
			<x7>252.017205</x7>
			<y7>266</y7>
			<x8>276.377087</x8>
			<y8>266</y8>
		</polygon>
	</object>
	<object>
		<name>redapple</name>
		<pose>Unspecified</pose>
		<truncated>0</truncated>
		<difficult>0</difficult>
		<occluded>0</occluded>
		<bndbox>
			<xmin>1</xmin>
			<xmax>46</xmax>
			<ymin>277</ymin>
			<ymax>362</ymax>
		</bndbox>
		<polygon>
			<x1>0</x1>
			<y1>358.37444600000003</y1>
			<x2>5.47126</x2>
			<y2>360.799378</y2>
			<x3>21.976683</x3>
			<y3>360.511274</y3>
			<x4>37.038617</x4>
			<y4>353.196445</y4>
			<x5>38.773159</x5>
			<y5>339.062326</y5>
			<x6>44.515148</x6>
			<y6>327.502727</y6>
			<x7>38.925777</x7>
			<y7>309.970486</y7>
			<x8>21.298684</x8>
			<y8>283.833463</y8>
			<x9>6.635477</x9>
			<y9>276.155998</y9>
			<x10>0</x10>
			<y10>275.780269</y10>
			<x11>0</x11>
			<y11>358.37444600000003</y11>
		</polygon>
	</object>
	<object>
		<name>capsicum</name>
		<pose>Unspecified</pose>
		<truncated>0</truncated>
		<difficult>0</difficult>
		<occluded>0</occluded>
		<bndbox>
			<xmin>106</xmin>
			<xmax>129</xmax>
			<ymin>267</ymin>
			<ymax>296</ymax>
		</bndbox>
		<polygon>
			<x1>105.161855</x1>
			<y1>266</y1>
			<x2>104.869358</x2>
			<y2>266.507908</y2>
			<x3>106.52819</x3>
			<y3>285.871736</y3>
			<x4>113.284177</x4>
			<y4>294.568713</y4>
			<x5>122.496451</x5>
			<y5>292.644931</y5>
			<x6>127.516695</x6>
			<y6>277.571969</y6>
			<x7>127.314705</x7>
			<y7>266</y7>
			<x8>105.161855</x8>
			<y8>266</y8>
		</polygon>
	</object>
	<object>
		<name>capsicum</name>
		<pose>Unspecified</pose>
		<truncated>0</truncated>
		<difficult>0</difficult>
		<occluded>0</occluded>
		<bndbox>
			<xmin>196</xmin>
			<xmax>327</xmax>
			<ymin>334</ymin>
			<ymax>417</ymax>
		</bndbox>
		<polygon>
			<x1>195</x1>
			<y1>416</y1>
			<x2>326.32229</x2>
			<y2>416</y2>
			<x3>323.239639</x3>
			<y3>399.290192</y3>
			<x4>312.291624</x4>
			<y4>377.444036</y4>
			<x5>290.258359</x5>
			<y5>363.724785</y5>
			<x6>271.12745</x6>
			<y6>364.940206</y6>
			<x7>259.826855</x7>
			<y7>360.730007</y7>
			<x8>253.48497600000002</x8>
			<y8>337.921961</y8>
			<x9>245.470083</x9>
			<y9>332.77292</y9>
			<x10>242.952269</x10>
			<y10>339.86879</y10>
			<x11>247.742987</x11>
			<y11>349.48156</y11>
			<x12>245.885391</x12>
			<y12>356.565905</y12>
			<x13>230.761929</x13>
			<y13>360.355847</y13>
			<x14>207.623574</x14>
			<y14>358.996748</y14>
			<x15>195</x15>
			<y15>361.094665</y15>
			<x16>195</x16>
			<y16>416</y16>
		</polygon>
	</object>
</annotation>
