<annotation>
	<folder></folder>
	<filename>image_64_png.rf.331e88bd33f79462c487b5323a29f212.jpg</filename>
	<path>image_64_png.rf.331e88bd33f79462c487b5323a29f212.jpg</path>
	<source>
		<database>roboflow.ai</database>
	</source>
	<size>
		<width>416</width>
		<height>416</height>
		<depth>3</depth>
	</size>
	<segmented>0</segmented>
	<object>
		<name>orange</name>
		<pose>Unspecified</pose>
		<truncated>0</truncated>
		<difficult>0</difficult>
		<occluded>0</occluded>
		<bndbox>
			<xmin>148</xmin>
			<xmax>207</xmax>
			<ymin>26</ymin>
			<ymax>102</ymax>
		</bndbox>
		<polygon>
			<x1>162.055705</x1>
			<y1>27.639628</y1>
			<x2>150.610532</x2>
			<y2>36.587012</y2>
			<x3>146.714406</x3>
			<y3>51.898065</y3>
			<x4>148.097483</x4>
			<y4>69.593208</y4>
			<x5>154.413997</x5>
			<y5>85.248655</y5>
			<x6>163.788952</x6>
			<y6>96.595115</y6>
			<x7>173.508578</x7>
			<y7>100.656221</y7>
			<x8>196.597449</x8>
			<y8>95.325735</y8>
			<x9>203.158268</x9>
			<y9>85.704548</y9>
			<x10>206.018185</x10>
			<y10>68.831277</y10>
			<x11>198.861789</x11>
			<y11>40.759615</y11>
			<x12>187.16791</x12>
			<y12>28.147076</y12>
			<x13>180.408566</x13>
			<y13>25.203981</y13>
			<x14>162.055705</x14>
			<y14>27.639628</y14>
		</polygon>
	</object>
	<object>
		<name>redapple</name>
		<pose>Unspecified</pose>
		<truncated>0</truncated>
		<difficult>0</difficult>
		<occluded>0</occluded>
		<bndbox>
			<xmin>11</xmin>
			<xmax>63</xmax>
			<ymin>159</ymin>
			<ymax>204</ymax>
		</bndbox>
		<polygon>
			<x1>61.953264</x1>
			<y1>203</y1>
			<x2>62.116397</x2>
			<y2>197.530217</y2>
			<x3>58.21697</x3>
			<y3>177.713851</y3>
			<x4>44.30233</x4>
			<y4>158.408234</y4>
			<x5>27.922623</x5>
			<y5>157.686174</y5>
			<x6>16.329107</x6>
			<y6>163.064917</y6>
			<x7>12.185373</x7>
			<y7>168.525185</y7>
			<x8>10.064976</x8>
			<y8>179.823389</y8>
			<x9>12.730768</x9>
			<y9>197.222394</y9>
			<x10>16.48928</x10>
			<y10>203</y10>
			<x11>61.953264</x11>
			<y11>203</y11>
		</polygon>
	</object>
	<object>
		<name>greenapple</name>
		<pose>Unspecified</pose>
		<truncated>0</truncated>
		<difficult>0</difficult>
		<occluded>0</occluded>
		<bndbox>
			<xmin>135</xmin>
			<xmax>161</xmax>
			<ymin>141</ymin>
			<ymax>173</ymax>
		</bndbox>
		<polygon>
			<x1>160.292077</x1>
			<y1>160.453014</y1>
			<x2>158.120398</x2>
			<y2>151.046437</y2>
			<x3>150.225583</x3>
			<y3>140.258983</y3>
			<x4>141.493084</x4>
			<y4>140.473594</y4>
			<x5>134.093483</x5>
			<y5>149.387707</y5>
			<x6>136.808357</x6>
			<y6>164.073213</y6>
			<x7>145.393611</x7>
			<y7>171.999099</y7>
			<x8>155.013973</x8>
			<y8>169.778063</y8>
			<x9>160.292077</x9>
			<y9>160.453014</y9>
		</polygon>
	</object>
	<object>
		<name>capsicum</name>
		<pose>Unspecified</pose>
		<truncated>0</truncated>
		<difficult>0</difficult>
		<occluded>0</occluded>
		<bndbox>
			<xmin>238</xmin>
			<xmax>354</xmax>
			<ymin>1</ymin>
			<ymax>204</ymax>
		</bndbox>
		<polygon>
			<x1>237</x1>
			<y1>0</y1>
			<x2>237</x2>
			<y2>203</y2>
			<x3>342.644877</x3>
			<y3>203</y3>
			<x4>347.263639</x4>
			<y4>194.321877</y4>
			<x5>351.603698</x5>
			<y5>178.007611</y5>
			<x6>352.834031</x6>
			<y6>145.297553</y6>
			<x7>349.819168</x7>
			<y7>88.347342</y7>
			<x8>340.194404</x8>
			<y8>43.73182</y8>
			<x9>330.818348</x9>
			<y9>20.67622</y9>
			<x10>314.140853</x10>
			<y10>1.107736</y10>
			<x11>311.351335</x11>
			<y11>0</y11>
			<x12>237</x12>
			<y12>0</y12>
		</polygon>
	</object>
	<object>
		<name>mango</name>
		<pose>Unspecified</pose>
		<truncated>0</truncated>
		<difficult>0</difficult>
		<occluded>0</occluded>
		<bndbox>
			<xmin>1</xmin>
			<xmax>216</xmax>
			<ymin>265</ymin>
			<ymax>417</ymax>
		</bndbox>
		<polygon>
			<x1>0</x1>
			<y1>416</y1>
			<x2>183.31036</x2>
			<y2>416</y2>
			<x3>191.844283</x3>
			<y3>406.563492</y3>
			<x4>206.100292</x4>
			<y4>383.45633499999997</y4>
			<x5>213.00578</x5>
			<y5>366.549794</y5>
			<x6>214.82949</x6>
			<y6>348.114306</y6>
			<x7>212.953399</x7>
			<y7>334.135873</y7>
			<x8>203.922012</x8>
			<y8>303.794921</y8>
			<x9>187.491023</x9>
			<y9>282.368081</y9>
			<x10>168.988718</x10>
			<y10>269.525946</y10>
			<x11>139.287747</x11>
			<y11>263.772838</y11>
			<x12>119.701252</x12>
			<y12>263.791124</y12>
			<x13>85.511878</x13>
			<y13>270.78364</y13>
			<x14>62.966203</x14>
			<y14>281.393055</y14>
			<x15>30.99869</x15>
			<y15>306.787788</y15>
			<x16>0</x16>
			<y16>342.081168</y16>
			<x17>0</x17>
			<y17>416</y17>
		</polygon>
	</object>
	<object>
		<name>redapple</name>
		<pose>Unspecified</pose>
		<truncated>0</truncated>
		<difficult>0</difficult>
		<occluded>0</occluded>
		<bndbox>
			<xmin>251</xmin>
			<xmax>327</xmax>
			<ymin>209</ymin>
			<ymax>292</ymax>
		</bndbox>
		<polygon>
			<x1>278.030077</x1>
			<y1>207.818023</y1>
			<x2>266.288217</x2>
			<y2>209.628122</y2>
			<x3>258.049832</x3>
			<y3>217.835162</y3>
			<x4>250.404823</x4>
			<y4>240.31677100000002</y4>
			<x5>253.268042</x5>
			<y5>258.570919</y5>
			<x6>264.024976</x6>
			<y6>275.903383</y6>
			<x7>278.08686</x7>
			<y7>287.06850199999997</y7>
			<x8>294.417486</x8>
			<y8>290.504061</y8>
			<x9>310.451423</x9>
			<y9>286.80233499999997</y9>
			<x10>323.623243</x10>
			<y10>276.5556</y10>
			<x11>322.388509</x11>
			<y11>262.429099</y11>
			<x12>325.594197</x12>
			<y12>249.979614</y12>
			<x13>316.514829</x13>
			<y13>234.0613</y13>
			<x14>293.916772</x14>
			<y14>212.256795</y14>
			<x15>278.030077</x15>
			<y15>207.818023</y15>
		</polygon>
	</object>
	<object>
		<name>greenapple</name>
		<pose>Unspecified</pose>
		<truncated>0</truncated>
		<difficult>0</difficult>
		<occluded>0</occluded>
		<bndbox>
			<xmin>398</xmin>
			<xmax>417</xmax>
			<ymin>316</ymin>
			<ymax>347</ymax>
		</bndbox>
		<polygon>
			<x1>416</x1>
			<y1>319.25867</y1>
			<x2>411.494723</x2>
			<y2>314.815838</y2>
			<x3>403.798433</x3>
			<y3>316.592667</y3>
			<x4>397.38595799999996</x4>
			<y4>329.78249700000003</y4>
			<x5>401.235203</x5>
			<y5>340.603223</y5>
			<x6>407.945466</x6>
			<y6>346.259817</y6>
			<x7>416</x7>
			<y7>345.093923</y7>
			<x8>416</x8>
			<y8>319.25867</y8>
		</polygon>
	</object>
	<object>
		<name>mango</name>
		<pose>Unspecified</pose>
		<truncated>0</truncated>
		<difficult>0</difficult>
		<occluded>0</occluded>
		<bndbox>
			<xmin>254</xmin>
			<xmax>284</xmax>
			<ymin>350</ymin>
			<ymax>384</ymax>
		</bndbox>
		<polygon>
			<x1>282.97891400000003</x1>
			<y1>369.706283</y1>
			<x2>278.537393</x2>
			<y2>356.320128</y2>
			<x3>270.149564</x3>
			<y3>349.24938499999996</y3>
			<x4>259.492993</x4>
			<y4>349.90820299999996</y4>
			<x5>253.12959899999998</x5>
			<y5>360.38453400000003</y5>
			<x6>255.893555</x6>
			<y6>372.356542</y6>
			<x7>268.475299</x7>
			<y7>382.96265600000004</y7>
			<x8>278.934444</x8>
			<y8>381.448695</y8>
			<x9>282.97891400000003</x9>
			<y9>369.706283</y9>
		</polygon>
	</object>
</annotation>
