<annotation>
	<folder></folder>
	<filename>image_191_png.rf.cbb73076a86c4a5f84bf2a3f354ed90a.jpg</filename>
	<path>image_191_png.rf.cbb73076a86c4a5f84bf2a3f354ed90a.jpg</path>
	<source>
		<database>roboflow.ai</database>
	</source>
	<size>
		<width>416</width>
		<height>416</height>
		<depth>3</depth>
	</size>
	<segmented>0</segmented>
	<object>
		<name>greenapple</name>
		<pose>Unspecified</pose>
		<truncated>0</truncated>
		<difficult>0</difficult>
		<occluded>0</occluded>
		<bndbox>
			<xmin>144</xmin>
			<xmax>171</xmax>
			<ymin>96</ymin>
			<ymax>157</ymax>
		</bndbox>
		<polygon>
			<x1>170</x1>
			<y1>96.012636</y1>
			<x2>166.558548</x2>
			<y2>94.618338</y2>
			<x3>160.373842</x3>
			<y3>96.271186</y3>
			<x4>151.142646</x4>
			<y4>108.848624</y4>
			<x5>144.172401</x5>
			<y5>127.926451</y5>
			<x6>143.18748</x6>
			<y6>138.300092</y6>
			<x7>148.622533</x7>
			<y7>149.690557</y7>
			<x8>154.500201</x8>
			<y8>154.131367</y8>
			<x9>170</x9>
			<y9>155.807761</y9>
			<x10>170</x10>
			<y10>96.012636</y10>
		</polygon>
	</object>
	<object>
		<name>orange</name>
		<pose>Unspecified</pose>
		<truncated>0</truncated>
		<difficult>0</difficult>
		<occluded>0</occluded>
		<bndbox>
			<xmin>171</xmin>
			<xmax>187</xmax>
			<ymin>33</ymin>
			<ymax>100</ymax>
		</bndbox>
		<polygon>
			<x1>170</x1>
			<y1>98.5962</y1>
			<x2>170.380282</x2>
			<y2>98.42137</y2>
			<x3>178.562752</x3>
			<y3>88.310239</y3>
			<x4>183.941963</x4>
			<y4>75.122705</y4>
			<x5>186.147073</x5>
			<y5>57.045095</y5>
			<x6>177.70938</x6>
			<y6>35.526891</y6>
			<x7>170</x7>
			<y7>32.485607</y7>
			<x8>170</x8>
			<y8>98.5962</y8>
		</polygon>
	</object>
	<object>
		<name>redapple</name>
		<pose>Unspecified</pose>
		<truncated>0</truncated>
		<difficult>0</difficult>
		<occluded>0</occluded>
		<bndbox>
			<xmin>150</xmin>
			<xmax>171</xmax>
			<ymin>203</ymin>
			<ymax>280</ymax>
		</bndbox>
		<polygon>
			<x1>170</x1>
			<y1>202.03541</y1>
			<x2>164.681596</x2>
			<y2>205.243791</y2>
			<x3>151.426953</x3>
			<y3>222.448797</y3>
			<x4>148.850999</x4>
			<y4>238.712731</y4>
			<x5>153.301131</x5>
			<y5>260.476837</y5>
			<x6>161.810595</x6>
			<y6>273.231711</y6>
			<x7>170</x7>
			<y7>278.759049</y7>
			<x8>170</x8>
			<y8>202.03541</y8>
		</polygon>
	</object>
	<object>
		<name>redapple</name>
		<pose>Unspecified</pose>
		<truncated>0</truncated>
		<difficult>0</difficult>
		<occluded>0</occluded>
		<bndbox>
			<xmin>171</xmin>
			<xmax>235</xmax>
			<ymin>184</ymin>
			<ymax>255</ymax>
		</bndbox>
		<polygon>
			<x1>173.234526</x1>
			<y1>183</y1>
			<x2>170</x2>
			<y2>188.425663</y2>
			<x3>170</x3>
			<y3>231.06681600000002</y3>
			<x4>176.102551</x4>
			<y4>241.59687</y4>
			<x5>187.21589</x5>
			<y5>250.37680699999999</y5>
			<x6>205.698238</x6>
			<y6>254.18159400000002</y6>
			<x7>221.548791</x7>
			<y7>249.67231700000002</y7>
			<x8>233.690901</x8>
			<y8>227.026284</y8>
			<x9>233.42771199999999</x9>
			<y9>212.067613</y9>
			<x10>220.57358399999998</x10>
			<y10>183</y10>
			<x11>173.234526</x11>
			<y11>183</y11>
		</polygon>
	</object>
	<object>
		<name>mango</name>
		<pose>Unspecified</pose>
		<truncated>0</truncated>
		<difficult>0</difficult>
		<occluded>0</occluded>
		<bndbox>
			<xmin>287</xmin>
			<xmax>371</xmax>
			<ymin>198</ymin>
			<ymax>265</ymax>
		</bndbox>
		<polygon>
			<x1>318.079645</x1>
			<y1>205.29335700000001</y1>
			<x2>290.900442</x2>
			<y2>227.31268699999998</y2>
			<x3>286.027651</x3>
			<y3>241.4579</y3>
			<x4>290.68513</x4>
			<y4>253.602678</y4>
			<x5>303.21804</x5>
			<y5>261.729985</y5>
			<x6>324.539532</x6>
			<y6>264.229508</y6>
			<x7>345.797217</x7>
			<y7>258.821697</y7>
			<x8>362.497115</x8>
			<y8>244.79477500000002</y8>
			<x9>369.802319</x9>
			<y9>231.912289</y9>
			<x10>369.810283</x10>
			<y10>215.241625</y10>
			<x11>358.868406</x11>
			<y11>201.224025</y11>
			<x12>338.460065</x12>
			<y12>197.114192</y12>
			<x13>318.079645</x13>
			<y13>205.29335700000001</y13>
		</polygon>
	</object>
	<object>
		<name>greenapple</name>
		<pose>Unspecified</pose>
		<truncated>0</truncated>
		<difficult>0</difficult>
		<occluded>0</occluded>
		<bndbox>
			<xmin>171</xmin>
			<xmax>201</xmax>
			<ymin>319</ymin>
			<ymax>379</ymax>
		</bndbox>
		<polygon>
			<x1>170</x1>
			<y1>377.78175</y1>
			<x2>184.113648</x2>
			<y2>377.996048</y2>
			<x3>194.257995</x3>
			<y3>363.80829900000003</y3>
			<x4>200.350975</x4>
			<y4>341.959118</y4>
			<x5>190.222557</x5>
			<y5>322.805539</y5>
			<x6>175.221348</x6>
			<y6>317.797171</y6>
			<x7>170</x7>
			<y7>321.399517</y7>
			<x8>170</x8>
			<y8>377.78175</y8>
		</polygon>
	</object>
</annotation>
