<annotation>
	<folder></folder>
	<filename>image_131_png.rf.0904e9d6ae8a822c59f5b5321a6df1f5.jpg</filename>
	<path>image_131_png.rf.0904e9d6ae8a822c59f5b5321a6df1f5.jpg</path>
	<source>
		<database>roboflow.ai</database>
	</source>
	<size>
		<width>416</width>
		<height>416</height>
		<depth>3</depth>
	</size>
	<segmented>0</segmented>
	<object>
		<name>mango</name>
		<pose>Unspecified</pose>
		<truncated>0</truncated>
		<difficult>0</difficult>
		<occluded>0</occluded>
		<bndbox>
			<xmin>31</xmin>
			<xmax>85</xmax>
			<ymin>1</ymin>
			<ymax>48</ymax>
		</bndbox>
		<polygon>
			<x1>36.324851</x1>
			<y1>0</y1>
			<x2>31.546346</x2>
			<y2>8.389114</y2>
			<x3>29.67546</x3>
			<y3>22.308195</y3>
			<x4>32.170767</x4>
			<y4>31.853662</y4>
			<x5>40.795182</x5>
			<y5>41.020269</y5>
			<x6>54.226518</x6>
			<y6>46.811952</y6>
			<x7>64.376163</x7>
			<y7>46.464367</y7>
			<x8>77.915474</x8>
			<y8>34.342217</y8>
			<x9>82.82392</x9>
			<y9>24.712165</y9>
			<x10>84.301615</x10>
			<y10>12.496184</y10>
			<x11>79.513882</x11>
			<y11>0</y11>
			<x12>36.324851</x12>
			<y12>0</y12>
		</polygon>
	</object>
	<object>
		<name>orange</name>
		<pose>Unspecified</pose>
		<truncated>0</truncated>
		<difficult>0</difficult>
		<occluded>0</occluded>
		<bndbox>
			<xmin>129</xmin>
			<xmax>159</xmax>
			<ymin>1</ymin>
			<ymax>58</ymax>
		</bndbox>
		<polygon>
			<x1>128</x1>
			<y1>0</y1>
			<x2>128</x2>
			<y2>56.26802</y2>
			<x3>133.771703</x3>
			<y3>56.882228</y3>
			<x4>143.188951</x4>
			<y4>50.983929</y4>
			<x5>150.009369</x5>
			<y5>41.79529</y5>
			<x6>155.704198</x6>
			<y6>28.759036</y6>
			<x7>157.968276</x7>
			<y7>13.136855</y7>
			<x8>153.514768</x8>
			<y8>0</y8>
			<x9>128</x9>
			<y9>0</y9>
		</polygon>
	</object>
	<object>
		<name>capsicum</name>
		<pose>Unspecified</pose>
		<truncated>0</truncated>
		<difficult>0</difficult>
		<occluded>0</occluded>
		<bndbox>
			<xmin>232</xmin>
			<xmax>263</xmax>
			<ymin>1</ymin>
			<ymax>25</ymax>
		</bndbox>
		<polygon>
			<x1>230.67098199999998</x1>
			<y1>0</y1>
			<x2>232.98234100000002</x2>
			<y2>19.69196</y2>
			<x3>246.80687</x3>
			<y3>23.780542</y3>
			<x4>252.447712</x4>
			<y4>19.701205</y4>
			<x5>260.054512</x5>
			<y5>7.106364</y5>
			<x6>262.381629</x6>
			<y6>0</y6>
			<x7>230.67098199999998</x7>
			<y7>0</y7>
		</polygon>
	</object>
	<object>
		<name>mango</name>
		<pose>Unspecified</pose>
		<truncated>0</truncated>
		<difficult>0</difficult>
		<occluded>0</occluded>
		<bndbox>
			<xmin>316</xmin>
			<xmax>401</xmax>
			<ymin>161</ymin>
			<ymax>226</ymax>
		</bndbox>
		<polygon>
			<x1>374.45770500000003</x1>
			<y1>159.986687</y1>
			<x2>354.843275</x2>
			<y2>163.530781</y2>
			<x3>323.452446</x3>
			<y3>183.191778</y3>
			<x4>314.618534</x4>
			<y4>198.194132</y4>
			<x5>317.161377</x5>
			<y5>210.441388</y5>
			<x6>325.785792</x6>
			<y6>219.607995</y6>
			<x7>346.620882</x7>
			<y7>225.315093</y7>
			<x8>368.588011</x8>
			<y8>223.2111</y8>
			<x9>386.391992</x9>
			<y9>212.970464</y9>
			<x10>397.578604</x10>
			<y10>199.408213</y10>
			<x11>399.991742</x11>
			<y11>180.232692</y11>
			<x12>397.103242</x12>
			<y12>172.390325</y12>
			<x13>388.919557</x13>
			<y13>164.222406</y13>
			<x14>374.45770500000003</x14>
			<y14>159.986687</y14>
		</polygon>
	</object>
	<object>
		<name>orange</name>
		<pose>Unspecified</pose>
		<truncated>0</truncated>
		<difficult>0</difficult>
		<occluded>0</occluded>
		<bndbox>
			<xmin>9</xmin>
			<xmax>35</xmax>
			<ymin>345</ymin>
			<ymax>377</ymax>
		</bndbox>
		<polygon>
			<x1>29.737084</x1>
			<y1>369.976804</y1>
			<x2>33.764074</x2>
			<y2>358.349376</y2>
			<x3>31.465363</x3>
			<y3>347.952357</y3>
			<x4>23.573344</x4>
			<y4>344.336465</y4>
			<x5>14.305155</x5>
			<y5>346.681425</y5>
			<x6>8.41373</x6>
			<y6>360.56923</y6>
			<x7>11.349767</x7>
			<y7>371.113385</y7>
			<x8>19.045188</x8>
			<y8>375.580828</y8>
			<x9>29.737084</x9>
			<y9>369.976804</y9>
		</polygon>
	</object>
	<object>
		<name>orange</name>
		<pose>Unspecified</pose>
		<truncated>0</truncated>
		<difficult>0</difficult>
		<occluded>0</occluded>
		<bndbox>
			<xmin>256</xmin>
			<xmax>305</xmax>
			<ymin>275</ymin>
			<ymax>294</ymax>
		</bndbox>
		<polygon>
			<x1>255.121522</x1>
			<y1>274</y1>
			<x2>255.606831</x2>
			<y2>276.596923</y2>
			<x3>261.28875800000003</x3>
			<y3>286.87808</y3>
			<x4>281.927252</x4>
			<y4>293.436728</y4>
			<x5>288.89027799999997</x5>
			<y5>292.353456</y5>
			<x6>298.063394</x6>
			<y6>284.604917</y6>
			<x7>304.217787</x7>
			<y7>274</y7>
			<x8>255.121522</x8>
			<y8>274</y8>
		</polygon>
	</object>
</annotation>
