<annotation>
	<folder></folder>
	<filename>image_159_png.rf.41179f4c857dd78667c8de18d98c94ca.jpg</filename>
	<path>image_159_png.rf.41179f4c857dd78667c8de18d98c94ca.jpg</path>
	<source>
		<database>roboflow.ai</database>
	</source>
	<size>
		<width>416</width>
		<height>416</height>
		<depth>3</depth>
	</size>
	<segmented>0</segmented>
	<object>
		<name>greenapple</name>
		<pose>Unspecified</pose>
		<truncated>0</truncated>
		<difficult>0</difficult>
		<occluded>0</occluded>
		<bndbox>
			<xmin>227</xmin>
			<xmax>250</xmax>
			<ymin>38</ymin>
			<ymax>68</ymax>
		</bndbox>
		<polygon>
			<x1>249</x1>
			<y1>45.502019</y1>
			<x2>241.384362</x2>
			<y2>36.879251</y2>
			<x3>232.336645</x3>
			<y3>36.6219</y3>
			<x4>226.216299</x4>
			<y4>45.111914</y4>
			<x5>227.249324</x5>
			<y5>58.825076</y5>
			<x6>234.206336</x6>
			<y6>66.861908</y6>
			<x7>244.597266</x7>
			<y7>66.882414</y7>
			<x8>249</x8>
			<y8>61.014486</y8>
			<x9>249</x9>
			<y9>45.502019</y9>
		</polygon>
	</object>
	<object>
		<name>greenapple</name>
		<pose>Unspecified</pose>
		<truncated>0</truncated>
		<difficult>0</difficult>
		<occluded>0</occluded>
		<bndbox>
			<xmin>250</xmin>
			<xmax>274</xmax>
			<ymin>1</ymin>
			<ymax>32</ymax>
		</bndbox>
		<polygon>
			<x1>254.985571</x1>
			<y1>0</y1>
			<x2>254.568374</x2>
			<y2>0.030087</y2>
			<x3>249</x3>
			<y3>8.229631</y3>
			<x4>249</x4>
			<y4>19.505076</y4>
			<x5>249.639469</x5>
			<y5>23.131683</y5>
			<x6>256.59648</x6>
			<y6>31.168516</y6>
			<x7>268.172208</x7>
			<y7>30.053757</y7>
			<x8>273.462531</x8>
			<y8>20.783743</y8>
			<x9>271.403125</x9>
			<y9>9.104269</y9>
			<x10>263.957356</x10>
			<y10>0</y10>
			<x11>254.985571</x11>
			<y11>0</y11>
		</polygon>
	</object>
	<object>
		<name>redapple</name>
		<pose>Unspecified</pose>
		<truncated>0</truncated>
		<difficult>0</difficult>
		<occluded>0</occluded>
		<bndbox>
			<xmin>294</xmin>
			<xmax>371</xmax>
			<ymin>144</ymin>
			<ymax>184</ymax>
		</bndbox>
		<polygon>
			<x1>369.929424</x1>
			<y1>183</y1>
			<x2>369.854243</x2>
			<y2>182.573625</y2>
			<x3>363.252007</x3>
			<y3>172.621529</y3>
			<x4>337.876084</x4>
			<y4>146.526303</y4>
			<x5>323.335041</x5>
			<y5>142.605803</y5>
			<x6>309.902909</x6>
			<y6>144.97425</y6>
			<x7>299.556565</x7>
			<y7>156.988485</y7>
			<x8>292.650784</x8>
			<y8>176.733243</y8>
			<x9>293.122864</x9>
			<y9>183</y9>
			<x10>369.929424</x10>
			<y10>183</y10>
		</polygon>
	</object>
	<object>
		<name>redapple</name>
		<pose>Unspecified</pose>
		<truncated>0</truncated>
		<difficult>0</difficult>
		<occluded>0</occluded>
		<bndbox>
			<xmin>218</xmin>
			<xmax>250</xmax>
			<ymin>286</ymin>
			<ymax>366</ymax>
		</bndbox>
		<polygon>
			<x1>249</x1>
			<y1>290.947425</y1>
			<x2>246.822953</x2>
			<y2>289.71763599999997</y2>
			<x3>237.42046</x3>
			<y3>291.375549</y3>
			<x4>237.654762</x4>
			<y4>284.849757</y4>
			<x5>235.639943</x5>
			<y5>285.205024</y5>
			<x6>235.40564</x6>
			<y6>291.730816</y6>
			<x7>221.77715</x7>
			<y7>296.912949</y7>
			<x8>217.671624</x8>
			<y8>305.047696</y8>
			<x9>216.727772</x9>
			<y9>315.404018</y9>
			<x10>219.737674</x10>
			<y10>332.474019</y10>
			<x11>236.541126</x11>
			<y11>361.007156</y11>
			<x12>249</x12>
			<y12>365.22174</y12>
			<x13>249</x13>
			<y13>290.947425</y13>
		</polygon>
	</object>
</annotation>
