<annotation>
	<folder></folder>
	<filename>image_90_png.rf.8ec8b574aeae7397eb4ae6965e7bd921.jpg</filename>
	<path>image_90_png.rf.8ec8b574aeae7397eb4ae6965e7bd921.jpg</path>
	<source>
		<database>roboflow.ai</database>
	</source>
	<size>
		<width>416</width>
		<height>416</height>
		<depth>3</depth>
	</size>
	<segmented>0</segmented>
	<object>
		<name>orange</name>
		<pose>Unspecified</pose>
		<truncated>0</truncated>
		<difficult>0</difficult>
		<occluded>0</occluded>
		<bndbox>
			<xmin>108</xmin>
			<xmax>159</xmax>
			<ymin>51</ymin>
			<ymax>123</ymax>
		</bndbox>
		<polygon>
			<x1>158</x1>
			<y1>64.699108</y1>
			<x2>157.590265</x2>
			<y2>63.577645</y2>
			<x3>143.741915</x3>
			<y3>49.638213</y3>
			<x4>120.828368</x4>
			<y4>51.093426</y4>
			<x5>113.663848</x5>
			<y5>56.513024</y5>
			<x6>107.31117</x6>
			<y6>72.408988</y6>
			<x7>109.421373</x7>
			<y7>96.823493</y7>
			<x8>112.702473</x8>
			<y8>106.070287</y8>
			<x9>123.838303</x9>
			<y9>119.5084</y9>
			<x10>130.154327</x10>
			<y10>122.150894</y10>
			<x11>153.229076</x11>
			<y11>117.142873</y11>
			<x12>158</x12>
			<y12>109.831642</y12>
			<x13>158</x13>
			<y13>64.699108</y13>
		</polygon>
	</object>
	<object>
		<name>redapple</name>
		<pose>Unspecified</pose>
		<truncated>0</truncated>
		<difficult>0</difficult>
		<occluded>0</occluded>
		<bndbox>
			<xmin>108</xmin>
			<xmax>159</xmax>
			<ymin>162</ymin>
			<ymax>246</ymax>
		</bndbox>
		<polygon>
			<x1>158</x1>
			<y1>171.918327</y1>
			<x2>153.563147</x2>
			<y2>166.518072</y2>
			<x3>142.226545</x3>
			<y3>161.051021</y3>
			<x4>126.964036</x4>
			<y4>160.548411</y4>
			<x5>116.278073</x5>
			<y5>169.110533</y5>
			<x6>106.647211</x6>
			<y6>189.879906</y6>
			<x7>107.541111</x7>
			<y7>205.639968</y7>
			<x8>115.398757</x8>
			<y8>223.951492</y8>
			<x9>127.182309</x9>
			<y9>237.298574</y9>
			<x10>144.713305</x10>
			<y10>244.542676</y10>
			<x11>158</x11>
			<y11>242.675352</y11>
			<x12>158</x12>
			<y12>171.918327</y12>
		</polygon>
	</object>
	<object>
		<name>mango</name>
		<pose>Unspecified</pose>
		<truncated>0</truncated>
		<difficult>0</difficult>
		<occluded>0</occluded>
		<bndbox>
			<xmin>213</xmin>
			<xmax>267</xmax>
			<ymin>36</ymin>
			<ymax>99</ymax>
		</bndbox>
		<polygon>
			<x1>227.769292</x1>
			<y1>36.725427</y1>
			<x2>216.961699</x2>
			<y2>44.422103</y2>
			<x3>212.308929</x3>
			<y3>58.314084</y3>
			<x4>213.68935</x4>
			<y4>77.535923</y4>
			<x5>217.374912</x5>
			<y5>84.960796</y5>
			<x6>226.485514</x6>
			<y6>93.388306</y6>
			<x7>240.291377</x7>
			<y7>97.625787</y7>
			<x8>250.53330699999998</x8>
			<y8>95.30384</y8>
			<x9>259.519363</x9>
			<y9>88.745702</y9>
			<x10>264.254193</x10>
			<y10>80.137419</y10>
			<x11>265.911612</x11>
			<y11>68.431485</y11>
			<x12>261.292578</x12>
			<y12>49.664804</y12>
			<x13>244.08398499999998</x13>
			<y13>35.315085</y13>
			<x14>227.769292</x14>
			<y14>36.725427</y14>
		</polygon>
	</object>
	<object>
		<name>redapple</name>
		<pose>Unspecified</pose>
		<truncated>0</truncated>
		<difficult>0</difficult>
		<occluded>0</occluded>
		<bndbox>
			<xmin>369</xmin>
			<xmax>417</xmax>
			<ymin>1</ymin>
			<ymax>73</ymax>
		</bndbox>
		<polygon>
			<x1>416</x1>
			<y1>0</y1>
			<x2>374.761072</x2>
			<y2>0</y2>
			<x3>374.556125</x3>
			<y3>0.210192</y3>
			<x4>367.555724</x4>
			<y4>16.197186</y4>
			<x5>368.045163</x5>
			<y5>33.779168</y5>
			<x6>376.67216099999996</x6>
			<y6>52.865105</y6>
			<x7>386.917008</x7>
			<y7>64.663362</y7>
			<x8>403.80028100000004</x8>
			<y8>71.998494</y8>
			<x9>416</x9>
			<y9>70.873639</y9>
			<x10>416</x10>
			<y10>0</y10>
		</polygon>
	</object>
	<object>
		<name>capsicum</name>
		<pose>Unspecified</pose>
		<truncated>0</truncated>
		<difficult>0</difficult>
		<occluded>0</occluded>
		<bndbox>
			<xmin>43</xmin>
			<xmax>159</xmax>
			<ymin>288</ymin>
			<ymax>405</ymax>
		</bndbox>
		<polygon>
			<x1>158</x1>
			<y1>287</y1>
			<x2>41.697377</x2>
			<y2>287</y2>
			<x3>60.850995</x3>
			<y3>343.060452</y3>
			<x4>71.907683</x4>
			<y4>365.33507199999997</y4>
			<x5>87.498428</x5>
			<y5>386.972471</y5>
			<x6>99.443181</x6>
			<y6>396.766745</y6>
			<x7>113.370675</x7>
			<y7>401.86967</y7>
			<x8>155.271865</x8>
			<y8>403.92368799999997</y8>
			<x9>158</x9>
			<y9>402.767833</y9>
			<x10>158</x10>
			<y10>287</y10>
		</polygon>
	</object>
	<object>
		<name>greenapple</name>
		<pose>Unspecified</pose>
		<truncated>0</truncated>
		<difficult>0</difficult>
		<occluded>0</occluded>
		<bndbox>
			<xmin>166</xmin>
			<xmax>208</xmax>
			<ymin>340</ymin>
			<ymax>401</ymax>
		</bndbox>
		<polygon>
			<x1>164.553427</x1>
			<y1>358.079515</y1>
			<x2>165.976336</x2>
			<y2>387.003305</y2>
			<x3>173.913125</x3>
			<y3>396.478322</y3>
			<x4>181.646223</x4>
			<y4>399.804198</y4>
			<x5>199.013102</x5>
			<y5>396.480905</y5>
			<x6>205.165006</x6>
			<y6>388.55600400000003</y6>
			<x7>207.348518</x7>
			<y7>375.893594</y7>
			<x8>205.359946</x8>
			<y8>352.344533</y8>
			<x9>191.107134</x9>
			<y9>340.227021</y9>
			<x10>175.07527199999998</x10>
			<y10>338.949999</y10>
			<x11>168.680106</x11>
			<y11>345.144011</y11>
			<x12>164.553427</x12>
			<y12>358.079515</y12>
		</polygon>
	</object>
</annotation>
