<annotation>
	<folder></folder>
	<filename>image_36_png.rf.7040bd81d178bfdb61f2ea86f179248d.jpg</filename>
	<path>image_36_png.rf.7040bd81d178bfdb61f2ea86f179248d.jpg</path>
	<source>
		<database>roboflow.ai</database>
	</source>
	<size>
		<width>416</width>
		<height>416</height>
		<depth>3</depth>
	</size>
	<segmented>0</segmented>
	<object>
		<name>redapple</name>
		<pose>Unspecified</pose>
		<truncated>0</truncated>
		<difficult>0</difficult>
		<occluded>0</occluded>
		<bndbox>
			<xmin>146</xmin>
			<xmax>163</xmax>
			<ymin>1</ymin>
			<ymax>62</ymax>
		</bndbox>
		<polygon>
			<x1>145</x1>
			<y1>0</y1>
			<x2>145</x2>
			<y2>60.737532</y2>
			<x3>145.795937</x3>
			<y3>60.681875</y3>
			<x4>153.628848</x4>
			<y4>56.523618</y4>
			<x5>160.097159</x5>
			<y5>42.531835</y5>
			<x6>161.912522</x6>
			<y6>29.768048</y6>
			<x7>160.405058</x7>
			<y7>8.2103</y7>
			<x8>156.35636</x8>
			<y8>0</y8>
			<x9>145</x9>
			<y9>0</y9>
		</polygon>
	</object>
	<object>
		<name>mango</name>
		<pose>Unspecified</pose>
		<truncated>0</truncated>
		<difficult>0</difficult>
		<occluded>0</occluded>
		<bndbox>
			<xmin>241</xmin>
			<xmax>296</xmax>
			<ymin>17</ymin>
			<ymax>80</ymax>
		</bndbox>
		<polygon>
			<x1>259.76725899999997</x1>
			<y1>15.704326</y1>
			<x2>248.01789200000002</x2>
			<y2>21.941711</y2>
			<x3>242.582886</x3>
			<y3>31.34808</y3>
			<x4>240.156652</x4>
			<y4>45.057214</y4>
			<x5>241.835309</x5>
			<y5>59.381938</y5>
			<x6>249.45146</x6>
			<y6>71.486208</y6>
			<x7>257.23880099999997</x7>
			<y7>76.357454</y7>
			<x8>275.005716</x8>
			<y8>78.725597</y8>
			<x9>283.51230599999997</x9>
			<y9>74.520231</y9>
			<x10>292.2529</x10>
			<y10>63.980081</y10>
			<x11>294.99318700000003</x11>
			<y11>54.762145</y11>
			<x12>292.93766600000004</x12>
			<y12>35.047984</y12>
			<x13>278.145041</x13>
			<y13>17.12712</y13>
			<x14>259.76725899999997</x14>
			<y14>15.704326</y14>
		</polygon>
	</object>
	<object>
		<name>greenapple</name>
		<pose>Unspecified</pose>
		<truncated>0</truncated>
		<difficult>0</difficult>
		<occluded>0</occluded>
		<bndbox>
			<xmin>397</xmin>
			<xmax>417</xmax>
			<ymin>120</ymin>
			<ymax>151</ymax>
		</bndbox>
		<polygon>
			<x1>416</x1>
			<y1>124.35136</y1>
			<x2>412.585377</x2>
			<y2>119.652463</y2>
			<x3>403.76473</x3>
			<y3>119.366631</y3>
			<x4>395.635005</x4>
			<y4>128.961433</y4>
			<x5>396.51436</x5>
			<y5>141.536787</y5>
			<x6>402.531907</x6>
			<y6>150.142315</y6>
			<x7>414.047272</x7>
			<y7>150.239714</y7>
			<x8>416</x8>
			<y8>147.532745</y8>
			<x9>416</x9>
			<y9>124.35136</y9>
		</polygon>
	</object>
	<object>
		<name>greenapple</name>
		<pose>Unspecified</pose>
		<truncated>0</truncated>
		<difficult>0</difficult>
		<occluded>0</occluded>
		<bndbox>
			<xmin>1</xmin>
			<xmax>116</xmax>
			<ymin>354</ymin>
			<ymax>417</ymax>
		</bndbox>
		<polygon>
			<x1>0</x1>
			<y1>416</y1>
			<x2>115.4972</x2>
			<y2>416</y2>
			<x3>105.566697</x3>
			<y3>386.675587</y3>
			<x4>89.911959</x4>
			<y4>366.10711200000003</y4>
			<x5>58.5914</x5>
			<y5>353.855153</y5>
			<x6>23.982496</x6>
			<y6>352.664716</y6>
			<x7>16.149585</x7>
			<y7>356.822974</y7>
			<x8>0</x8>
			<y8>358.771676</y8>
			<x9>0</x9>
			<y9>416</y9>
		</polygon>
	</object>
	<object>
		<name>mango</name>
		<pose>Unspecified</pose>
		<truncated>0</truncated>
		<difficult>0</difficult>
		<occluded>0</occluded>
		<bndbox>
			<xmin>146</xmin>
			<xmax>406</xmax>
			<ymin>225</ymin>
			<ymax>417</ymax>
		</bndbox>
		<polygon>
			<x1>314.383016</x1>
			<y1>416</y1>
			<x2>338.377612</x2>
			<y2>405.154358</y2>
			<x3>364.131387</x3>
			<y3>386.203476</y3>
			<x4>388.098126</x4>
			<y4>361.05913499999997</y4>
			<x5>400.25268700000004</x5>
			<y5>341.253941</y5>
			<x6>405.167964</x6>
			<y6>314.73391300000003</y6>
			<x7>400.446051</x7>
			<y7>276.250939</y7>
			<x8>388.77058</x8>
			<y8>254.501576</y8>
			<x9>372.08254</x9>
			<y9>238.518516</y9>
			<x10>349.77106000000003</x10>
			<y10>229.247107</y10>
			<x11>321.64770799999997</x11>
			<y11>223.99263</y11>
			<x12>285.87987699999996</x12>
			<y12>225.591129</y12>
			<x13>262.615145</x13>
			<y13>231.731115</y13>
			<x14>226.145306</x14>
			<y14>252.333968</y14>
			<x15>154.884286</x15>
			<y15>307.864398</y15>
			<x16>145</x16>
			<y16>318.234347</y16>
			<x17>145</x17>
			<y17>402.86143500000003</y17>
			<x18>158.016275</x18>
			<y18>416</y18>
			<x19>314.383016</x19>
			<y19>416</y19>
		</polygon>
	</object>
</annotation>
