<annotation>
	<folder></folder>
	<filename>image_51_png.rf.9952a01aba7923347d45544d098b0c82.jpg</filename>
	<path>image_51_png.rf.9952a01aba7923347d45544d098b0c82.jpg</path>
	<source>
		<database>roboflow.ai</database>
	</source>
	<size>
		<width>416</width>
		<height>416</height>
		<depth>3</depth>
	</size>
	<segmented>0</segmented>
	<object>
		<name>greenapple</name>
		<pose>Unspecified</pose>
		<truncated>0</truncated>
		<difficult>0</difficult>
		<occluded>0</occluded>
		<bndbox>
			<xmin>48</xmin>
			<xmax>73</xmax>
			<ymin>91</ymin>
			<ymax>122</ymax>
		</bndbox>
		<polygon>
			<x1>71.848621</x1>
			<y1>110.737768</y1>
			<x2>68.863551</x2>
			<y2>98.765306</y2>
			<x3>60.538591</x3>
			<y3>89.940903</y3>
			<x4>53.277636</x4>
			<y4>90.842924</y4>
			<x5>46.867468</x5>
			<y5>100.616195</y5>
			<x6>48.571132</x6>
			<y6>112.908148</y6>
			<x7>56.04217</x7>
			<y7>121.037121</y7>
			<x8>67.147344</x8>
			<y8>119.176628</y8>
			<x9>71.848621</x9>
			<y9>110.737768</y9>
		</polygon>
	</object>
	<object>
		<name>capsicum</name>
		<pose>Unspecified</pose>
		<truncated>0</truncated>
		<difficult>0</difficult>
		<occluded>0</occluded>
		<bndbox>
			<xmin>267</xmin>
			<xmax>392</xmax>
			<ymin>21</ymin>
			<ymax>225</ymax>
		</bndbox>
		<polygon>
			<x1>266</x1>
			<y1>224</y1>
			<x2>390.558068</x2>
			<y2>224</y2>
			<x3>391.348476</x3>
			<y3>194.801839</y3>
			<x4>387.524117</x4>
			<y4>143.980125</y4>
			<x5>377.07950700000004</x5>
			<y5>93.900687</y5>
			<x6>365.771568</x6>
			<y6>67.653275</y6>
			<x7>348.908428</x7>
			<y7>49.149293</y7>
			<x8>327.342964</x8>
			<y8>41.809443</y8>
			<x9>310.897901</x9>
			<y9>46.817995</y9>
			<x10>296.5913</x10>
			<y10>44.026668</y10>
			<x11>288.91017899999997</x11>
			<y11>26.8667</y11>
			<x12>282.506284</x12>
			<y12>20.288334</y12>
			<x13>274.178187</x13>
			<y13>19.63975</y13>
			<x14>271.827548</x14>
			<y14>23.85918</y14>
			<x15>275.66758600000003</x15>
			<y15>33.8018</y15>
			<x16>279.937198</x16>
			<y16>37.278953</y16>
			<x17>279.720843</x17>
			<y17>44.599596</y17>
			<x18>266</x18>
			<y18>52.01719</y18>
			<x19>266</x19>
			<y19>224</y19>
		</polygon>
	</object>
	<object>
		<name>redapple</name>
		<pose>Unspecified</pose>
		<truncated>0</truncated>
		<difficult>0</difficult>
		<occluded>0</occluded>
		<bndbox>
			<xmin>2</xmin>
			<xmax>211</xmax>
			<ymin>225</ymin>
			<ymax>417</ymax>
		</bndbox>
		<polygon>
			<x1>3.260386</x1>
			<y1>224</y1>
			<x2>1.036309</x2>
			<y2>239.650082</y2>
			<x3>3.154913</x3>
			<y3>283.630389</y3>
			<x4>19.998193</x4>
			<y4>353.914558</y4>
			<x5>33.013977</x5>
			<y5>381.55283</y5>
			<x6>53.714833</x6>
			<y6>416</y6>
			<x7>191.608341</x7>
			<y7>416</y7>
			<x8>196.795693</x8>
			<y8>405.209421</y8>
			<x9>207.704372</x9>
			<y9>358.889385</y9>
			<x10>210.276593</x10>
			<y10>333.722947</y10>
			<x11>209.22304</x11>
			<y11>296.743792</y11>
			<x12>203.261262</x12>
			<y12>250.996684</y12>
			<x13>196.530232</x13>
			<y13>224</y13>
			<x14>3.260386</x14>
			<y14>224</y14>
		</polygon>
	</object>
	<object>
		<name>redapple</name>
		<pose>Unspecified</pose>
		<truncated>0</truncated>
		<difficult>0</difficult>
		<occluded>0</occluded>
		<bndbox>
			<xmin>282</xmin>
			<xmax>358</xmax>
			<ymin>292</ymin>
			<ymax>376</ymax>
		</bndbox>
		<polygon>
			<x1>296.320409</x1>
			<y1>293.960109</y1>
			<x2>286.70568000000003</x2>
			<y2>307.25738</y2>
			<x3>281.145253</x3>
			<y3>328.62717399999997</y3>
			<x4>285.19642</x4>
			<y4>344.875516</y4>
			<x5>298.002121</x5>
			<y5>363.482794</y5>
			<x6>311.025224</x6>
			<y6>372.04415700000004</y6>
			<x7>325.331823</x7>
			<y7>374.835483</y7>
			<x8>340.7087</x8>
			<y8>371.001597</y8>
			<x9>353.524855</x9>
			<y9>362.35614599999997</y9>
			<x10>356.952043</x10>
			<y10>335.15986599999997</y10>
			<x11>350.764502</x11>
			<y11>321.260857</y11>
			<x12>324.508215</x12>
			<y12>295.107138</y12>
			<x13>309.988397</x13>
			<y13>291.460635</y13>
			<x14>296.320409</x14>
			<y14>293.960109</y14>
		</polygon>
	</object>
	<object>
		<name>orange</name>
		<pose>Unspecified</pose>
		<truncated>0</truncated>
		<difficult>0</difficult>
		<occluded>0</occluded>
		<bndbox>
			<xmin>402</xmin>
			<xmax>417</xmax>
			<ymin>262</ymin>
			<ymax>293</ymax>
		</bndbox>
		<polygon>
			<x1>416</x1>
			<y1>261.122172</y1>
			<x2>408.018078</x2>
			<y2>261.569066</y2>
			<x3>400.968252</x3>
			<y3>268.776809</y3>
			<x4>402.457651</x4>
			<y4>282.938859</y4>
			<x5>412.91794</x5>
			<y5>292.139203</y5>
			<x6>416</x6>
			<y6>291.370759</y6>
			<x7>416</x7>
			<y7>261.122172</y7>
		</polygon>
	</object>
</annotation>
